output,ninja_s,trace_s,frontend_s,backend_s,source_s,instantiate_function_s,instantiate_class_s,optimizer_s,codegen_s
src/3rdParty/pivy/interfaces/CMakeFiles/pivy_coin.dir/coinPYTHON_wrap.cxx.o,81.092,80.897164,10.285747,70.585797,0.162978,0.069852,0.046135,39.125454,31.428422
src/Mod/Sketcher/Gui/CMakeFiles/SketcherGui.dir/CommandCreateGeo.cpp.o,27.108,26.956019,14.540786,12.342029,7.599176,5.329179,4.292903,7.290061,5.043432
src/App/CMakeFiles/FreeCADApp.dir/Document.cpp.o,18.852,18.718059,9.023964,9.641119,5.445109,2.746237,2.38373,6.361082,3.274868
src/Mod/Sketcher/Gui/CMakeFiles/SketcherGui.dir/CommandSketcherTools.cpp.o,18.395,18.265959,12.296098,5.910278,7.083871,3.908118,3.488271,3.543818,2.360118
src/Mod/Sketcher/Gui/CMakeFiles/SketcherGui.dir/ViewProviderSketch.cpp.o,17.905,17.767948,13.354396,4.353879,7.834529,3.509958,3.62583,2.75066,1.596856
src/Mod/CAM/App/CMakeFiles/Path.dir/Area.cpp.o,17.775,17.58544,12.127391,5.401162,8.548783,3.212719,2.666409,3.485838,1.909129
src/Mod/Sketcher/Gui/CMakeFiles/SketcherGui.dir/CommandConstraints.cpp.o,17.461,17.338761,11.770702,5.515914,6.362709,3.063827,2.934747,3.261163,2.249469
src/Mod/Sketcher/App/CMakeFiles/Sketcher.dir/planegcs/GCS.cpp.o,16.402,16.283282,8.2357,7.983984,2.993429,3.639903,2.994589,5.629715,2.349314
src/Mod/Part/App/CMakeFiles/Part.dir/WireJoiner.cpp.o,15.736,15.574943,11.457112,4.064261,8.10873,2.835219,2.423919,2.676531,1.381923
src/Mod/Sketcher/App/CMakeFiles/Sketcher.dir/SketchObject.cpp.o,15.57,15.424607,11.907033,3.462884,8.35575,2.728139,2.496214,2.375886,1.082026
src/Gui/CMakeFiles/FreeCADGui.dir/MainWindow.cpp.o,15.278,15.133591,9.656376,5.429654,4.450442,2.250316,2.432861,3.481954,1.942132
src/Mod/Sketcher/Gui/CMakeFiles/SketcherGui.dir/TaskSketcherConstraints.cpp.o,14.816,14.684857,11.949037,2.682485,6.62795,3.021005,3.029897,1.71705,0.960046
src/Mod/MeshPart/App/CMakeFiles/flatmesh.dir/MeshFlatteningLscmRelax.cpp.o,14.743,14.642281,7.705786,6.855295,1.847133,4.505982,3.901418,5.147865,1.703521
src/Gui/CMakeFiles/FreeCADGui.dir/propertyeditor/PropertyItem.cpp.o,14.719,14.612197,8.015368,6.558708,2.833481,2.415444,2.094304,3.900537,2.652419
src/Mod/TechDraw/App/CMakeFiles/TechDraw.dir/AppTechDrawPy.cpp.o,14.551,14.440377,7.886091,6.513811,4.414274,2.435714,1.968001,4.05284,2.456131
src/Gui/CMakeFiles/FreeCADGui.dir/Application.cpp.o,14.4,14.271141,8.910944,5.318445,4.160936,2.500799,2.486223,3.411499,1.902072
src/App/CMakeFiles/FreeCADApp.dir/Application.cpp.o,14.398,14.291129,7.23849,7.014895,4.760298,2.025898,1.807444,4.253866,2.756436
src/Mod/Sketcher/Gui/CMakeFiles/SketcherGui.dir/EditModeConstraintCoinManager.cpp.o,14.356,14.237174,9.598332,4.597297,5.145884,2.664922,2.546868,2.895203,1.697591
src/Mod/Sketcher/Gui/CMakeFiles/SketcherGui.dir/Utils.cpp.o,14.22,14.103838,10.18864,3.868571,6.004601,2.533001,2.601283,2.422558,1.440709
src/Mod/Sketcher/Gui/CMakeFiles/SketcherGui.dir/TaskSketcherElements.cpp.o,14.194,14.069081,11.606562,2.409473,6.354754,2.884868,3.038048,1.546198,0.858158
src/Mod/Measure/Gui/CMakeFiles/MeasureGui.dir/TaskMassProperties.cpp.o,13.783,13.663072,9.809713,3.811323,5.5703,2.428419,2.451103,2.399864,1.406334
src/Mod/Sketcher/Gui/CMakeFiles/SketcherGui.dir/Command.cpp.o,13.777,13.658922,10.940189,2.667281,5.988504,2.881073,2.969292,1.774202,0.887655
src/Mod/Fem/Gui/CMakeFiles/FemGui.dir/TaskPostBoxes.cpp.o,13.633,13.524343,8.488863,4.989916,4.477512,2.401363,2.367361,3.125861,1.858677
src/Mod/PartDesign/Gui/CMakeFiles/PartDesignGui.dir/Command.cpp.o,13.543,13.427674,10.681976,2.693804,5.614951,2.649009,2.627098,1.749085,0.938984
src/Mod/PartDesign/Gui/CMakeFiles/PartDesignGui.dir/TaskExtrudeParameters.cpp.o,13.433,13.311766,9.406976,3.865704,4.658808,2.443234,2.522041,2.37284,1.48901
src/Mod/MeshPart/App/CMakeFiles/flatmesh.dir/MeshFlatteningPy.cpp.o,13.294,13.189591,8.974215,4.15838,4.574595,4.289852,3.044686,2.672385,1.481233
src/Mod/PartDesign/Gui/CMakeFiles/PartDesignGui.dir/TaskPrimitiveParameters.cpp.o,13.271,13.158569,9.304819,3.814658,5.663218,2.391497,2.389637,2.284845,1.525799
src/Gui/CMakeFiles/FreeCADGui.dir/Tree.cpp.o,13.109,12.9931,7.778862,5.175699,1.83236,2.130831,2.152789,3.249695,1.921725
src/Mod/TechDraw/App/CMakeFiles/TechDraw.dir/DrawUtil.cpp.o,13.039,12.938897,6.795584,6.109807,4.130643,2.280845,1.766482,3.78909,2.316505
src/Mod/Sketcher/Gui/CMakeFiles/SketcherGui.dir/EditTextDialog.cpp.o,12.97,12.833108,11.295606,1.493267,4.864057,2.610217,2.775925,0.967971,0.521331
src/Mod/Sketcher/Gui/CMakeFiles/SketcherGui.dir/SketcherToolDefaultWidget.cpp.o,12.938,12.823497,9.287072,3.496406,4.999511,2.425988,2.460902,2.123963,1.367655
src/Mod/Sketcher/Gui/CMakeFiles/SketcherGui.dir/EditModeInformationOverlayCoinConverter.cpp.o,12.93,12.813698,9.264056,3.504929,6.579689,2.253402,2.272509,2.136205,1.364264
src/Mod/Sketcher/Gui/CMakeFiles/SketcherGui.dir/AppSketcherGui.cpp.o,12.854,12.738264,9.359192,3.338482,6.795186,2.463658,2.585668,2.089437,1.244816
src/Mod/CAM/libarea/CMakeFiles/area.dir/pyarea.cpp.o,12.826,12.734081,6.892337,5.792134,2.739128,4.022849,2.229819,3.611108,2.177046
src/Gui/CMakeFiles/FreeCADGui.dir/Dialogs/DlgExpressionInput.cpp.o,12.64,12.539467,6.888726,5.61779,1.902433,2.231807,1.823397,3.522291,2.09169
src/Mod/Sketcher/Gui/CMakeFiles/SketcherGui.dir/EditDatumDialog.cpp.o,12.561,12.434888,10.684842,1.701717,6.123181,2.582982,2.832879,1.08648,0.610617
src/Gui/CMakeFiles/FreeCADGui.dir/CommandDoc.cpp.o,12.458,12.344207,7.368303,4.937461,2.351882,2.070688,1.965073,3.118538,1.814517
src/Mod/Part/Gui/CMakeFiles/PartGui.dir/DlgPrimitives.cpp.o,12.447,12.351108,7.622044,4.690345,2.881736,2.227694,2.077672,2.709389,1.976899
src/3rdParty/salomesmesh/CMakeFiles/SMESH.dir/src/SMESH/SMESH_MeshEditor.cpp.o,12.436,12.351365,4.848433,7.474938,0.239748,1.68809,1.255257,4.75899,2.713026
src/Mod/TechDraw/Gui/CMakeFiles/TechDrawGui.dir/TaskDimension.cpp.o,12.366,12.264299,7.692167,4.531078,3.255435,2.455638,2.184547,2.858392,1.66899
src/Mod/TechDraw/App/CMakeFiles/TechDraw.dir/DrawViewPart.cpp.o,12.365,12.259181,7.404415,4.817191,4.302229,2.07934,1.774831,3.013352,1.799847
src/Mod/Sketcher/Gui/CMakeFiles/SketcherGui.dir/DrawSketchHandler.cpp.o,12.361,12.238609,10.222072,1.967959,8.133031,2.528735,2.634871,1.259744,0.703188
src/Mod/Part/Gui/CMakeFiles/PartGui.dir/AppPartGui.cpp.o,12.234,12.117011,8.996673,3.078511,6.447234,2.35288,2.506535,1.871645,1.203162
src/Mod/Sketcher/App/CMakeFiles/Sketcher.dir/PythonConverter.cpp.o,12.177,12.080161,7.648472,4.390586,5.746916,2.180006,1.772318,2.739746,1.646307
src/Mod/Part/App/CMakeFiles/Part.dir/TopoShape.cpp.o,12.088,11.979367,6.161989,5.78946,3.372531,1.71005,1.415063,3.508105,2.276679
src/Mod/Sketcher/Gui/CMakeFiles/SketcherGui.dir/TaskSketcherTool.cpp.o,12.06,11.949815,8.784987,3.127458,7.415865,2.333736,2.396137,2.028712,1.094732
tests/src/Gui/CMakeFiles/Gui_tests_run.dir/StyleParameters/ParserTest.cpp.o,11.996,11.909997,4.983304,6.906271,3.349411,1.387653,1.245836,3.886795,3.016336
src/Mod/Part/Gui/CMakeFiles/PartGui.dir/Command.cpp.o,11.904,11.804011,7.74938,4.014931,6.077344,2.12226,2.215612,2.456875,1.554016
src/Mod/TechDraw/Gui/CMakeFiles/TechDrawGui.dir/MDIViewPage.cpp.o,11.885,11.78634,7.740293,4.006879,3.181374,2.292614,2.208296,2.503616,1.499161
src/Mod/Part/Gui/CMakeFiles/PartGui.dir/SectionCutting.cpp.o,11.719,11.610526,7.839605,3.735846,3.423074,2.11449,2.047755,2.33659,1.39557
src/Mod/Sketcher/App/CMakeFiles/Sketcher.dir/SketchObjectExternal.cpp.o,11.699,11.584388,7.650283,3.893751,4.468808,2.017108,1.805925,2.471012,1.418215
src/Gui/CMakeFiles/FreeCADGui.dir/View3DInventorViewer.cpp.o,11.677,11.569725,7.027949,4.509503,4.210244,1.756331,1.883475,2.876319,1.629325
src/App/CMakeFiles/FreeCADApp.dir/PropertyLinks.cpp.o,11.598,11.49861,6.074034,5.397707,1.577022,1.663243,1.545096,3.338406,2.055491
src/Mod/TechDraw/Gui/CMakeFiles/TechDrawGui.dir/CommandExtensionDims.cpp.o,11.576,11.479281,6.970883,4.473673,2.598955,2.003312,1.952427,2.765976,1.703926
tests/src/Mod/Part/App/CMakeFiles/Part_tests_run.dir/TopoShapeExpansion.cpp.o,11.571,11.471117,6.280291,5.162815,3.971944,1.718324,1.628202,2.813076,2.3462
src/Mod/Sketcher/Gui/CMakeFiles/SketcherGui.dir/CommandSketcherBSpline.cpp.o,11.567,11.45589,9.700723,1.711447,5.667115,2.337112,2.474171,1.053729,0.654258
src/Mod/TechDraw/Gui/CMakeFiles/TechDrawGui.dir/CommandCreateDims.cpp.o,11.539,11.435106,7.367667,4.029142,3.395423,2.128856,2.083526,2.470708,1.554554
src/Gui/CMakeFiles/FreeCADGui.dir/Widgets.cpp.o,11.537,11.436441,6.950588,4.452437,4.201603,2.137572,1.913669,2.781291,1.666937
src/Mod/PartDesign/Gui/CMakeFiles/PartDesignGui.dir/TaskPipeParameters.cpp.o,11.5,11.374031,9.090429,2.24429,4.68641,2.397921,2.408406,1.403959,0.836484
src/Mod/Part/App/CMakeFiles/Part.dir/TopoShapeExpansion.cpp.o,11.44,11.339565,5.615837,5.696514,2.86913,1.308419,1.190339,3.386095,2.306671
src/Mod/Sketcher/Gui/CMakeFiles/SketcherGui.dir/CommandAlterGeometry.cpp.o,11.416,11.301271,9.767465,1.487763,8.252474,2.367374,2.475908,0.961518,0.521644
src/Mod/Sketcher/Gui/CMakeFiles/SketcherGui.dir/CommandSketcherVirtualSpace.cpp.o,11.33,11.213311,9.799497,1.370814,8.407313,2.345603,2.45542,0.884893,0.482115
src/Mod/Sketcher/Gui/CMakeFiles/SketcherGui.dir/EditModeCoinManager.cpp.o,11.228,11.11402,9.179697,1.892129,7.089192,2.614103,2.451614,1.296069,0.591779
src/Mod/PartDesign/Gui/CMakeFiles/PartDesignGui.dir/TaskHoleParameters.cpp.o,11.129,11.010143,9.224307,1.746956,5.759521,2.288302,2.393749,1.026469,0.71646
src/Gui/CMakeFiles/FreeCADGui.dir/Selection/Selection.cpp.o,11.12,11.010949,6.190145,4.792282,2.30514,1.568631,1.600815,2.978107,1.810884
src/Mod/Part/Gui/CMakeFiles/PartGui.dir/DlgExtrusion.cpp.o,11.114,11.016283,7.407608,3.572415,2.833202,2.070011,1.959723,2.227238,1.34131
src/Mod/TechDraw/Gui/CMakeFiles/TechDrawGui.dir/CommandExtensionPack.cpp.o,11.088,10.996441,7.054059,3.902142,2.66764,2.043447,2.019949,2.39234,1.504971
src/Mod/Part/Gui/CMakeFiles/PartGui.dir/TaskAttacher.cpp.o,11.081,10.970713,8.27813,2.655564,4.168552,2.40997,2.309212,1.719337,0.932144
src/Gui/CMakeFiles/FreeCADGui.dir/PreferencePages/DlgSettingsGeneral.cpp.o,10.995,10.888319,6.89084,3.961595,2.482813,1.901085,1.904055,2.503041,1.454775
src/Mod/Part/Gui/CMakeFiles/PartGui.dir/DlgFilletEdges.cpp.o,10.99,10.890067,7.031367,3.822404,2.986652,1.982176,1.874094,2.353419,1.46424
src/Mod/Sketcher/Gui/CMakeFiles/SketcherGui.dir/EditModeGeometryCoinConverter.cpp.o,10.909,10.793615,9.338802,1.411658,6.734705,2.345595,2.356712,0.939451,0.46782
src/Mod/TechDraw/Gui/CMakeFiles/TechDrawGui.dir/Widgets/VectorEditWidget.cpp.o,10.905,10.793243,7.837164,2.925403,1.670916,1.955503,1.987894,1.844782,1.077339
src/Gui/CMakeFiles/FreeCADGui.dir/propertyeditor/PropertyEditor.cpp.o,10.844,10.738012,6.745296,3.956991,2.816702,1.821893,1.79496,2.537668,1.41528
src/Mod/Part/Gui/CMakeFiles/PartGui.dir/DlgRevolution.cpp.o,10.842,10.738132,7.370288,3.332335,3.094516,2.024692,1.929969,2.061809,1.267204
src/Mod/Assembly/App/CMakeFiles/Assembly.dir/AssemblyObject.cpp.o,10.755,10.637408,7.290688,3.308475,4.978035,2.239222,2.070636,2.105427,1.198873
src/Mod/PartDesign/Gui/CMakeFiles/PartDesignGui.dir/TaskRevolutionParameters.cpp.o,10.712,10.596011,8.951711,1.606227,4.658734,2.314489,2.390459,0.987785,0.614794
src/Mod/Points/App/CMakeFiles/Points.dir/PointsAlgos.cpp.o,10.71,10.603371,6.407871,4.170016,3.912348,2.153734,1.572165,2.710971,1.455768
src/Gui/CMakeFiles/FreeCADGui.dir/OverlayWidgets.cpp.o,10.681,10.572592,6.494231,4.050038,1.691034,1.844392,1.722992,2.490695,1.556295
src/Mod/PartDesign/Gui/CMakeFiles/PartDesignGui.dir/TaskSketchBasedParameters.cpp.o,10.669,10.556588,9.310606,1.204062,5.300916,2.095752,2.294892,0.794448,0.405772
src/Mod/Sketcher/Gui/CMakeFiles/SketcherGui.dir/TaskSketcherSolverAdvanced.cpp.o,10.641,10.527644,10.01362,0.467361,7.337175,2.432031,2.627175,0.213778,0.249165
src/Gui/CMakeFiles/FreeCADGui.dir/ApplicationPy.cpp.o,10.623,10.515871,6.701838,3.781183,2.364342,1.825683,1.87053,2.338187,1.43924
src/Mod/Fem/App/CMakeFiles/Fem.dir/HypothesisPy.cpp.o,10.621,10.524163,5.523835,4.974377,2.576744,1.747019,1.396931,2.538674,2.432009
src/Mod/TechDraw/App/CMakeFiles/TechDraw.dir/DrawViewDimension.cpp.o,10.587,10.49131,6.362424,4.099536,2.950139,1.823073,1.641587,2.488513,1.6076
src/Mod/PartDesign/Gui/CMakeFiles/PartDesignGui.dir/SketchWorkflow.cpp.o,10.569,10.442034,9.819095,0.578427,6.475045,2.619496,2.730846,0.391496,0.182339
src/Mod/Sketcher/Gui/CMakeFiles/SketcherGui.dir/SnapManager.cpp.o,10.548,10.432003,9.310919,1.078756,5.349162,2.212849,2.379647,0.690528,0.384338
src/Mod/Sketcher/Gui/CMakeFiles/SketcherGui.dir/DrawSketchHandlerDragAutoConstraint.cpp.o,10.537,10.430678,9.276289,1.111913,5.771483,2.261588,2.40958,0.7358,0.371918
src/Mod/Mesh/App/CMakeFiles/Mesh.dir/Core/MeshIO.cpp.o,10.505,10.398185,5.751322,4.61746,2.170013,1.340844,1.243062,2.925906,1.687987
src/Mod/TechDraw/Gui/CMakeFiles/TechDrawGui.dir/QGIViewDimension.cpp.o,10.5,10.400012,6.856742,3.510986,2.791034,2.019869,1.903704,2.193428,1.314065
src/Mod/TechDraw/Gui/CMakeFiles/TechDrawGui.dir/TaskCenterLine.cpp.o,10.428,10.334101,7.161305,3.138129,4.667949,2.034279,1.984864,1.909834,1.224903
src/Gui/CMakeFiles/FreeCADGui.dir/ViewProviderLink.cpp.o,10.393,10.286403,6.802212,3.448827,3.237336,1.745892,1.824502,2.185709,1.259845
src/Mod/Part/App/CMakeFiles/Part.dir/Geometry.cpp.o,10.382,10.287643,6.053546,4.207264,2.783573,1.580232,1.395938,2.347973,1.855346
src/Mod/PartDesign/Gui/CMakeFiles/PartDesignGui.dir/TaskDraftParameters.cpp.o,10.353,10.245008,9.015185,1.193641,4.183315,2.311428,2.349254,0.787624,0.401801
src/Mod/TechDraw/Gui/CMakeFiles/TechDrawGui.dir/QGSPage.cpp.o,10.353,10.258693,6.912585,3.311401,2.716244,1.957769,1.940634,2.081343,1.226359
tests/src/Gui/CMakeFiles/QuantitySpinBox_Tests_run.dir/QuantitySpinBox.cpp.o,10.35,10.259927,6.438804,3.793663,1.42579,1.762657,1.638038,2.349989,1.440174
src/Mod/PartDesign/App/CMakeFiles/PartDesign.dir/FeatureHole.cpp.o,10.345,10.240127,6.76628,3.441169,3.189158,2.189618,1.840727,2.190097,1.247791
src/Mod/Part/Gui/CMakeFiles/PartGui.dir/DlgScale.cpp.o,10.328,10.233555,7.033604,3.166351,2.496578,1.990284,1.82164,2.011136,1.151565
src/Mod/TechDraw/Gui/CMakeFiles/TechDrawGui.dir/QGIView.cpp.o,10.327,10.226397,6.785029,3.4077,2.682803,1.932846,1.868701,2.155741,1.248236
src/Mod/TechDraw/Gui/CMakeFiles/TechDrawGui.dir/TaskDimRepair.cpp.o,10.269,10.174432,6.88201,3.258902,3.041284,2.001764,1.915374,2.087355,1.168484
src/Mod/TechDraw/Gui/CMakeFiles/TechDrawGui.dir/AppTechDrawGui.cpp.o,10.248,10.155318,7.254592,2.864591,4.17747,2.091182,2.063706,1.807062,1.054056
src/Gui/CMakeFiles/FreeCADGui.dir/Dialogs/DlgAddProperty.cpp.o,10.215,10.120029,6.251064,3.839072,2.021111,1.797501,1.687805,2.475411,1.36005
src/Mod/TechDraw/Gui/CMakeFiles/TechDrawGui.dir/TaskDetail.cpp.o,10.203,10.102651,6.857291,3.210357,5.551824,1.984786,1.90319,2.022199,1.184225
src/Gui/CMakeFiles/FreeCADGui.dir/Document.cpp.o,10.202,10.098361,7.042585,3.014113,2.986064,1.818456,1.971503,1.945265,1.063799
src/Mod/Assembly/Gui/CMakeFiles/AssemblyGui.dir/ViewProviderAssembly.cpp.o,10.183,10.066208,7.980518,2.048306,3.521911,2.353968,2.304092,1.326191,0.717996
src/Mod/Part/Gui/CMakeFiles/PartGui.dir/CommandSimple.cpp.o,10.161,10.065976,6.508318,3.526939,2.540429,1.882155,1.755366,2.144849,1.375982
src/Mod/TechDraw/Gui/CMakeFiles/TechDrawGui.dir/TaskLinkDim.cpp.o,10.156,10.062798,7.040643,2.98819,2.881242,2.100697,1.990441,1.88392,1.100932
src/Mod/Spreadsheet/App/CMakeFiles/Spreadsheet.dir/PropertySheet.cpp.o,10.123,10.029323,4.665668,5.339754,2.834895,1.612436,1.233094,3.407129,1.929431
src/Mod/PartDesign/Gui/CMakeFiles/PartDesignGui.dir/TaskDressUpParameters.cpp.o,10.122,10.00781,8.498101,1.472927,4.388598,2.111098,2.159227,0.949271,0.519864
src/Mod/Fem/App/CMakeFiles/Fem.dir/FemMesh.cpp.o,10.121,10.00804,5.980153,3.998618,2.710421,1.584924,1.563711,2.535771,1.46004
src/Mod/TechDraw/Gui/CMakeFiles/TechDrawGui.dir/TaskCosVertex.cpp.o,10.12,10.022443,6.818016,3.171665,2.812194,2.049543,1.944325,2.00139,1.167134
src/Mod/Sketcher/App/CMakeFiles/Sketcher.dir/SketchObjectOperations.cpp.o,10.093,9.994523,7.28957,2.668802,4.953489,2.108876,1.78998,1.757852,0.906968
src/Mod/PartDesign/Gui/CMakeFiles/PartDesignGui.dir/ViewProviderBoolean.cpp.o,10.089,9.967728,9.44834,0.481414,5.249755,2.527065,2.809586,0.332784,0.144795
src/Mod/PartDesign/Gui/CMakeFiles/PartDesignGui.dir/TaskHelixParameters.cpp.o,10.088,9.977553,8.543693,1.397256,6.717289,2.15672,2.236508,0.895878,0.497579
src/Mod/PartDesign/Gui/CMakeFiles/PartDesignGui.dir/TaskChamferParameters.cpp.o,10.053,9.942544,8.796537,1.110272,4.497082,2.272809,2.267968,0.734233,0.372648
src/Gui/CMakeFiles/FreeCADGui.dir/PropertyView.cpp.o,10.044,9.936563,6.311802,3.596734,2.478973,1.923067,1.788393,2.283136,1.310412
src/Mod/Part/Gui/CMakeFiles/PartGui.dir/CrossSections.cpp.o,9.972,9.882374,6.654821,3.195328,4.78903,1.920275,1.852442,2.052891,1.138945
src/Gui/CMakeFiles/FreeCADGui.dir/Selection/SoFCUnifiedSelection.cpp.o,9.959,9.861506,5.792304,4.042517,1.712144,1.53113,1.530687,2.554457,1.484768
src/App/CMakeFiles/FreeCADApp.dir/Graphviz.cpp.o,9.927,9.818281,7.039628,2.739483,5.205351,1.767372,1.798089,1.937145,0.798298
src/Mod/Sketcher/Gui/CMakeFiles/SketcherGui.dir/CommandSketcherOverlay.cpp.o,9.911,9.801412,9.668761,0.089055,5.815189,2.294347,2.499397,0.04107,0.043984
src/Mod/Sketcher/Gui/CMakeFiles/SketcherGui.dir/EditModeGeometryCoinManager.cpp.o,9.878,9.769572,9.234029,0.491273,7.696242,2.325534,2.360004,0.346398,0.140165
src/Mod/Fem/Gui/CMakeFiles/FemGui.dir/AppFemGui.cpp.o,9.876,9.776478,6.644034,3.102319,4.323943,1.840852,1.907657,1.977692,1.121322
src/Mod/TechDraw/App/CMakeFiles/TechDraw.dir/DrawViewSpreadsheet.cpp.o,9.868,9.771277,6.388575,3.351456,4.564616,2.071649,1.711701,2.121512,1.226574
src/Mod/TechDraw/Gui/CMakeFiles/TechDrawGui.dir/ViewProviderViewPart.cpp.o,9.848,9.751001,6.596029,3.121622,2.81832,1.859087,1.82417,1.987947,1.130232
src/Mod/PartDesign/Gui/CMakeFiles/PartDesignGui.dir/CommandBody.cpp.o,9.836,9.736354,8.044192,1.648005,3.68495,2.148008,2.102385,1.104558,0.539084
src/Mod/Part/App/CMakeFiles/Part.dir/PartFeature.cpp.o,9.834,9.728551,6.787449,2.910132,4.207496,2.02722,1.739814,1.861895,1.04465
src/Mod/Fem/Gui/CMakeFiles/FemGui.dir/PropertyFemMeshItem.cpp.o,9.832,9.732187,6.560642,3.14214,3.222364,1.763754,1.736402,1.981356,1.157554
src/Gui/CMakeFiles/FreeCADGui.dir/CommandView.cpp.o,9.809,9.703347,7.350877,2.317397,3.563271,1.734533,2.010665,1.436519,0.876728
src/Mod/PartDesign/Gui/CMakeFiles/PartDesignGui.dir/TaskTransformedParameters.cpp.o,9.809,9.691431,8.445172,1.209944,4.32601,2.07265,2.215299,0.768085,0.438043
src/Gui/CMakeFiles/FreeCADGui.dir/SoFCDB.cpp.o,9.778,9.684272,6.182933,3.473248,2.28423,1.663241,1.635751,2.207583,1.261992
src/Mod/Mesh/Gui/CMakeFiles/MeshGui.dir/AppMeshGui.cpp.o,9.76,9.656963,6.385058,3.241626,2.598315,1.841158,1.811412,2.064016,1.174091
src/Mod/TechDraw/Gui/CMakeFiles/TechDrawGui.dir/ViewProviderRichAnno.cpp.o,9.754,9.656511,6.618544,3.005516,2.860505,1.84683,1.822064,1.913044,1.088777
src/Mod/TechDraw/Gui/CMakeFiles/TechDrawGui.dir/ViewProviderPage.cpp.o,9.726,9.63578,6.56925,3.034164,2.819336,1.938695,1.845963,1.94617,1.084688
src/Gui/CMakeFiles/FreeCADGui.dir/DAGView/DAGModel.cpp.o,9.725,9.599933,7.432741,2.128374,4.625569,1.566499,1.731418,1.459353,0.664708
src/Mod/Fem/Gui/CMakeFiles/FemGui.dir/ViewProviderShapeExtension.cpp.o,9.72,9.62779,6.266181,3.332494,4.970066,1.676066,1.65673,2.10588,1.223592
src/Mod/TechDraw/Gui/CMakeFiles/TechDrawGui.dir/TaskSpreadsheetView.cpp.o,9.713,9.606668,8.329595,1.242083,2.152705,2.239197,2.329954,0.781361,0.457394
tests/src/Gui/CMakeFiles/InputField_Tests_run.dir/InputField.cpp.o,9.682,9.589569,6.208714,3.354797,1.593952,1.693339,1.601481,2.113604,1.238017
src/Mod/Sketcher/Gui/CMakeFiles/SketcherGui.dir/TaskSketcherMessages.cpp.o,9.641,9.529465,9.393851,0.090892,5.462688,2.37161,2.476886,0.05989,0.026337
src/Gui/CMakeFiles/FreeCADGui.dir/QuantitySpinBox.cpp.o,9.638,9.540716,6.067288,3.445503,1.729547,1.740878,1.618953,2.171272,1.270985
src/Mod/Fem/Gui/CMakeFiles/FemGui.dir/Command.cpp.o,9.621,9.519091,7.447413,2.035302,2.642161,1.794983,2.034143,1.259238,0.77226
src/Mod/PartDesign/Gui/CMakeFiles/PartDesignGui.dir/TaskThicknessParameters.cpp.o,9.605,9.497001,8.318438,1.14312,3.751857,2.098613,2.15145,0.753145,0.386219
src/Mod/TechDraw/Gui/CMakeFiles/TechDrawGui.dir/TaskCustomizeFormat.cpp.o,9.596,9.501608,6.465226,3.006236,5.131218,1.848351,1.784718,1.836836,1.166377
src/Mod/TechDraw/Gui/CMakeFiles/TechDrawGui.dir/QGIDatumLabel.cpp.o,9.582,9.48971,6.362505,3.095106,2.700454,1.813111,1.810199,1.969967,1.121368
src/Mod/TechDraw/Gui/CMakeFiles/TechDrawGui.dir/DimensionValidators.cpp.o,9.566,9.462795,6.036742,3.398719,3.428942,1.737485,1.58803,2.154099,1.241726
src/Mod/TechDraw/Gui/CMakeFiles/TechDrawGui.dir/ViewProviderHatch.cpp.o,9.56,9.464377,6.416191,3.018264,5.147515,1.728476,1.720145,1.921317,1.093531
src/Mod/PartDesign/Gui/CMakeFiles/PartDesignGui.dir/TaskPatternParameters.cpp.o,9.545,9.432221,8.283538,1.112441,4.178763,2.126746,2.277383,0.713379,0.395238
src/Mod/TechDraw/Gui/CMakeFiles/TechDrawGui.dir/ViewProviderDrawingView.cpp.o,9.517,9.421941,6.374282,3.017879,5.160604,1.861492,1.812438,1.886775,1.128662
src/Mod/TechDraw/Gui/CMakeFiles/TechDrawGui.dir/ViewProviderDimension.cpp.o,9.492,9.403791,6.482579,2.891143,2.5902,1.846204,1.80169,1.868898,1.018913
src/Mod/TechDraw/App/CMakeFiles/TechDraw.dir/DrawDimHelper.cpp.o,9.488,9.403902,5.899713,3.478077,4.141192,1.794143,1.556882,2.181896,1.293249
src/Mod/PartDesign/Gui/CMakeFiles/PartDesignGui.dir/TaskFilletParameters.cpp.o,9.471,9.359879,8.245265,1.079844,4.134781,2.019086,2.133991,0.707024,0.369435
src/Mod/PartDesign/Gui/CMakeFiles/PartDesignGui.dir/TaskFeaturePick.cpp.o,9.433,9.331197,8.012483,1.276871,5.213738,2.060667,2.075562,0.853018,0.420248
src/Mod/Sketcher/Gui/CMakeFiles/SketcherGui.dir/TaskSketcherValidation.cpp.o,9.428,9.330825,7.604151,1.686575,3.51969,1.877853,1.836312,1.032032,0.650357
src/Mod/TechDraw/App/CMakeFiles/TechDraw.dir/DrawPage.cpp.o,9.421,9.321462,6.089472,3.203589,4.848779,1.746147,1.580748,1.991552,1.208797
src/Gui/CMakeFiles/FreeCADGui.dir/SpinBox.cpp.o,9.378,9.283797,5.930453,3.325208,1.62715,1.742537,1.596885,2.115256,1.206885
tests/src/Gui/CMakeFiles/NumericLocaleConsumers_Tests_run.dir/NumericLocaleConsumers.cpp.o,9.378,9.28059,6.207092,3.04777,1.45529,1.736853,1.700341,1.946118,1.099134
src/Mod/TechDraw/Gui/CMakeFiles/TechDrawGui.dir/Command.cpp.o,9.358,9.260837,7.469605,1.751869,3.4816,2.026567,2.130873,1.059465,0.688527
src/Mod/Part/Gui/CMakeFiles/PartGui.dir/DlgProjectionOnSurface.cpp.o,9.347,9.244953,6.804545,2.408034,4.020672,1.879774,1.761832,1.466794,0.93785
src/Mod/PartDesign/Gui/CMakeFiles/PartDesignGui.dir/TaskFeatureParameters.cpp.o,9.324,9.212947,8.047048,1.133046,4.006591,1.991739,2.103145,0.759781,0.370173
src/Mod/TechDraw/App/CMakeFiles/TechDraw.dir/LandmarkDimension.cpp.o,9.32,9.223147,5.932884,3.262468,3.803904,1.71409,1.551746,2.09358,1.16535
src/Mod/Part/Gui/CMakeFiles/PartGui.dir/PropertyEnumAttacherItem.cpp.o,9.317,9.218172,6.262361,2.925807,4.911376,1.831527,1.732778,1.840734,1.081686
src/Mod/TechDraw/App/CMakeFiles/TechDraw.dir/DrawViewDetail.cpp.o,9.308,9.214721,5.899562,3.287258,3.527863,1.778432,1.603302,2.037105,1.246815
src/Mod/PartDesign/Gui/CMakeFiles/PartDesignGui.dir/ViewProviderTransformed.cpp.o,9.299,9.185164,8.125256,1.025909,4.475566,2.018307,2.156194,0.675864,0.346513
src/Mod/TechDraw/App/CMakeFiles/TechDraw.dir/DimensionFormatter.cpp.o,9.281,9.191304,5.807857,3.35634,2.865679,1.759877,1.518151,2.142518,1.210423
src/Mod/Measure/Gui/CMakeFiles/MeasureGui.dir/TaskMeasure.cpp.o,9.266,9.175056,5.863624,3.28488,2.31363,1.328258,1.487346,2.060075,1.2219
src/Mod/Sketcher/App/CMakeFiles/Sketcher.dir/Sketch.cpp.o,9.259,9.16195,5.907012,3.228837,3.355347,1.456933,1.230409,2.115843,1.109774
src/Mod/Sketcher/Gui/CMakeFiles/SketcherGui.dir/PropertyConstraintListItem.cpp.o,9.248,9.159171,5.906489,3.227086,2.374054,1.568002,1.395182,2.064101,1.159811
src/Mod/PartDesign/Gui/CMakeFiles/PartDesignGui.dir/ViewProviderSketchBased.cpp.o,9.246,9.140654,8.871747,0.22682,7.477508,2.109739,2.171355,0.151722,0.071565
tests/src/Gui/propertyeditor/CMakeFiles/PropertyItem_Tests_run.dir/PropertyItem.cpp.o,9.21,9.123926,5.855957,3.243293,1.197932,1.674816,1.535712,2.069983,1.17057
src/App/CMakeFiles/FreeCADApp.dir/Expression.cpp.o,9.206,9.112161,5.17813,3.908769,3.390625,1.409314,1.234031,2.37836,1.526997
src/Mod/Sketcher/App/CMakeFiles/Sketcher.dir/SketchObjectConstraints.cpp.o,9.199,9.103455,6.970797,2.096066,5.275161,1.813044,1.708737,1.385925,0.706332
src/Mod/Measure/Gui/CMakeFiles/MeasureGui.dir/QuickMeasure.cpp.o,9.179,9.083265,5.952621,3.104272,2.803332,1.686006,1.523582,1.945534,1.155911
src/Mod/PartDesign/Gui/CMakeFiles/PartDesignGui.dir/TaskMirroredParameters.cpp.o,9.159,9.05423,7.986766,1.033481,4.143706,2.000069,2.159225,0.697073,0.332954
src/Mod/PartDesign/Gui/CMakeFiles/PartDesignGui.dir/Utils.cpp.o,9.131,9.03123,7.660372,1.332131,3.552543,1.946465,1.909223,0.862272,0.465515
src/Gui/CMakeFiles/FreeCADGui.dir/InputField.cpp.o,9.118,9.024,5.579711,3.418485,1.668854,1.597916,1.496723,2.120634,1.294483
src/Mod/PartDesign/Gui/CMakeFiles/PartDesignGui.dir/ViewProviderBody.cpp.o,9.114,9.006761,7.792736,1.183003,3.917679,1.924871,1.959544,0.768429,0.411569
src/Mod/Points/Gui/CMakeFiles/PointsGui.dir/Command.cpp.o,9.096,9.000949,5.635114,3.338855,2.107859,1.486335,1.560411,2.100151,1.235754
src/Gui/CMakeFiles/FreeCADGui.dir/propertyeditor/PropertyModel.cpp.o,9.085,8.98917,5.659597,3.305374,4.435689,1.56903,1.352934,2.109895,1.192347
src/Gui/CMakeFiles/FreeCADGui.dir/Command.cpp.o,9.073,8.973376,6.599816,2.339969,2.76599,1.558145,1.685351,1.484269,0.851305
src/Mod/Sketcher/App/CMakeFiles/Sketcher.dir/SketchGeometry.cpp.o,9.071,8.946438,8.726588,0.179904,8.096492,1.18364,1.293608,0.114222,0.061097
src/Mod/PartDesign/Gui/CMakeFiles/PartDesignGui.dir/ViewProviderHelix.cpp.o,9.025,8.915898,8.806115,0.07169,5.054046,2.087046,2.208173,0.040993,0.027491
src/Mod/Part/App/CMakeFiles/Part.dir/Attacher.cpp.o,9.015,8.915198,5.944183,2.943321,3.02361,1.692341,1.511843,1.811409,1.127996
src/Mod/TechDraw/App/CMakeFiles/TechDraw.dir/DimensionAutoCorrect.cpp.o,9.012,8.922818,5.583634,3.312572,4.401843,1.724149,1.466768,2.129113,1.180212
src/Mod/PartDesign/Gui/CMakeFiles/PartDesignGui.dir/TaskDefeaturingParameters.cpp.o,8.977,8.868092,7.842997,0.993235,3.752688,1.964319,1.988197,0.64278,0.347361
src/Gui/CMakeFiles/FreeCADGui.dir/ViewProvider.cpp.o,8.968,8.849438,7.05174,1.761892,4.156652,1.651958,1.798768,1.186156,0.571727
src/Mod/TechDraw/App/CMakeFiles/TechDraw.dir/DrawViewDimExtent.cpp.o,8.951,8.860947,5.744918,3.090123,4.588092,1.721304,1.526253,1.958108,1.128978
src/Mod/TechDraw/App/CMakeFiles/TechDraw.dir/AppTechDraw.cpp.o,8.946,8.85006,5.861678,2.962708,3.689319,1.748108,1.552478,1.868528,1.091113
src/Mod/PartDesign/Gui/CMakeFiles/PartDesignGui.dir/TaskLoftParameters.cpp.o,8.917,8.803162,8.347626,0.421245,4.375318,2.137699,2.208069,0.280476,0.137457
src/Mod/Measure/Gui/CMakeFiles/MeasureGui.dir/ViewProviderMeasureBase.cpp.o,8.914,8.818018,5.562814,3.230487,4.68523,1.276869,1.380844,2.000954,1.226178
src/Mod/Part/Gui/CMakeFiles/PartGui.dir/ShapeFromMesh.cpp.o,8.904,8.813828,5.194415,3.595563,4.362394,1.25847,1.298294,2.238076,1.35454
src/Gui/CMakeFiles/FreeCADGui.dir/propertyeditor/PropertyItemDelegate.cpp.o,8.89,8.795904,5.573921,3.196061,1.398585,1.553319,1.523226,2.024758,1.167371
src/Mod/Part/Gui/CMakeFiles/PartGui.dir/TaskThickness.cpp.o,8.877,8.780508,7.119774,1.626809,2.248278,1.888379,1.845021,1.015293,0.608072
src/Mod/Import/App/CMakeFiles/Import.dir/dxf/ImpExpDxf.cpp.o,8.873,8.771676,6.057384,2.687044,3.120554,1.766859,1.499919,1.716007,0.967445
src/Mod/Part/Gui/CMakeFiles/PartGui.dir/ViewProviderExt.cpp.o,8.872,8.771171,6.922744,1.814602,2.488821,2.037544,1.808999,1.176297,0.634769
src/Mod/PartDesign/Gui/CMakeFiles/PartDesignGui.dir/ViewProvider.cpp.o,8.823,8.712358,8.180921,0.495428,4.10599,2.111874,2.178903,0.310659,0.181118
src/Mod/Part/Gui/CMakeFiles/PartGui.dir/TaskCheckGeometry.cpp.o,8.812,8.713418,6.59626,2.086913,1.634631,1.850419,1.744468,1.217965,0.865477
src/Mod/Part/Gui/CMakeFiles/PartGui.dir/TaskFaceAppearances.cpp.o,8.807,8.704175,7.986867,0.678438,5.765672,2.289965,2.242284,0.452408,0.221946
src/Mod/CAM/App/CMakeFiles/surface_generator.dir/surface_generator.cpp.o,8.796,8.70599,5.94647,2.731939,3.672441,2.204969,1.581227,1.834169,0.895199
src/Mod/PartDesign/Gui/CMakeFiles/PartDesignGui.dir/ViewProviderHole.cpp.o,8.793,8.681633,8.222557,0.424579,4.114277,2.18021,2.252231,0.291403,0.12911
src/Mod/PartDesign/Gui/CMakeFiles/PartDesignGui.dir/TaskMultiTransformParameters.cpp.o,8.787,8.675875,8.337595,0.304362,4.343135,2.130759,2.288053,0.183509,0.117498
src/Mod/Sketcher/Gui/CMakeFiles/SketcherGui.dir/TaskDlgEditSketch.cpp.o,8.778,8.671601,8.552884,0.083682,7.345794,2.202306,2.386651,0.053934,0.026974
src/Mod/Mesh/Gui/CMakeFiles/MeshGui.dir/PropertyEditorMesh.cpp.o,8.774,8.679705,5.676492,2.972136,4.57493,1.624066,1.473621,1.891829,1.076935
src/Mod/Measure/App/CMakeFiles/Measure.dir/MeasureBase.cpp.o,8.749,8.658401,5.448678,3.185375,4.357358,1.60542,1.366992,1.990264,1.192089
src/Mod/Import/Gui/CMakeFiles/ImportGui.dir/dxf/ImpExpDxfGui.cpp.o,8.744,8.632786,7.121862,1.47617,4.134193,2.164479,1.920664,0.969698,0.503059
src/Mod/PartDesign/Gui/CMakeFiles/PartDesignGui.dir/AppPartDesignGui.cpp.o,8.706,8.60413,7.61819,0.954375,6.053183,1.916842,1.975934,0.623173,0.328149
src/Mod/Spreadsheet/App/CMakeFiles/Spreadsheet.dir/Cell.cpp.o,8.7,8.603232,4.688435,3.893287,1.374239,1.177316,1.138965,2.437228,1.452659
src/Mod/TechDraw/Gui/CMakeFiles/TechDrawGui.dir/DrawGuiUtil.cpp.o,8.694,8.5985,7.104187,1.459052,4.752184,1.929616,1.924583,0.926033,0.52997
src/Mod/Sketcher/Gui/CMakeFiles/SketcherGui.dir/ViewProviderPython.cpp.o,8.691,8.57974,8.236168,0.309966,6.753065,2.145535,2.156108,0.169594,0.1369
src/Mod/Part/Gui/CMakeFiles/PartGui.dir/ViewProviderPreviewExtension.cpp.o,8.675,8.574096,7.396924,1.145684,5.674557,1.890989,1.858403,0.720945,0.421022
src/Mod/TechDraw/App/CMakeFiles/TechDraw.dir/GeometryMatcher.cpp.o,8.672,8.582846,5.624818,2.933797,3.03713,1.699044,1.512258,1.850811,1.080403
src/Mod/TechDraw/App/CMakeFiles/TechDraw.dir/DrawViewDimensionPyImp.cpp.o,8.665,8.572871,5.611015,2.938713,4.553998,1.67596,1.499811,1.859854,1.076679
src/3rdParty/salomesmesh/CMakeFiles/StdMeshers.dir/src/StdMeshers/StdMeshers_ViscousLayers.cpp.o,8.663,8.581953,4.21383,4.344644,2.028834,1.369247,1.118597,2.783834,1.558058
src/Mod/Material/Gui/CMakeFiles/MatGui.dir/MaterialsEditor.cpp.o,8.644,8.549653,6.626754,1.888848,2.473346,1.900997,1.833959,1.176555,0.708895
src/Mod/Import/Gui/CMakeFiles/ImportGui.dir/AppImportGuiPy.cpp.o,8.644,8.543622,7.066533,1.443886,4.968676,1.943857,2.046305,0.914645,0.526703
tests/src/Mod/Part/App/CMakeFiles/Part_tests_run.dir/PartTestHelpers.cpp.o,8.633,8.542052,6.171622,2.341518,4.347644,2.129864,1.685018,1.513454,0.824624
src/Gui/CMakeFiles/FreeCADGui.dir/Dialogs/DlgUnitsCalculatorImp.cpp.o,8.63,8.539271,5.290349,3.226092,1.50719,1.479759,1.337289,2.049685,1.173741
src/Mod/Fem/Gui/CMakeFiles/FemGui.dir/ViewProviderFemPostFunction.cpp.o,8.625,8.533461,5.433575,3.075037,1.777801,1.388423,1.512123,1.958651,1.113035
src/Mod/PartDesign/Gui/CMakeFiles/PartDesignGui.dir/TaskPocketParameters.cpp.o,8.593,8.481196,8.357576,0.090141,6.892965,2.066245,2.169672,0.05517,0.031542
src/Mod/PartDesign/Gui/CMakeFiles/PartDesignGui.dir/ViewProviderDressUp.cpp.o,8.582,8.474082,7.85073,0.590495,4.118887,2.037241,2.097128,0.408185,0.178642
src/Mod/TechDraw/Gui/CMakeFiles/TechDrawGui.dir/TaskLeaderLine.cpp.o,8.579,8.485752,7.027207,1.42293,2.957082,2.076577,1.994612,0.911845,0.507635
src/Mod/Sketcher/App/CMakeFiles/Sketcher.dir/Constraint.cpp.o,8.566,8.468592,5.78558,2.658737,1.46409,1.748361,1.397361,1.718597,0.937049
src/Mod/Spreadsheet/Gui/CMakeFiles/SpreadsheetGui.dir/SpreadsheetView.cpp.o,8.558,8.457377,6.293936,2.133242,2.335985,1.541887,1.652152,1.401623,0.728136
src/Mod/Spreadsheet/Gui/CMakeFiles/SpreadsheetGui.dir/SheetTableView.cpp.o,8.519,8.413044,6.285501,2.097118,2.522197,1.583758,1.639517,1.377692,0.715831
src/Mod/TechDraw/App/CMakeFiles/TechDraw.dir/DrawViewSection.cpp.o,8.495,8.396837,6.563511,1.802205,3.91664,1.771866,1.589733,1.11416,0.684376
src/Mod/TechDraw/Gui/CMakeFiles/TechDrawGui.dir/CommandAnnotate.cpp.o,8.495,8.398594,6.75698,1.607311,2.882805,1.931307,1.989797,0.999803,0.603867
src/Mod/TechDraw/App/CMakeFiles/TechDraw.dir/DrawViewDimExtentPyImp.cpp.o,8.493,8.403393,5.531895,2.84788,4.486602,1.646969,1.457873,1.80324,1.042227
src/Mod/TechDraw/Gui/CMakeFiles/TechDrawGui.dir/QGIViewAnnotation.cpp.o,8.491,8.398887,5.944603,2.42536,2.89224,1.557421,1.447653,1.587717,0.834304
src/Mod/Part/App/CMakeFiles/Part.dir/AppPartPy.cpp.o,8.484,8.387789,5.946392,2.413793,3.009894,1.724762,1.549402,1.421879,0.988716
src/Mod/TechDraw/App/CMakeFiles/TechDraw.dir/Geometry.cpp.o,8.478,8.387133,6.100468,2.257523,2.968586,1.796821,1.528105,1.418412,0.835609
src/Mod/Part/Gui/CMakeFiles/PartGui.dir/DlgPartBoxImp.cpp.o,8.476,8.385381,5.222877,3.139136,4.154295,1.451566,1.326655,1.983937,1.152044
src/Mod/PartDesign/Gui/CMakeFiles/PartDesignGui.dir/TaskPadParameters.cpp.o,8.463,8.355974,8.236556,0.086843,6.846719,1.976668,2.125619,0.051758,0.032076
src/Mod/Spreadsheet/Gui/CMakeFiles/SpreadsheetGui.dir/SheetModel.cpp.o,8.461,8.365353,5.167524,3.172282,4.265275,1.295729,1.337242,2.015099,1.154129
src/Gui/CMakeFiles/FreeCADGui.dir/InputVector.cpp.o,8.46,8.367996,5.291015,3.053897,1.406835,1.489872,1.360783,1.929499,1.121355
src/Mod/TechDraw/Gui/CMakeFiles/TechDrawGui.dir/TaskComplexSection.cpp.o,8.46,8.361308,6.929225,1.397984,2.918876,1.902969,1.863005,0.867405,0.527392
src/Gui/CMakeFiles/FreeCADGui.dir/Action.cpp.o,8.45,8.343723,6.248946,2.062991,2.074293,1.523073,1.656745,1.311107,0.748124
src/Gui/CMakeFiles/FreeCADGui.dir/ViewProviderVarSet.cpp.o,8.433,8.33956,5.275733,3.039742,4.236772,1.486934,1.378122,1.938421,1.098279
src/Mod/Sketcher/Gui/CMakeFiles/SketcherGui.dir/ShortcutListener.cpp.o,8.423,8.31713,8.275867,0.008807,4.511536,2.084589,2.194848,0.003528,0.002568
src/Mod/Fem/Gui/CMakeFiles/FemGui.dir/TaskFemConstraintFluidBoundary.cpp.o,8.412,8.314426,6.645833,1.635624,2.615795,1.864111,1.847404,1.039523,0.592531
src/Mod/Sketcher/App/CMakeFiles/Sketcher.dir/planegcs/qp_eq.cpp.o,8.395,8.30511,5.308631,2.945686,1.410568,3.270975,2.594931,2.289316,0.653131
src/Mod/TechDraw/Gui/CMakeFiles/TechDrawGui.dir/QGIViewPart.cpp.o,8.389,8.294181,6.777175,1.483879,2.764685,1.903497,1.851041,0.954502,0.52585
src/Mod/Sketcher/App/CMakeFiles/Sketcher.dir/SketchObjectPyImp.cpp.o,8.383,8.28146,6.760067,1.488056,5.094251,1.682195,1.624298,0.734321,0.749997
src/App/CMakeFiles/FreeCADApp.dir/Link.cpp.o,8.377,8.281247,4.871508,3.385164,3.402264,1.328663,1.114449,2.10547,1.275764
src/Mod/Mesh/Gui/CMakeFiles/MeshGui.dir/ViewProvider.cpp.o,8.367,8.272038,6.193842,2.049207,2.283579,1.651716,1.736514,1.326847,0.718945
src/Mod/Fem/Gui/CMakeFiles/FemGui.dir/TaskCreateElementSet.cpp.o,8.353,8.25412,6.79724,1.424993,3.153453,1.582663,1.820626,0.963814,0.457882
src/Mod/PartDesign/App/CMakeFiles/PartDesign.dir/ShapeBinder.cpp.o,8.35,8.255369,5.968403,2.260238,3.17307,1.800124,1.517631,1.47737,0.779495
src/Mod/Spreadsheet/App/CMakeFiles/Spreadsheet.dir/Sheet.cpp.o,8.348,8.243603,5.668105,2.543456,3.748669,1.49135,1.361489,1.706289,0.833498
src/Mod/Part/Gui/CMakeFiles/PartGui.dir/TaskLinkArrayParameters.cpp.o,8.329,8.229977,6.74574,1.451671,4.844618,1.806411,1.808881,0.959658,0.488243
src/Mod/TechDraw/App/CMakeFiles/TechDraw.dir/EdgeWalker.cpp.o,8.329,8.227195,6.262992,1.93277,3.924427,1.713759,1.453778,1.295711,0.633581
src/Mod/PartDesign/Gui/CMakeFiles/PartDesignGui.dir/TaskBooleanParameters.cpp.o,8.304,8.191598,7.886675,0.272091,4.024049,2.029225,2.087255,0.174671,0.094408
src/Mod/Sketcher/App/CMakeFiles/Sketcher.dir/SketchObjectGeometry.cpp.o,8.303,8.203769,6.984674,1.183992,4.465383,1.871141,1.646888,0.781472,0.398655
src/Mod/TechDraw/Gui/CMakeFiles/TechDrawGui.dir/ViewProviderAnnotation.cpp.o,8.281,8.198384,5.306781,2.867898,1.698358,1.486895,1.328954,1.821566,1.04323
src/Mod/Surface/Gui/CMakeFiles/SurfaceGui.dir/TaskGeomFillSurface.cpp.o,8.262,8.170068,6.695546,1.442398,2.478396,1.868022,1.759084,0.943481,0.495869
src/Mod/Sketcher/App/CMakeFiles/Sketcher.dir/SketchAnalysis.cpp.o,8.257,8.167066,6.467631,1.665613,3.998124,1.665464,1.524204,1.142242,0.519564
src/Mod/MeshPart/Gui/CMakeFiles/MeshPartGui.dir/Tessellation.cpp.o,8.257,8.156556,6.676863,1.444371,2.714139,1.843286,1.825412,0.935064,0.505996
tests/src/Base/CMakeFiles/Base_tests_run.dir/SchemaTests.cpp.o,8.251,8.171962,3.841708,4.312934,1.739066,0.970837,0.879206,2.595874,1.714247
src/App/CMakeFiles/FreeCADApp.dir/ComplexGeoData.cpp.o,8.242,8.155398,4.476712,3.657662,3.26727,1.300495,0.996281,2.386651,1.267882
src/Mod/Sketcher/Gui/CMakeFiles/SketcherGui.dir/ViewProviderSketchCoinAttorney.cpp.o,8.139,8.040018,8.00312,0.004832,6.8792,2.058101,2.083557,0.001667,0.000315
src/Mod/TechDraw/Gui/CMakeFiles/TechDrawGui.dir/TaskHatch.cpp.o,8.134,8.034944,6.913825,1.088035,5.454578,1.960891,1.950037,0.701946,0.382629
src/Gui/CMakeFiles/FreeCADGui.dir/Dialogs/DlgThemeEditor.cpp.o,8.124,8.037281,5.516769,2.494346,4.008967,1.458683,1.449734,1.658218,0.832857
src/Gui/CMakeFiles/FreeCADGui.dir/Placement.cpp.o,8.12,8.019535,5.949759,2.040899,1.654152,1.756124,1.615488,1.274695,0.762777
src/Mod/Fem/Gui/CMakeFiles/FemGui.dir/ViewProviderFemMesh.cpp.o,8.101,8.01233,5.320288,2.668945,2.493406,1.357508,1.344154,1.480477,1.185852
src/Mod/Fem/App/CMakeFiles/Fem.dir/FemVTKTools.cpp.o,8.098,8.009137,5.308123,2.677298,2.369929,1.451522,1.305321,1.787557,0.887259
src/Mod/Part/Gui/CMakeFiles/PartGui.dir/DlgPartCylinderImp.cpp.o,8.082,7.998045,5.044801,2.933217,4.007579,1.418688,1.27939,1.867221,1.063808
src/Gui/CMakeFiles/FreeCADGui.dir/Selection/SoFCSelection.cpp.o,8.058,7.971449,4.767815,3.182111,2.742505,1.204687,1.217977,1.9499,1.229331
src/Mod/PartDesign/Gui/CMakeFiles/PartDesignGui.dir/ViewProviderPipe.cpp.o,8.055,7.941549,7.729437,0.179141,3.991876,1.918218,2.038339,0.113678,0.061963
src/Mod/ReverseEngineering/Gui/CMakeFiles/ReverseEngineeringGui.dir/Command.cpp.o,8.038,7.935044,6.583705,1.317615,2.525835,1.877627,1.851498,0.856982,0.45721
src/Mod/TechDraw/Gui/CMakeFiles/TechDrawGui.dir/TaskActiveView.cpp.o,8.038,7.932804,6.796019,1.097554,3.84974,1.889635,1.925006,0.712479,0.381021
src/Mod/TechDraw/App/CMakeFiles/TechDraw.dir/DrawComplexSection.cpp.o,8.032,7.940378,5.791987,2.122149,3.093427,1.719994,1.478684,1.301135,0.818041
src/Mod/PartDesign/Gui/CMakeFiles/PartDesignGui.dir/TaskScaledParameters.cpp.o,8.03,7.92122,7.770194,0.118891,6.594715,1.969647,2.075513,0.081594,0.034536
src/Mod/PartDesign/Gui/CMakeFiles/PartDesignGui.dir/ViewProviderPrimitive.cpp.o,7.997,7.892169,7.800645,0.060519,4.150802,1.907669,2.101858,0.030348,0.027491
src/Mod/Part/Gui/CMakeFiles/PartGui.dir/TaskOffset.cpp.o,7.995,7.906111,6.336223,1.538458,2.314502,1.779054,1.707374,0.976831,0.557719
src/Mod/PartDesign/Gui/CMakeFiles/PartDesignGui.dir/ViewProviderExtrude.cpp.o,7.994,7.890551,7.769514,0.089811,4.071753,1.930194,2.096081,0.051539,0.0354
tests/src/Mod/Sketcher/App/CMakeFiles/Sketcher_tests_run.dir/SketchObjectChanges.cpp.o,7.983,7.889067,6.709974,1.146964,4.134658,1.74315,1.680364,0.584705,0.559564
src/Mod/Surface/Gui/CMakeFiles/SurfaceGui.dir/TaskFilling.cpp.o,7.967,7.874654,6.759816,1.083771,2.519844,1.886337,1.772467,0.670895,0.410154
src/Mod/Part/App/CMakeFiles/Part.dir/TopoShapePyImp.cpp.o,7.96,7.877595,4.888911,2.967457,3.057898,1.06159,0.939932,1.652655,1.311746
tests/src/Mod/Sketcher/App/CMakeFiles/Sketcher_tests_run.dir/SketchObject.cpp.o,7.949,7.857454,6.69103,1.131313,5.324468,1.81732,1.723903,0.643227,0.48472
src/Mod/Mesh/Gui/CMakeFiles/MeshGui.dir/Command.cpp.o,7.939,7.841649,5.900716,1.911575,2.074869,1.34195,1.604299,1.169741,0.738403
src/Mod/Material/Gui/CMakeFiles/MatGui.dir/MaterialTreeWidget.cpp.o,7.927,7.823949,6.393896,1.399096,2.218796,1.855261,1.750783,0.90523,0.489631
src/Mod/PartDesign/Gui/CMakeFiles/PartDesignGui.dir/ViewProviderLoft.cpp.o,7.926,7.819597,7.596172,0.190821,3.86966,1.924271,2.019605,0.127303,0.060035
src/Mod/PartDesign/Gui/CMakeFiles/PartDesignGui.dir/ViewProviderMultiTransform.cpp.o,7.923,7.802482,7.677176,0.093806,6.620795,1.888304,2.015652,0.056389,0.034398
src/Mod/Material/App/CMakeFiles/Materials.dir/MaterialLoader.cpp.o,7.909,7.813117,5.241414,2.54776,1.314072,1.696063,1.430502,1.560965,0.98399
src/Mod/Sketcher/Gui/CMakeFiles/SketcherGui.dir/SketcherSettings.cpp.o,7.902,7.809725,6.123766,1.660603,2.026692,1.618564,1.604349,0.921103,0.736519
src/Mod/TechDraw/Gui/CMakeFiles/TechDrawGui.dir/TaskGeomHatch.cpp.o,7.902,7.810676,6.648832,1.12752,5.253688,1.871866,1.808877,0.730833,0.393332
src/Mod/PartDesign/App/CMakeFiles/PartDesign.dir/FeatureSketchBased.cpp.o,7.899,7.802045,5.869314,1.905433,3.562289,1.687563,1.462926,1.15887,0.743082
src/Mod/PartDesign/Gui/CMakeFiles/PartDesignGui.dir/ViewProviderShapeBinder.cpp.o,7.896,7.792668,6.235551,1.527901,2.205096,1.807946,1.714939,1.030651,0.4941
src/Mod/Measure/Gui/CMakeFiles/MeasureGui.dir/ViewProviderMeasureAngle.cpp.o,7.885,7.791707,6.673302,1.086687,3.294281,1.770123,1.691987,0.689532,0.393674
src/Mod/Material/Gui/CMakeFiles/MatGui.dir/DlgDisplayPropertiesImp.cpp.o,7.879,7.790406,6.339568,1.422313,4.867162,1.896641,1.784954,0.939267,0.479869
src/Mod/PartDesign/Gui/CMakeFiles/PartDesignGui.dir/TaskFeatureAddSubParameters.cpp.o,7.856,7.751704,7.663795,0.055009,3.772951,1.90178,2.000007,0.040197,0.011824
src/App/CMakeFiles/FreeCADApp.dir/ElementMap.cpp.o,7.855,7.766499,4.600758,3.13764,3.297681,1.246463,1.081643,2.107907,1.026285
src/Mod/Inspection/App/CMakeFiles/Inspection.dir/InspectionFeature.cpp.o,7.849,7.751999,5.888231,1.835815,2.144413,1.865878,1.584963,1.198426,0.634529
src/Gui/CMakeFiles/FreeCADGui.dir/OverlayManager.cpp.o,7.83,7.730606,5.8118,1.892329,1.225003,1.425405,1.538285,1.242095,0.647413
src/Gui/CMakeFiles/FreeCADGui.dir/Dialogs/DlgProjectInformationImp.cpp.o,7.826,7.736989,4.67982,3.037081,1.34376,1.035536,1.119013,1.92464,1.109935
src/Mod/Import/App/CMakeFiles/Import.dir/ImportOCAF2.cpp.o,7.812,7.717026,5.836442,1.854944,3.241848,1.692669,1.467247,1.207726,0.644339
src/Mod/Mesh/Gui/CMakeFiles/MeshGui.dir/ViewProviderCurvature.cpp.o,7.805,7.703814,6.437566,1.235238,3.485186,1.487872,1.698107,0.814841,0.416982
src/Mod/Import/App/CMakeFiles/Import.dir/AppImportPy.cpp.o,7.8,7.695795,6.026282,1.641557,4.120364,1.735535,1.621478,1.070707,0.567802
src/Mod/CAM/App/CMakeFiles/Path.dir/AreaPyImp.cpp.o,7.793,7.691376,6.191682,1.472835,4.305081,1.944549,1.457755,1.292995,0.176747
src/Mod/TechDraw/App/CMakeFiles/TechDraw.dir/DrawBrokenView.cpp.o,7.789,7.690918,6.001151,1.662629,3.441944,1.749132,1.511658,1.03953,0.619858
src/App/CMakeFiles/FreeCADApp.dir/PropertyExpressionEngine.cpp.o,7.779,7.676748,4.962075,2.687532,3.539517,1.29923,1.234183,1.798316,0.885754
src/Mod/PartDesign/Gui/CMakeFiles/PartDesignGui.dir/ViewProviderScaled.cpp.o,7.77,7.668177,7.563222,0.073276,6.497753,1.862403,1.962234,0.042117,0.028109
src/Gui/CMakeFiles/FreeCADGui.dir/ExpressionCompleter.cpp.o,7.747,7.652029,5.369437,2.257984,1.742769,1.313572,1.348423,1.445956,0.808869
src/Mod/PartDesign/Gui/CMakeFiles/PartDesignGui.dir/ViewProviderPad.cpp.o,7.733,7.631198,7.555332,0.044412,3.890537,1.819292,1.964589,0.021077,0.020304
src/Mod/TechDraw/Gui/CMakeFiles/TechDrawGui.dir/TaskRichAnno.cpp.o,7.732,7.647827,6.451903,1.164817,2.553635,1.719437,1.762197,0.757542,0.404038
src/Mod/PartDesign/Gui/CMakeFiles/PartDesignGui.dir/ViewProviderFillet.cpp.o,7.728,7.623774,7.532528,0.060021,6.471778,1.846802,1.966996,0.026531,0.030259
src/Mod/Material/App/CMakeFiles/Materials.dir/MaterialManagerPyImp.cpp.o,7.725,7.610291,6.364709,1.222883,5.299478,1.587645,1.62384,0.760473,0.459853
src/Mod/Fem/Gui/CMakeFiles/FemGui.dir/TaskCreateNodeSet.cpp.o,7.71,7.613204,6.438192,1.144021,3.502359,1.537836,1.739147,0.779293,0.36162
src/Mod/PartDesign/Gui/CMakeFiles/PartDesignGui.dir/TaskTransformedMessages.cpp.o,7.707,7.602456,7.509778,0.062046,6.416252,1.850929,1.913742,0.041207,0.017502
src/Mod/PartDesign/Gui/CMakeFiles/PartDesignGui.dir/ViewProviderLinearPattern.cpp.o,7.7,7.598254,7.498789,0.069761,6.465848,1.839298,1.952035,0.040775,0.026438
src/Mod/PartDesign/Gui/CMakeFiles/PartDesignGui.dir/ViewProviderGroove.cpp.o,7.688,7.583574,7.508736,0.04434,3.88113,1.822518,1.953628,0.020465,0.020754
src/App/CMakeFiles/FreeCADApp.dir/PropertyStandard.cpp.o,7.668,7.582588,4.189982,3.373414,2.588066,1.222078,0.975818,2.064918,1.305424
src/Mod/PartDesign/Gui/CMakeFiles/PartDesignGui.dir/ViewProviderPolarPattern.cpp.o,7.658,7.554557,7.451686,0.072033,6.410614,1.826659,1.944347,0.041409,0.027572
src/Mod/PartDesign/Gui/CMakeFiles/PartDesignGui.dir/ViewProviderPocket.cpp.o,7.656,7.549763,7.474008,0.044925,3.860089,1.823857,1.947509,0.020882,0.020888
src/Mod/PartDesign/Gui/CMakeFiles/PartDesignGui.dir/ViewProviderMirrored.cpp.o,7.654,7.55578,7.45949,0.067998,6.475275,1.775866,1.933081,0.03973,0.025972
src/Mod/Mesh/App/CMakeFiles/Mesh.dir/Core/Approximation.cpp.o,7.644,7.562339,5.649194,1.862698,1.706147,2.794799,2.266567,1.607423,0.251868
tests/src/Gui/CMakeFiles/Gui_tests_run.dir/StyleParameters/ParameterManagerTest.cpp.o,7.644,7.55977,4.521529,3.01781,3.294661,1.346863,1.170894,1.883809,1.131122
src/Gui/CMakeFiles/FreeCADGui.dir/Dialogs/DlgCustomizeSpaceball.cpp.o,7.633,7.531917,5.180025,2.327612,1.034563,1.170411,1.12957,1.483313,0.841252
src/Mod/Assembly/App/CMakeFiles/Assembly.dir/AssemblyLink.cpp.o,7.625,7.523538,6.046849,1.44792,4.690786,1.599521,1.528563,0.980366,0.464253
src/Mod/TechDraw/Gui/CMakeFiles/TechDrawGui.dir/TaskCosmeticCircle.cpp.o,7.624,7.533441,6.37037,1.132802,2.389855,1.848317,1.788053,0.732348,0.397233
src/Mod/PartDesign/Gui/CMakeFiles/PartDesignGui.dir/ViewProviderRevolution.cpp.o,7.604,7.499823,7.427098,0.043032,3.828671,1.772857,1.929882,0.019957,0.020525
src/Mod/Robot/App/CMakeFiles/Robot.dir/kdl_cp/chainiksolverpos_lma.cpp.o,7.603,7.521951,4.582818,2.900422,1.651615,2.474325,2.03855,2.142378,0.755249
src/Mod/PartDesign/Gui/CMakeFiles/PartDesignGui.dir/ViewProviderDefeaturing.cpp.o,7.589,7.486069,7.403741,0.052325,6.384802,1.792785,1.884884,0.024579,0.024458
src/Mod/PartDesign/Gui/CMakeFiles/PartDesignGui.dir/ViewProviderDraft.cpp.o,7.568,7.468617,7.389741,0.050324,6.400839,1.780258,1.892124,0.023235,0.024612
src/Mod/PartDesign/Gui/CMakeFiles/PartDesignGui.dir/ViewProviderThickness.cpp.o,7.566,7.467614,7.382609,0.054291,6.367918,1.785428,1.928651,0.023992,0.027351
src/Mod/Part/App/CMakeFiles/Part.dir/PropertyTopoShape.cpp.o,7.559,7.467678,5.402345,2.039996,3.473348,1.691155,1.370242,1.288522,0.74849
src/Mod/PartDesign/Gui/CMakeFiles/PartDesignGui.dir/ViewProviderChamfer.cpp.o,7.544,7.437058,7.356427,0.051187,6.340514,1.786917,1.901568,0.023655,0.024907
src/Mod/PartDesign/Gui/CMakeFiles/PartDesignGui.dir/ViewProviderBase.cpp.o,7.542,7.446548,7.347583,0.068771,6.3031,1.829925,1.82805,0.038987,0.026609
src/Mod/Mesh/Gui/CMakeFiles/MeshGui.dir/RemeshGmsh.cpp.o,7.524,7.427049,6.137295,1.26416,2.173296,1.661819,1.634979,0.838129,0.423281
src/Mod/TechDraw/Gui/CMakeFiles/TechDrawGui.dir/TaskSectionView.cpp.o,7.524,7.43177,6.16653,1.237422,2.389126,1.667807,1.681547,0.769807,0.464447
src/Gui/CMakeFiles/FreeCADGui.dir/ViewParams.cpp.o,7.518,7.412362,6.856293,0.527714,0.267549,1.373366,1.454224,0.315403,0.208972
src/Mod/TechDraw/Gui/CMakeFiles/TechDrawGui.dir/TaskCosmeticLine.cpp.o,7.508,7.414314,6.337464,1.047557,3.864261,1.800872,1.738859,0.674588,0.370368
src/Mod/Part/Gui/CMakeFiles/PartGui.dir/TaskShapeBuilder.cpp.o,7.499,7.401052,6.020247,1.351351,1.775429,1.678529,1.603226,0.879383,0.468772
src/Gui/CMakeFiles/FreeCADGui.dir/CommandLink.cpp.o,7.48,7.379722,5.741616,1.611101,2.668671,1.317015,1.507586,1.037633,0.570278
src/Gui/CMakeFiles/FreeCADGui.dir/DocumentRecovery.cpp.o,7.477,7.381074,5.434143,1.922785,1.804209,1.343523,1.392566,1.244279,0.675405
src/Mod/ReverseEngineering/Gui/CMakeFiles/ReverseEngineeringGui.dir/Segmentation.cpp.o,7.468,7.366451,6.057557,1.277661,4.144801,1.722055,1.591002,0.848201,0.426703
src/Mod/Part/App/CMakeFiles/Part.dir/AppPart.cpp.o,7.451,7.348326,6.166574,1.152301,3.963007,1.584612,1.503178,0.749386,0.399429
src/Mod/TechDraw/Gui/CMakeFiles/TechDrawGui.dir/QGTracker.cpp.o,7.45,7.34901,6.14701,1.173548,1.983992,1.746096,1.658779,0.767497,0.402874
src/Mod/Assembly/App/CMakeFiles/Assembly.dir/BomObject.cpp.o,7.442,7.342803,6.037254,1.277095,4.740329,1.61667,1.558985,0.843278,0.431029
src/Mod/TechDraw/App/CMakeFiles/TechDraw.dir/GeometryObject.cpp.o,7.434,7.34413,5.804108,1.514442,2.971531,1.697834,1.537101,0.923851,0.587496
src/Mod/TechDraw/Gui/CMakeFiles/TechDrawGui.dir/CommandDecorate.cpp.o,7.429,7.338394,7.069111,0.23522,3.224156,2.036204,2.082834,0.152539,0.079306
tests/src/Mod/TechDraw/App/CMakeFiles/TechDraw_tests_run.dir/DrawViewPart.cpp.o,7.427,7.325862,6.530073,0.764514,3.865044,1.967415,1.88074,0.450757,0.310402
src/Gui/CMakeFiles/FreeCADGui.dir/FileDialog.cpp.o,7.419,7.32542,5.250247,2.051138,1.243823,1.269327,1.284475,1.332104,0.715866
src/Mod/Mesh/Gui/CMakeFiles/MeshGui.dir/DlgEvaluateMeshImp.cpp.o,7.413,7.319915,5.661645,1.630393,2.080609,1.374866,1.556635,1.021642,0.604927
src/Mod/Surface/Gui/CMakeFiles/SurfaceGui.dir/TaskSections.cpp.o,7.406,7.311822,6.644981,0.635717,2.524096,1.846132,1.771793,0.399896,0.232439
src/Gui/CMakeFiles/FreeCADGui.dir/PreferencePackManager.cpp.o,7.402,7.302155,4.971975,2.309778,2.417487,1.109229,1.121339,1.486659,0.82081
src/Mod/TechDraw/Gui/CMakeFiles/TechDrawGui.dir/QGILeaderLine.cpp.o,7.402,7.314621,6.1078,1.177313,2.444154,1.743945,1.650888,0.783245,0.39104
src/Mod/TechDraw/App/CMakeFiles/TechDraw.dir/ShapeExtractor.cpp.o,7.4,7.311313,5.941325,1.343882,4.260911,1.614903,1.522416,0.840401,0.50062
src/Gui/CMakeFiles/FreeCADGui.dir/Dialogs/DlgPreferencesImp.cpp.o,7.368,7.283511,4.991489,2.269996,0.756774,1.301168,1.211448,1.483467,0.783491
src/Mod/TechDraw/App/CMakeFiles/TechDraw.dir/DrawGeomHatch.cpp.o,7.367,7.276529,5.679014,1.571631,3.914705,1.704506,1.499042,0.999699,0.568819
src/Mod/Fem/Gui/CMakeFiles/FemGui.dir/ViewProviderFemPostObject.cpp.o,7.355,7.261554,5.885914,1.346719,2.079684,1.335005,1.745021,0.887915,0.456157
tests/src/Mod/PartDesign/App/CMakeFiles/PartDesign_tests_run.dir/Revolution.cpp.o,7.351,7.264175,6.599056,0.633881,3.879554,1.738667,1.666041,0.376943,0.254565
src/Mod/TechDraw/Gui/CMakeFiles/TechDrawGui.dir/TaskLineDecor.cpp.o,7.331,7.238073,6.829452,0.375673,4.388218,2.012981,1.973577,0.247855,0.124381
src/Mod/Material/Gui/CMakeFiles/MatGui.dir/MaterialDelegate.cpp.o,7.33,7.237459,6.08478,1.125172,2.013949,1.844252,1.713384,0.747029,0.37521
src/Mod/TechDraw/Gui/CMakeFiles/TechDrawGui.dir/QGEPath.cpp.o,7.318,7.225463,6.064149,1.133764,2.123592,1.748554,1.620845,0.733034,0.398074
src/Mod/Material/App/CMakeFiles/Materials.dir/ModelLoader.cpp.o,7.307,7.211139,5.112159,2.075014,1.235994,1.578266,1.355604,1.285305,0.786819
src/Mod/Import/App/CMakeFiles/Import.dir/ExportOCAF2.cpp.o,7.306,7.200867,5.685268,1.490006,4.246744,1.563231,1.395368,0.974084,0.512953
src/Mod/TechDraw/Gui/CMakeFiles/TechDrawGui.dir/QGIWeldSymbol.cpp.o,7.306,7.217858,6.105514,1.084639,2.532091,1.695114,1.618523,0.704133,0.376875
src/Gui/CMakeFiles/FreeCADGui.dir/ViewProviderDocumentObject.cpp.o,7.297,7.191011,5.820736,1.343894,2.180041,1.37813,1.543106,0.881922,0.458886
src/Mod/MeshPart/Gui/CMakeFiles/MeshPartGui.dir/CrossSections.cpp.o,7.295,7.195834,6.612466,0.55207,4.356312,1.952458,1.920251,0.368047,0.181522
src/Mod/Surface/Gui/CMakeFiles/SurfaceGui.dir/TaskFillingEdge.cpp.o,7.29,7.194773,6.462645,0.700907,2.445845,1.764566,1.717686,0.441961,0.255876
src/Mod/Part/Gui/CMakeFiles/PartGui.dir/TaskSweep.cpp.o,7.289,7.182756,6.771047,0.38233,2.336912,1.773591,1.801833,0.221967,0.157625
src/Mod/TechDraw/Gui/CMakeFiles/TechDrawGui.dir/TaskSurfaceFinishSymbols.cpp.o,7.287,7.193956,6.804036,0.355261,3.393795,1.836756,1.851125,0.218852,0.13304
src/Gui/CMakeFiles/FreeCADGui.dir/PreferencePages/DlgSettingsWorkbenchesImp.cpp.o,7.28,7.183513,5.763274,1.396215,1.832477,1.612892,1.513754,0.894583,0.499201
src/Mod/TechDraw/App/CMakeFiles/TechDraw.dir/CenterLine.cpp.o,7.275,7.190858,5.655587,1.510181,3.007926,1.672402,1.490676,0.952801,0.554983
src/Mod/PartDesign/Gui/CMakeFiles/PartDesignGui.dir/ViewProviderPyImp.cpp.o,7.262,7.165583,7.096126,0.040809,6.084912,1.719274,1.733437,0.022368,0.015604
src/Gui/CMakeFiles/FreeCADGui.dir/Dialogs/DlgMacroExecuteImp.cpp.o,7.258,7.164499,5.643209,1.496159,1.454355,1.305767,1.466216,0.950313,0.542682
src/Mod/Fem/Gui/CMakeFiles/FemGui.dir/TaskFemConstraintRigidBody.cpp.o,7.243,7.15219,6.427182,0.695276,2.573017,1.805862,1.77889,0.444174,0.248334
src/3rdParty/salomesmesh/CMakeFiles/StdMeshers.dir/src/StdMeshers/StdMeshers_Quadrangle_2D.cpp.o,7.226,7.15616,3.521848,3.616324,0.007569,1.064468,0.861724,2.184242,1.429556
src/Mod/Material/App/CMakeFiles/Materials.dir/Materials.cpp.o,7.217,7.131737,4.874668,2.23423,0.950124,1.525878,1.28383,1.364812,0.866361
src/Mod/Part/Gui/CMakeFiles/PartGui.dir/Mirroring.cpp.o,7.214,7.126046,6.752957,0.339333,2.606172,1.91123,1.80821,0.206852,0.128891
src/Mod/TechDraw/Gui/CMakeFiles/TechDrawGui.dir/TaskProjGroup.cpp.o,7.205,7.111975,6.67483,0.402092,2.795503,1.952324,1.914641,0.22265,0.17642
src/Gui/CMakeFiles/FreeCADGui.dir/TaskView/TaskImage.cpp.o,7.204,7.110229,5.650088,1.433307,1.643793,1.555779,1.483291,0.925769,0.50386
src/Mod/CAM/App/CMakeFiles/Path.dir/AppPath.cpp.o,7.194,7.098567,6.161865,0.909619,3.578168,2.15318,1.700937,0.58829,0.318353
src/Gui/CMakeFiles/FreeCADGui.dir/SpaceMouseParameter.cpp.o,7.183,7.076681,6.826836,0.221756,0.278205,1.307072,1.443691,0.169945,0.048634
src/Mod/Measure/App/CMakeFiles/Measure.dir/MeasureAngle.cpp.o,7.163,7.073886,5.68989,1.356345,4.337811,1.490292,1.374652,0.857965,0.495099
src/Mod/TechDraw/App/CMakeFiles/TechDraw.dir/DrawProjectSplit.cpp.o,7.156,7.067102,5.331662,1.709741,3.091049,1.69901,1.424782,1.105277,0.601269
src/Mod/Part/App/CMakeFiles/Part.dir/MeasureClient.cpp.o,7.155,7.062626,5.426175,1.611764,3.892172,1.678684,1.41821,1.007217,0.601321
src/Mod/TechDraw/Gui/CMakeFiles/TechDrawGui.dir/QGISVGTemplate.cpp.o,7.154,7.057929,5.851651,1.180521,2.142871,1.650289,1.594141,0.767317,0.410982
src/Mod/TechDraw/Gui/CMakeFiles/TechDrawGui.dir/QGIFace.cpp.o,7.152,7.064211,5.886094,1.150494,4.236646,1.712428,1.615116,0.752596,0.394807
src/Mod/Mesh/Gui/CMakeFiles/MeshGui.dir/MeshSelection.cpp.o,7.147,7.053765,5.595019,1.431711,4.300798,1.419211,1.548381,0.958186,0.470579
src/Gui/CMakeFiles/FreeCADGui.dir/WidgetFactory.cpp.o,7.145,7.057517,5.621832,1.411048,1.715164,1.541043,1.462831,0.892269,0.515976
src/Gui/CMakeFiles/FreeCADGui.dir/PropertyPage.cpp.o,7.132,7.039042,5.605689,1.40757,1.973741,1.684302,1.477643,0.920108,0.484352
src/Mod/Assembly/Gui/CMakeFiles/AssemblyGui.dir/ViewProviderAssemblyLink.cpp.o,7.13,7.032273,5.603422,1.400196,2.245182,1.227782,1.405681,0.880362,0.516813
src/Mod/Sketcher/App/CMakeFiles/Sketcher.dir/AppSketcher.cpp.o,7.128,7.028078,6.073104,0.924499,3.977228,1.554318,1.406646,0.605254,0.31569
src/Mod/Material/Gui/CMakeFiles/MatGui.dir/DlgInspectMaterial.cpp.o,7.12,7.030025,5.782043,1.222349,1.665538,1.756696,1.584987,0.781478,0.438062
src/Mod/Sketcher/Gui/CMakeFiles/SketcherGui.dir/SketcherTransformationExpressionHelper.cpp.o,7.116,7.019496,6.865225,0.12105,5.823554,1.78114,1.690024,0.081962,0.035866
src/Mod/TechDraw/Gui/CMakeFiles/TechDrawGui.dir/PagePrinter.cpp.o,7.11,7.020825,5.970565,1.022553,2.226045,1.70037,1.684516,0.655143,0.364733
src/Mod/Spreadsheet/Gui/CMakeFiles/SpreadsheetGui.dir/DlgBindSheet.cpp.o,7.107,7.016336,5.377538,1.614322,1.899985,1.197933,1.29474,1.023386,0.588066
src/Gui/CMakeFiles/FreeCADGui.dir/TaskElementColors.cpp.o,7.091,6.984631,6.275734,0.67915,3.382062,1.447607,1.657998,0.427588,0.247829
src/Mod/PartDesign/Gui/CMakeFiles/PartDesignGui.dir/TaskShapeBinder.cpp.o,7.08,6.976129,6.645116,0.298422,2.934401,1.824554,1.854879,0.20035,0.094746
tests/src/Mod/PartDesign/App/CMakeFiles/PartDesign_tests_run.dir/Pipe.cpp.o,7.08,6.988876,6.644952,0.310889,4.220851,1.789688,1.71088,0.206508,0.100826
src/Gui/CMakeFiles/FreeCADGui.dir/PrefWidgets.cpp.o,7.076,6.985968,5.417382,1.53336,1.166551,1.500659,1.328715,0.941292,0.588899
src/Mod/Material/App/CMakeFiles/Materials.dir/Array2DPyImp.cpp.o,7.07,6.91273,6.447757,0.422281,5.109475,1.867731,1.631453,0.276938,0.139653
tests/src/Base/CMakeFiles/Base_tests_run.dir/Quantity.cpp.o,7.057,6.982784,3.604401,3.360689,0.337797,0.931266,0.822125,2.037663,1.32061
src/Mod/TechDraw/App/CMakeFiles/TechDraw.dir/LineGenerator.cpp.o,7.048,6.960012,5.583253,1.350217,3.917139,1.685981,1.527918,0.885446,0.461735
src/Mod/Fem/Gui/CMakeFiles/FemGui.dir/TaskFemConstraintTemperature.cpp.o,7.047,6.952685,6.435498,0.486795,2.473504,1.863179,1.808277,0.333842,0.149763
src/Mod/Fem/Gui/CMakeFiles/FemGui.dir/TaskFemConstraintHeatflux.cpp.o,7.043,6.946047,6.374872,0.542614,2.500993,1.791926,1.788552,0.342782,0.197188
src/Gui/CMakeFiles/FreeCADGui.dir/CommandTest.cpp.o,7.032,6.936316,5.083987,1.82611,1.067023,1.223675,1.305032,1.175868,0.646782
src/3rdParty/salomesmesh/CMakeFiles/StdMeshers.dir/src/StdMeshers/SMESH_MAT2d.cpp.o,7.032,6.954848,3.508086,3.42902,1.722805,1.390635,0.714794,2.222433,1.20433
tests/src/Mod/PartDesign/App/CMakeFiles/PartDesign_tests_run.dir/GeoFeatureGroupExtension.cpp.o,7.032,6.938205,6.634986,0.26982,4.210755,1.775099,1.69199,0.190555,0.07617
src/Mod/MeshPart/Gui/CMakeFiles/MeshPartGui.dir/CurveOnMesh.cpp.o,7.026,6.929086,6.528703,0.370407,2.181481,1.985134,1.837539,0.244012,0.123434
src/Mod/Surface/Gui/CMakeFiles/SurfaceGui.dir/Blending/TaskBlendCurve.cpp.o,7.024,6.931771,6.651105,0.250074,2.850508,1.82575,1.79723,0.155361,0.091585
src/Mod/TechDraw/App/CMakeFiles/TechDraw.dir/CosmeticExtension.cpp.o,7.017,6.92156,5.540152,1.356495,3.309433,1.621698,1.42962,0.878187,0.475357
src/Gui/CMakeFiles/FreeCADGui.dir/Navigation/GestureNavigationStyle.cpp.o,7.012,6.912834,5.374432,1.514,1.751289,1.207416,1.309892,0.988002,0.523018
src/3rdParty/salomesmesh/CMakeFiles/StdMeshers.dir/src/StdMeshers/StdMeshers_Prism_3D.cpp.o,7.01,6.932558,3.659382,3.252481,0.016354,1.122793,0.950907,2.062561,1.186167
src/Gui/CMakeFiles/FreeCADGui.dir/FileHandler.cpp.o,6.998,6.90242,5.298191,1.579401,4.112315,1.207327,1.314785,1.025537,0.551115
src/Mod/Start/Gui/CMakeFiles/StartGui.dir/GeneralSettingsWidget.cpp.o,6.994,6.914319,3.993448,2.90368,0.514765,0.864736,0.910785,1.839383,1.061799
src/Mod/CAM/App/CMakeFiles/Path.dir/FeatureArea.cpp.o,6.989,6.881279,5.620996,1.235195,2.914832,1.769494,1.462428,0.796664,0.435787
src/Gui/CMakeFiles/FreeCADGui.dir/ViewProviderFeaturePython.cpp.o,6.988,6.896818,4.822106,2.052662,2.054562,1.088269,1.187172,1.130379,0.919628
src/Mod/Material/App/CMakeFiles/Materials.dir/MaterialConfigLoader.cpp.o,6.985,6.896473,4.995184,1.878812,1.267081,1.554265,1.333606,1.121196,0.754773
src/Mod/Part/Gui/CMakeFiles/PartGui.dir/ViewProvider.cpp.o,6.978,6.887277,5.925142,0.934619,4.849999,1.647514,1.612896,0.613968,0.317656
src/Mod/Spreadsheet/Gui/CMakeFiles/SpreadsheetGui.dir/ViewProviderSpreadsheet.cpp.o,6.975,6.878034,5.671864,1.17803,2.329926,1.296701,1.52132,0.752528,0.421528
src/Mod/Surface/Gui/CMakeFiles/SurfaceGui.dir/TaskFillingVertex.cpp.o,6.973,6.882207,6.482416,0.37043,2.725951,1.790487,1.756385,0.237049,0.130338
src/Mod/TechDraw/App/CMakeFiles/TechDraw.dir/DrawViewPartPyImp.cpp.o,6.967,6.876485,5.538296,1.313185,3.095104,1.601595,1.477375,0.784251,0.526186
src/Mod/Fem/Gui/CMakeFiles/FemGui.dir/TaskFemConstraintForce.cpp.o,6.967,6.879855,6.307737,0.543609,2.502966,1.844469,1.78177,0.364528,0.176505
src/Mod/Spreadsheet/Gui/CMakeFiles/SpreadsheetGui.dir/PropertiesDialog.cpp.o,6.966,6.879361,5.135881,1.720679,4.26276,1.183191,1.254972,1.098791,0.61893
src/Mod/Material/App/CMakeFiles/Materials.dir/Array3DPyImp.cpp.o,6.965,6.821561,6.304619,0.47836,4.969289,1.840339,1.610944,0.271942,0.201635
src/Gui/CMakeFiles/FreeCADGui.dir/TaskTransform.cpp.o,6.963,6.87048,6.200929,0.638464,2.313922,1.758972,1.744993,0.383056,0.251382
src/Mod/PartDesign/App/CMakeFiles/PartDesign.dir/FeatureDressUp.cpp.o,6.954,6.869112,5.330941,1.514072,2.941385,1.466095,1.305347,0.977161,0.533823
tests/src/Mod/PartDesign/App/CMakeFiles/PartDesign_tests_run.dir/Pad.cpp.o,6.953,6.856242,6.602382,0.221441,4.191451,1.784942,1.6992,0.158924,0.059341
src/Mod/TechDraw/Gui/CMakeFiles/TechDrawGui.dir/QGIViewBalloon.cpp.o,6.949,6.851799,6.421644,0.399853,4.839123,1.844568,1.794021,0.229416,0.167057
src/Mod/CAM/Gui/CMakeFiles/PathGui.dir/AppPathGui.cpp.o,6.938,6.837355,5.946578,0.864956,3.790903,1.649339,1.613416,0.561215,0.301355
src/Mod/PartDesign/App/CMakeFiles/PartDesign.dir/FeatureExtrude.cpp.o,6.937,6.843366,5.299563,1.520035,3.029854,1.507147,1.357485,0.957407,0.55928
src/Mod/TechDraw/Gui/CMakeFiles/TechDrawGui.dir/TaskWeldingSymbol.cpp.o,6.936,6.844403,5.608106,1.209866,2.22346,1.261266,1.478436,0.73902,0.467681
src/Mod/Material/Gui/CMakeFiles/MatGui.dir/MaterialTreeWidgetPyImp.cpp.o,6.923,6.836125,5.695186,1.113519,4.46902,1.717215,1.478087,0.704268,0.40619
src/Mod/Fem/Gui/CMakeFiles/FemGui.dir/TaskFemConstraintDisplacement.cpp.o,6.923,6.827178,6.312095,0.486707,2.472966,1.788362,1.764864,0.315554,0.168242
src/App/CMakeFiles/FreeCADApp.dir/BackupPolicy.cpp.o,6.902,6.825853,3.280078,3.5303,2.174299,1.13228,0.662886,2.253643,1.27417
src/Mod/Fem/Gui/CMakeFiles/FemGui.dir/TaskFemConstraintContact.cpp.o,6.892,6.805662,6.152303,0.625425,2.909264,1.794108,1.698253,0.410494,0.21181
src/Mod/TechDraw/Gui/CMakeFiles/TechDrawGui.dir/QGITile.cpp.o,6.884,6.792177,5.786087,0.980514,4.749997,1.621647,1.599316,0.646662,0.33097
src/Mod/TechDraw/App/CMakeFiles/TechDraw.dir/DrawProjGroup.cpp.o,6.878,6.794329,5.505712,1.263833,2.643784,1.582956,1.466574,0.801402,0.459749
src/Mod/TechDraw/App/CMakeFiles/TechDraw.dir/DrawLeaderLine.cpp.o,6.876,6.785219,5.568604,1.191899,4.421788,1.673466,1.504819,0.757288,0.431677
src/Mod/TechDraw/Gui/CMakeFiles/TechDrawGui.dir/PATPathMaker.cpp.o,6.873,6.779875,5.761598,0.99245,2.136327,1.653545,1.560075,0.660425,0.329209
src/Mod/Fem/Gui/CMakeFiles/FemGui.dir/TaskFemConstraintTransform.cpp.o,6.872,6.783187,6.139786,0.614601,2.035589,1.744779,1.630914,0.409431,0.201975
tests/src/Mod/Sketcher/App/CMakeFiles/Sketcher_tests_run.dir/SketcherTestHelpers.cpp.o,6.869,6.777297,6.524134,0.220027,5.382829,1.754843,1.703123,0.163089,0.053679
src/3rdParty/salomesmesh/CMakeFiles/StdMeshers.dir/src/StdMeshers/StdMeshers_Cartesian_3D.cpp.o,6.868,6.785742,3.540075,3.225923,0.18105,1.043744,0.829082,2.363974,0.859357
src/Mod/Fem/Gui/CMakeFiles/FemGui.dir/TaskFemConstraintPressure.cpp.o,6.867,6.775858,6.35859,0.380986,2.451313,1.827628,1.79333,0.264691,0.113621
src/Mod/Part/Gui/CMakeFiles/PartGui.dir/ViewProviderCurveNet.cpp.o,6.866,6.770412,5.745018,0.999026,3.449078,1.559831,1.449742,0.649287,0.346562
src/Mod/Fem/Gui/CMakeFiles/FemGui.dir/TaskFemConstraintSpring.cpp.o,6.862,6.775098,6.276685,0.469369,2.445154,1.789582,1.763531,0.32579,0.140849
src/Mod/TechDraw/App/CMakeFiles/TechDraw.dir/DrawSVGTemplate.cpp.o,6.861,6.774453,5.625789,1.12429,2.943927,1.63039,1.458609,0.724292,0.397444
src/Mod/Inspection/Gui/CMakeFiles/InspectionGui.dir/ViewProviderInspection.cpp.o,6.85,6.754941,5.589217,1.140322,2.172312,1.378064,1.564797,0.735026,0.402826
src/Mod/TechDraw/Gui/CMakeFiles/TechDrawGui.dir/QGIRichAnno.cpp.o,6.85,6.757564,6.564765,0.156107,2.403116,1.797229,1.821268,0.091526,0.061272
src/Mod/Material/Gui/CMakeFiles/MatGui.dir/AppMatGui.cpp.o,6.846,6.756799,5.770684,0.959917,3.487401,1.706064,1.614257,0.607598,0.349662
tests/src/Mod/Sketcher/App/CMakeFiles/Sketcher_tests_run.dir/SketchObjectSymmetric.cpp.o,6.845,6.751025,6.460969,0.257361,4.104896,1.73059,1.617241,0.1485,0.105567
src/Mod/Material/Gui/CMakeFiles/MatGui.dir/ImageEdit.cpp.o,6.844,6.74791,5.569388,1.152353,1.500669,1.656007,1.487187,0.751126,0.398293
src/Mod/Measure/App/CMakeFiles/Measure.dir/MeasureDistance.cpp.o,6.841,6.757544,5.43359,1.29677,4.248965,1.489264,1.337366,0.816697,0.476937
src/Mod/Measure/App/CMakeFiles/Measure.dir/MeasureRadius.cpp.o,6.834,6.741706,5.483666,1.178006,3.064801,1.612615,1.336633,0.794201,0.377328
src/Mod/Part/App/CMakeFiles/Part.dir/PropertyGeometryList.cpp.o,6.828,6.737277,5.553058,1.159156,3.214088,1.653668,1.459929,0.765955,0.390367
src/Mod/Spreadsheet/Gui/CMakeFiles/SpreadsheetGui.dir/DlgSheetConf.cpp.o,6.823,6.732527,5.085896,1.623588,1.649682,1.14401,1.292153,1.016404,0.60432
src/App/CMakeFiles/FreeCADApp.dir/DocumentObject.cpp.o,6.813,6.728274,4.356812,2.351846,2.525783,1.217965,1.065893,1.539256,0.810015
src/Mod/TechDraw/App/CMakeFiles/TechDraw.dir/Cosmetic.cpp.o,6.812,6.72513,5.513681,1.186343,3.351759,1.632677,1.452586,0.757589,0.426032
src/Mod/Surface/Gui/CMakeFiles/SurfaceGui.dir/AppSurfaceGui.cpp.o,6.811,6.721846,5.803332,0.893023,3.70846,1.55471,1.548593,0.579288,0.310989
src/Mod/Mesh/Gui/CMakeFiles/MeshGui.dir/DlgDecimating.cpp.o,6.8,6.714115,5.215969,1.473786,4.409128,1.291154,1.347263,0.938439,0.532286
src/Mod/Spreadsheet/Gui/CMakeFiles/SpreadsheetGui.dir/AppSpreadsheetGui.cpp.o,6.795,6.699982,5.690904,0.981075,4.945266,1.306584,1.561565,0.63865,0.339187
src/Mod/Material/App/CMakeFiles/Materials.dir/MaterialLibraryPyImp.cpp.o,6.794,6.675647,6.499109,0.155999,5.289222,1.909361,1.702006,0.087176,0.066568
src/3rdParty/salomesmesh/CMakeFiles/SMESH.dir/src/Controls/SMESH_Controls.cpp.o,6.79,6.715292,3.342958,3.346369,1.924765,0.943249,0.78375,2.436419,0.905386
src/Mod/TechDraw/App/CMakeFiles/TechDraw.dir/DrawViewSymbol.cpp.o,6.782,6.69836,5.548885,1.124342,3.333178,1.619247,1.485812,0.73224,0.389216
src/Mod/Part/Gui/CMakeFiles/PartGui.dir/TaskLoft.cpp.o,6.774,6.681425,6.465639,0.184832,3.212848,1.835843,1.729745,0.118831,0.063039
src/Mod/Spreadsheet/Gui/CMakeFiles/SpreadsheetGui.dir/Command.cpp.o,6.769,6.67266,5.438311,1.208239,4.662138,1.216127,1.442096,0.783509,0.422204
src/Mod/TechDraw/App/CMakeFiles/TechDraw.dir/DimensionReferences.cpp.o,6.75,6.659129,5.662553,0.97113,4.448626,1.553019,1.471705,0.62475,0.343951
src/Mod/Part/Gui/CMakeFiles/PartGui.dir/TaskPatternParameters.cpp.o,6.745,6.647642,5.479375,1.145646,1.826928,1.49205,1.393499,0.732276,0.410986
src/Mod/TechDraw/Gui/CMakeFiles/TechDrawGui.dir/Widgets/CompassWidget.cpp.o,6.742,6.652838,6.568884,0.057869,0.640439,1.530135,1.614075,0.032827,0.02232
src/Gui/CMakeFiles/FreeCADGui.dir/TaskView/TaskDialogPython.cpp.o,6.741,6.649582,4.89637,1.731455,2.385068,1.172723,1.224519,1.040393,0.688216
src/Mod/Fem/Gui/CMakeFiles/FemGui.dir/TaskFemConstraintFixed.cpp.o,6.736,6.64247,6.234611,0.379385,2.440392,1.784616,1.745958,0.272384,0.104074
src/3rdParty/salomesmesh/CMakeFiles/SMESH.dir/src/SMESH/SMESH_MesherHelper.cpp.o,6.729,6.650669,3.630579,3.002158,0.007643,1.185855,0.924978,1.982002,1.017949
src/Mod/Surface/App/CMakeFiles/Surface.dir/FeatureCut.cpp.o,6.724,6.60264,6.456374,0.102328,5.479336,1.68556,1.668905,0.060291,0.037268
src/Mod/Points/App/CMakeFiles/Points.dir/AppPointsPy.cpp.o,6.717,6.622975,4.484311,2.116942,3.697384,1.117895,1.086694,1.234479,0.87837
src/Mod/Fem/Gui/CMakeFiles/FemGui.dir/TaskPostExtraction.cpp.o,6.702,6.612458,5.537005,1.043894,4.066288,1.206153,1.563705,0.683047,0.357542
src/Mod/CAM/Gui/CMakeFiles/PathGui.dir/Command.cpp.o,6.693,6.603238,5.563827,1.012376,3.196403,1.69801,1.466007,0.657078,0.352938
src/Mod/Part/Gui/CMakeFiles/PartGui.dir/ViewProvider2DObject.cpp.o,6.688,6.598257,5.431627,1.142815,3.780472,1.514836,1.320414,0.725155,0.41498
src/Mod/Material/Gui/CMakeFiles/MatGui.dir/Array2D.cpp.o,6.677,6.588501,5.454154,1.111464,1.546843,1.797795,1.489241,0.766965,0.342093
src/Gui/CMakeFiles/FreeCADGui.dir/TaskView/TaskView.cpp.o,6.676,6.579612,5.180677,1.374231,1.222059,1.288971,1.353456,0.93602,0.435091
src/Mod/Import/Gui/CMakeFiles/ImportGui.dir/ImportOCAFGui.cpp.o,6.662,6.562412,6.309336,0.224001,5.232465,1.701959,1.691399,0.155319,0.06575
src/Mod/Mesh/App/CMakeFiles/Mesh.dir/Mesh.cpp.o,6.658,6.572076,4.077852,2.474168,2.667163,1.146007,1.011088,1.626052,0.845167
src/Mod/Fem/Gui/CMakeFiles/FemGui.dir/ViewProviderFemConstraintOnBoundary.cpp.o,6.65,6.552715,6.325291,0.197558,5.181332,1.785763,1.711363,0.129772,0.064438
tests/src/Mod/Part/App/CMakeFiles/Part_tests_run.dir/WireJoiner.cpp.o,6.642,6.552309,5.489403,1.038022,3.064036,1.652262,1.485589,0.598591,0.43646
src/Mod/PartDesign/Gui/CMakeFiles/PartDesignGui.dir/ReferenceSelection.cpp.o,6.635,6.537828,6.207168,0.302812,2.332418,1.743673,1.722012,0.187521,0.11232
src/Mod/Part/Gui/CMakeFiles/PartGui.dir/DlgSettings3DViewPartImp.cpp.o,6.625,6.52977,6.42763,0.074819,2.69503,1.734837,1.700395,0.044689,0.027206
src/Mod/PartDesign/Gui/CMakeFiles/PartDesignGui.dir/ViewProviderDatum.cpp.o,6.615,6.510708,6.242497,0.23391,2.599066,1.667211,1.740513,0.152928,0.076809
src/Mod/TechDraw/Gui/CMakeFiles/TechDrawGui.dir/CommandHelpers.cpp.o,6.613,6.516155,6.362954,0.124639,2.670286,1.751746,1.767,0.090189,0.03129
src/Mod/Measure/App/CMakeFiles/Measure.dir/MassPropertiesResult.cpp.o,6.608,6.520128,5.092576,1.388296,2.706401,1.496077,1.309334,0.96261,0.421585
src/Mod/Part/App/CMakeFiles/Part.dir/AttachExtension.cpp.o,6.601,6.511834,5.181151,1.307213,2.947734,1.484799,1.342138,0.842143,0.462281
src/Mod/TechDraw/App/CMakeFiles/TechDraw.dir/DrawViewMulti.cpp.o,6.589,6.500234,5.41489,1.060048,3.687724,1.622333,1.435222,0.689117,0.368048
src/Gui/CMakeFiles/FreeCADGui.dir/Dialogs/DlgKeyboardImp.cpp.o,6.587,6.491875,6.011258,0.454885,2.279173,1.629813,1.579041,0.292269,0.160072
src/Gui/CMakeFiles/FreeCADGui.dir/StyleParameters/Parser.cpp.o,6.583,6.498532,3.965013,2.516583,3.005199,1.096611,0.967915,1.643974,0.869613
src/Mod/Start/Gui/CMakeFiles/StartGui.dir/StartView.cpp.o,6.571,6.482274,5.245963,1.212115,1.497733,1.176865,1.387939,0.780286,0.428891
src/Gui/CMakeFiles/FreeCADGui.dir/DAGView/DAGView.cpp.o,6.569,6.459835,6.283718,0.142819,3.262066,1.171627,1.427158,0.094931,0.044076
src/3rdParty/coin/src/rendering/CMakeFiles/rendering.dir/SoGL.cpp.o,6.559,6.502512,1.85765,4.639557,0.000552,1.007737,0.036061,2.269073,2.368183
src/Mod/Part/Gui/CMakeFiles/PartGui.dir/BoxSelection.cpp.o,6.555,6.457444,6.253233,0.175995,4.633142,1.78155,1.670871,0.124678,0.048612
src/Mod/Part/Gui/CMakeFiles/PartGui.dir/ViewProviderMirror.cpp.o,6.548,6.45102,6.081002,0.34282,2.101057,1.735679,1.586516,0.193579,0.145719
src/Mod/CAM/Gui/CMakeFiles/PathGui.dir/ViewProviderArea.cpp.o,6.545,6.44433,6.103071,0.315046,5.015945,1.853667,1.63712,0.175311,0.13719
src/Gui/CMakeFiles/FreeCADGui.dir/resource.cpp.o,6.531,6.434135,6.212391,0.193842,5.290495,1.564747,1.676145,0.080113,0.110578
src/Mod/Material/App/CMakeFiles/Materials.dir/MaterialManagerLocal.cpp.o,6.522,6.436025,5.069236,1.343555,1.720726,1.621475,1.326524,0.865812,0.475359
src/Mod/Material/Gui/CMakeFiles/MatGui.dir/ModelSelect.cpp.o,6.521,6.422652,5.914377,0.479601,3.045593,1.846046,1.60579,0.296643,0.179376
src/Mod/Measure/App/CMakeFiles/Measure.dir/MeasureDiameter.cpp.o,6.521,6.430396,5.282412,1.124357,3.094859,1.427795,1.271952,0.712086,0.409635
src/Mod/Fem/Gui/CMakeFiles/FemGui.dir/TaskFemConstraintBearing.cpp.o,6.521,6.427223,6.084456,0.31523,2.168385,1.760076,1.693887,0.197467,0.114739
src/Mod/TechDraw/App/CMakeFiles/TechDraw.dir/HatchLine.cpp.o,6.518,6.435046,5.197385,1.213658,3.562081,1.616971,1.39153,0.789794,0.421232
src/Gui/CMakeFiles/FreeCADGui.dir/Selection/SelectionView.cpp.o,6.513,6.425488,5.307372,1.092804,1.178729,1.343704,1.388352,0.695842,0.393776
src/Mod/PartDesign/App/CMakeFiles/PartDesign.dir/FeatureRevolved.cpp.o,6.513,6.424712,5.187563,1.21277,3.373665,1.470786,1.371949,0.752743,0.457093
src/Mod/Material/Gui/CMakeFiles/MatGui.dir/Array3D.cpp.o,6.503,6.417583,5.187524,1.205344,1.287509,1.696779,1.369848,0.825348,0.376945
src/Mod/Part/App/CMakeFiles/Part.dir/AttachEnginePyImp.cpp.o,6.5,6.410658,4.971102,1.417687,2.93231,1.461888,1.259223,0.851587,0.563437
src/Mod/Material/Gui/CMakeFiles/MatGui.dir/MaterialSave.cpp.o,6.493,6.40452,5.975277,0.402717,4.1919,1.809266,1.685685,0.24627,0.153679
src/Mod/TechDraw/Gui/CMakeFiles/TechDrawGui.dir/DlgPrefsTechDrawAnnotationImp.cpp.o,6.485,6.391645,6.068051,0.297018,5.015398,1.585107,1.544161,0.148925,0.145137
src/Mod/TechDraw/App/CMakeFiles/TechDraw.dir/DrawProjGroupItem.cpp.o,6.484,6.392252,5.417915,0.947712,3.84618,1.555077,1.428463,0.613704,0.331039
src/Mod/Material/App/CMakeFiles/Materials.dir/MaterialValue.cpp.o,6.483,6.403302,4.426683,1.956401,3.236662,1.406404,1.141756,1.249135,0.704928
src/Mod/Measure/App/CMakeFiles/Measure.dir/Measurement.cpp.o,6.479,6.394509,4.995884,1.376413,2.384812,1.421041,1.229414,0.83677,0.536989
src/Mod/Fem/Gui/CMakeFiles/FemGui.dir/TaskFemConstraintGear.cpp.o,6.467,6.377602,6.131509,0.219761,2.39014,1.758595,1.715864,0.134846,0.082094
src/Mod/Fem/Gui/CMakeFiles/FemGui.dir/TaskFemConstraintPlaneRotation.cpp.o,6.456,6.364732,5.928486,0.404911,2.138335,1.715613,1.635992,0.288172,0.11369
src/Mod/TechDraw/App/CMakeFiles/TechDraw.dir/DrawView.cpp.o,6.449,6.357164,5.837172,0.49668,4.303212,1.689317,1.490128,0.305541,0.189001
src/Mod/TechDraw/App/CMakeFiles/TechDraw.dir/CosmeticVertex.cpp.o,6.449,6.364868,5.394545,0.946621,4.389,1.555716,1.442062,0.613552,0.330527
src/Gui/CMakeFiles/FreeCADGui.dir/CallTips.cpp.o,6.443,6.357599,4.751054,1.584017,0.984888,1.026552,1.125344,1.026529,0.554304
src/Mod/Mesh/Gui/CMakeFiles/MeshGui.dir/DlgRegularSolidImp.cpp.o,6.442,6.354767,5.180436,1.150949,2.150978,1.352052,1.290766,0.715521,0.432746
src/Mod/Material/Gui/CMakeFiles/MatGui.dir/ListEdit.cpp.o,6.441,6.350794,5.178058,1.14967,1.263319,1.663177,1.362357,0.804093,0.342811
src/Mod/TechDraw/Gui/CMakeFiles/TechDrawGui.dir/DlgPrefsTechDrawGeneralImp.cpp.o,6.434,6.341971,6.084529,0.232496,5.088468,1.556011,1.544603,0.090384,0.139399
src/App/CMakeFiles/FreeCADApp.dir/StringHasher.cpp.o,6.433,6.335553,4.296308,2.018179,1.206655,0.914831,0.913543,1.344578,0.670845
src/Mod/TechDraw/App/CMakeFiles/TechDraw.dir/DimensionGeometry.cpp.o,6.433,6.345195,5.29223,1.029022,2.957493,1.566168,1.393779,0.653513,0.372758
src/Gui/CMakeFiles/FreeCADGui.dir/Dialogs/DlgDocumentObject.cpp.o,6.426,6.33281,5.440364,0.867854,2.232843,1.361899,1.415971,0.584356,0.280672
src/Mod/Spreadsheet/Gui/CMakeFiles/SpreadsheetGui.dir/ZoomableView.cpp.o,6.422,6.326264,5.312686,0.988165,0.295142,1.135154,1.344035,0.64881,0.336425
src/Gui/CMakeFiles/FreeCADGui.dir/PreferencePages/DlgSettingsLightSources.cpp.o,6.421,6.328518,6.014996,0.286168,4.317424,1.707472,1.63326,0.178934,0.103977
src/Mod/Assembly/App/CMakeFiles/Assembly.dir/AssemblyUtils.cpp.o,6.408,6.311337,5.975835,0.307893,3.725446,1.575334,1.53908,0.184325,0.120533
src/Mod/TechDraw/Gui/CMakeFiles/TechDrawGui.dir/DlgPrefsTechDrawDimensionsImp.cpp.o,6.407,6.316425,6.064016,0.226371,5.074185,1.560535,1.570857,0.110092,0.113335
src/Mod/Material/Gui/CMakeFiles/MatGui.dir/MatGui_autogen/mocs_compilation.cpp.o,6.4,6.308783,6.160961,0.118598,0,1.776605,1.642767,0.075764,0.040002
src/Mod/TechDraw/Gui/CMakeFiles/TechDrawGui.dir/mrichtextedit.cpp.o,6.395,6.304107,5.674148,0.605889,2.191835,1.280137,1.441085,0.341674,0.261853
tests/src/Mod/Material/App/CMakeFiles/Material_tests_run.dir/TestMaterials.cpp.o,6.382,6.300683,4.942699,1.33612,1.015166,1.59485,1.357677,0.714567,0.619291
src/Mod/CAM/App/CMakeFiles/tsp_solver.dir/tsp_solver_pybind.cpp.o,6.379,6.308264,3.885969,2.400624,2.353343,1.558323,0.936717,1.562244,0.835996
src/Mod/Part/Gui/CMakeFiles/PartGui.dir/SoBrepEdgeSet.cpp.o,6.37,6.277585,5.794391,0.45636,4.274155,1.601992,1.490698,0.299755,0.153737
src/Mod/Material/Gui/CMakeFiles/MatGui.dir/DlgMaterialImp.cpp.o,6.368,6.2745,6.028941,0.219485,2.13694,1.822475,1.73883,0.155417,0.061649
src/Mod/Mesh/Gui/CMakeFiles/MeshGui.dir/MeshEditor.cpp.o,6.368,6.275982,5.827751,0.419218,2.088986,1.411011,1.600956,0.27924,0.136468
src/Mod/Measure/App/CMakeFiles/Measure.dir/MeasureLength.cpp.o,6.358,6.271951,5.2018,1.047673,4.184002,1.444811,1.276608,0.699366,0.345501
src/Gui/CMakeFiles/FreeCADGui.dir/PreferencePages/DlgSettingsNavigation.cpp.o,6.353,6.261446,5.830628,0.405424,1.993844,1.59817,1.616095,0.185626,0.217077
src/Mod/Spreadsheet/Gui/CMakeFiles/SpreadsheetGui.dir/LineEdit.cpp.o,6.35,6.261288,5.259979,0.978523,0.514823,1.083174,1.296586,0.642232,0.333542
src/Mod/Material/Gui/CMakeFiles/MatGui.dir/TextEdit.cpp.o,6.346,6.253858,5.176108,1.053418,1.323288,1.550336,1.345974,0.688637,0.362105
src/Mod/TechDraw/Gui/CMakeFiles/TechDrawGui.dir/CommandAlign.cpp.o,6.344,6.258708,6.128334,0.101481,2.43807,1.767299,1.745023,0.07148,0.026956
src/Gui/CMakeFiles/FreeCADGui.dir/SceneInspector.cpp.o,6.338,6.253337,5.060648,1.169856,1.324372,1.226996,1.325993,0.752048,0.414904
src/Mod/Part/Gui/CMakeFiles/PartGui.dir/DlgBooleanOperation.cpp.o,6.338,6.253893,5.92808,0.29905,1.773998,1.751377,1.644747,0.187846,0.108214
src/Mod/TechDraw/Gui/CMakeFiles/TechDrawGui.dir/CommandStack.cpp.o,6.328,6.233734,5.20519,1.00324,1.904298,1.195594,1.397559,0.63848,0.361736
tests/src/Mod/Part/App/CMakeFiles/Part_tests_run.dir/TopoShapeMakeShapeWithElementMap.cpp.o,6.326,6.238486,5.440226,0.773179,3.002727,1.675344,1.515619,0.486103,0.28423
src/Gui/CMakeFiles/FreeCADGui.dir/StyleParameters/ParameterManager.cpp.o,6.319,6.234328,4.119044,2.096208,2.531229,0.984387,0.995844,1.38488,0.708332
src/Mod/Surface/App/CMakeFiles/Surface.dir/FeatureSewing.cpp.o,6.317,6.179841,5.862532,0.270152,3.096677,2.215747,1.645304,0.133803,0.130037
src/Mod/Part/Gui/CMakeFiles/PartGui.dir/PatternParametersWidget.cpp.o,6.316,6.231348,4.886435,1.32242,1.1362,1.367959,1.209946,0.883071,0.436524
src/Mod/Material/App/CMakeFiles/Materials.dir/MaterialFilterPyImp.cpp.o,6.309,6.19051,5.929816,0.217073,4.47542,1.660331,1.367407,0.136066,0.077177
src/Mod/PartDesign/App/CMakeFiles/PartDesign.dir/FeatureAddSub.cpp.o,6.299,6.210002,5.073844,1.113457,3.026624,1.485196,1.325847,0.706497,0.404122
src/Mod/Measure/App/CMakeFiles/Measure.dir/ShapeFinder.cpp.o,6.297,6.202373,5.909819,0.268742,4.573523,1.692175,1.600804,0.169056,0.096819
src/3rdParty/salomesmesh/CMakeFiles/SMESH.dir/src/SMESH/SMESH_Pattern.cpp.o,6.295,6.216695,3.854073,2.341634,0.015578,1.20065,1.026177,1.60809,0.730878
src/Mod/Measure/Gui/CMakeFiles/MeasureGui.dir/AppMeasureGui.cpp.o,6.295,6.204459,5.259999,0.921431,1.987196,1.166025,1.32595,0.593399,0.325247
src/Mod/MeshPart/App/CMakeFiles/MeshPart.dir/CurveProjector.cpp.o,6.294,6.206858,4.234871,1.946349,1.631505,1.099586,0.94754,1.305484,0.638508
src/Gui/CMakeFiles/FreeCADGui.dir/CommandFeat.cpp.o,6.277,6.176035,5.959525,0.188423,5.171014,1.290314,1.550254,0.122488,0.06293
src/Mod/Part/Gui/CMakeFiles/PartGui.dir/AttacherTexts.cpp.o,6.273,6.190924,4.978524,1.189847,1.423277,1.430388,1.286477,0.749166,0.438032
src/Mod/Robot/Gui/CMakeFiles/RobotGui.dir/ViewProviderRobotObject.cpp.o,6.266,6.16837,6.016325,0.126077,2.794959,1.517809,1.445409,0.075077,0.048141
src/Mod/Part/App/CMakeFiles/Part.dir/FeaturePartImportStep.cpp.o,6.265,6.183726,5.230087,0.932473,3.121331,1.470773,1.336495,0.616945,0.313277
src/Mod/Part/App/CMakeFiles/Part.dir/FeaturePartImportIges.cpp.o,6.262,6.184839,5.242207,0.921193,3.143187,1.468455,1.360209,0.609577,0.308916
src/Mod/PartDesign/App/CMakeFiles/PartDesign.dir/FeatureBoolean.cpp.o,6.257,6.171635,5.026437,1.120046,2.82178,1.439499,1.274173,0.723512,0.393697
tests/src/Mod/Measure/App/CMakeFiles/Measure_tests_run.dir/MeasureAngle.cpp.o,6.257,6.167459,5.479228,0.66445,4.079589,1.601022,1.439388,0.412021,0.249852
src/Mod/PartDesign/Gui/CMakeFiles/PartDesignGui.dir/TaskDatumParameters.cpp.o,6.249,6.154192,5.96914,0.157633,2.219671,1.716862,1.679246,0.107232,0.047812
src/Mod/Material/App/CMakeFiles/Materials.dir/MaterialLibrary.cpp.o,6.24,6.144324,4.8012,1.321789,1.14786,1.537264,1.314194,0.861039,0.458197
src/Gui/CMakeFiles/FreeCADGui.dir/Dialogs/DlgObjectSelection.cpp.o,6.236,6.144865,5.431093,0.688306,1.415651,1.61949,1.435113,0.442388,0.242788
src/Mod/Material/Gui/CMakeFiles/MatGui.dir/BaseDelegate.cpp.o,6.221,6.128802,5.946705,0.154783,1.986902,1.81569,1.643811,0.095258,0.056891
src/Mod/Part/Gui/CMakeFiles/PartGui.dir/ViewProviderPreviewExtensionPyImp.cpp.o,6.221,6.126193,6.034966,0.067568,5.4516,1.121081,1.328524,0.032539,0.032603
src/Mod/Part/App/CMakeFiles/Part.dir/ImportStep.cpp.o,6.218,6.130114,5.02856,1.078166,3.683088,1.43945,1.260622,0.695867,0.379429
tests/src/Mod/Measure/App/CMakeFiles/Measure_tests_run.dir/MeasureDistance.cpp.o,6.214,6.120062,5.615491,0.478692,4.196628,1.657807,1.469989,0.30512,0.17071
src/Mod/TechDraw/App/CMakeFiles/TechDraw.dir/CosmeticVertexPyImp.cpp.o,6.21,6.12112,5.076733,1.021257,3.002171,1.479887,1.327916,0.650865,0.367779
src/Mod/PartDesign/App/CMakeFiles/PartDesign.dir/FeatureThickness.cpp.o,6.204,6.120803,4.967025,1.131431,3.723672,1.47047,1.28627,0.738636,0.38975
src/Mod/Surface/App/CMakeFiles/Surface.dir/FeatureFilling.cpp.o,6.202,6.072876,5.41659,0.611297,2.933231,1.828929,1.356429,0.391052,0.214588
src/Mod/PartDesign/App/CMakeFiles/PartDesign.dir/AppPartDesign.cpp.o,6.198,6.104029,5.177791,0.900325,3.05013,1.466536,1.321288,0.594049,0.303032
src/Mod/Material/Gui/CMakeFiles/MatGui.dir/ArrayModel.cpp.o,6.195,6.105416,4.898704,1.182305,3.529043,1.47657,1.25081,0.78987,0.389481
src/Mod/Part/Gui/CMakeFiles/PartGui.dir/SoBrepFaceSet.cpp.o,6.192,6.101615,5.636043,0.439876,4.230232,1.489809,1.428097,0.268488,0.168538
src/Mod/MeshPart/App/CMakeFiles/MeshPart.dir/Mesher.cpp.o,6.192,6.105233,4.695228,1.388189,1.695905,1.161425,1.183663,0.936994,0.448734
src/Gui/CMakeFiles/FreeCADGui.dir/qrc_FreeCAD_translation.cpp.o,6.187,6.103543,6.039479,0.01,0,0,0,0.002649,0.006015
src/Mod/Part/App/CMakeFiles/Part.dir/FeaturePartImportBrep.cpp.o,6.181,6.098704,5.182617,0.896139,3.085606,1.46675,1.337207,0.597991,0.295697
src/Gui/CMakeFiles/FreeCADGui.dir/TaskView/TaskAppearance.cpp.o,6.174,6.07835,4.876514,1.178184,2.957377,1.144679,1.268951,0.764542,0.410771
src/Gui/CMakeFiles/FreeCADGui.dir/VectorListEditor.cpp.o,6.171,6.079399,4.814346,1.243894,3.821559,1.318462,1.213735,0.813766,0.427762
src/Mod/TechDraw/Gui/CMakeFiles/TechDrawGui.dir/AppTechDrawGuiPy.cpp.o,6.165,6.074337,5.008491,1.044068,4.354033,1.15696,1.26574,0.662302,0.379464
src/Mod/Material/App/CMakeFiles/Materials.dir/MaterialManager.cpp.o,6.16,6.075712,4.8784,1.174488,1.676117,1.583366,1.290055,0.767357,0.404642
src/Mod/PartDesign/Gui/CMakeFiles/PartDesignGui.dir/CommandPrimitive.cpp.o,6.14,6.055899,5.778751,0.249812,2.07404,1.62673,1.593639,0.134074,0.112742
src/Mod/Part/Gui/CMakeFiles/PartGui.dir/ViewProviderBoolean.cpp.o,6.139,6.044828,5.674496,0.344695,1.846654,1.588704,1.451393,0.206304,0.135227
src/Mod/Measure/App/CMakeFiles/Measure.dir/MeasureCOM.cpp.o,6.137,6.04946,5.071369,0.95463,4.106791,1.406266,1.25992,0.636261,0.315453
src/Mod/ReverseEngineering/Gui/CMakeFiles/ReverseEngineeringGui.dir/FitBSplineSurface.cpp.o,6.134,6.045445,5.805415,0.21431,2.171549,1.569196,1.596153,0.124279,0.087744
src/Mod/PartDesign/App/CMakeFiles/PartDesign.dir/FeatureTransformed.cpp.o,6.133,6.044485,5.334077,0.687067,2.556682,1.614315,1.413825,0.447634,0.236961
src/Mod/PartDesign/App/CMakeFiles/PartDesign.dir/FeatureChamfer.cpp.o,6.131,6.044551,4.98208,1.041268,2.691972,1.427943,1.243321,0.671334,0.367346
src/Mod/CAM/Gui/CMakeFiles/PathGui.dir/ViewProviderPathShape.cpp.o,6.128,6.033459,5.942846,0.064526,4.925761,1.776165,1.598693,0.040901,0.021236
src/Mod/CAM/Gui/CMakeFiles/PathGui.dir/qrc_Path_translation.cpp.o,6.123,6.045735,5.986301,0.009472,0,0,0,0.002503,0.005677
src/Mod/Part/Gui/CMakeFiles/PartGui.dir/ViewProviderCompound.cpp.o,6.119,6.027489,5.721634,0.281028,1.86946,1.594945,1.479442,0.189786,0.088167
src/Gui/CMakeFiles/FreeCADGui.dir/PythonWrapper.cpp.o,6.095,6.01249,4.896393,1.094929,1.217438,1.325272,1.201718,0.731378,0.361201
src/Mod/TechDraw/Gui/CMakeFiles/TechDrawGui.dir/QGIHighlight.cpp.o,6.094,6.007587,5.93942,0.042363,2.144774,1.632392,1.591397,0.022426,0.01723
tests/src/Mod/Part/App/CMakeFiles/Part_tests_run.dir/PropertyTopoShape.cpp.o,6.094,6.007902,5.52796,0.454449,2.74388,1.661285,1.473829,0.279587,0.172046
src/Mod/TechDraw/Gui/CMakeFiles/TechDrawGui.dir/TaskProjection.cpp.o,6.087,5.992153,5.853135,0.112226,2.192636,1.650184,1.669074,0.071234,0.038141
tests/src/Mod/Part/App/CMakeFiles/Part_tests_run.dir/Attacher.cpp.o,6.086,5.999303,5.437884,0.536533,3.022551,1.65386,1.513862,0.318967,0.214745
tests/src/Mod/Part/App/CMakeFiles/Part_tests_run.dir/AttachExtension.cpp.o,6.083,6.003916,5.404331,0.575647,2.931232,1.723855,1.561978,0.339516,0.233229
src/Mod/TechDraw/Gui/CMakeFiles/TechDrawGui.dir/QGIProjGroup.cpp.o,6.081,5.993291,4.916138,1.054056,1.868435,1.094487,1.234247,0.691782,0.359929
tests/src/Mod/Part/App/CMakeFiles/Part_tests_run.dir/Geometry.cpp.o,6.079,5.986152,5.722169,0.238229,3.369078,1.656683,1.499926,0.174838,0.060767
tests/src/Mod/Part/App/CMakeFiles/Part_tests_run.dir/LinkArrayPolar.cpp.o,6.07,5.973127,5.52868,0.419935,3.03791,1.639211,1.510101,0.278882,0.138348
src/Mod/Part/Gui/CMakeFiles/PartGui.dir/ViewProviderGridExtension.cpp.o,6.065,5.977945,4.988415,0.966488,1.616841,1.133176,1.292952,0.615225,0.348398
src/Mod/PartDesign/App/CMakeFiles/PartDesign.dir/FeatureRefine.cpp.o,6.063,5.978634,4.948797,1.007546,3.002506,1.445727,1.276195,0.632177,0.372615
src/Mod/Fem/App/CMakeFiles/Fem.dir/FemConstraint.cpp.o,6.063,5.976955,5.436596,0.514794,2.849801,1.593765,1.371227,0.319028,0.192681
src/Mod/Part/Gui/CMakeFiles/PartGui.dir/SoBrepPointSet.cpp.o,6.062,5.96945,5.726817,0.217194,4.2731,1.560377,1.4813,0.132049,0.082421
src/Mod/Mesh/Gui/CMakeFiles/MeshGui.dir/SegmentationBestFit.cpp.o,6.056,5.963602,5.426466,0.513575,2.430836,1.393672,1.436295,0.338959,0.172115
src/Mod/TechDraw/Gui/CMakeFiles/TechDrawGui.dir/DlgPrefsTechDrawAdvancedImp.cpp.o,6.054,5.963829,5.73545,0.205643,4.760128,1.535567,1.444782,0.105222,0.098356
src/Mod/TechDraw/Gui/CMakeFiles/TechDrawGui.dir/QGIViewSection.cpp.o,6.043,5.963428,4.977783,0.963248,4.160402,1.124395,1.235891,0.630173,0.330689
src/Gui/CMakeFiles/FreeCADGui.dir/Dialogs/DlgToolbarsImp.cpp.o,6.042,5.954995,5.295539,0.635277,1.470507,1.256919,1.437652,0.371076,0.261451
src/Mod/TechDraw/Gui/CMakeFiles/TechDrawGui.dir/TaskSelectLineAttributes.cpp.o,6.042,5.955333,5.79743,0.132027,4.744312,1.560369,1.441453,0.084571,0.044721
src/Gui/CMakeFiles/FreeCADGui.dir/Navigation/NavigationStyle.cpp.o,6.039,5.95454,5.441601,0.489576,1.563139,1.269499,1.444879,0.274923,0.21189
src/Mod/Part/App/CMakeFiles/Part.dir/Services.cpp.o,6.038,5.946552,5.746131,0.175127,3.540965,1.583419,1.430583,0.108204,0.064107
tests/src/Gui/CMakeFiles/ObjectSelection_Tests_run.dir/ObjectSelection.cpp.o,6.038,5.955202,5.619442,0.311215,0.945011,1.609768,1.500657,0.214306,0.094177
tests/src/Mod/PartDesign/App/CMakeFiles/PartDesign_tests_run.dir/BackwardCompatibility.cpp.o,6.038,5.955789,5.371651,0.56012,2.684381,1.694606,1.531787,0.355448,0.202036
src/Mod/CAM/App/CMakeFiles/Path.dir/AppPathPy.cpp.o,6.037,5.950874,4.690652,1.23982,2.663798,1.178178,1.134346,0.789237,0.447928
src/Mod/PartDesign/Gui/CMakeFiles/PartDesignGui.dir/Workbench.cpp.o,6.037,5.949185,5.72962,0.194968,4.678344,1.668889,1.51996,0.097614,0.094857
src/Gui/CMakeFiles/FreeCADGui.dir/StartupProcess.cpp.o,6.032,5.949138,4.523996,1.404373,3.135954,0.928328,1.019391,0.907192,0.494559
src/Mod/PartDesign/App/CMakeFiles/PartDesign.dir/FeatureLoft.cpp.o,6.03,5.942886,5.275421,0.642185,2.788215,1.526979,1.36145,0.409153,0.230436
src/Gui/CMakeFiles/FreeCADGui.dir/Dialogs/DlgActionsImp.cpp.o,6.028,5.941461,5.312522,0.604768,1.183853,1.11271,1.219899,0.373394,0.228322
src/Gui/CMakeFiles/FreeCADGui.dir/View3DInventor.cpp.o,6.027,5.936447,5.630094,0.280731,2.133673,1.344782,1.555558,0.169521,0.108164
src/Mod/TechDraw/Gui/CMakeFiles/TechDrawGui.dir/QGIViewClip.cpp.o,6.027,5.938304,4.957136,0.959462,1.751021,1.100734,1.267366,0.635494,0.321528
src/Mod/TechDraw/App/CMakeFiles/TechDraw.dir/Preferences.cpp.o,6.025,5.944248,4.715727,1.208084,1.768034,1.039009,1.167403,0.724075,0.481455
src/Mod/CAM/PathSimulator/AppGL/CMakeFiles/CAMSimulator.dir/Shader.cpp.o,6.023,5.942516,3.581066,2.34502,1.721856,1.027886,0.721361,1.547459,0.795143
src/Gui/CMakeFiles/FreeCADGui.dir/View3DPy.cpp.o,6.007,5.920148,4.842077,1.057387,2.782939,1.015287,1.211646,0.471994,0.583045
src/Mod/Fem/Gui/CMakeFiles/FemGui.dir/TaskDlgMeshShapeNetgen.cpp.o,6.005,5.92045,4.929939,0.967137,1.588425,1.154001,1.300703,0.643204,0.321053
tests/src/Mod/Part/App/CMakeFiles/Part_tests_run.dir/TopoShape.cpp.o,6.002,5.911843,5.404527,0.483065,2.998038,1.608884,1.468319,0.302511,0.17782
src/Gui/CMakeFiles/FreeCADGui.dir/ViewProviderDragger.cpp.o,5.997,5.891854,5.760758,0.105788,2.954519,1.363025,1.541354,0.056366,0.046591
src/Mod/Material/App/CMakeFiles/Materials.dir/ModelManager.cpp.o,5.983,5.90175,4.759074,1.119537,1.094885,1.47568,1.292304,0.748524,0.36825
tests/src/Mod/Part/App/CMakeFiles/Part_tests_run.dir/FaceMakerBullseye.cpp.o,5.981,5.892933,5.330768,0.537527,3.000178,1.635509,1.45886,0.31833,0.21642
src/Mod/TechDraw/Gui/CMakeFiles/TechDrawGui.dir/QGIEdge.cpp.o,5.979,5.891674,5.784442,0.080256,3.176927,1.658607,1.613857,0.050182,0.027174
src/Mod/TechDraw/Gui/CMakeFiles/TechDrawGui.dir/QGIBreakLine.cpp.o,5.978,5.889326,5.82107,0.043651,2.126498,1.633596,1.625257,0.017671,0.023769
tests/src/Mod/Part/App/CMakeFiles/Part_tests_run.dir/FeatureExtrusion.cpp.o,5.978,5.885077,5.405331,0.45376,4.089839,1.63423,1.477519,0.269475,0.181465
src/Base/CMakeFiles/FreeCADBase.dir/Interpreter.cpp.o,5.975,5.911467,2.721758,3.176573,1.542729,0.923908,0.545057,1.968442,1.20586
src/Gui/CMakeFiles/FreeCADGui.dir/DownloadItem.cpp.o,5.965,5.877919,5.370638,0.481454,2.112171,1.186993,1.354997,0.28827,0.19022
tests/src/Mod/Part/App/CMakeFiles/Part_tests_run.dir/FeaturePartCommon.cpp.o,5.964,5.87614,5.383629,0.468282,3.011806,1.619117,1.470768,0.310251,0.155277
src/Gui/CMakeFiles/FreeCADGui.dir/ToolBarManager.cpp.o,5.951,5.857675,5.034299,0.800108,1.004218,1.184094,1.216053,0.526378,0.270637
src/Mod/TechDraw/App/CMakeFiles/TechDraw.dir/DrawTemplate.cpp.o,5.951,5.861795,5.593129,0.244457,4.493429,1.615832,1.466753,0.154988,0.086703
src/3rdParty/OndselSolver/OndselSolver/CMakeFiles/OndselSolver.dir/ASMTAssembly.cpp.o,5.948,5.881241,2.303171,3.563857,0.862846,0.841343,0.66578,2.328817,1.232521
src/Mod/Surface/App/CMakeFiles/Surface.dir/FeatureSections.cpp.o,5.938,5.804508,5.453288,0.280213,2.801212,1.957337,1.437269,0.175737,0.097206
tests/src/Mod/Part/App/CMakeFiles/Part_tests_run.dir/FeaturePartFuse.cpp.o,5.934,5.845546,5.387974,0.433574,3.014896,1.623453,1.460352,0.258381,0.172605
src/Gui/CMakeFiles/FreeCADGui.dir/ViewProviderPart.cpp.o,5.933,5.836428,5.541638,0.268765,2.196236,1.313992,1.490623,0.164064,0.101701
src/Mod/Fem/App/CMakeFiles/Fem.dir/FemMeshShapeObject.cpp.o,5.932,5.838483,5.692956,0.120361,2.752599,1.610597,1.509345,0.062841,0.055148
src/Mod/Material/Gui/CMakeFiles/MatGui.dir/Command.cpp.o,5.928,5.826499,5.760884,0.038304,2.96287,1.746789,1.643242,0.015244,0.020031
src/Mod/Material/Gui/CMakeFiles/MatGui.dir/DlgSettingsDefaultMaterial.cpp.o,5.926,5.831323,5.72707,0.080166,4.543988,1.743741,1.548822,0.054853,0.023221
src/Gui/CMakeFiles/FreeCADGui.dir/PreferencePages/DlgSettingsUI.cpp.o,5.924,5.828321,5.454722,0.349148,1.837214,1.507994,1.486124,0.203371,0.143113
tests/src/Mod/Part/App/CMakeFiles/Part_tests_run.dir/PartFeature.cpp.o,5.924,5.840788,5.346167,0.469955,2.984136,1.590231,1.457038,0.291868,0.175651
src/Gui/CMakeFiles/FreeCADGui.dir/PythonConsolePy.cpp.o,5.918,5.837228,4.202309,1.616971,3.457362,0.928597,0.897198,0.993551,0.621156
src/Mod/PartDesign/Gui/CMakeFiles/PartDesignGui.dir/DlgActiveBody.cpp.o,5.918,5.831281,5.680742,0.125069,2.034634,1.64346,1.563943,0.089002,0.033169
src/Mod/Part/App/CMakeFiles/Part.dir/FeatureScale.cpp.o,5.916,5.834017,4.800992,1.010509,2.691121,1.3731,1.228843,0.670517,0.337311
src/App/CMakeFiles/FreeCADApp.dir/ObjectIdentifier.cpp.o,5.915,5.825141,3.673511,2.132456,2.675581,0.880578,0.852053,1.321519,0.808077
src/Mod/Material/Gui/CMakeFiles/MatGui.dir/ArrayDelegate.cpp.o,5.914,5.82897,5.740767,0.062274,1.977599,1.73078,1.60111,0.040446,0.019569
src/Mod/Material/Gui/CMakeFiles/MatGui.dir/ListDelegate.cpp.o,5.913,5.82608,5.782805,0.019562,1.961001,1.748918,1.624673,0.009189,0.008267
src/Mod/Part/App/CMakeFiles/Part.dir/FeatureProjectOnSurface.cpp.o,5.906,5.825358,5.257657,0.54479,2.790695,1.461111,1.321389,0.313989,0.227973
src/Gui/CMakeFiles/FreeCADGui.dir/PreferencePages/DlgSettings3DViewImp.cpp.o,5.905,5.812094,5.596216,0.192704,1.924095,1.531271,1.487407,0.087399,0.102778
src/Gui/CMakeFiles/FreeCADGui.dir/View3DInventorSelection.cpp.o,5.904,5.809931,4.747935,1.039325,3.474809,1.079075,1.259039,0.673207,0.363578
src/Mod/Material/App/CMakeFiles/Materials.dir/MaterialFilterOptionsPyImp.cpp.o,5.903,5.748654,5.586823,0.137994,4.161171,1.564414,1.317554,0.079688,0.054787
src/Mod/Sketcher/App/CMakeFiles/Sketcher.dir/SketchObjectSF.cpp.o,5.9,5.817204,4.906048,0.889638,2.798166,1.424354,1.288662,0.566336,0.320595
tests/src/Mod/Part/App/CMakeFiles/Part_tests_run.dir/TopoShapeMakeShape.cpp.o,5.9,5.810569,5.235011,0.551876,2.906494,1.56508,1.414736,0.348955,0.200978
src/Mod/Fem/App/CMakeFiles/Fem.dir/FemPostPipeline.cpp.o,5.899,5.816307,4.505991,1.287793,1.959449,1.036086,1.134075,0.84602,0.438798
src/Main/CMakeFiles/FreeCADMain.dir/MainGui.cpp.o,5.891,5.796177,4.579234,1.198994,1.59878,0.86595,0.955398,0.803822,0.392519
tests/src/Mod/Part/App/CMakeFiles/Part_tests_run.dir/PartFeatures.cpp.o,5.891,5.80717,5.3808,0.40175,2.984775,1.671718,1.491437,0.251957,0.147104
src/Mod/PartDesign/App/CMakeFiles/PartDesign.dir/Feature.cpp.o,5.888,5.794887,5.226787,0.544448,2.879385,1.521873,1.355904,0.33395,0.207436
src/Gui/CMakeFiles/FreeCADGui.dir/Dialogs/DlgVersionMigrator.cpp.o,5.886,5.803858,4.185143,1.599567,0.402964,0.96561,0.980843,1.029363,0.567568
tests/src/Mod/TechDraw/App/CMakeFiles/TechDraw_tests_run.dir/__/__/__/__/__/src/Mod/TechDraw/Gui/PathBuilder.cpp.o,5.881,5.793876,4.741793,1.030413,2.811276,1.031135,1.177423,0.664952,0.362653
src/Mod/Points/App/CMakeFiles/Points.dir/Properties.cpp.o,5.878,5.788451,5.254357,0.508853,4.589922,1.29677,1.456393,0.337109,0.168501
src/Mod/Part/App/CMakeFiles/Part.dir/LinearPatternExtension.cpp.o,5.873,5.788024,5.255133,0.509418,4.012414,1.580267,1.373914,0.353587,0.153208
tests/src/Mod/Part/App/CMakeFiles/Part_tests_run.dir/FuzzyBoolean.cpp.o,5.867,5.779841,5.397491,0.357705,3.01106,1.629237,1.472661,0.223256,0.131693
src/Mod/TechDraw/Gui/CMakeFiles/TechDrawGui.dir/QGIGhostHighlight.cpp.o,5.865,5.777418,5.722511,0.030044,2.442907,1.614893,1.584242,0.014147,0.013339
tests/src/Mod/Part/App/CMakeFiles/Part_tests_run.dir/FeaturePartCut.cpp.o,5.864,5.771745,5.392527,0.354545,3.010493,1.622526,1.475738,0.222979,0.128886
src/Mod/PartDesign/App/CMakeFiles/PartDesign.dir/FeaturePipe.cpp.o,5.849,5.75879,5.231263,0.504081,2.832228,1.518966,1.396217,0.277228,0.223631
src/Mod/TechDraw/Gui/CMakeFiles/TechDrawGui.dir/QGIViewSymbol.cpp.o,5.849,5.767468,4.783116,0.961984,1.792082,1.048638,1.194693,0.612501,0.34669
src/Gui/CMakeFiles/FreeCADGui.dir/ViewProviderAnnotation.cpp.o,5.841,5.74902,5.305707,0.42048,1.707792,1.345466,1.428365,0.270464,0.147225
src/Mod/Part/App/CMakeFiles/Part.dir/PartFeaturePyImp.cpp.o,5.84,5.752452,4.720853,1.008904,3.737472,1.403685,1.234747,0.645602,0.360631
src/Mod/Surface/App/CMakeFiles/Surface.dir/AppSurface.cpp.o,5.84,5.755113,4.766573,0.967579,2.701008,1.344455,1.209195,0.615702,0.349411
src/Mod/Assembly/Gui/CMakeFiles/AssemblyGui.dir/AppAssemblyGui.cpp.o,5.84,5.750814,4.847075,0.879178,3.115496,0.998611,1.187179,0.57783,0.29856
src/Mod/Part/App/CMakeFiles/Part.dir/FeaturePartCurveNet.cpp.o,5.837,5.755796,4.811133,0.923128,2.73,1.390093,1.233639,0.613696,0.306944
src/Mod/TechDraw/Gui/CMakeFiles/TechDrawGui.dir/PreferencesGui.cpp.o,5.835,5.753832,4.744066,0.987296,3.837416,1.071996,1.226843,0.631428,0.353052
src/Mod/Part/App/CMakeFiles/Part.dir/AttachExtensionPyImp.cpp.o,5.83,5.741925,4.78201,0.937981,3.825595,1.397036,1.249358,0.609218,0.326059
src/Gui/CMakeFiles/FreeCADGui.dir/ExpressionBinding.cpp.o,5.829,5.750275,4.615752,1.113885,1.026502,1.033241,1.166721,0.729387,0.382142
src/Gui/CMakeFiles/FreeCADGui.dir/Workbench.cpp.o,5.827,5.736521,4.893196,0.81625,1.626765,1.138593,1.268636,0.469176,0.343842
src/Mod/Import/App/CMakeFiles/Import.dir/ImportOCAF.cpp.o,5.826,5.742704,5.142743,0.575727,2.720656,1.538117,1.337386,0.371628,0.201378
src/Gui/CMakeFiles/FreeCADGui.dir/TaskView/TaskSelectLinkProperty.cpp.o,5.825,5.741031,4.594263,1.125553,3.920714,0.991233,1.091096,0.764499,0.358394
src/3rdParty/salomesmesh/CMakeFiles/StdMeshers.dir/src/StdMeshers/StdMeshers_QuadFromMedialAxis_1D2D.cpp.o,5.824,5.748607,4.155433,1.568304,0.563226,1.446812,1.022109,1.140072,0.425516
tests/src/Mod/Measure/App/CMakeFiles/Measure_tests_run.dir/MeasurePosition.cpp.o,5.82,5.735838,5.40633,0.305212,4.095266,1.617348,1.464354,0.203591,0.098789
src/Gui/CMakeFiles/FreeCADGui.dir/Inventor/Draggers/Gizmo.cpp.o,5.816,5.727231,5.329694,0.374653,3.030114,1.550442,1.461875,0.221802,0.150085
src/Gui/CMakeFiles/FreeCADGui.dir/NaviCube.cpp.o,5.811,5.722934,5.277082,0.420323,2.499349,1.228111,1.37622,0.265011,0.152443
src/Gui/CMakeFiles/FreeCADGui.dir/BitmapFactory.cpp.o,5.81,5.724661,4.188769,1.517681,0.266916,0.875879,1.002265,0.967693,0.547439
src/Mod/TechDraw/Gui/CMakeFiles/TechDrawGui.dir/Widgets/CompassDialWidget.cpp.o,5.807,5.723797,5.583902,0.119288,0.02817,1.059918,1.249642,0.086738,0.030145
src/Mod/TechDraw/Gui/CMakeFiles/TechDrawGui.dir/QGVPage.cpp.o,5.805,5.719561,5.484091,0.209951,1.893827,1.181657,1.458351,0.130937,0.076206
src/Mod/Material/App/CMakeFiles/Materials.dir/AppMaterial.cpp.o,5.804,5.72578,4.737584,0.966929,2.606385,1.465596,1.262113,0.619408,0.344986
src/Mod/Spreadsheet/Gui/CMakeFiles/SpreadsheetGui.dir/Workbench.cpp.o,5.804,5.710349,5.461831,0.222838,1.948949,1.23425,1.45591,0.134124,0.08584
src/Gui/CMakeFiles/FreeCADGui.dir/Transform.cpp.o,5.8,5.709109,5.346812,0.339202,1.494151,1.481903,1.384743,0.211445,0.125064
src/Mod/Part/Gui/CMakeFiles/PartGui.dir/ViewProviderPython.cpp.o,5.795,5.706277,5.401241,0.281225,4.155166,1.537128,1.349584,0.158568,0.119704
src/Mod/TechDraw/App/CMakeFiles/TechDraw.dir/ShapeUtils.cpp.o,5.792,5.704773,5.211454,0.469544,3.256592,1.549788,1.36586,0.305846,0.160909
src/Gui/CMakeFiles/FreeCADGui.dir/ManualAlignment.cpp.o,5.79,5.699689,5.188414,0.487602,1.391198,1.201667,1.362597,0.29926,0.185614
src/Mod/CAM/libarea/CMakeFiles/area-native.dir/Adaptive.cpp.o,5.787,5.713519,2.778696,2.922398,1.623356,1.042395,0.648594,2.06372,0.856478
tests/src/Mod/Part/App/CMakeFiles/Part_tests_run.dir/FeatureRevolution.cpp.o,5.787,5.695448,5.336049,0.335086,2.97483,1.613341,1.446052,0.210328,0.122275
src/Mod/TechDraw/Gui/CMakeFiles/TechDrawGui.dir/TaskBalloon.cpp.o,5.78,5.698256,5.460215,0.212821,4.263954,1.520982,1.45816,0.123154,0.086874
src/Mod/Fem/App/CMakeFiles/Fem.dir/FemMeshShapeNetgenObject.cpp.o,5.779,5.686836,5.618191,0.042142,2.455599,1.61363,1.503794,0.02373,0.015583
src/Gui/CMakeFiles/FreeCADGui.dir/ViewProviderCoordinateSystem.cpp.o,5.776,5.688983,4.631215,1.035951,1.254746,1.060206,1.186509,0.694774,0.338497
src/Mod/Part/Gui/CMakeFiles/PartGui.dir/ViewProviderSpline.cpp.o,5.775,5.683975,5.447064,0.21224,1.56383,1.514001,1.365612,0.126316,0.083016
src/Mod/Material/App/CMakeFiles/Materials.dir/MaterialPyImp.cpp.o,5.772,5.643329,4.808571,0.811549,3.759177,1.403604,1.18677,0.409341,0.399398
tests/src/Mod/Part/App/CMakeFiles/Part_tests_run.dir/FeatureChamfer.cpp.o,5.769,5.680254,5.369734,0.286016,3.015423,1.638541,1.446005,0.192978,0.090306
src/Mod/CAM/App/CMakeFiles/Path.dir/FeaturePathShape.cpp.o,5.768,5.674056,5.476625,0.172866,4.400021,1.714006,1.453964,0.104128,0.066015
src/Mod/Import/App/CMakeFiles/Import.dir/dxf/dxf.cpp.o,5.761,5.685412,3.060943,2.611722,1.094113,0.823813,0.631404,1.451133,1.158585
src/Mod/Surface/Gui/CMakeFiles/SurfaceGui.dir/Blending/ViewProviderBlendCurve.cpp.o,5.753,5.662348,5.598224,0.040299,2.024568,1.535814,1.47945,0.022123,0.015969
src/Mod/PartDesign/Gui/CMakeFiles/PartDesignGui.dir/WorkflowManager.cpp.o,5.749,5.663368,5.507136,0.134083,1.768068,1.601208,1.483335,0.089141,0.04305
src/Mod/Import/Gui/CMakeFiles/ImportGui.dir/ExportOCAFGui.cpp.o,5.748,5.652427,5.610672,0.0189,4.637076,1.56758,1.40885,0.011468,0.005355
tests/src/Mod/Part/App/CMakeFiles/Part_tests_run.dir/FeatureMirroring.cpp.o,5.748,5.664268,5.341224,0.300362,3.032032,1.613688,1.460464,0.193593,0.104858
src/Gui/CMakeFiles/FreeCADGui.dir/GraphvizView.cpp.o,5.742,5.658144,5.028937,0.606717,0.887643,1.201493,1.273423,0.382055,0.222038
src/Mod/Inspection/Gui/CMakeFiles/InspectionGui.dir/VisualInspection.cpp.o,5.74,5.652108,5.404545,0.224044,4.402088,1.482329,1.418943,0.13225,0.089507
tests/src/Mod/PartDesign/App/CMakeFiles/PartDesign_tests_run.dir/ShapeBinder.cpp.o,5.734,5.641867,5.337484,0.280774,2.975168,1.643474,1.476145,0.203956,0.074292
src/Mod/PartDesign/App/CMakeFiles/PartDesign.dir/FeatureLinearPattern.cpp.o,5.729,5.641899,5.308785,0.311747,3.217164,1.592029,1.395401,0.216351,0.093361
src/Mod/Fem/Gui/CMakeFiles/FemGui.dir/ViewProviderFemPostFilter.cpp.o,5.729,5.63861,5.351112,0.263489,4.448922,1.264126,1.51222,0.140757,0.11984
src/Gui/CMakeFiles/FreeCADGui.dir/AutoSaver.cpp.o,5.728,5.644023,4.555592,1.068246,1.070875,1.096512,1.164111,0.706705,0.358887
tests/src/Mod/Part/App/CMakeFiles/Part_tests_run.dir/TopoShapeMakeElementRefine.cpp.o,5.727,5.63478,5.380668,0.229298,3.050949,1.631068,1.487143,0.158542,0.068182
tests/src/Mod/Part/App/CMakeFiles/Part_tests_run.dir/FeatureOffset.cpp.o,5.724,5.642038,5.3608,0.257412,3.019301,1.619508,1.462977,0.17357,0.081254
tests/src/Mod/Part/App/CMakeFiles/Part_tests_run.dir/FeatureFillet.cpp.o,5.718,5.630499,5.321773,0.281176,3.007426,1.614385,1.436461,0.191329,0.086407
src/Mod/Part/App/CMakeFiles/Part.dir/PartFeatures.cpp.o,5.715,5.621241,5.311339,0.287101,3.481228,1.447219,1.296238,0.157609,0.126783
src/Mod/PartDesign/App/CMakeFiles/PartDesign.dir/FeaturePrimitive.cpp.o,5.715,5.628581,5.081478,0.524516,2.845597,1.414344,1.259839,0.231512,0.29022
src/Mod/Part/App/CMakeFiles/Part.dir/FeatureMirroring.cpp.o,5.711,5.620171,5.345029,0.251522,3.106158,1.457691,1.315405,0.140512,0.108236
src/Gui/CMakeFiles/FreeCADGui.dir/Dialogs/DlgPropertyLink.cpp.o,5.709,5.620662,5.1333,0.462794,2.185419,1.208421,1.328361,0.331586,0.128478
src/Mod/Points/Gui/CMakeFiles/PointsGui.dir/ViewProvider.cpp.o,5.704,5.620015,5.094945,0.500959,4.200721,1.267114,1.409513,0.333443,0.164652
src/Mod/Sketcher/Gui/CMakeFiles/SketcherGui.dir/Workbench.cpp.o,5.702,5.609707,5.270681,0.317346,0.941799,1.170852,1.240948,0.158921,0.155865
src/Mod/TechDraw/Gui/CMakeFiles/TechDrawGui.dir/PathBuilder.cpp.o,5.702,5.620482,4.64202,0.958519,2.745936,0.992154,1.145684,0.616779,0.339303
src/Gui/CMakeFiles/FreeCADGui.dir/EditorView.cpp.o,5.688,5.603267,4.782799,0.799533,0.882562,1.211226,1.173409,0.510474,0.28656
src/Mod/Fem/App/CMakeFiles/Fem.dir/FemMeshPyImp.cpp.o,5.686,5.595266,4.308059,1.267934,1.614498,1.016072,0.997725,0.699123,0.566135
src/Gui/CMakeFiles/FreeCADGui.dir/NetworkRetriever.cpp.o,5.684,5.596177,4.311609,1.264337,0.722052,0.939277,1.020882,0.806915,0.45481
src/Mod/TechDraw/App/CMakeFiles/TechDraw.dir/DrawHatch.cpp.o,5.682,5.594651,5.386511,0.185164,4.446463,1.552097,1.420202,0.104796,0.078146
src/Mod/Part/Gui/CMakeFiles/PartGui.dir/ViewProviderProjectOnSurface.cpp.o,5.673,5.58021,5.521834,0.032755,1.973836,1.519748,1.425396,0.015806,0.01416
src/Gui/CMakeFiles/FreeCADGui.dir/Macro.cpp.o,5.664,5.584568,4.31338,1.248559,1.340377,0.921071,0.960568,0.812909,0.432954
src/Mod/ReverseEngineering/App/CMakeFiles/ReverseEngineering.dir/AppReverseEngineering.cpp.o,5.664,5.575456,4.321925,1.233566,2.215831,1.085196,1.010479,0.80854,0.422298
src/Mod/Import/App/CMakeFiles/Import.dir/ExportOCAF.cpp.o,5.66,5.574293,5.120422,0.430076,3.87247,1.491701,1.315737,0.292942,0.134328
src/Mod/CAM/PathSimulator/AppGL/CMakeFiles/CAMSimulator.dir/DlgCAMSimulator.cpp.o,5.656,5.567328,5.16769,0.376366,4.420305,1.181262,1.320932,0.280722,0.093198
tests/src/Mod/PartDesign/App/CMakeFiles/PartDesign_tests_run.dir/DatumPlane.cpp.o,5.656,5.572608,5.296773,0.252377,2.935832,1.660085,1.543732,0.1892,0.061038
src/Mod/CAM/Gui/CMakeFiles/PathGui.dir/ViewProviderPath.cpp.o,5.655,5.570516,4.990818,0.557133,4.141583,1.158032,1.224974,0.360189,0.194177
src/Gui/CMakeFiles/FreeCADGui.dir/GuiApplication.cpp.o,5.65,5.568052,4.369662,1.177715,1.308468,0.901703,0.97613,0.754067,0.420893
src/Mod/Part/Gui/CMakeFiles/PartGui.dir/ViewProviderPrimitive.cpp.o,5.649,5.555591,5.482085,0.047084,1.92172,1.533139,1.397357,0.025004,0.018888
src/Mod/Fem/Gui/CMakeFiles/FemGui.dir/DlgSettingsFemGeneralImp.cpp.o,5.645,5.560617,5.324621,0.212665,1.76437,1.476517,1.422469,0.13606,0.074304
src/Gui/CMakeFiles/FreeCADGui.dir/CommandStd.cpp.o,5.644,5.553995,5.10972,0.419402,1.992462,1.225902,1.371256,0.248985,0.167507
src/Mod/Fem/Gui/CMakeFiles/FemGui.dir/DlgSettingsFemCcxImp.cpp.o,5.638,5.551286,5.308815,0.220264,1.587663,1.458674,1.377958,0.098884,0.118786
tests/src/App/CMakeFiles/App_tests_run.dir/ExpressionParser.cpp.o,5.627,5.550141,3.885131,1.646383,1.676041,1.181802,1.078928,0.919626,0.72413
src/Mod/Part/App/CMakeFiles/Part.dir/Part2DObject.cpp.o,5.625,5.534832,5.265467,0.245702,3.972479,1.50252,1.32575,0.142389,0.100469
src/Mod/Spreadsheet/Gui/CMakeFiles/SpreadsheetGui.dir/SpreadsheetDelegate.cpp.o,5.613,5.527777,4.535725,0.970665,1.134541,0.94694,1.101117,0.652671,0.315359
tests/src/Mod/Part/App/CMakeFiles/Part_tests_run.dir/FeatureCompound.cpp.o,5.613,5.528321,5.27008,0.234079,2.944313,1.621596,1.421632,0.164191,0.067271
src/Mod/PartDesign/App/CMakeFiles/PartDesign.dir/FeatureHelix.cpp.o,5.611,5.525078,5.182025,0.318002,2.788306,1.493434,1.340532,0.161458,0.153571
src/Mod/TechDraw/App/CMakeFiles/TechDraw.dir/LineGroup.cpp.o,5.606,5.523685,4.429581,1.074294,3.340864,0.975382,1.032812,0.712559,0.359238
src/Mod/Assembly/Gui/CMakeFiles/AssemblyGui.dir/Commands.cpp.o,5.605,5.507781,5.326977,0.154107,4.580194,1.250384,1.435137,0.105387,0.045601
tests/src/Mod/Part/App/CMakeFiles/Part_tests_run.dir/PreviewExtension.cpp.o,5.602,5.518584,5.130043,0.365825,2.773354,1.598199,1.448667,0.225579,0.13752
src/Mod/Start/Gui/CMakeFiles/StartGui.dir/AppStartGui.cpp.o,5.597,5.506505,4.537802,0.949426,2.178369,1.089397,1.141596,0.612667,0.334602
src/Gui/CMakeFiles/FreeCADGui.dir/DAGView/DAGModelGraph.cpp.o,5.595,5.490369,5.234902,0.216376,4.602424,0.751806,0.925906,0.160265,0.050713
src/Mod/CAM/PathSimulator/AppGL/CMakeFiles/CAMSimulator.dir/ViewCAMSimulator.cpp.o,5.592,5.506636,5.372339,0.111086,4.746647,1.234872,1.443802,0.067796,0.040855
tests/src/Mod/Material/App/CMakeFiles/Material_tests_run.dir/TestMaterialValue.cpp.o,5.592,5.513006,4.704235,0.787392,2.280084,1.587404,1.344307,0.425617,0.35938
src/Mod/CAM/App/CMakeFiles/Path.dir/FeatureAreaPyImp.cpp.o,5.591,5.499933,5.401953,0.074725,4.318942,1.646778,1.421902,0.040372,0.032227
src/Mod/Spreadsheet/Gui/CMakeFiles/SpreadsheetGui.dir/DlgSettingsImp.cpp.o,5.591,5.502072,5.362677,0.11675,4.460333,1.523573,1.445786,0.060594,0.053634
src/Mod/Part/Gui/CMakeFiles/PartGui.dir/DlgExportStep.cpp.o,5.59,5.512126,5.321474,0.167411,1.593326,1.421231,1.408473,0.088378,0.076245
src/Gui/CMakeFiles/FreeCADGui.dir/ShortcutManager.cpp.o,5.589,5.497483,4.879369,0.596461,1.289647,1.019024,1.060106,0.406142,0.187536
src/Gui/CMakeFiles/FreeCADGui.dir/LinkViewPyImp.cpp.o,5.585,5.49783,4.962467,0.514836,4.206165,1.100934,1.233445,0.314942,0.1975
src/Gui/CMakeFiles/FreeCADGui.dir/DemoMode.cpp.o,5.583,5.491772,4.741288,0.728241,1.622556,1.082878,1.216416,0.673876,0.05166
src/Mod/Fem/Gui/CMakeFiles/FemGui.dir/ViewProviderFemPostPipeline.cpp.o,5.583,5.496066,5.343064,0.128397,3.98299,1.228702,1.561099,0.077428,0.048469
src/Gui/CMakeFiles/FreeCADGui.dir/ReportView.cpp.o,5.581,5.497357,4.559672,0.918335,0.917397,0.984922,1.049784,0.764756,0.150987
src/Gui/CMakeFiles/FreeCADGui.dir/ViewProviderImagePlane.cpp.o,5.578,5.492305,4.466529,1.002788,1.588587,0.888144,1.040894,0.655332,0.344776
src/Gui/CMakeFiles/FreeCADGui.dir/PreferencePages/DlgSettingsMacroImp.cpp.o,5.574,5.485059,5.353956,0.108583,4.420882,1.466248,1.434979,0.053839,0.052175
src/Mod/Surface/Gui/CMakeFiles/SurfaceGui.dir/Command.cpp.o,5.574,5.488596,5.371137,0.09386,1.527717,1.547816,1.451017,0.05117,0.040234
src/Gui/CMakeFiles/FreeCADGui.dir/FreeCADGui_autogen/mocs_compilation.cpp.o,5.573,5.485352,5.307134,0.155121,0,1.279262,1.401678,0.083804,0.069085
src/Mod/Measure/App/CMakeFiles/Measure.dir/AppMeasure.cpp.o,5.569,5.48344,4.283869,1.179859,3.484666,0.890754,0.920284,0.737564,0.440023
tests/src/Base/CMakeFiles/Base_tests_run.dir/UnitsApi.cpp.o,5.566,5.50244,2.281137,3.211188,0.34088,0.794543,0.558324,2.011472,1.197786
src/Mod/Part/Gui/CMakeFiles/PartGui.dir/ViewProviderAttachExtension.cpp.o,5.562,5.471833,5.376152,0.070544,1.854537,1.551693,1.481136,0.039116,0.028864
src/Mod/Fem/Gui/CMakeFiles/FemGui.dir/TaskDlgCreateNodeSet.cpp.o,5.56,5.477386,4.556853,0.899665,3.965883,1.034657,1.163473,0.595527,0.301973
src/Mod/TechDraw/App/CMakeFiles/TechDraw.dir/LineFormat.cpp.o,5.559,5.479261,4.529621,0.928548,3.960778,0.990828,1.096127,0.610159,0.315828
src/Gui/CMakeFiles/FreeCADGui.dir/ViewProviderGroupExtension.cpp.o,5.556,5.472528,4.368889,1.081641,1.147578,0.990347,1.125904,0.716852,0.362019
src/Mod/Material/App/CMakeFiles/Materials.dir/Model.cpp.o,5.541,5.457412,4.345129,1.093508,3.274867,1.303972,1.119964,0.733815,0.357118
src/Gui/CMakeFiles/FreeCADGui.dir/EditableDatumLabel.cpp.o,5.541,5.452304,5.246418,0.181738,1.392154,1.425329,1.398974,0.106667,0.072292
src/Gui/CMakeFiles/FreeCADGui.dir/PreferencePages/DlgSettingsEditor.cpp.o,5.541,5.452858,5.083168,0.346715,2.514066,1.359511,1.270947,0.203582,0.140464
src/Mod/Part/App/CMakeFiles/Part.dir/FeatureExtrusion.cpp.o,5.527,5.440137,5.03266,0.381386,2.749671,1.409434,1.277121,0.216522,0.162017
src/Mod/Robot/Gui/CMakeFiles/RobotGui.dir/TaskTrajectory.cpp.o,5.526,5.44129,5.273819,0.144574,4.585023,1.150739,1.280879,0.078147,0.063933
src/Gui/CMakeFiles/FreeCADGui.dir/PythonConsole.cpp.o,5.524,5.441428,4.7075,0.70957,0.993354,1.052905,1.116637,0.425733,0.28112
tests/src/Mod/Material/App/CMakeFiles/Material_tests_run.dir/TestMaterialCards.cpp.o,5.524,5.452954,4.865141,0.565462,0.872434,1.685215,1.389332,0.34806,0.214656
src/Gui/CMakeFiles/FreeCADGui.dir/PythonEditor.cpp.o,5.517,5.432175,4.276071,1.138596,0.558326,0.925972,1.001959,0.719308,0.417235
src/Mod/Fem/Gui/CMakeFiles/FemGui.dir/TaskDlgCreateElementSet.cpp.o,5.514,5.429708,4.509608,0.899633,3.929832,1.021661,1.154358,0.599161,0.298206
src/Mod/CAM/PathSimulator/AppGL/CMakeFiles/CAMSimulator.dir/AppCAMSimulator.cpp.o,5.511,5.426475,4.475931,0.930623,2.860839,0.947732,1.076995,0.598415,0.329964
src/Mod/Mesh/Gui/CMakeFiles/MeshGui.dir/DlgSettingsImportExportImp.cpp.o,5.51,5.425953,5.328709,0.075161,4.38601,1.462125,1.3489,0.037132,0.035505
src/Mod/Part/Gui/CMakeFiles/PartGui.dir/ViewProviderReference.cpp.o,5.509,5.417979,5.314014,0.079978,3.790027,1.460713,1.313316,0.050039,0.027055
src/Gui/CMakeFiles/FreeCADGui.dir/PreferencePages/DlgSettingsDocumentImp.cpp.o,5.507,5.41815,5.171415,0.225517,4.210363,1.360558,1.264824,0.108144,0.114944
src/Mod/Fem/Gui/CMakeFiles/FemGui.dir/DlgSettingsFemZ88Imp.cpp.o,5.505,5.422493,5.252796,0.147224,1.667523,1.470117,1.405427,0.09407,0.050628
src/3rdParty/salomesmesh/CMakeFiles/SMESH.dir/src/SMESH/SMESH_Mesh.cpp.o,5.504,5.423622,3.937745,1.465281,0.665386,1.022656,0.908533,0.928967,0.533757
src/Mod/Part/Gui/CMakeFiles/PartGui.dir/DlgSettingsGeneral.cpp.o,5.504,5.423532,5.191864,0.209762,1.897264,1.3425,1.352513,0.093865,0.113175
src/Mod/Fem/Gui/CMakeFiles/FemGui.dir/DlgSettingsFemGmshImp.cpp.o,5.504,5.417583,5.254546,0.140586,1.510803,1.462674,1.376713,0.093575,0.04444
src/Mod/PartDesign/Gui/CMakeFiles/PartDesignGui.dir/ViewProviderDatumLine.cpp.o,5.501,5.409931,5.330212,0.056049,3.831868,1.487885,1.318797,0.027885,0.025655
src/Mod/Part/App/CMakeFiles/Part.dir/FeaturePartFuse.cpp.o,5.496,5.412672,4.971506,0.418111,2.754626,1.478909,1.274034,0.289965,0.125463
src/Mod/ReverseEngineering/Gui/CMakeFiles/ReverseEngineeringGui.dir/SegmentationManual.cpp.o,5.495,5.40499,5.14468,0.236409,1.807261,1.278823,1.39785,0.15219,0.081743
src/Mod/Part/Gui/CMakeFiles/PartGui.dir/ViewProviderPointParametric.cpp.o,5.492,5.404359,5.317196,0.065496,4.382444,1.457319,1.307467,0.043365,0.020066
src/Mod/Part/Gui/CMakeFiles/PartGui.dir/ViewProviderHelixParametric.cpp.o,5.492,5.403849,5.311198,0.069715,1.755334,1.47723,1.317621,0.044625,0.022474
src/Mod/Measure/Gui/CMakeFiles/MeasureGui.dir/Command.cpp.o,5.485,5.389266,5.329179,0.037647,2.278153,1.079713,1.387419,0.022178,0.013615
src/Mod/PartDesign/App/CMakeFiles/PartDesign.dir/FeatureDraft.cpp.o,5.483,5.395144,5.074538,0.298044,2.80964,1.45858,1.287434,0.153364,0.141859
src/Gui/CMakeFiles/FreeCADGui.dir/TextureMapping.cpp.o,5.481,5.393318,5.131981,0.238918,1.463532,1.15691,1.357234,0.161145,0.075512
src/Gui/CMakeFiles/FreeCADGui.dir/SplashScreen.cpp.o,5.475,5.394581,4.174505,1.199851,1.135257,0.864524,0.967108,0.7857,0.411394
src/Mod/Part/App/CMakeFiles/Part.dir/PrimitiveFeature.cpp.o,5.475,5.390788,4.879127,0.489403,2.699472,1.387831,1.221473,0.219203,0.267486
src/Mod/Part/App/CMakeFiles/Part.dir/PathPatternExtension.cpp.o,5.473,5.387118,4.941133,0.423723,3.830652,1.446318,1.213381,0.283802,0.13728
src/Mod/TechDraw/Gui/CMakeFiles/TechDrawGui.dir/ViewProviderProjGroup.cpp.o,5.473,5.38691,5.184405,0.178597,1.89143,1.154255,1.337692,0.115417,0.060474
tests/src/Mod/Measure/App/CMakeFiles/Measure_tests_run.dir/QuickMeasure.cpp.o,5.467,5.386797,5.098196,0.26569,3.745847,1.623193,1.45421,0.180215,0.082652
src/Gui/CMakeFiles/FreeCADGui.dir/Selection/BoxSelection.cpp.o,5.466,5.373318,5.115616,0.236442,4.40141,1.267856,1.378136,0.164211,0.069975
src/Gui/CMakeFiles/FreeCADGui.dir/Dialogs/DlgParameterImp.cpp.o,5.459,5.377388,4.533089,0.825877,1.773979,0.998089,1.041067,0.457105,0.36647
src/Mod/Fem/Gui/CMakeFiles/FemGui.dir/TaskFemConstraint.cpp.o,5.454,5.36997,5.074055,0.273323,1.357921,1.186259,1.320267,0.183329,0.087421
src/Mod/PartDesign/Gui/CMakeFiles/PartDesignGui.dir/ViewProviderDatumPlane.cpp.o,5.453,5.356076,5.274579,0.05913,3.792668,1.467139,1.325451,0.029423,0.027319
src/Mod/Part/Gui/CMakeFiles/PartGui.dir/ViewProviderRuledSurface.cpp.o,5.447,5.357156,5.203891,0.130048,4.192492,1.535763,1.322464,0.090151,0.037359
src/Mod/Sketcher/Gui/CMakeFiles/SketcherGui.dir/SketcherGui_autogen/mocs_compilation.cpp.o,5.446,5.36024,5.327869,0.011103,0,1.032701,1.162389,0.004803,0.00377
src/Gui/CMakeFiles/FreeCADGui.dir/ViewProviderVRMLObject.cpp.o,5.445,5.365323,4.179601,1.166054,1.912928,0.843286,0.890463,0.751207,0.412058
tests/src/Mod/Sketcher/App/CMakeFiles/Sketcher_tests_run.dir/Constraint.cpp.o,5.442,5.368989,3.902901,1.447283,1.908174,1.031158,0.952806,0.908606,0.535836
src/Mod/MeshPart/Gui/CMakeFiles/MeshPartGui.dir/Command.cpp.o,5.434,5.352019,5.133478,0.19608,1.827901,1.235478,1.455355,0.117151,0.076374
src/Mod/Part/Gui/CMakeFiles/PartGui.dir/ViewProviderPrism.cpp.o,5.43,5.339845,5.242104,0.075009,4.322634,1.438742,1.288665,0.047783,0.024625
src/Mod/Surface/App/CMakeFiles/Surface.dir/FeatureGeomFillSurface.cpp.o,5.427,5.317585,4.930916,0.363248,2.616549,1.471467,1.228506,0.212523,0.147342
tests/src/Mod/Part/App/CMakeFiles/Part_tests_run.dir/FeaturePartBoolean.cpp.o,5.423,5.334972,5.306318,0.004542,3.001423,1.617103,1.446835,0.001833,0.000292
src/Gui/CMakeFiles/FreeCADGui.dir/CommandPyImp.cpp.o,5.416,5.323323,5.001156,0.298963,4.425567,1.056022,1.228652,0.176534,0.119728
src/Mod/MeshPart/App/CMakeFiles/flatmesh.dir/MeshFlattening.cpp.o,5.416,5.34179,4.164519,1.146341,0.382847,1.986457,1.630215,0.878233,0.266075
src/Mod/TechDraw/Gui/CMakeFiles/TechDrawGui.dir/ViewProviderLeader.cpp.o,5.416,5.329587,5.206426,0.098249,1.949424,1.215571,1.372306,0.057233,0.038061
src/Gui/CMakeFiles/FreeCADGui.dir/TaskCommandLink.cpp.o,5.41,5.318937,5.128091,0.167574,4.180095,1.463353,1.358745,0.12122,0.044232
src/Mod/Part/App/CMakeFiles/Part.dir/ExtrusionHelper.cpp.o,5.41,5.337008,3.893876,1.425658,1.573625,0.811329,0.72284,0.891521,0.53166
src/Mod/Fem/App/CMakeFiles/Fem.dir/FemTools.cpp.o,5.402,5.319368,5.002672,0.293972,2.003807,1.457401,1.276104,0.17333,0.1176
src/Mod/PartDesign/App/CMakeFiles/PartDesign.dir/FeatureMirrored.cpp.o,5.4,5.313662,5.060522,0.230584,2.904373,1.46327,1.317084,0.155842,0.07201
src/Mod/Mesh/App/CMakeFiles/Mesh.dir/MeshPyImp.cpp.o,5.396,5.315187,3.839342,1.458211,3.052595,0.926503,0.841557,0.771908,0.683785
src/Mod/Part/Gui/CMakeFiles/PartGui.dir/ViewProviderEllipseParametric.cpp.o,5.388,5.30066,5.21696,0.061005,4.303843,1.422229,1.259543,0.041057,0.017258
src/Mod/Part/Gui/CMakeFiles/PartGui.dir/ViewProviderScale.cpp.o,5.388,5.298702,5.241395,0.034778,4.313175,1.452962,1.286036,0.021498,0.010683
src/Mod/TechDraw/App/CMakeFiles/TechDraw.dir/CenterLinePyImp.cpp.o,5.387,5.296402,4.994702,0.279181,2.935993,1.467341,1.341917,0.144885,0.131723
src/Mod/Part/App/CMakeFiles/Part.dir/FeaturePartSection.cpp.o,5.382,5.300238,5.233702,0.045253,3.132392,1.420798,1.297347,0.027192,0.015368
src/Mod/Part/App/CMakeFiles/Part.dir/CircularPatternExtension.cpp.o,5.381,5.291347,5.054546,0.212514,4.013087,1.470112,1.35482,0.133713,0.076072
src/Mod/Part/App/CMakeFiles/Part.dir/PolarPatternExtension.cpp.o,5.378,5.2939,4.998828,0.273047,3.956913,1.462503,1.298323,0.174762,0.09567
src/Mod/Part/Gui/CMakeFiles/PartGui.dir/ViewProviderConeParametric.cpp.o,5.373,5.282443,5.191381,0.068654,4.26223,1.442746,1.284021,0.045598,0.020392
src/Mod/Part/Gui/CMakeFiles/PartGui.dir/ViewProviderPlaneParametric.cpp.o,5.37,5.282254,5.164571,0.094951,4.263804,1.402803,1.277034,0.063967,0.028553
src/Mod/PartDesign/App/CMakeFiles/PartDesign.dir/Body.cpp.o,5.368,5.282522,5.053783,0.206809,4.087806,1.447545,1.347466,0.126566,0.077828
src/Mod/Part/Gui/CMakeFiles/PartGui.dir/ViewProviderExtrusion.cpp.o,5.367,5.278716,5.223003,0.03329,4.312569,1.42754,1.27631,0.020766,0.010083
src/Mod/Part/Gui/CMakeFiles/PartGui.dir/ViewProviderTorusParametric.cpp.o,5.366,5.276721,5.185321,0.069246,4.264282,1.431863,1.273495,0.045899,0.020733
src/Mod/Part/Gui/CMakeFiles/PartGui.dir/ViewProviderCircleParametric.cpp.o,5.363,5.275878,5.196711,0.057335,4.294069,1.415656,1.265288,0.038608,0.01637
src/Mod/Fem/Gui/CMakeFiles/FemGui.dir/AppFemGuiPy.cpp.o,5.36,5.277425,5.068477,0.186927,4.384947,1.134968,1.317009,0.118357,0.066189
src/Mod/Surface/Gui/CMakeFiles/SurfaceGui.dir/ViewProviderExtend.cpp.o,5.359,5.274156,5.228437,0.023233,4.320943,1.426382,1.300466,0.010819,0.009992
src/Mod/Part/Gui/CMakeFiles/PartGui.dir/ViewProviderPartExtPyImp.cpp.o,5.358,5.274834,5.129328,0.122275,4.206286,1.421272,1.248959,0.089428,0.030401
src/Mod/Robot/Gui/CMakeFiles/RobotGui.dir/Command.cpp.o,5.358,5.271654,5.183828,0.065707,1.860307,1.102809,1.266803,0.03352,0.030024
src/Gui/CMakeFiles/FreeCADGui.dir/TaskView/TaskSolverMessages.cpp.o,5.357,5.268333,5.13584,0.108103,1.7138,1.224227,1.398458,0.071804,0.033492
src/Mod/TechDraw/Gui/CMakeFiles/TechDrawGui.dir/ViewProviderBalloon.cpp.o,5.356,5.271432,5.154678,0.094708,1.958086,1.159608,1.344734,0.055088,0.037331
src/Mod/Points/Gui/CMakeFiles/PointsGui.dir/AppPointsGui.cpp.o,5.354,5.273838,4.365692,0.887824,2.685952,1.105471,1.195365,0.568308,0.317058
tests/src/App/CMakeFiles/App_tests_run.dir/StringHasher.cpp.o,5.352,5.281263,3.274557,1.992486,2.075403,0.831847,0.683614,1.043532,0.946469
src/Mod/PartDesign/Gui/CMakeFiles/PartDesignGui.dir/ViewProviderDatumPoint.cpp.o,5.346,5.25965,5.1863,0.050919,3.652782,1.434659,1.315818,0.027322,0.021163
src/Mod/CAM/Gui/CMakeFiles/PathGui.dir/TaskDlgPathCompound.cpp.o,5.344,5.252357,5.073401,0.156023,4.372068,1.173372,1.287504,0.107697,0.045735
src/Mod/Part/Gui/CMakeFiles/PartGui.dir/ViewProviderSphereParametric.cpp.o,5.339,5.252053,5.161172,0.070492,4.256045,1.419767,1.269839,0.045588,0.023193
src/Mod/Mesh/Gui/CMakeFiles/MeshGui.dir/DlgSettingsMeshView.cpp.o,5.338,5.252206,5.139129,0.090842,4.228879,1.356352,1.278195,0.043458,0.044859
src/Mod/TechDraw/Gui/CMakeFiles/TechDrawGui.dir/ViewProviderGeomHatch.cpp.o,5.338,5.250068,5.17917,0.048139,4.390366,1.211219,1.339865,0.026242,0.019564
src/Gui/CMakeFiles/FreeCADGui.dir/PreferencePages/DlgSettingsSelection.cpp.o,5.336,5.245357,5.141447,0.080968,4.188843,1.427284,1.319967,0.039569,0.03888
src/Gui/CMakeFiles/FreeCADGui.dir/Dialogs/DlgAbout.cpp.o,5.334,5.245393,4.83598,0.388137,1.104294,1.043784,1.157926,0.22384,0.16153
src/Mod/Part/Gui/CMakeFiles/PartGui.dir/ViewProviderLineParametric.cpp.o,5.331,5.243631,5.160484,0.059872,4.261314,1.410641,1.247247,0.039943,0.017336
src/Mod/TechDraw/App/CMakeFiles/TechDraw.dir/CosmeticEdgePyImp.cpp.o,5.331,5.244941,4.989957,0.233075,2.996157,1.461048,1.321567,0.128612,0.102278
src/Mod/Assembly/Gui/CMakeFiles/AssemblyGui.dir/ViewProviderBom.cpp.o,5.33,5.246217,5.157809,0.065357,4.564392,1.146393,1.361829,0.038775,0.024396
tests/src/App/CMakeFiles/App_tests_run.dir/MappedName.cpp.o,5.327,5.259327,3.466871,1.775009,1.439324,0.86592,0.802129,0.909607,0.862923
src/Mod/Fem/Gui/CMakeFiles/FemGui.dir/ViewProviderFemMeshPyImp.cpp.o,5.326,5.243393,4.788457,0.434009,2.332729,1.159239,1.222654,0.264343,0.167176
src/Base/CMakeFiles/FreeCADBase.dir/Quantity.cpp.o,5.324,5.263397,2.048318,3.206037,1.371992,0.610015,0.400565,2.033688,1.170288
src/Gui/CMakeFiles/FreeCADGui.dir/PreferencePages/DlgSettingsNotificationArea.cpp.o,5.322,5.236049,5.117784,0.096105,1.568765,1.360331,1.337533,0.044642,0.049067
src/Gui/CMakeFiles/FreeCADGui.dir/PreferencePages/DlgSettingsViewColor.cpp.o,5.321,5.236758,5.079998,0.136761,1.483143,1.369848,1.278067,0.064728,0.06975
src/Mod/Fem/Gui/CMakeFiles/FemGui.dir/ViewProviderFemPostBranchFilter.cpp.o,5.32,5.226069,5.150154,0.049818,4.519729,1.245893,1.454158,0.024329,0.022395
src/Mod/PartDesign/App/CMakeFiles/PartDesign.dir/FeatureFillet.cpp.o,5.318,5.224515,5.089149,0.112746,2.777675,1.457728,1.307305,0.067318,0.042473
src/Mod/Robot/Gui/CMakeFiles/RobotGui.dir/TaskDlgEdge2Trac.cpp.o,5.317,5.235899,4.339766,0.876218,1.2274,0.982641,1.112348,0.577387,0.29624
src/Gui/CMakeFiles/FreeCADGui.dir/NotificationArea.cpp.o,5.316,5.234838,4.575615,0.633878,0.399392,1.249101,1.177816,0.43309,0.198643
src/Mod/Robot/Gui/CMakeFiles/RobotGui.dir/TrajectorySimulate.cpp.o,5.313,5.225592,5.066465,0.137078,2.280376,1.145522,1.22955,0.077951,0.057053
src/Gui/CMakeFiles/FreeCADGui.dir/PreferencePages/DlgSettingsPDF.cpp.o,5.312,5.224716,5.14064,0.062654,4.215033,1.399992,1.32488,0.034516,0.025786
src/Mod/Fem/Gui/CMakeFiles/FemGui.dir/DlgSettingsFemExportAbaqusImp.cpp.o,5.309,5.219965,5.142719,0.05492,4.226563,1.441125,1.349024,0.030182,0.022321
src/Mod/Start/App/CMakeFiles/Start.dir/DisplayedFilesModel.cpp.o,5.307,5.228637,3.809276,1.402893,2.906521,0.888146,0.875986,0.913863,0.486237
src/Mod/Part/Gui/CMakeFiles/PartGui.dir/ViewProviderCylinderParametric.cpp.o,5.305,5.215125,5.1299,0.06323,4.227689,1.423247,1.274166,0.041761,0.019143
src/Mod/Fem/Gui/CMakeFiles/FemGui.dir/ViewProviderFemConstraintBearing.cpp.o,5.303,5.221512,4.270856,0.930927,3.192375,0.894331,1.017676,0.610105,0.318247
src/Mod/Start/Gui/CMakeFiles/StartGui.dir/DlgStartPreferencesImp.cpp.o,5.301,5.219571,5.140528,0.055469,4.255948,1.425722,1.341387,0.02969,0.023513
src/Mod/Measure/Gui/CMakeFiles/MeasureGui.dir/ViewProviderMeasureDistance.cpp.o,5.301,5.218729,5.068079,0.128113,2.366549,1.083026,1.1739,0.057261,0.068316
src/Mod/Part/App/CMakeFiles/Part.dir/FeaturePartPolygon.cpp.o,5.297,5.220444,5.098157,0.102084,3.086736,1.475189,1.342443,0.064117,0.035479
src/Mod/Part/Gui/CMakeFiles/PartGui.dir/ViewProviderRegularPolygon.cpp.o,5.295,5.207879,5.131484,0.05613,4.254947,1.383469,1.230089,0.03789,0.016398
src/Mod/Mesh/Gui/CMakeFiles/MeshGui.dir/DlgSmoothing.cpp.o,5.294,5.209859,5.053248,0.127171,1.701882,1.232007,1.360263,0.077166,0.047398
src/Mod/Mesh/Gui/CMakeFiles/MeshGui.dir/SoFCMeshObject.cpp.o,5.285,5.201649,3.739032,1.444308,1.837103,0.939582,0.805364,0.914991,0.52689
src/Gui/CMakeFiles/FreeCADGui.dir/Dialogs/DlgOnlineHelpImp.cpp.o,5.284,5.201246,5.120173,0.058204,1.345686,1.378994,1.329991,0.034661,0.020993
src/Gui/CMakeFiles/FreeCADGui.dir/MDIView.cpp.o,5.281,5.195893,4.873572,0.300706,1.770228,1.122217,1.244898,0.193974,0.103948
src/Mod/Part/App/CMakeFiles/Part.dir/FaceMakerBuildFace.cpp.o,5.281,5.20274,3.789684,1.396156,3.061561,0.795906,0.762912,0.910375,0.483259
src/Mod/Part/App/CMakeFiles/Part.dir/FeaturePartSpline.cpp.o,5.276,5.19449,5.157277,0.015414,4.250043,1.436265,1.319344,0.00599,0.007122
src/Mod/TechDraw/Gui/CMakeFiles/TechDrawGui.dir/ViewProviderTemplate.cpp.o,5.276,5.193516,5.085174,0.085308,1.958652,1.185759,1.373374,0.045952,0.036747
src/Gui/CMakeFiles/FreeCADGui.dir/PreferencePages/DlgSettingsAdvanced.cpp.o,5.274,5.189536,4.967779,0.200799,1.265679,1.365133,1.267527,0.095149,0.103069
src/Mod/Part/Gui/CMakeFiles/PartGui.dir/ViewProviderBox.cpp.o,5.274,5.184063,5.09338,0.068198,4.12303,1.463915,1.249338,0.045205,0.0203
src/Mod/Part/App/CMakeFiles/Part.dir/FeatureGeometrySet.cpp.o,5.265,5.179591,5.120884,0.036434,4.20748,1.453988,1.302763,0.01781,0.016197
src/Mod/Part/App/CMakeFiles/Part.dir/FaceMakerUnified.cpp.o,5.264,5.184911,3.919905,1.24696,3.108726,0.844938,0.814201,0.837214,0.407074
src/Mod/Part/App/CMakeFiles/Part.dir/FeatureOffset.cpp.o,5.254,5.161569,5.06965,0.068603,3.989157,1.396982,1.26892,0.035974,0.029599
src/Mod/PartDesign/App/CMakeFiles/PartDesign.dir/FeatureMultiTransform.cpp.o,5.253,5.166466,4.897055,0.247912,2.819906,1.421778,1.241221,0.177714,0.067569
src/Mod/TechDraw/Gui/CMakeFiles/TechDrawGui.dir/QGIViewSpreadsheet.cpp.o,5.246,5.165405,4.74228,0.396895,3.254848,1.08672,1.174823,0.268967,0.125121
src/App/CMakeFiles/FreeCADApp.dir/Range.cpp.o,5.238,5.165505,2.650233,2.503351,1.619316,0.954021,0.521272,1.535126,0.96594
src/Mod/TechDraw/Gui/CMakeFiles/TechDrawGui.dir/ViewProviderWeld.cpp.o,5.238,5.155448,5.058387,0.074358,1.841675,1.157653,1.338143,0.04035,0.03138
src/Mod/Fem/App/CMakeFiles/Fem.dir/AppFem.cpp.o,5.233,5.149317,4.194792,0.93576,2.504056,0.928354,1.030789,0.60265,0.330556
src/Mod/Mesh/Gui/CMakeFiles/MeshGui.dir/Segmentation.cpp.o,5.228,5.134947,4.833223,0.268662,4.205348,1.131571,1.240809,0.192833,0.072476
src/Mod/Fem/Gui/CMakeFiles/FemGui.dir/ViewProviderAnalysis.cpp.o,5.228,5.14309,4.769073,0.351039,1.411156,1.102934,1.257185,0.218109,0.130359
src/Mod/Mesh/Gui/CMakeFiles/MeshGui.dir/ViewProviderTransformDemolding.cpp.o,5.225,5.143714,4.145821,0.978389,2.234622,0.941466,0.946829,0.640926,0.334924
src/Mod/Robot/Gui/CMakeFiles/RobotGui.dir/CommandTrajectory.cpp.o,5.225,5.13432,4.941333,0.17106,1.725369,1.051956,1.197133,0.097427,0.07111
src/Gui/CMakeFiles/FreeCADGui.dir/SplitView3DInventor.cpp.o,5.224,5.137464,4.760795,0.355426,1.312952,1.117202,1.253924,0.185519,0.167105
src/Gui/CMakeFiles/FreeCADGui.dir/ExpressionBindingPy.cpp.o,5.222,5.136343,4.951229,0.163011,4.049435,1.325875,1.182785,0.089452,0.071237
src/Mod/Fem/Gui/CMakeFiles/FemGui.dir/DlgSettingsFemInOutVtkImp.cpp.o,5.221,5.138436,5.017327,0.099624,4.109196,1.406876,1.307773,0.063897,0.033711
src/Mod/Sketcher/Gui/CMakeFiles/SketcherGui.dir/SketchRectangularArrayDialog.cpp.o,5.214,5.132053,5.041584,0.0686,1.478078,1.38575,1.315082,0.038136,0.028022
src/Gui/CMakeFiles/FreeCADGui.dir/PreferencePages/DlgSettingsPythonConsole.cpp.o,5.213,5.131094,5.043657,0.065331,4.14191,1.37106,1.284756,0.034362,0.028636
src/Mod/Part/Gui/CMakeFiles/PartGui.dir/DlgImportStep.cpp.o,5.211,5.131196,4.961923,0.147566,1.420027,1.366375,1.261082,0.081522,0.063329
src/Mod/Part/App/CMakeFiles/Part.dir/FeatureFillet.cpp.o,5.209,5.121053,4.917622,0.181594,2.65939,1.389669,1.224695,0.104473,0.074085
src/Mod/Fem/Gui/CMakeFiles/FemGui.dir/TaskFemConstraintInitialTemperature.cpp.o,5.209,5.126273,4.9878,0.117246,1.490355,1.394843,1.355523,0.08121,0.033948
src/Gui/CMakeFiles/FreeCADGui.dir/WorkbenchSelector.cpp.o,5.207,5.118164,4.652305,0.446158,0.788174,1.153266,1.172972,0.301095,0.14272
src/Mod/Robot/App/CMakeFiles/Robot.dir/WaypointPyImp.cpp.o,5.207,5.14418,2.147961,2.986712,1.429689,0.608434,0.411029,1.882856,1.10178
src/Mod/TechDraw/Gui/CMakeFiles/TechDrawGui.dir/DlgPrefsTechDrawColorsImp.cpp.o,5.206,5.1211,4.937736,0.162846,4.068904,1.31122,1.193402,0.066994,0.093354
src/Mod/MeshPart/Gui/CMakeFiles/MeshPartGui.dir/AppMeshPartGui.cpp.o,5.205,5.121964,4.177665,0.925098,2.462222,0.951693,1.026758,0.604697,0.318024
src/Mod/TechDraw/Gui/CMakeFiles/TechDrawGui.dir/QGCustomText.cpp.o,5.205,5.118848,5.0307,0.065668,1.380656,1.081208,1.2469,0.031527,0.031586
src/Gui/CMakeFiles/FreeCADGui.dir/DocumentPyImp.cpp.o,5.203,5.117678,4.730953,0.364435,4.076148,1.09427,1.234432,0.166929,0.194794
src/Mod/Part/Gui/CMakeFiles/PartGui.dir/DlgSettingsObjectColor.cpp.o,5.201,5.121234,4.984947,0.115633,4.089003,1.352733,1.265141,0.052834,0.060208
src/Mod/TechDraw/App/CMakeFiles/TechDraw.dir/DrawWeldSymbol.cpp.o,5.2,5.113086,4.94456,0.1449,4.040588,1.405075,1.253881,0.082146,0.059816
src/Mod/Sketcher/Gui/CMakeFiles/SketcherGui.dir/SketcherRegularPolygonDialog.cpp.o,5.195,5.114201,5.048474,0.044759,1.419719,1.367713,1.285604,0.02802,0.014422
src/Base/CMakeFiles/FreeCADBase.dir/UnitsSchemas.cpp.o,5.194,5.133776,1.850182,3.274497,1.289834,0.61999,0.369833,2.035752,1.236685
src/Mod/PartDesign/App/CMakeFiles/PartDesign.dir/FeaturePolarPattern.cpp.o,5.194,5.108132,5.025007,0.06151,4.002588,1.453406,1.281724,0.02996,0.029115
src/3rdParty/salomesmesh/CMakeFiles/StdMeshers.dir/src/StdMeshers/StdMeshers_ViscousLayers2D.cpp.o,5.191,5.114633,3.250389,1.848459,0.257766,0.940702,0.787579,1.220242,0.625861
src/Mod/Part/App/CMakeFiles/Part.dir/FeaturePartBoolean.cpp.o,5.186,5.107724,4.886717,0.198567,3.177747,1.432233,1.276406,0.135498,0.060434
src/Mod/TechDraw/Gui/CMakeFiles/TechDrawGui.dir/ViewProviderViewSection.cpp.o,5.185,5.105144,5.021821,0.060996,4.247801,1.145043,1.267506,0.027248,0.031223
src/Mod/Sketcher/App/CMakeFiles/Sketcher.dir/AppSketcherPy.cpp.o,5.182,5.086092,4.920159,0.144552,3.96493,1.470307,1.283795,0.081871,0.060271
src/Mod/Part/App/CMakeFiles/Part.dir/FeatureRevolution.cpp.o,5.181,5.097248,4.936514,0.139373,2.855742,1.390608,1.260931,0.079628,0.057296
src/Mod/Measure/Gui/CMakeFiles/MeasureGui.dir/DlgPrefsMeasureAppearanceImp.cpp.o,5.178,5.102548,5.007575,0.075888,4.087955,1.37483,1.240067,0.041572,0.032456
src/App/CMakeFiles/FreeCADApp.dir/ProgramInformation.cpp.o,5.175,5.099431,3.69233,1.388919,1.452885,0.727381,0.754304,0.89768,0.48884
src/Gui/CMakeFiles/FreeCADGui.dir/Dialogs/DlgRevertToBackupConfigImp.cpp.o,5.175,5.097621,4.055376,1.023952,0.811744,0.914289,0.930556,0.668983,0.352455
tests/src/Mod/Material/App/CMakeFiles/Material_tests_run.dir/TestModel.cpp.o,5.172,5.097551,4.601122,0.475399,1.662692,1.543607,1.327919,0.290055,0.182724
src/Mod/Inspection/Gui/CMakeFiles/InspectionGui.dir/AppInspectionGui.cpp.o,5.169,5.087275,4.142775,0.925736,2.480914,0.985627,1.063711,0.596878,0.326698
src/Gui/CMakeFiles/FreeCADGui.dir/PreferencePages/DlgSettingsReportView.cpp.o,5.166,5.081546,4.949548,0.110112,4.057319,1.343719,1.239569,0.049371,0.058334
src/Mod/Assembly/App/CMakeFiles/Assembly.dir/AppAssembly.cpp.o,5.165,5.087603,4.161572,0.905798,2.450655,0.855856,0.955919,0.58212,0.320921
src/Mod/Inspection/Gui/CMakeFiles/InspectionGui.dir/Command.cpp.o,5.165,5.078137,5.030186,0.02612,4.261337,1.20525,1.430357,0.013563,0.010477
src/Mod/TechDraw/Gui/CMakeFiles/TechDrawGui.dir/DlgPrefsTechDrawHLRImp.cpp.o,5.161,5.073392,4.957445,0.094266,4.059476,1.350275,1.21464,0.042316,0.049539
src/Mod/Part/App/CMakeFiles/Part.dir/VectorAdapter.cpp.o,5.152,5.063016,4.911814,0.128714,3.941158,1.404792,1.267712,0.078253,0.047921
src/Gui/CMakeFiles/FreeCADGui.dir/PreferencePages/DlgSettingsCacheDirectory.cpp.o,5.149,5.064195,4.681905,0.361873,3.152265,1.017047,1.134035,0.22296,0.13628
src/App/CMakeFiles/FreeCADApp.dir/ApplicationDirectories.cpp.o,5.147,5.076214,3.368196,1.693122,0.679997,0.773623,0.694358,1.084353,0.606388
src/Mod/PartDesign/App/CMakeFiles/PartDesign.dir/FeatureCircularPattern.cpp.o,5.145,5.059097,4.980311,0.05638,4.089475,1.431592,1.298102,0.030821,0.022969
src/Mod/Part/App/CMakeFiles/Part.dir/FeatureChamfer.cpp.o,5.144,5.055924,4.8326,0.201331,2.600042,1.382113,1.184798,0.122921,0.075739
src/Mod/TechDraw/Gui/CMakeFiles/TechDrawGui.dir/QGISectionLine.cpp.o,5.143,5.058969,4.923085,0.113642,1.581262,1.088317,1.256455,0.063183,0.048181
src/Mod/Fem/Gui/CMakeFiles/FemGui.dir/DlgSettingsFemElmerImp.cpp.o,5.141,5.056958,4.934867,0.10196,1.433212,1.330359,1.23544,0.056597,0.042836
src/Mod/Part/App/CMakeFiles/Part.dir/FeaturePartCommon.cpp.o,5.138,5.065579,4.843315,0.198488,2.707424,1.46834,1.247467,0.140588,0.055105
src/Mod/Import/Gui/CMakeFiles/ImportGui.dir/AppImportGui.cpp.o,5.138,5.056145,4.132191,0.904566,2.432375,0.959003,1.04365,0.599302,0.302728
src/Mod/Measure/Gui/CMakeFiles/MeasureGui.dir/MeasureGui_autogen/mocs_compilation.cpp.o,5.138,5.048686,5.009013,0.018583,0,1.02287,1.23101,0.008041,0.008392
src/Mod/Fem/App/CMakeFiles/Fem.dir/FemConstraintBearing.cpp.o,5.133,5.045199,4.879742,0.143409,2.776411,1.405355,1.231339,0.091593,0.048751
src/Mod/Part/App/CMakeFiles/Part.dir/FeaturePartBox.cpp.o,5.127,5.050854,4.898201,0.130692,2.797375,1.408612,1.250675,0.073182,0.054934
src/Mod/Fem/Gui/CMakeFiles/FemGui.dir/TaskFemConstraintPulley.cpp.o,5.127,5.050431,4.932443,0.096064,1.680535,1.164942,1.305758,0.057173,0.036369
src/Mod/TechDraw/App/CMakeFiles/TechDraw.dir/DrawTileWeld.cpp.o,5.126,5.042532,4.89813,0.123215,4.007056,1.415007,1.250661,0.065468,0.055775
src/Mod/Start/Gui/CMakeFiles/StartGui.dir/FileCardDelegate.cpp.o,5.126,5.051314,3.967411,1.066579,0.281593,0.848924,0.932263,0.687841,0.376476
src/Mod/CAM/Gui/CMakeFiles/PathGui.dir/DlgSettingsPathColor.cpp.o,5.125,5.036631,4.88108,0.134073,3.976435,1.323221,1.237581,0.060293,0.071385
src/Mod/CAM/Gui/CMakeFiles/PathGui.dir/AppPathGuiPy.cpp.o,5.115,5.037037,4.633139,0.382869,1.533411,1.043121,1.163779,0.230092,0.150191
tests/src/Gui/CMakeFiles/Gui_tests_run.dir/SelectionTest.cpp.o,5.114,5.028448,4.70394,0.302808,2.73802,1.173363,1.312519,0.198219,0.10207
src/Mod/Part/Gui/CMakeFiles/PartGui.dir/ViewProviderImport.cpp.o,5.106,5.020399,4.974114,0.023922,4.084611,1.388986,1.190344,0.011208,0.010106
src/Mod/CAM/PathSimulator/AppGL/CMakeFiles/CAMSimulator.dir/View3DSettings.cpp.o,5.105,5.021891,4.981182,0.019708,4.475251,1.083182,1.258784,0.009655,0.007895
src/Mod/MeshPart/Gui/CMakeFiles/MeshPartGui.dir/TaskCurveOnMesh.cpp.o,5.104,5.024944,4.918392,0.084832,4.08098,1.271454,1.236827,0.046671,0.035742
src/Gui/CMakeFiles/FreeCADGui.dir/DocumentModel.cpp.o,5.101,5.023037,4.527993,0.473895,2.184256,1.09111,1.126662,0.311528,0.159921
src/Mod/Material/Gui/CMakeFiles/MatGui.dir/DlgSettingsMaterial.cpp.o,5.1,5.017758,4.898716,0.098086,4.05383,1.285003,1.249851,0.043981,0.052075
src/Mod/Part/App/CMakeFiles/Part.dir/FeaturePartCircle.cpp.o,5.098,5.020723,4.929053,0.069712,2.926276,1.414994,1.277967,0.036757,0.0303
src/Mod/Surface/App/CMakeFiles/Surface.dir/Blending/FeatureBlendCurve.cpp.o,5.097,5.008257,4.796672,0.18893,2.685443,1.403109,1.211402,0.118481,0.067695
tests/src/Mod/Material/App/CMakeFiles/Material_tests_run.dir/TestMaterialFilter.cpp.o,5.095,5.020181,4.59179,0.408125,2.24121,1.562746,1.293027,0.252542,0.153419
src/Mod/Part/Gui/CMakeFiles/PartGui.dir/PreviewUpdateScheduler.cpp.o,5.094,5.017139,4.063021,0.936088,3.474589,0.932429,0.949783,0.619085,0.314598
tests/src/Mod/Part/App/CMakeFiles/Part_tests_run.dir/FaceMakerUnified.cpp.o,5.092,5.013794,4.43215,0.56089,2.435474,1.100657,1.128521,0.352986,0.205497
src/Mod/TechDraw/Gui/CMakeFiles/TechDrawGui.dir/QGVNavStyle.cpp.o,5.086,4.999796,4.888842,0.089259,1.635095,1.091421,1.237714,0.054273,0.032315
src/Mod/PartDesign/App/CMakeFiles/PartDesign.dir/FeatureRevolution.cpp.o,5.084,5.003277,4.865955,0.114195,3.966338,1.426739,1.272142,0.076426,0.035326
src/Mod/Robot/Gui/CMakeFiles/RobotGui.dir/AppRobotGui.cpp.o,5.084,5.005835,4.100928,0.886285,2.427522,0.934104,1.020998,0.575961,0.308007
src/Mod/Mesh/Gui/CMakeFiles/MeshGui.dir/Workbench.cpp.o,5.082,4.998936,4.770336,0.205339,1.514259,1.166565,1.300171,0.114435,0.088124
src/Mod/Robot/App/CMakeFiles/Robot.dir/Edge2TracObject.cpp.o,5.082,4.998549,4.824846,0.152734,2.700212,1.348819,1.211978,0.093974,0.056264
src/Gui/CMakeFiles/FreeCADGui.dir/Control.cpp.o,5.072,4.983179,4.835357,0.125931,1.407753,1.160978,1.322768,0.079448,0.043932
src/Gui/CMakeFiles/FreeCADGui.dir/ActiveObjectList.cpp.o,5.071,4.980995,3.907719,1.051683,3.345553,0.886204,0.926986,0.694616,0.354484
src/Base/CMakeFiles/FreeCADBase.dir/Parameter.cpp.o,5.07,5.00798,2.736837,2.257948,1.243496,0.841056,0.557101,1.473949,0.781712
src/Gui/CMakeFiles/FreeCADGui.dir/EditableDatumLabelPyImp.cpp.o,5.07,4.982913,4.564773,0.398787,3.696048,1.199116,1.105168,0.200877,0.195394
src/Mod/PartDesign/App/CMakeFiles/PartDesign.dir/FeaturePocket.cpp.o,5.064,4.985963,4.900141,0.063555,2.831437,1.446726,1.278243,0.033906,0.027134
tests/src/Mod/Material/App/CMakeFiles/Material_tests_run.dir/TestMaterialProperties.cpp.o,5.061,4.983088,4.60315,0.360715,2.271462,1.548016,1.297138,0.208243,0.150416
src/Mod/PartDesign/App/CMakeFiles/PartDesign.dir/FeatureGroove.cpp.o,5.06,4.980251,4.883457,0.075972,3.991649,1.423256,1.273157,0.044977,0.028995
src/Mod/ReverseEngineering/Gui/CMakeFiles/ReverseEngineeringGui.dir/FitBSplineCurve.cpp.o,5.056,4.970815,4.743132,0.205492,1.732331,1.078035,1.230652,0.115371,0.087573
src/Mod/TechDraw/Gui/CMakeFiles/TechDrawGui.dir/Grabber3d.cpp.o,5.056,4.977606,4.081676,0.87719,2.492912,0.847983,1.001006,0.57311,0.301733
src/Mod/Fem/Gui/CMakeFiles/FemGui.dir/TaskTetParameter.cpp.o,5.055,4.972916,4.819239,0.131363,2.903483,1.112381,1.240869,0.083749,0.045021
src/Mod/TechDraw/Gui/CMakeFiles/TechDrawGui.dir/TechDrawHandler.cpp.o,5.054,4.969868,4.923676,0.023177,3.815325,1.135646,1.316289,0.013381,0.00734
src/Mod/PartDesign/App/CMakeFiles/PartDesign.dir/FeaturePyImp.cpp.o,5.05,4.963813,4.889054,0.053834,3.977235,1.416178,1.291316,0.03758,0.013938
src/Mod/Fem/App/CMakeFiles/Fem.dir/FemConstraintTransform.cpp.o,5.047,4.966568,4.816098,0.130096,3.884868,1.425493,1.249618,0.084244,0.043697
src/Mod/Part/App/CMakeFiles/Part.dir/FeatureCompound.cpp.o,5.046,4.968076,4.814466,0.132537,2.629303,1.437164,1.220087,0.089383,0.040847
src/Mod/Part/App/CMakeFiles/Part.dir/ImportIges.cpp.o,5.043,4.962655,4.853943,0.087557,2.372652,1.383135,1.230309,0.049703,0.035335
src/Mod/Points/App/CMakeFiles/Points.dir/Structured.cpp.o,5.042,4.962708,4.898379,0.044794,4.306578,1.175025,1.208041,0.022864,0.019296
src/Gui/CMakeFiles/FreeCADGui.dir/TaskView/TaskOrientation.cpp.o,5.041,4.953651,4.781403,0.151883,1.222265,1.311966,1.207374,0.096238,0.053264
src/Mod/Fem/App/CMakeFiles/Fem.dir/PropertyPostDataObject.cpp.o,5.041,4.961407,3.780513,1.16266,1.506302,1.023,1.035445,0.75816,0.402194
src/Mod/PartDesign/App/CMakeFiles/PartDesign.dir/FeaturePointPattern.cpp.o,5.039,4.956509,4.887879,0.046933,3.946515,1.462483,1.24103,0.026165,0.018354
src/Gui/CMakeFiles/FreeCADGui.dir/ToolHandler.cpp.o,5.038,4.95096,4.826766,0.100363,3.791577,1.113687,1.267016,0.063751,0.034247
src/Mod/PartDesign/App/CMakeFiles/PartDesign.dir/FeaturePad.cpp.o,5.038,4.94616,4.865544,0.060136,2.594106,1.415762,1.249572,0.030923,0.027401
src/3rdParty/salomesmesh/CMakeFiles/StdMeshers.dir/src/StdMeshers/StdMeshers_ProjectionUtils.cpp.o,5.035,4.961351,2.971526,1.974553,1.634918,0.810101,0.715907,1.113565,0.858424
src/Mod/PartDesign/App/CMakeFiles/PartDesign.dir/FeatureDefeaturing.cpp.o,5.031,4.94301,4.786836,0.132371,2.698127,1.417386,1.221044,0.070367,0.059545
src/Mod/Fem/Gui/CMakeFiles/FemGui.dir/DlgSettingsFemMystranImp.cpp.o,5.031,4.952585,4.857024,0.075205,1.365725,1.309713,1.208702,0.048308,0.024795
src/Mod/TechDraw/Gui/CMakeFiles/TechDrawGui.dir/QGICMark.cpp.o,5.03,4.94723,4.902886,0.023341,1.391372,1.049204,1.231979,0.009246,0.011522
src/Mod/TechDraw/App/CMakeFiles/TechDraw.dir/DrawViewClip.cpp.o,5.025,4.939735,4.714712,0.204751,4.146978,1.014122,1.047791,0.124532,0.077699
src/Mod/Part/App/CMakeFiles/Part.dir/Datums.cpp.o,5.024,4.934064,4.8714,0.040718,3.981491,1.415903,1.306899,0.014277,0.024327
src/Mod/Part/Gui/CMakeFiles/PartGui.dir/ViewProviderLinkArray.cpp.o,5.02,4.93025,4.878813,0.029857,4.342517,1.00166,1.182381,0.013941,0.013351
src/Mod/TechDraw/Gui/CMakeFiles/TechDrawGui.dir/QGIPrimPath.cpp.o,5.016,4.932345,4.866884,0.043714,1.575493,1.088045,1.262307,0.020829,0.020641
src/Mod/Points/App/CMakeFiles/Points.dir/Points.cpp.o,5.015,4.907226,4.618936,0.263904,4.073581,1.03836,1.057939,0.157925,0.102166
src/Mod/Part/App/CMakeFiles/Part.dir/TopoShapeFacePyImp.cpp.o,5.014,4.938824,4.197298,0.72363,2.262384,0.849143,0.835256,0.371404,0.349745
src/Mod/Part/App/CMakeFiles/Part.dir/modelRefine.cpp.o,5.01,4.941635,2.574332,2.354858,0.422344,0.685132,0.486899,1.458901,0.893225
src/Mod/Robot/Gui/CMakeFiles/RobotGui.dir/Workbench.cpp.o,5.004,4.922855,4.827595,0.073742,1.532438,0.95194,1.132957,0.044364,0.026948
src/Mod/Part/App/CMakeFiles/Part.dir/DatumFeature.cpp.o,5.003,4.915583,4.819337,0.074989,3.90334,1.446897,1.244731,0.045318,0.027243
src/Mod/Part/App/CMakeFiles/Part.dir/FeatureFace.cpp.o,5.002,4.925002,4.767314,0.136344,2.706631,1.395943,1.219627,0.094596,0.039279
src/Mod/Fem/Gui/CMakeFiles/FemGui.dir/ViewProviderFemConstraintForce.cpp.o,5.001,4.914902,4.820343,0.07301,3.674271,1.036329,1.20163,0.042137,0.028349
tests/src/Gui/CMakeFiles/Gui_tests_run.dir/StyleParameters/YamlParameterSourceTest.cpp.o,5.001,4.927503,3.80644,1.102849,3.045288,1.003137,0.962752,0.865734,0.23474
src/Mod/Fem/Gui/CMakeFiles/FemGui.dir/ViewProviderFemPostFilterPyImp.cpp.o,5.0,4.914214,4.853601,0.039395,4.344794,1.115403,1.374951,0.022076,0.015243
src/Mod/Material/Gui/CMakeFiles/MatGui.dir/DlgInspectAppearance.cpp.o,4.997,4.917284,4.713715,0.181928,1.316126,1.079003,1.219247,0.110709,0.068706
src/Base/CMakeFiles/FreeCADBase.dir/UnitsApiPy.cpp.o,4.994,4.93137,1.912374,3.0095,1.417079,0.57531,0.346713,1.914997,1.092326
src/Mod/TechDraw/Gui/CMakeFiles/TechDrawGui.dir/QGICenterLine.cpp.o,4.993,4.910571,4.827078,0.063004,1.294643,1.033914,1.186802,0.037268,0.023392
src/Mod/Fem/Gui/CMakeFiles/FemGui.dir/ViewProviderFemConstraintFluidBoundary.cpp.o,4.992,4.912128,4.817121,0.074649,3.687212,1.038957,1.211587,0.042889,0.029735
src/Mod/Robot/Gui/CMakeFiles/RobotGui.dir/CommandExport.cpp.o,4.989,4.90751,4.77079,0.115428,1.617162,1.019275,1.149904,0.072174,0.04083
src/Mod/Robot/Gui/CMakeFiles/RobotGui.dir/TaskRobot6Axis.cpp.o,4.985,4.903507,4.748267,0.134513,2.489591,0.908591,1.074752,0.067979,0.064193
src/Mod/TechDraw/Gui/CMakeFiles/TechDrawGui.dir/ViewProviderPageExtension.cpp.o,4.983,4.893505,4.805801,0.066238,4.29164,0.973839,1.08315,0.035236,0.028479
src/Mod/PartDesign/App/CMakeFiles/PartDesign.dir/FeatureSolid.cpp.o,4.982,4.903028,4.858833,0.023536,3.970945,1.418654,1.262591,0.009715,0.011078
src/Mod/Surface/App/CMakeFiles/Surface.dir/FeatureExtend.cpp.o,4.982,4.902161,4.735857,0.144156,2.687063,1.38214,1.204224,0.083383,0.058048
src/Mod/Part/App/CMakeFiles/Part.dir/BodyBase.cpp.o,4.975,4.890385,4.828741,0.039807,3.916068,1.414778,1.252141,0.019744,0.01782
src/Mod/PartDesign/App/CMakeFiles/PartDesign.dir/DatumLine.cpp.o,4.974,4.893876,4.813594,0.058189,2.849101,1.40211,1.232935,0.03022,0.025467
src/Base/CMakeFiles/FreeCADBase.dir/UnitsSchema.cpp.o,4.97,4.907123,1.789692,3.108776,1.068276,0.584272,0.333611,1.946459,1.160336
tests/src/Gui/CMakeFiles/Gui_tests_run.dir/StyleParameters/ValueMatchers.cpp.o,4.969,4.900528,2.854715,2.031313,1.667336,1.218804,0.901336,1.286105,0.742837
src/Mod/CAM/App/CMakeFiles/Path.dir/Voronoi.cpp.o,4.968,4.900041,2.649478,2.238766,1.558277,1.098087,0.526948,1.329167,0.907021
src/Gui/CMakeFiles/FreeCADGui.dir/Language/Translator.cpp.o,4.953,4.869376,4.32921,0.52145,0.728678,0.942063,1.035391,0.340421,0.178493
src/Mod/PartDesign/App/CMakeFiles/PartDesign.dir/BodyPyImp.cpp.o,4.951,4.861336,4.79413,0.045868,3.878327,1.421627,1.24109,0.026559,0.016849
src/Mod/Fem/Gui/CMakeFiles/FemGui.dir/ViewProviderFemConstraintDisplacement.cpp.o,4.951,4.867616,4.778024,0.069025,3.990847,1.017052,1.187151,0.041115,0.025508
src/Mod/Fem/Gui/CMakeFiles/FemGui.dir/ViewProviderFemConstraintSpring.cpp.o,4.95,4.868915,4.780001,0.067744,4.202212,1.040484,1.190714,0.037836,0.027456
src/Gui/CMakeFiles/FreeCADGui.dir/ViewProviderLinkPyImp.cpp.o,4.947,4.852155,4.770186,0.060617,4.23393,0.968183,1.128162,0.038983,0.018647
src/Mod/PartDesign/App/CMakeFiles/PartDesign.dir/DatumPlane.cpp.o,4.947,4.867954,4.792635,0.054412,2.839102,1.379451,1.24509,0.02834,0.023999
src/Mod/PartDesign/App/CMakeFiles/PartDesign.dir/FeatureBase.cpp.o,4.942,4.860691,4.783187,0.056376,2.963285,1.374682,1.193112,0.029575,0.024616
src/Mod/Fem/Gui/CMakeFiles/FemGui.dir/TaskFemConstraintOnBoundary.cpp.o,4.941,4.854529,4.774668,0.0587,4.14951,1.06965,1.213199,0.038317,0.017928
src/Gui/CMakeFiles/FreeCADGui.dir/CommandCompleter.cpp.o,4.94,4.852032,4.720881,0.110306,0.949089,0.932304,1.072739,0.074292,0.03354
src/Gui/CMakeFiles/FreeCADGui.dir/Thumbnail.cpp.o,4.933,4.847134,4.702851,0.121121,1.235081,1.120071,1.293761,0.07915,0.03972
src/Mod/Sketcher/App/CMakeFiles/Sketcher.dir/SketchObjectSFPyImp.cpp.o,4.932,4.849518,4.798929,0.02733,3.912931,1.409838,1.27343,0.017513,0.007308
src/Mod/TechDraw/App/CMakeFiles/TechDraw.dir/DrawViewImage.cpp.o,4.932,4.852021,4.721972,0.10942,3.890417,1.331813,1.166735,0.056431,0.050672
src/Mod/PartDesign/App/CMakeFiles/PartDesign.dir/DatumCS.cpp.o,4.93,4.846318,4.742113,0.084244,2.780373,1.36036,1.215731,0.048499,0.033779
src/Mod/Mesh/Gui/CMakeFiles/MeshGui.dir/RemoveComponents.cpp.o,4.93,4.843224,4.68583,0.135426,1.407956,1.048116,1.227902,0.074864,0.05777
src/Gui/CMakeFiles/FreeCADGui.dir/Assistant.cpp.o,4.927,4.854823,3.77566,1.063373,2.473809,0.77761,0.853543,0.705235,0.355865
src/Mod/PartDesign/App/CMakeFiles/PartDesign.dir/FeatureScaled.cpp.o,4.925,4.838643,4.743474,0.071935,2.76938,1.394947,1.19164,0.043784,0.025489
src/Mod/Fem/Gui/CMakeFiles/FemGui.dir/ViewProviderFemConstraintTemperature.cpp.o,4.924,4.834184,4.745212,0.066902,4.177758,1.02705,1.158044,0.039523,0.024519
src/Mod/PartDesign/App/CMakeFiles/PartDesign.dir/FeaturePathPattern.cpp.o,4.923,4.842523,4.788774,0.032605,3.918656,1.385045,1.204244,0.014758,0.01542
src/App/CMakeFiles/FreeCADApp.dir/PropertyGeo.cpp.o,4.922,4.850935,4.026389,0.804326,3.276834,1.057491,1.00492,0.483426,0.318563
src/Mod/ReverseEngineering/Gui/CMakeFiles/ReverseEngineeringGui.dir/AppReverseEngineeringGui.cpp.o,4.922,4.842642,3.902166,0.92328,2.268176,0.917659,0.987551,0.597794,0.323489
src/Mod/Import/App/CMakeFiles/Import.dir/SketchExportHelper.cpp.o,4.917,4.829573,4.736166,0.07067,2.612139,1.337889,1.190017,0.037619,0.030483
src/Mod/TechDraw/Gui/CMakeFiles/TechDrawGui.dir/QGIDecoration.cpp.o,4.917,4.838435,4.798534,0.019682,1.48374,1.036211,1.183787,0.008168,0.009621
src/Gui/CMakeFiles/FreeCADGui.dir/ViewProviderOriginGroupExtension.cpp.o,4.913,4.830628,4.756247,0.053429,3.579295,1.099196,1.261027,0.031968,0.018576
src/Mod/PartDesign/App/CMakeFiles/PartDesign.dir/DatumPoint.cpp.o,4.913,4.831264,4.765053,0.044314,2.798051,1.420041,1.228229,0.020488,0.021279
src/Mod/Part/App/CMakeFiles/Part.dir/Part2DObjectPyImp.cpp.o,4.911,4.82724,4.773667,0.027719,3.901646,1.395694,1.238656,0.017769,0.007523
src/Mod/Part/App/CMakeFiles/Part.dir/PointPatternExtension.cpp.o,4.909,4.825151,4.69252,0.1116,3.717302,1.383306,1.204756,0.075172,0.033957
src/Mod/Sketcher/App/CMakeFiles/Sketcher.dir/SketchPyImp.cpp.o,4.907,4.815676,4.613225,0.180717,4.116811,0.845266,0.815406,0.100942,0.076867
src/Mod/TechDraw/Gui/CMakeFiles/TechDrawGui.dir/DlgPrefsTechDrawScaleImp.cpp.o,4.906,4.822041,4.685171,0.117945,3.838687,1.270022,1.155603,0.053679,0.062526
src/Gui/CMakeFiles/FreeCADGui.dir/TextEdit.cpp.o,4.904,4.823468,4.220656,0.584486,0.478633,0.966838,0.956122,0.378303,0.203611
src/Gui/CMakeFiles/FreeCADGui.dir/TreeParams.cpp.o,4.903,4.813095,4.461372,0.332818,3.852865,1.025727,1.136887,0.148262,0.182375
src/Gui/CMakeFiles/FreeCADGui.dir/SoFCColorBar.cpp.o,4.9,4.818972,3.657004,1.144383,0.305646,0.750897,0.775634,0.744023,0.397324
src/Mod/TechDraw/Gui/CMakeFiles/TechDrawGui.dir/ViewProviderProjGroupItem.cpp.o,4.9,4.821523,4.69875,0.101689,1.543955,1.028601,1.162331,0.060622,0.038327
src/Gui/CMakeFiles/FreeCADGui.dir/Clipping.cpp.o,4.896,4.806488,4.629642,0.157221,1.567325,0.9805,1.183157,0.087006,0.068185
src/Base/CMakeFiles/FreeCADBase.dir/UnitsModulePy.cpp.o,4.889,4.830833,1.877247,2.944694,1.404596,0.566065,0.337135,1.858758,1.083398
src/Gui/CMakeFiles/FreeCADGui.dir/ViewProviderPyImp.cpp.o,4.887,4.802875,4.146879,0.636408,2.891338,0.888526,0.96225,0.338368,0.295876
src/Gui/CMakeFiles/FreeCADGui.dir/Selection/SoFCSelectionContext.cpp.o,4.884,4.79943,4.493682,0.284431,3.774102,0.977109,1.0698,0.20863,0.073318
src/Mod/Fem/Gui/CMakeFiles/FemGui.dir/ViewProviderFemConstraintHeatflux.cpp.o,4.884,4.802977,4.719612,0.061926,4.157871,1.024278,1.168024,0.035869,0.023716
src/Mod/Spreadsheet/Gui/CMakeFiles/SpreadsheetGui.dir/ViewProviderSpreadsheetPyImp.cpp.o,4.883,4.797717,4.733829,0.041543,4.206186,0.971108,1.151753,0.023084,0.015905
src/Gui/CMakeFiles/FreeCADGui.dir/ViewProviderGeoFeatureGroupExtension.cpp.o,4.878,4.794417,4.65695,0.115961,3.830284,1.088066,1.215379,0.080787,0.03287
src/Mod/Part/App/CMakeFiles/Part.dir/FeaturePartCut.cpp.o,4.878,4.804934,4.766397,0.017776,2.692493,1.38981,1.212895,0.007028,0.008332
src/Mod/Part/App/CMakeFiles/Part.dir/BodyBasePyImp.cpp.o,4.875,4.791252,4.737972,0.027985,3.874883,1.385348,1.219534,0.017643,0.007792
src/Mod/TechDraw/Gui/CMakeFiles/TechDrawGui.dir/QGIMatting.cpp.o,4.873,4.793704,4.740026,0.03265,1.438794,1.03263,1.144417,0.018019,0.012197
src/Mod/Fem/Gui/CMakeFiles/FemGui.dir/ViewProviderFemConstraintPressure.cpp.o,4.872,4.787779,4.695017,0.071152,3.584197,1.025868,1.158305,0.041367,0.027178
src/Gui/CMakeFiles/FreeCADGui.dir/ViewProviderPlacement.cpp.o,4.871,4.78414,4.480573,0.283781,3.696406,0.9644,1.088424,0.174866,0.106611
src/Mod/Part/App/CMakeFiles/Part.dir/CustomFeature.cpp.o,4.868,4.785496,4.682888,0.082284,3.801035,1.389987,1.228026,0.040425,0.03922
src/Mod/Material/Gui/CMakeFiles/MatGui.dir/ListModel.cpp.o,4.867,4.778526,4.670851,0.086378,3.415509,1.472773,1.217973,0.056787,0.027171
src/Mod/TechDraw/App/CMakeFiles/TechDraw.dir/XMLQuery.cpp.o,4.867,4.784944,4.736004,0.028223,2.61255,1.409143,1.240829,0.015524,0.010266
src/Mod/Part/Gui/CMakeFiles/PartGui.dir/ViewProviderDatum.cpp.o,4.862,4.774248,4.6821,0.070712,4.171975,1.024818,1.266293,0.028969,0.039255
src/Gui/CMakeFiles/FreeCADGui.dir/Navigation/SiemensNXNavigationStyle.cpp.o,4.854,4.770336,4.453678,0.295011,1.201856,0.969804,1.072997,0.201408,0.091241
src/Mod/Fem/Gui/CMakeFiles/FemGui.dir/ActiveAnalysisObserver.cpp.o,4.853,4.77415,4.732073,0.022039,4.14665,1.10869,1.245689,0.01117,0.008728
src/Mod/TechDraw/Gui/CMakeFiles/TechDrawGui.dir/QGIVertex.cpp.o,4.85,4.771734,4.727342,0.023522,1.453872,1.009629,1.162149,0.010193,0.011242
src/Mod/Fem/Gui/CMakeFiles/FemGui.dir/ViewProviderFemConstraintRigidBody.cpp.o,4.845,4.764143,4.673101,0.069404,3.554031,1.029466,1.17119,0.04047,0.026255
src/Mod/Part/Gui/CMakeFiles/PartGui.dir/PatternPathParametersWidget.cpp.o,4.838,4.757925,4.53153,0.206307,3.55468,1.229413,1.105496,0.140078,0.06373
src/3rdParty/salomesmesh/CMakeFiles/SMESH.dir/src/SMESH/DriverMED_R_SMESHDS_Mesh.cpp.o,4.836,4.761219,3.837818,0.89026,0.533812,1.308849,0.907076,0.594061,0.293184
src/Gui/CMakeFiles/FreeCADGui.dir/TaskView/TaskDialog.cpp.o,4.834,4.748652,4.673254,0.053691,1.321367,1.080821,1.245441,0.033384,0.0179
src/Gui/CMakeFiles/FreeCADGui.dir/ViewProviderDocumentObjectGroup.cpp.o,4.834,4.751298,4.47552,0.256391,3.484763,1.020604,1.143838,0.15856,0.095226
src/Gui/CMakeFiles/FreeCADGui.dir/ViewProviderPlane.cpp.o,4.832,4.743012,4.608252,0.114019,3.419371,1.172995,1.225914,0.067244,0.044329
src/Gui/CMakeFiles/FreeCADGui.dir/ViewProviderLine.cpp.o,4.828,4.735025,4.629557,0.084623,3.457688,1.209698,1.230416,0.053725,0.028316
tests/src/Mod/Material/App/CMakeFiles/Material_tests_run.dir/TestModelProperties.cpp.o,4.827,4.753995,4.430577,0.303321,2.161099,1.525954,1.263282,0.175832,0.125094
src/Mod/Fem/Gui/CMakeFiles/FemGui.dir/ViewProviderFemConstraintFixed.cpp.o,4.821,4.740453,4.660819,0.059441,4.118386,1.025988,1.196269,0.034471,0.022768
tests/src/Base/CMakeFiles/InventorBuilder_Tests_run.dir/InventorBuilder.cpp.o,4.82,4.740963,4.327501,0.396293,0.786962,0.967324,0.971839,0.22315,0.170897
src/Gui/CMakeFiles/FreeCADGui.dir/ViewProviderGeometryObject.cpp.o,4.817,4.732414,4.584252,0.123888,3.417459,1.039415,1.173111,0.06745,0.053658
src/Gui/CMakeFiles/FreeCADGui.dir/TextDocumentEditorView.cpp.o,4.815,4.733139,4.554207,0.158915,1.253937,1.049833,1.167758,0.102224,0.053754
tests/src/App/CMakeFiles/App_tests_run.dir/Property.cpp.o,4.814,4.741559,3.629661,1.091552,1.578596,1.078163,1.017757,0.60092,0.488466
src/Base/CMakeFiles/FreeCADBase.dir/UnitsApi.cpp.o,4.813,4.754464,1.804813,2.940452,1.174542,0.561618,0.337674,1.836563,1.101724
src/Mod/Material/App/CMakeFiles/Materials.dir/PropertyMaterial.cpp.o,4.811,4.725267,4.611816,0.093037,3.627744,1.48817,1.262675,0.059854,0.030731
src/Gui/CMakeFiles/FreeCADGui.dir/WorkbenchManipulatorPython.cpp.o,4.809,4.736972,3.539699,1.181624,3.002692,0.708282,0.699759,0.751641,0.427603
tests/src/App/CMakeFiles/App_tests_run.dir/Expression.cpp.o,4.807,4.731891,3.698063,1.016223,1.67218,1.015443,0.987538,0.580456,0.433336
src/Mod/Points/App/CMakeFiles/Points.dir/PointsGrid.cpp.o,4.802,4.681944,3.655252,0.996227,2.984429,1.025383,0.889394,0.750955,0.241458
src/Mod/Spreadsheet/Gui/CMakeFiles/SpreadsheetGui.dir/SpreadsheetGui_autogen/mocs_compilation.cpp.o,4.801,4.713104,4.669214,0.020986,0,0.959966,1.096011,0.009288,0.009038
src/Mod/TechDraw/App/CMakeFiles/TechDraw.dir/FeatureProjection.cpp.o,4.8,4.720178,4.627519,0.071946,3.296542,1.328146,1.19541,0.037491,0.0324
src/Mod/Sketcher/Gui/CMakeFiles/SketcherGui.dir/DrawSketchKeyboardManager.cpp.o,4.799,4.710991,4.665857,0.023774,1.279197,1.057159,1.264998,0.013597,0.007715
src/Mod/Material/App/CMakeFiles/Materials.dir/ModelLibrary.cpp.o,4.798,4.719051,4.391797,0.307516,3.448115,1.331992,1.140659,0.207406,0.09721
src/Gui/CMakeFiles/FreeCADGui.dir/View3DViewerPy.cpp.o,4.797,4.712799,4.339104,0.353802,1.600646,0.882135,0.990439,0.17412,0.177445
tests/src/Mod/Points/App/CMakeFiles/Points_tests_run.dir/Points.cpp.o,4.788,4.710221,4.259971,0.430602,2.331288,1.079562,1.013964,0.236953,0.191187
src/Mod/Robot/Gui/CMakeFiles/RobotGui.dir/TaskDlgSimulate.cpp.o,4.787,4.702905,4.645524,0.0368,4.117718,0.914844,1.044396,0.021936,0.012526
tests/src/Gui/Dialogs/CMakeFiles/DlgVersionMigrator_Tests_run.dir/DlgVersionMigrator.cpp.o,4.782,4.710694,4.294828,0.391308,0.208696,0.966994,1.027618,0.238245,0.150387
src/Mod/CAM/App/CMakeFiles/Path.dir/VoronoiEdgePyImp.cpp.o,4.777,4.701403,4.384504,0.298454,2.451781,1.182872,0.902279,0.153455,0.142683
src/Mod/TechDraw/Gui/CMakeFiles/TechDrawGui.dir/ViewProviderSymbol.cpp.o,4.777,4.695296,4.622796,0.052874,4.091357,0.993101,1.110644,0.023253,0.027515
src/Mod/TechDraw/Gui/CMakeFiles/TechDrawGui.dir/ViewProviderViewClip.cpp.o,4.775,4.694886,4.610383,0.064321,4.102126,0.979497,1.090823,0.035124,0.026539
src/Gui/CMakeFiles/FreeCADGui.dir/CommandWindow.cpp.o,4.773,4.68953,4.574267,0.094508,3.520907,1.00782,1.182789,0.048013,0.044026
tests/src/Gui/CMakeFiles/Gui_tests_run.dir/StyleParameters/ValueAccessTest.cpp.o,4.773,4.702381,3.15284,1.535287,2.363007,0.982355,0.86963,0.985397,0.547946
src/Mod/Material/App/CMakeFiles/Materials.dir/MaterialPropertyPyImp.cpp.o,4.771,4.646215,4.562065,0.064243,3.762603,1.256315,1.110845,0.043621,0.018339
tests/src/Gui/CMakeFiles/Gui_tests_run.dir/ViewProviderDoubleClick.cpp.o,4.767,4.687,4.302988,0.364601,2.297257,1.017794,1.048472,0.229861,0.132344
src/App/CMakeFiles/FreeCADApp.dir/OriginGroupExtension.cpp.o,4.764,4.693874,3.567316,1.109065,3.005408,0.787081,0.786477,0.707645,0.39902
src/Gui/CMakeFiles/FreeCADGui.dir/TaskView/TaskWatcher.cpp.o,4.764,4.679345,4.579361,0.07782,3.995036,1.068162,1.22615,0.041674,0.033495
src/Mod/Fem/Gui/CMakeFiles/FemGui.dir/ViewProviderFemConstraint.cpp.o,4.759,4.679766,4.364251,0.296135,1.135698,0.961505,1.075634,0.176404,0.117786
src/Mod/Robot/Gui/CMakeFiles/RobotGui.dir/CommandInsertRobot.cpp.o,4.75,4.668596,4.604703,0.042403,1.506478,0.988799,1.118566,0.026437,0.013978
src/Mod/TechDraw/Gui/CMakeFiles/TechDrawGui.dir/DlgTemplateField.cpp.o,4.741,4.660565,4.521092,0.119585,3.865297,0.984154,1.091958,0.075529,0.041604
src/Mod/TechDraw/App/CMakeFiles/TechDraw.dir/PropertyCosmeticVertexList.cpp.o,4.738,4.664422,3.658599,0.990481,1.968504,0.800548,0.790386,0.647144,0.341483
src/Gui/CMakeFiles/FreeCADGui.dir/Utilities.cpp.o,4.736,4.653601,4.494413,0.139675,2.940392,1.120433,1.161519,0.102012,0.035354
src/Gui/CMakeFiles/FreeCADGui.dir/DockWindowManager.cpp.o,4.736,4.652232,4.059314,0.574646,0.648518,0.887592,0.869958,0.382299,0.189811
src/Mod/Surface/App/CMakeFiles/Surface.dir/Measure.cpp.o,4.734,4.629666,4.573875,0.019289,3.688679,1.421021,1.260339,0.009554,0.005786
src/Mod/Robot/Gui/CMakeFiles/RobotGui.dir/TaskRobotControl.cpp.o,4.73,4.650058,4.563314,0.066527,4.066871,0.891987,0.997859,0.032123,0.031939
tests/src/Mod/Assembly/App/CMakeFiles/Assembly_tests_run.dir/AssemblyObject.cpp.o,4.727,4.65084,4.464427,0.16358,2.556469,1.128639,1.190096,0.114558,0.046292
src/Mod/Part/App/CMakeFiles/Part.dir/TopoShapeEdgePyImp.cpp.o,4.724,4.647377,3.900164,0.726853,1.993107,0.790356,0.735854,0.370262,0.354062
src/Mod/Measure/App/CMakeFiles/Measure.dir/MeasureArea.cpp.o,4.724,4.646521,3.546561,1.081901,2.992995,0.802906,0.809849,0.72466,0.35473
src/3rdParty/salomesmesh/CMakeFiles/SMESH.dir/src/SMESH/MED_V2_2_Wrapper.cpp.o,4.723,4.6562,2.550161,2.093165,1.504707,0.783919,0.442207,1.247464,0.843405
src/Mod/TechDraw/App/CMakeFiles/TechDraw.dir/PropertyGeomFormatList.cpp.o,4.722,4.650869,3.649409,0.985387,1.993699,0.806664,0.800877,0.645893,0.337267
src/Mod/Material/App/CMakeFiles/Materials.dir/ModelManagerLocal.cpp.o,4.721,4.637397,4.413913,0.203842,0.898199,1.364318,1.180562,0.140539,0.060766
src/Gui/CMakeFiles/FreeCADGui.dir/Dialogs/DlgProjectUtility.cpp.o,4.721,4.638752,4.489874,0.128903,1.785033,0.967485,1.094807,0.081873,0.044692
src/Gui/CMakeFiles/FreeCADGui.dir/View3DSettings.cpp.o,4.714,4.635305,4.39425,0.221294,1.363832,0.884794,1.015367,0.137949,0.080872
src/Mod/Points/App/CMakeFiles/Points.dir/AppPoints.cpp.o,4.714,4.642117,3.763447,0.861227,2.091134,0.919296,0.906626,0.557077,0.301834
src/3rdParty/salomesmesh/CMakeFiles/SMESH.dir/src/SMESH/DriverMED_W_Field.cpp.o,4.708,4.630432,3.874982,0.737628,0.649127,1.402117,0.971441,0.536752,0.197878
src/Mod/CAM/Gui/CMakeFiles/PathGui.dir/ViewProviderPathCompound.cpp.o,4.708,4.622489,4.41324,0.189457,3.901297,0.903454,1.040021,0.111668,0.075392
src/Mod/TechDraw/App/CMakeFiles/TechDraw.dir/PropertyCenterLineList.cpp.o,4.707,4.634085,3.63468,0.982668,1.957161,0.809802,0.784056,0.637098,0.343235
src/Mod/ReverseEngineering/Gui/CMakeFiles/ReverseEngineeringGui.dir/Poisson.cpp.o,4.703,4.617905,4.52773,0.071083,1.323559,1.046498,1.210072,0.040382,0.028546
src/Mod/Robot/Gui/CMakeFiles/RobotGui.dir/TaskEdge2TracParameter.cpp.o,4.697,4.612604,4.515302,0.077098,2.719546,1.055269,1.197653,0.045696,0.028968
src/Mod/TechDraw/App/CMakeFiles/TechDraw.dir/PropertyCosmeticEdgeList.cpp.o,4.694,4.616171,3.628447,0.971631,1.966253,0.795534,0.794292,0.631156,0.338551
tests/src/Gui/CMakeFiles/Gui_tests_run.dir/StyleParameters/GradientTest.cpp.o,4.693,4.624005,2.718208,1.894004,1.941503,0.895323,0.696944,1.205925,0.686291
src/Mod/Measure/Gui/CMakeFiles/MeasureGui.dir/ViewProviderMassPropertiesResult.cpp.o,4.686,4.603492,4.519315,0.063575,3.985897,0.948325,1.0418,0.03013,0.030612
src/Gui/CMakeFiles/FreeCADGui.dir/Dialogs/DlgCreateNewPreferencePackImp.cpp.o,4.681,4.594509,4.149683,0.426579,0.718832,0.904851,0.930785,0.293962,0.130235
src/Gui/CMakeFiles/FreeCADGui.dir/CommandStructure.cpp.o,4.68,4.588254,4.486412,0.07823,1.26703,1.000752,1.165347,0.04746,0.027973
src/Mod/Mesh/App/CMakeFiles/Mesh.dir/Importer.cpp.o,4.678,4.607803,3.632733,0.958226,3.092614,0.875731,0.864649,0.62365,0.332379
tests/src/App/CMakeFiles/App_tests_run.dir/QuantityInput.cpp.o,4.669,4.591268,3.458769,1.11444,1.440512,1.003989,0.988942,0.61793,0.494208
src/Gui/CMakeFiles/FreeCADGui.dir/ViewProviderSuppressibleExtension.cpp.o,4.667,4.577023,4.497688,0.059076,4.024713,0.94283,1.066992,0.031808,0.024923
src/Mod/Part/App/CMakeFiles/Part.dir/FT2FC.cpp.o,4.665,4.59264,3.325058,1.251589,2.007958,0.711054,0.675657,0.790839,0.458221
src/Mod/Robot/Gui/CMakeFiles/RobotGui.dir/TaskRobotMessages.cpp.o,4.657,4.577363,4.531434,0.02672,4.041956,0.885369,0.986896,0.015527,0.009253
src/Mod/Mesh/App/CMakeFiles/Mesh.dir/AppMesh.cpp.o,4.656,4.583617,3.711907,0.855798,3.235118,0.862717,0.894356,0.558235,0.295687
src/Mod/Mesh/App/CMakeFiles/Mesh.dir/Core/Algorithm.cpp.o,4.655,4.587584,2.49469,2.081393,0.743015,0.762053,0.467809,1.38721,0.692178
src/Mod/Part/App/CMakeFiles/Part.dir/LinkArrayLinear.cpp.o,4.648,4.570257,4.17523,0.376892,3.535829,0.895447,0.892352,0.255976,0.118213
src/Gui/CMakeFiles/FreeCADGui.dir/ViewProviderTextDocument.cpp.o,4.645,4.562986,4.455322,0.08666,0.987729,0.979609,1.111321,0.049621,0.034489
src/Gui/CMakeFiles/FreeCADGui.dir/3Dconnexion/GuiNativeEventLinux.cpp.o,4.644,4.570893,3.613531,0.942486,2.872702,0.766805,0.769414,0.633101,0.307429
src/Mod/TechDraw/Gui/CMakeFiles/TechDrawGui.dir/QGIArrow.cpp.o,4.643,4.55848,4.483752,0.055096,2.342323,0.959038,1.082083,0.019332,0.0332
src/App/CMakeFiles/FreeCADApp.dir/DynamicProperty.cpp.o,4.641,4.564337,3.144632,1.403559,2.463422,0.780364,0.679556,0.913711,0.487525
src/3rdParty/salomesmesh/CMakeFiles/StdMeshers.dir/src/StdMeshers/StdMeshers_Projection_2D.cpp.o,4.64,4.570612,3.073728,1.480735,0.00361,0.910559,0.810493,0.95041,0.528095
tests/src/App/CMakeFiles/App_tests_run.dir/ComplexGeoData.cpp.o,4.639,4.568921,3.6389,0.914409,1.642999,1.007305,0.919857,0.555348,0.35676
tests/src/Gui/CMakeFiles/TranslatorLocale_Tests_run.dir/TranslatorLocale.cpp.o,4.634,4.558063,4.25277,0.288101,0.237935,0.921002,1.01396,0.184697,0.101264
src/Mod/Material/App/CMakeFiles/Materials.dir/ModelManagerPyImp.cpp.o,4.632,4.528109,4.23437,0.274211,3.391528,1.197959,1.010332,0.155041,0.116835
tests/src/Mod/Mesh/App/CMakeFiles/Mesh_tests_run.dir/Exporter.cpp.o,4.628,4.553253,4.282547,0.251099,2.389491,1.151887,1.171493,0.165322,0.083617
src/Mod/Fem/Gui/CMakeFiles/FemGui.dir/Workbench.cpp.o,4.626,4.551548,4.295828,0.236761,3.805721,0.903663,1.017048,0.108699,0.125596
src/Mod/Mesh/App/CMakeFiles/Mesh.dir/Exporter.cpp.o,4.62,4.540012,4.02374,0.497676,3.362664,0.964163,0.931248,0.337957,0.15735
src/Mod/Part/Gui/CMakeFiles/PartGui.dir/PartGui_autogen/mocs_compilation.cpp.o,4.608,4.531273,4.438319,0.074413,0,1.218602,1.110631,0.04224,0.030159
tests/src/Base/CMakeFiles/Base_tests_run.dir/Tools.cpp.o,4.606,4.533984,2.686986,1.833924,0.368016,1.051783,0.62918,1.150381,0.681337
src/Mod/Measure/App/CMakeFiles/Measure.dir/MeasurePosition.cpp.o,4.605,4.529942,3.445589,1.067714,2.885312,0.7861,0.789166,0.702042,0.363416
src/Mod/Sketcher/Gui/CMakeFiles/SketcherGui.dir/SketchOrientationDialog.cpp.o,4.598,4.513941,4.398482,0.096083,0.940215,1.215585,1.116078,0.060052,0.033497
src/Mod/Points/App/CMakeFiles/Points.dir/PropertyPointKernel.cpp.o,4.596,4.523939,4.352066,0.154988,3.802711,0.939305,1.0308,0.106401,0.046312
src/Mod/Assembly/Gui/CMakeFiles/AssemblyGui.dir/TaskAssemblyMessages.cpp.o,4.591,4.50913,4.438786,0.049992,3.876798,1.048477,1.16808,0.033772,0.01397
src/Mod/Part/Gui/CMakeFiles/PartGui.dir/PatternInstanceControls.cpp.o,4.587,4.507396,4.350893,0.136793,3.271256,1.095554,1.134289,0.096239,0.03812
src/Gui/CMakeFiles/FreeCADGui.dir/Dialogs/DlgMaterialPropertiesImp.cpp.o,4.586,4.500101,4.35691,0.124197,3.789962,0.906578,1.005784,0.070985,0.050831
tests/src/App/CMakeFiles/App_tests_run.dir/BackupPolicy.cpp.o,4.582,4.5092,3.43252,1.061976,1.518963,0.957007,0.86406,0.58894,0.471199
tests/src/App/CMakeFiles/App_tests_run.dir/Document.cpp.o,4.58,4.502719,4.148466,0.334524,2.219686,1.110789,1.137051,0.223676,0.108588
src/App/CMakeFiles/FreeCADApp.dir/DocumentObjectPyImp.cpp.o,4.579,4.510107,2.851674,1.643337,1.84345,0.764222,0.661564,0.981916,0.658994
src/Mod/Inspection/App/CMakeFiles/Inspection.dir/AppInspection.cpp.o,4.577,4.499489,3.575512,0.906771,1.982453,0.862289,0.869402,0.581508,0.322991
tests/src/Mod/Part/App/CMakeFiles/Part_tests_run.dir/TopoShapeCache.cpp.o,4.577,4.507633,3.769815,0.721731,1.726717,0.915252,0.882975,0.428203,0.291219
src/Gui/CMakeFiles/FreeCADGui.dir/Inventor/SoFCBoundingBox.cpp.o,4.576,4.496663,4.373392,0.10458,3.578972,0.965485,1.078821,0.056456,0.046218
src/Mod/TechDraw/App/CMakeFiles/TechDraw.dir/DrawViewBalloon.cpp.o,4.567,4.48741,4.413483,0.054158,3.717893,0.978053,1.067164,0.026245,0.025462
src/Mod/Fem/Gui/CMakeFiles/FemGui.dir/TaskDlgAnalysis.cpp.o,4.567,4.486758,4.438724,0.027247,2.776703,1.02523,1.158937,0.016319,0.008442
src/Mod/Mesh/Gui/CMakeFiles/MeshGui.dir/ThumbnailExtension.cpp.o,4.566,4.488901,4.386441,0.083061,1.446627,1.052721,1.081689,0.054076,0.026809
src/Mod/TechDraw/App/CMakeFiles/TechDraw.dir/DrawViewAnnotation.cpp.o,4.557,4.483257,4.290704,0.173036,3.780552,0.93941,0.984569,0.101761,0.06866
src/Mod/Robot/Gui/CMakeFiles/RobotGui.dir/TaskWatcher.cpp.o,4.557,4.4711,4.426366,0.024916,3.953389,0.857588,0.957774,0.01415,0.008683
src/Gui/CMakeFiles/FreeCADGui.dir/AxisOrigin.cpp.o,4.551,4.46672,4.24487,0.200553,3.103163,0.912081,1.050807,0.127112,0.070801
src/Mod/TechDraw/Gui/CMakeFiles/TechDrawGui.dir/TechDrawGui_autogen/mocs_compilation.cpp.o,4.548,4.463608,4.36449,0.079389,0,0.931317,0.997888,0.03808,0.038482
src/Gui/CMakeFiles/FreeCADGui.dir/UiLoader.cpp.o,4.545,4.470219,4.003251,0.449946,0.571759,0.891054,0.892447,0.248235,0.198946
src/Mod/Part/App/CMakeFiles/Part.dir/GeometryCurvePyImp.cpp.o,4.534,4.453109,3.768786,0.668411,2.640156,0.728842,0.693781,0.318903,0.347069
src/App/CMakeFiles/FreeCADApp.dir/AutoTransaction.cpp.o,4.533,4.461449,3.339682,1.104538,2.772254,0.777601,0.764483,0.745107,0.357204
src/Mod/Robot/Gui/CMakeFiles/RobotGui.dir/TaskTrajectoryDressUpParameter.cpp.o,4.532,4.447242,4.338383,0.088214,2.584586,0.909847,1.064127,0.045091,0.040618
src/Mod/Mesh/App/CMakeFiles/Mesh.dir/Core/TopoAlgorithm.cpp.o,4.531,4.463782,2.526605,1.926122,0.896274,0.793511,0.49279,1.290174,0.633977
src/Main/CMakeFiles/FreeCADGuiPy.dir/FreeCADGuiPy.cpp.o,4.531,4.456011,3.600974,0.839832,1.151021,0.764313,0.773606,0.561629,0.276173
src/Mod/Mesh/App/CMakeFiles/Mesh.dir/AppMeshPy.cpp.o,4.528,4.455138,3.971744,0.46486,3.303094,1.014858,1.023758,0.288868,0.173468
src/Gui/CMakeFiles/FreeCADGui.dir/ViewProviderMaterialObject.cpp.o,4.527,4.443646,4.232568,0.19191,1.084778,0.983303,1.079374,0.113637,0.075913
src/Mod/Material/Gui/CMakeFiles/MatGui.dir/AppearancePreview.cpp.o,4.525,4.452858,4.392277,0.041394,1.130333,0.923201,1.104412,0.01822,0.020885
tests/src/App/CMakeFiles/App_tests_run.dir/ElementMap.cpp.o,4.523,4.455571,3.436128,1.002176,1.476592,0.898993,0.824688,0.592819,0.40708
src/Gui/CMakeFiles/FreeCADGui.dir/Dialogs/DlgPreferencePackManagementImp.cpp.o,4.519,4.440611,4.125792,0.29628,0.804268,0.969507,0.97953,0.196556,0.097367
src/Mod/CAM/PathSimulator/AppGL/CMakeFiles/CAMSimulator.dir/CAMSimPyImp.cpp.o,4.517,4.439975,4.346108,0.074801,3.887776,0.914869,1.007598,0.041294,0.031131
src/Mod/Test/Gui/CMakeFiles/QtUnitGui.dir/AppTestGui.cpp.o,4.515,4.439448,3.358673,1.0662,1.733681,0.688593,0.693118,0.681756,0.382131
src/App/CMakeFiles/FreeCADApp.dir/Transactions.cpp.o,4.511,4.435069,3.152456,1.265589,1.456996,0.844832,0.761018,0.861963,0.401167
src/3rdParty/salomesmesh/CMakeFiles/SMESH.dir/src/SMESH/GEOMUtils.cpp.o,4.509,4.431482,3.23003,1.190363,2.057101,0.665731,0.485057,0.703306,0.485248
src/Mod/MeshPart/App/CMakeFiles/MeshPart.dir/AppMeshPartPy.cpp.o,4.503,4.421036,3.896765,0.506787,1.870909,0.922724,0.903782,0.309206,0.19491
src/Mod/TechDraw/Gui/CMakeFiles/TechDrawGui.dir/Workbench.cpp.o,4.503,4.425031,4.075735,0.331104,3.57708,0.881875,1.006593,0.150757,0.177812
src/Gui/CMakeFiles/FreeCADGui.dir/TaskDlgRelocation.cpp.o,4.496,4.41597,4.295195,0.100685,3.782732,0.906651,1.051035,0.042985,0.055177
src/3rdParty/salomesmesh/CMakeFiles/SMESH.dir/src/SMESH/DriverMED_W_SMESHDS_Mesh.cpp.o,4.493,4.417717,3.77994,0.60475,0.547274,1.232749,0.856811,0.424921,0.176325
src/Mod/ReverseEngineering/App/CMakeFiles/ReverseEngineering.dir/ApproxSurface.cpp.o,4.493,4.417065,3.568076,0.833932,2.807535,0.793258,0.755665,0.472581,0.358667
src/Gui/CMakeFiles/FreeCADGui.dir/Navigation/NavigationStateChart.cpp.o,4.491,4.410626,4.33623,0.054257,3.856838,0.897947,1.010413,0.031285,0.020442
src/Gui/CMakeFiles/FreeCADGui.dir/ComboView.cpp.o,4.486,4.402736,4.366304,0.017914,1.07259,1.009842,1.135941,0.007082,0.008661
src/Gui/CMakeFiles/FreeCADGui.dir/Flag.cpp.o,4.485,4.400145,4.228213,0.152746,0.865189,0.891519,1.022028,0.08946,0.061007
src/Main/CMakeFiles/FreeCADMainCmd.dir/MainCmd.cpp.o,4.48,4.390099,3.338885,1.034313,1.367903,0.754703,0.657166,0.683515,0.348578
src/Mod/TechDraw/App/CMakeFiles/TechDraw.dir/DrawPagePyImp.cpp.o,4.474,4.394217,4.234107,0.141882,3.55926,0.906075,0.97759,0.068311,0.071525
src/Mod/Mesh/Gui/CMakeFiles/MeshGui.dir/ViewProviderDefects.cpp.o,4.47,4.397293,4.137786,0.241591,3.016958,0.93324,0.950723,0.126596,0.112454
tests/src/Gui/CMakeFiles/Gui_tests_run.dir/StyleParameters/EdgesTest.cpp.o,4.466,4.400223,2.540806,1.847372,1.730138,0.874041,0.681028,1.177772,0.667465
src/Mod/Material/App/CMakeFiles/Materials.dir/ModelPyImp.cpp.o,4.464,4.378387,4.007528,0.351826,3.165037,1.167361,0.984614,0.202912,0.146609
src/Mod/Part/App/CMakeFiles/Part.dir/TopoShapeWirePyImp.cpp.o,4.463,4.383378,3.80482,0.560849,1.937246,0.793222,0.728053,0.268819,0.289617
src/Gui/CMakeFiles/FreeCADGui.dir/MDIViewPyWrap.cpp.o,4.462,4.381184,4.015315,0.34703,3.452799,0.864194,0.898514,0.204322,0.140396
tests/src/Mod/MeshPart/App/CMakeFiles/MeshPart_tests_run.dir/MeshPart.cpp.o,4.459,4.384006,4.119166,0.247179,1.321462,1.062956,1.083043,0.167189,0.078034
src/Mod/TechDraw/Gui/CMakeFiles/TechDrawGui.dir/DlgPageChooser.cpp.o,4.452,4.377313,3.377275,0.986277,0.117208,0.723979,0.724618,0.647014,0.336978
src/App/CMakeFiles/FreeCADApp.dir/Metadata.cpp.o,4.446,4.371251,2.896006,1.4621,2.045703,0.863364,0.661949,0.875706,0.584374
src/Mod/Fem/App/CMakeFiles/Fem.dir/AppFemPy.cpp.o,4.444,4.365444,4.112772,0.232598,3.539187,0.955793,1.047878,0.131051,0.099111
src/Mod/TechDraw/App/CMakeFiles/TechDraw.dir/DrawBrokenViewPyImp.cpp.o,4.443,4.360526,4.301052,0.041993,2.711684,0.91637,0.992451,0.02264,0.017494
src/Mod/TechDraw/App/CMakeFiles/TechDraw.dir/LineNameEnum.cpp.o,4.44,4.359988,4.301943,0.040649,3.828391,0.958396,1.020583,0.030594,0.008366
tests/src/App/CMakeFiles/App_tests_run.dir/Link.cpp.o,4.439,4.358936,3.681415,0.660488,1.738935,0.964384,0.944557,0.371181,0.286951
tests/src/Mod/Part/App/CMakeFiles/Part_tests_run.dir/TopoShapeMapper.cpp.o,4.437,4.359067,3.811494,0.531025,1.78822,0.936564,0.898435,0.334994,0.193819
src/Mod/Robot/Gui/CMakeFiles/RobotGui.dir/TaskDlgTrajectoryDressUp.cpp.o,4.436,4.35211,4.306506,0.025328,3.814064,0.980008,1.084415,0.014984,0.008025
src/Mod/TechDraw/App/CMakeFiles/TechDraw.dir/DrawProjGroupPyImp.cpp.o,4.435,4.354356,4.26787,0.067093,3.786176,0.908678,0.993211,0.03328,0.031548
src/Mod/Spreadsheet/App/CMakeFiles/Spreadsheet.dir/SheetParameter.cpp.o,4.434,4.356398,3.948875,0.38794,0.441969,0.942021,0.870799,0.25503,0.130291
src/Mod/Part/App/CMakeFiles/Part.dir/Tools.cpp.o,4.427,4.355708,3.778068,0.561419,1.533777,0.784273,0.736625,0.324425,0.234348
src/Mod/Fem/Gui/CMakeFiles/FemGui.dir/TaskAnalysisInfo.cpp.o,4.427,4.346161,4.28371,0.042417,3.798127,0.904488,1.023763,0.026317,0.013744
src/Gui/CMakeFiles/FreeCADGui.dir/DownloadManager.cpp.o,4.421,4.348341,4.017349,0.314625,1.945232,0.813475,0.863351,0.195447,0.116968
src/Mod/CAM/PathSimulator/AppGL/CMakeFiles/CAMSimulator.dir/CAMSim.cpp.o,4.421,4.344829,4.313779,0.012921,3.882891,0.911739,1.025683,0.005746,0.005335
src/Mod/Material/App/CMakeFiles/Materials.dir/MaterialFilter.cpp.o,4.417,4.341304,4.164365,0.159026,3.29301,1.330062,1.110581,0.095214,0.061819
tests/src/Gui/CMakeFiles/Gui_tests_run.dir/Camera.cpp.o,4.416,4.338682,3.876871,0.444603,1.824693,1.075546,0.994725,0.268207,0.174002
src/Mod/Fem/Gui/CMakeFiles/FemGui.dir/TaskDriver.cpp.o,4.415,4.338371,4.282739,0.036034,3.782265,0.912855,1.029991,0.025035,0.00879
src/Mod/Fem/Gui/CMakeFiles/FemGui.dir/ViewProviderFemConstraintTransform.cpp.o,4.414,4.332399,4.222274,0.091435,3.180961,0.873614,1.003823,0.054741,0.034325
src/Gui/CMakeFiles/FreeCADGui.dir/Quarter/SoQTQuarterAdaptor.cpp.o,4.412,4.341864,3.365757,0.960423,1.586865,0.659741,0.674182,0.624048,0.333853
src/Mod/TechDraw/App/CMakeFiles/TechDraw.dir/DrawViewPyImp.cpp.o,4.412,4.331787,4.248611,0.062865,3.763715,0.925167,1.010527,0.034479,0.026279
src/Mod/CAM/PathSimulator/App/CMakeFiles/PathSimulator.dir/AppPathSimulator.cpp.o,4.411,4.341554,3.440529,0.885583,1.885712,0.768238,0.775545,0.562343,0.321151
src/Mod/TechDraw/App/CMakeFiles/TechDraw.dir/DrawViewArch.cpp.o,4.409,4.328565,3.382239,0.930112,2.443554,0.719325,0.701621,0.604073,0.32367
src/Mod/Fem/Gui/CMakeFiles/FemGui.dir/TaskObjectName.cpp.o,4.409,4.328818,4.244961,0.064825,2.47711,0.902163,1.037927,0.043813,0.018624
src/App/CMakeFiles/FreeCADApp.dir/GeoFeatureGroupExtension.cpp.o,4.408,4.323903,3.870626,0.436585,3.305631,0.802458,0.807322,0.284864,0.149343
src/Mod/Part/App/CMakeFiles/Part.dir/FaceMakerCheese.cpp.o,4.406,4.330192,3.892578,0.420905,2.028201,0.842062,0.800034,0.262712,0.155483
tests/src/App/CMakeFiles/App_tests_run.dir/ApplicationDirectories.cpp.o,4.406,4.340248,2.322761,2.006506,0.25939,0.780807,0.559715,1.067838,0.93657
src/Mod/Fem/Gui/CMakeFiles/FemGui.dir/ViewProviderFemConstraintContact.cpp.o,4.405,4.319058,4.232959,0.066913,3.769,0.88775,1.022101,0.040773,0.023665
src/Base/CMakeFiles/FreeCADBase.dir/Reader.cpp.o,4.404,4.330715,2.635279,1.681594,1.567489,0.841757,0.62119,1.027011,0.652227
src/Mod/Part/App/CMakeFiles/Part.dir/FaceMakerBullseye.cpp.o,4.403,4.322724,3.822443,0.483441,1.770616,0.839562,0.814652,0.289987,0.191224
tests/src/Gui/CMakeFiles/Gui_tests_run.dir/FileDialog.cpp.o,4.402,4.325455,3.741636,0.568303,1.854982,0.886975,0.868137,0.299498,0.266622
src/Mod/Start/App/CMakeFiles/Start.dir/ThumbnailSource.cpp.o,4.4,4.33044,3.253047,1.061126,2.53324,0.691386,0.713455,0.697009,0.36191
src/Mod/Surface/App/CMakeFiles/Surface.dir/Blending/BlendPointPyImp.cpp.o,4.4,4.32647,3.352468,0.957802,1.513665,0.6827,0.640631,0.62562,0.330034
src/Mod/Part/App/CMakeFiles/Part.dir/Geom2d/Curve2dPyImp.cpp.o,4.396,4.315542,3.797846,0.501702,2.47251,0.743344,0.700842,0.227967,0.271388
src/Mod/Material/App/CMakeFiles/Materials.dir/ModelPropertyPyImp.cpp.o,4.395,4.274829,4.025138,0.230351,3.205082,1.165172,0.969149,0.122064,0.106394
src/Mod/Measure/App/CMakeFiles/Measure.dir/SubnameHelper.cpp.o,4.394,4.318759,4.177901,0.12332,3.594576,1.044333,0.988359,0.079976,0.041072
src/Mod/Fem/Gui/CMakeFiles/FemGui.dir/ViewProviderFemConstraintGear.cpp.o,4.388,4.309118,4.240367,0.050024,3.182235,0.890465,1.01734,0.023668,0.024075
src/Mod/CAM/PathSimulator/AppGL/CMakeFiles/CAMSimulator.dir/CAMSettings.cpp.o,4.388,4.307575,4.251639,0.038692,3.836732,0.883142,0.940132,0.027438,0.009452
src/Mod/TechDraw/Gui/CMakeFiles/TechDrawGui.dir/Rez.cpp.o,4.388,4.310162,4.270127,0.020888,2.469971,0.930574,1.011766,0.009703,0.008885
src/Mod/Fem/Gui/CMakeFiles/FemGui.dir/ViewProviderFemConstraintPulley.cpp.o,4.386,4.307055,4.230932,0.057536,3.194965,0.892818,0.995505,0.025676,0.029668
src/Mod/TechDraw/Gui/CMakeFiles/TechDrawGui.dir/QGIDrawingTemplate.cpp.o,4.383,4.307213,4.212653,0.071832,2.099655,0.914346,0.974898,0.049797,0.019449
src/Gui/CMakeFiles/FreeCADGui.dir/OnlineDocumentation.cpp.o,4.38,4.301325,3.992335,0.292081,0.571363,0.857564,0.941172,0.173538,0.11649
src/App/CMakeFiles/FreeCADApp.dir/PropertyContainerPyImp.cpp.o,4.376,4.297921,2.921652,1.362629,2.080182,0.718346,0.590853,0.855369,0.505177
src/Gui/CMakeFiles/FreeCADGui.dir/MouseSelection.cpp.o,4.372,4.291101,4.118736,0.152005,0.913659,0.868336,0.993261,0.081773,0.067741
src/Gui/CMakeFiles/FreeCADGui.dir/MDIViewPy.cpp.o,4.369,4.290612,3.924062,0.349194,3.424902,0.822526,0.85199,0.202113,0.144715
src/Mod/Robot/Gui/CMakeFiles/RobotGui.dir/TaskDlgTrajectoryCompound.cpp.o,4.369,4.287533,4.245007,0.024047,1.247373,0.961857,1.10595,0.014228,0.007713
src/Gui/CMakeFiles/FreeCADGui.dir/Navigation/TinkerCADNavigationStyle.cpp.o,4.364,4.281083,4.239591,0.023441,0.964295,0.93545,1.019605,0.009844,0.011348
src/Mod/Fem/Gui/CMakeFiles/FemGui.dir/ViewProviderSolver.cpp.o,4.364,4.288028,4.063605,0.206163,0.872299,0.877125,0.961911,0.130571,0.073653
src/Gui/CMakeFiles/FreeCADGui.dir/MergeDocuments.cpp.o,4.361,4.273165,4.05323,0.199303,3.445408,1.036615,1.047442,0.134308,0.062534
src/Gui/CMakeFiles/FreeCADGui.dir/TaskView/TaskEditControl.cpp.o,4.354,4.266891,4.235174,0.014116,0.999861,0.894408,1.030862,0.006375,0.00566
src/Mod/Import/App/CMakeFiles/Import.dir/Tools.cpp.o,4.352,4.270386,3.705677,0.547709,1.790355,0.765461,0.676828,0.341259,0.204323
src/Gui/CMakeFiles/FreeCADGui.dir/Navigation/OpenSCADNavigationStyle.cpp.o,4.35,4.268536,4.22531,0.024363,0.964249,0.899806,0.997311,0.010355,0.011844
src/Mod/Part/App/CMakeFiles/Part.dir/GeometrySurfacePyImp.cpp.o,4.35,4.27651,3.771572,0.488132,1.853723,0.727883,0.706787,0.220981,0.26481
src/Mod/PartDesign/App/CMakeFiles/PartDesign.dir/PartDesignParameter.cpp.o,4.349,4.263795,3.985775,0.26038,0.968678,0.833191,0.77658,0.203591,0.054289
src/Gui/CMakeFiles/FreeCADGui.dir/Navigation/InventorNavigationStyle.cpp.o,4.343,4.260876,4.208832,0.034351,0.965115,0.8665,0.997594,0.018841,0.013216
src/Gui/CMakeFiles/FreeCADGui.dir/Selection/SelectionObject.cpp.o,4.337,4.255403,4.070475,0.165485,3.573872,0.927247,0.980469,0.113729,0.049241
src/Mod/TechDraw/App/CMakeFiles/TechDraw.dir/DrawProjGroupItemPyImp.cpp.o,4.335,4.25473,4.204675,0.031153,3.74396,0.89131,0.970763,0.018569,0.01047
src/Gui/CMakeFiles/FreeCADGui.dir/SoFCOffscreenRenderer.cpp.o,4.333,4.251047,3.884459,0.349914,1.05271,0.750593,0.802322,0.222021,0.125596
src/Mod/Robot/Gui/CMakeFiles/RobotGui.dir/ViewProviderTrajectory.cpp.o,4.329,4.250802,4.160174,0.072042,0.982256,0.878351,0.956879,0.045276,0.02443
src/Mod/Fem/Gui/CMakeFiles/FemGui.dir/ViewProviderFemConstraintInitialTemperature.cpp.o,4.328,4.245629,4.186183,0.040722,3.736985,0.883225,1.013484,0.019433,0.018943
src/Mod/Fem/Gui/CMakeFiles/FemGui.dir/ViewProviderFemConstraintPlaneRotation.cpp.o,4.321,4.237404,4.156884,0.061864,3.700553,0.880087,1.005408,0.036026,0.023782
src/Gui/CMakeFiles/FreeCADGui.dir/Navigation/MayaGestureNavigationStyle.cpp.o,4.32,4.239687,4.167997,0.052188,0.892208,0.841854,1.009301,0.025281,0.024415
src/Mod/Part/App/CMakeFiles/Part.dir/FaceMaker.cpp.o,4.316,4.241816,3.688138,0.537487,1.846074,0.816758,0.791587,0.375054,0.160142
src/Gui/CMakeFiles/FreeCADGui.dir/Navigation/RevitNavigationStyle.cpp.o,4.315,4.235054,4.186434,0.027221,0.957317,0.869362,0.977863,0.01091,0.013784
src/Gui/CMakeFiles/FreeCADGui.dir/Navigation/SolidWorksNavigationStyle.cpp.o,4.315,4.23875,4.189849,0.029843,0.95765,0.865324,0.992471,0.010464,0.016989
src/Mod/CAM/PathSimulator/AppGL/CMakeFiles/CAMSimulator.dir/Dummy3DViewer.cpp.o,4.312,4.234938,4.203462,0.013508,3.758613,0.94145,1.019534,0.005018,0.006709
src/Mod/Start/App/CMakeFiles/Start.dir/ExamplesModel.cpp.o,4.31,4.239441,3.245598,0.978131,0.291633,0.682975,0.72919,0.670667,0.305354
src/Gui/CMakeFiles/FreeCADGui.dir/Navigation/BlenderNavigationStyle.cpp.o,4.308,4.228533,4.183347,0.026724,0.961656,0.870973,0.988908,0.010743,0.013663
src/Gui/CMakeFiles/FreeCADGui.dir/WorkbenchManager.cpp.o,4.305,4.222307,4.077011,0.125164,2.411392,0.891956,0.977362,0.092817,0.029945
src/Mod/Robot/Gui/CMakeFiles/RobotGui.dir/ViewProviderTrajectoryDressUp.cpp.o,4.304,4.220469,4.163666,0.037858,3.683533,0.889119,1.002914,0.022898,0.012533
src/Gui/CMakeFiles/FreeCADGui.dir/ViewProviderDatum.cpp.o,4.302,4.215032,4.122829,0.07245,3.047869,0.923122,0.977032,0.044777,0.025048
src/Gui/CMakeFiles/FreeCADGui.dir/Dialogs/DlgMacroRecordImp.cpp.o,4.299,4.222308,4.058047,0.145875,0.603019,0.892325,0.990347,0.090496,0.053013
src/Gui/CMakeFiles/FreeCADGui.dir/Navigation/CADNavigationStyle.cpp.o,4.295,4.219052,4.178827,0.023651,0.959624,0.865787,0.984496,0.009686,0.0124
src/Mod/Mesh/Gui/CMakeFiles/MeshGui.dir/ViewProviderMeshFaceSet.cpp.o,4.289,4.207938,4.140836,0.047532,3.216317,0.940205,0.995154,0.023386,0.021791
src/Mod/Part/Gui/CMakeFiles/PartGui.dir/CommandParametric.cpp.o,4.286,4.21079,4.080416,0.111892,1.339013,0.897942,1.010189,0.05994,0.04961
src/Mod/Start/App/CMakeFiles/Start.dir/FcstdInfoSource.cpp.o,4.283,4.209875,3.158655,1.036879,2.674402,0.669991,0.680283,0.699573,0.335373
src/Mod/Spreadsheet/Gui/CMakeFiles/SpreadsheetGui.dir/SheetTableViewAccessibleInterface.cpp.o,4.278,4.201953,4.168363,0.015865,0.966785,0.85002,0.966423,0.009345,0.004477
src/App/CMakeFiles/FreeCADApp.dir/PropertyPythonObject.cpp.o,4.277,4.206865,2.81714,1.374818,1.789003,0.809301,0.705631,0.854102,0.518519
src/Mod/TechDraw/Gui/CMakeFiles/TechDrawGui.dir/QGICaption.cpp.o,4.277,4.200488,4.106646,0.075303,0.835215,0.862338,0.961743,0.044915,0.028045
src/Mod/TechDraw/Gui/CMakeFiles/TechDrawGui.dir/TemplateTextField.cpp.o,4.269,4.192617,4.110653,0.064016,0.94617,0.894142,1.01179,0.042643,0.019319
src/Mod/Fem/Gui/CMakeFiles/FemGui.dir/ViewProviderSetElementNodes.cpp.o,4.267,4.187302,4.140888,0.0282,3.690381,0.880679,1.007347,0.013776,0.011972
src/Mod/Part/App/CMakeFiles/Part.dir/ShapeFix/ShapeFix_WirePyImp.cpp.o,4.266,4.192998,3.716021,0.461,3.021998,0.760203,0.698329,0.196767,0.261915
src/Gui/CMakeFiles/FreeCADGui.dir/Navigation/OpenCascadeNavigationStyle.cpp.o,4.264,4.18337,4.138431,0.026588,0.940771,0.856542,0.97106,0.010161,0.01443
src/Mod/Fem/App/CMakeFiles/Fem.dir/FemPostFilter.cpp.o,4.261,4.190228,3.351473,0.819912,2.236263,0.899572,0.862719,0.480833,0.336213
src/Mod/Fem/Gui/CMakeFiles/FemGui.dir/ViewProviderSetNodes.cpp.o,4.261,4.176084,4.126478,0.030057,3.674492,0.88709,1.005357,0.015396,0.012255
src/Mod/Part/App/CMakeFiles/Part.dir/LinkArrayPolar.cpp.o,4.26,4.182785,3.998554,0.167282,3.494533,0.82829,0.837855,0.114157,0.051081
src/Mod/Start/App/CMakeFiles/Start.dir/CustomFolderModel.cpp.o,4.26,4.190138,3.219373,0.954841,0.285089,0.702675,0.722465,0.634702,0.317964
src/Mod/Part/Gui/CMakeFiles/PartGui.dir/PatternCircularParametersWidget.cpp.o,4.248,4.173568,4.088601,0.067074,3.395161,1.08748,1.000485,0.040366,0.024658
tests/src/App/CMakeFiles/App_tests_run.dir/CommandLine.cpp.o,4.245,4.171097,3.579812,0.57664,0.979052,0.890522,0.84469,0.370843,0.203695
src/Mod/Robot/Gui/CMakeFiles/RobotGui.dir/ViewProviderEdge2TracObject.cpp.o,4.242,4.164288,4.119376,0.027363,3.65529,0.863634,0.990766,0.012993,0.012238
src/Mod/PartDesign/Gui/CMakeFiles/PartDesignGui.dir/ViewProviderDatumCS.cpp.o,4.241,4.15311,4.050119,0.086276,2.989293,0.842207,0.899026,0.043817,0.040449
src/Gui/CMakeFiles/FreeCADGui.dir/Navigation/TouchpadNavigationStyle.cpp.o,4.24,4.159546,4.119518,0.022614,1.016425,0.853571,1.007377,0.009316,0.011508
src/Mod/CAM/App/CMakeFiles/Path.dir/PathPyImp.cpp.o,4.239,4.165232,3.90489,0.244327,3.010112,1.010161,0.900781,0.140871,0.101301
src/Gui/CMakeFiles/FreeCADGui.dir/SoDatumLabel.cpp.o,4.238,4.161251,3.582165,0.564515,2.31227,0.735745,0.727551,0.306281,0.255975
src/Mod/Sketcher/Gui/CMakeFiles/SketcherGui.dir/TaskSketcherCreateCommands.cpp.o,4.237,4.159572,4.094781,0.046571,1.447004,0.884121,1.004156,0.031887,0.012271
tests/src/Base/CMakeFiles/Base_tests_run.dir/Uuid.cpp.o,4.237,4.171552,2.57049,1.588992,0.255157,1.038684,0.655835,1.0174,0.569427
src/3rdParty/salomesmesh/CMakeFiles/StdMeshers.dir/src/StdMeshers/StdMeshers_Adaptive1D.cpp.o,4.233,4.156812,3.164011,0.976476,0.003442,0.781312,0.713127,0.699599,0.274554
src/App/CMakeFiles/FreeCADApp.dir/FeatureTest.cpp.o,4.232,4.166458,2.82082,1.332219,1.692102,0.895383,0.643816,0.878095,0.451908
src/Mod/CAM/PathSimulator/AppGL/CMakeFiles/CAMSimulator.dir/CAMSimulator_autogen/mocs_compilation.cpp.o,4.227,4.148317,4.098104,0.033445,0,0.808047,0.919749,0.015409,0.015929
src/Gui/CMakeFiles/FreeCADGui.dir/DocumentObserverPython.cpp.o,4.225,4.150566,3.907661,0.225496,3.328898,0.921731,0.950253,0.112378,0.110506
src/Mod/Robot/App/CMakeFiles/Robot.dir/kdl_cp/chainiksolvervel_pinv_nso.cpp.o,4.221,4.148456,2.956886,1.173198,1.421734,1.352422,1.039215,0.81474,0.356594
src/Mod/Import/Gui/CMakeFiles/ImportGui.dir/OCAFBrowser.cpp.o,4.216,4.138472,3.869424,0.252668,0.165651,0.776258,0.808754,0.151749,0.098703
src/Mod/Sketcher/App/CMakeFiles/Sketcher.dir/PropertyConstraintList.cpp.o,4.215,4.138446,3.427293,0.695266,2.7101,0.919806,0.741797,0.472036,0.220875
src/Mod/Mesh/App/CMakeFiles/Mesh.dir/Core/CylinderFit.cpp.o,4.213,4.146593,3.42534,0.698763,1.379859,1.275981,1.004643,0.593067,0.103433
src/Mod/Material/App/CMakeFiles/Materials.dir/Library.cpp.o,4.21,4.133808,3.158055,0.961865,2.041212,0.656369,0.662187,0.61884,0.34092
src/3rdParty/salomesmesh/CMakeFiles/StdMeshers.dir/src/StdMeshers/StdMeshers_Import_1D2D.cpp.o,4.208,4.131468,3.117007,1.000725,0.003332,0.88637,0.777358,0.690938,0.307644
tests/src/Mod/Mesh/App/CMakeFiles/Mesh_tests_run.dir/MeshFeature.cpp.o,4.207,4.128577,3.91234,0.198356,2.037118,1.0581,1.027876,0.141167,0.05499
src/Gui/CMakeFiles/FreeCADGui.dir/ComboLinks.cpp.o,4.201,4.119193,3.983269,0.117609,1.684399,0.822448,0.911822,0.078668,0.036461
src/Mod/Surface/Gui/CMakeFiles/SurfaceGui.dir/SurfaceGui_autogen/mocs_compilation.cpp.o,4.201,4.118566,4.082265,0.01656,0,0.888738,1.003561,0.007661,0.006609
src/App/CMakeFiles/FreeCADApp.dir/PropertyFile.cpp.o,4.197,4.125147,2.755886,1.355792,1.056674,0.762326,0.691063,0.81282,0.540961
src/Gui/CMakeFiles/FreeCADGui.dir/GLPainter.cpp.o,4.193,4.113127,3.999385,0.0963,1.021513,0.836541,0.966587,0.050853,0.043201
tests/src/App/CMakeFiles/App_tests_run.dir/DocumentObserver.cpp.o,4.188,4.114888,3.55759,0.539927,1.630091,1.005376,1.01436,0.325627,0.212096
tests/src/Mod/Points/App/CMakeFiles/Points_tests_run.dir/PointsFeature.cpp.o,4.178,4.101641,3.879186,0.205083,2.000206,1.061207,1.040271,0.148468,0.054488
src/Mod/Assembly/App/CMakeFiles/Assembly.dir/AssemblyObjectPyImp.cpp.o,4.176,4.092035,3.947291,0.125059,3.452375,0.798953,0.877407,0.058198,0.064303
src/Mod/Part/Gui/CMakeFiles/PartGui.dir/Workbench.cpp.o,4.173,4.099566,3.942387,0.139183,3.494109,0.819953,0.911186,0.067817,0.068984
src/Mod/Part/App/CMakeFiles/Part.dir/TopoShapeMapper.cpp.o,4.166,4.090982,3.827593,0.248227,2.164217,0.808895,0.784058,0.164994,0.081192
src/Mod/Test/Gui/CMakeFiles/QtUnitGui.dir/UnitTestImp.cpp.o,4.165,4.090473,3.836119,0.238405,2.25644,0.791961,0.810108,0.14362,0.092566
src/Mod/TechDraw/App/CMakeFiles/TechDraw.dir/DrawViewCollection.cpp.o,4.161,4.082284,3.86608,0.19931,3.37484,0.797181,0.782813,0.131589,0.065329
src/Mod/MeshPart/App/CMakeFiles/MeshPart.dir/MeshAlgos.cpp.o,4.156,4.078015,3.818922,0.241275,2.690947,0.935156,0.872627,0.162597,0.076189
src/Base/CMakeFiles/FreeCADBase.dir/Builder3D.cpp.o,4.153,4.09147,2.391809,1.68882,1.457418,0.60495,0.392089,1.071339,0.615308
src/App/CMakeFiles/FreeCADApp.dir/GeoFeature.cpp.o,4.147,4.070745,3.855253,0.197967,3.362177,0.818919,0.862507,0.120275,0.075335
src/Gui/CMakeFiles/FreeCADGui.dir/DocumentObserver.cpp.o,4.142,4.06641,3.840892,0.20661,3.23595,0.938959,0.97597,0.13429,0.070006
src/3rdParty/salomesmesh/CMakeFiles/StdMeshers.dir/src/StdMeshers/StdMeshers_HexaFromSkin_3D.cpp.o,4.14,4.066941,2.87161,1.181439,0.011308,0.866015,0.712227,0.882493,0.297109
src/3rdParty/salomesmesh/CMakeFiles/StdMeshers.dir/src/StdMeshers/StdMeshers_FaceSide.cpp.o,4.13,4.054648,2.92201,1.118023,0.005618,0.841171,0.687416,0.780301,0.335593
src/3rdParty/salomesmesh/CMakeFiles/StdMeshers.dir/src/StdMeshers/StdMeshers_CompositeHexa_3D.cpp.o,4.126,4.050409,2.88372,1.151866,0.0221,0.821661,0.705976,0.747782,0.401852
src/Gui/CMakeFiles/FreeCADGui.dir/Dialogs/DlgCustomizeImp.cpp.o,4.124,4.053244,3.922062,0.115264,0.620131,0.830232,0.838174,0.071192,0.041949
src/Mod/Web/App/CMakeFiles/Web.dir/AppWeb.cpp.o,4.124,4.059321,3.046718,0.999012,2.120484,0.610962,0.570961,0.66482,0.332034
src/Gui/CMakeFiles/FreeCADGui.dir/CommandActionPy.cpp.o,4.119,4.040391,3.864634,0.158358,3.439646,0.802322,0.859041,0.086801,0.069376
src/App/CMakeFiles/FreeCADApp.dir/PropertyContainer.cpp.o,4.118,4.047259,2.683858,1.347393,1.766251,0.704336,0.579259,0.877839,0.46707
src/3rdParty/salomesmesh/CMakeFiles/StdMeshers.dir/src/StdMeshers/StdMeshers_Penta_3D.cpp.o,4.116,4.045747,2.919055,1.112665,0.007015,0.834305,0.731128,0.709352,0.401185
src/Mod/Mesh/Gui/CMakeFiles/MeshGui.dir/ViewProviderTransform.cpp.o,4.115,4.038085,3.965276,0.055346,2.884479,0.916662,0.931319,0.035154,0.018057
src/Mod/Start/Gui/CMakeFiles/StartGui.dir/ThemeSelectorWidget.cpp.o,4.11,4.034414,3.870678,0.146796,3.110595,0.931889,0.964704,0.099609,0.045073
src/Gui/CMakeFiles/FreeCADGui.dir/TreeView.cpp.o,4.107,4.031829,3.98916,0.025456,0.829965,0.889928,0.95152,0.013785,0.009476
src/Mod/Fem/Gui/CMakeFiles/FemGui.dir/ViewProviderFemPostPipelinePyImp.cpp.o,4.107,4.029944,3.974043,0.038508,3.492242,0.881277,0.951497,0.021605,0.0146
src/Gui/CMakeFiles/FreeCADGui.dir/ImageView.cpp.o,4.104,4.029402,3.822129,0.191892,0.175208,0.759409,0.844746,0.118519,0.071094
src/Mod/TechDraw/Gui/CMakeFiles/TechDrawGui.dir/SymbolChooser.cpp.o,4.097,4.02159,3.847915,0.157591,0.53546,0.832841,0.882618,0.099865,0.05557
src/Gui/CMakeFiles/FreeCADGui.dir/Dialogs/DlgParameterFind.cpp.o,4.096,4.016525,3.830135,0.170232,0.557815,0.806974,0.853159,0.107678,0.060387
src/Gui/CMakeFiles/FreeCADGui.dir/Dialogs/DlgCheckableMessageBox.cpp.o,4.096,4.016919,3.838291,0.160992,0.469574,0.812181,0.862638,0.094951,0.063696
src/Mod/Spreadsheet/Gui/CMakeFiles/SpreadsheetGui.dir/qtcolorpicker.cpp.o,4.095,4.023159,3.657035,0.350779,0.18701,0.809131,0.820924,0.214301,0.134291
tests/src/App/CMakeFiles/App_tests_run.dir/VRMLObject.cpp.o,4.095,4.020269,3.554037,0.448818,1.659339,1.004166,0.989516,0.291101,0.155435
src/Mod/Mesh/App/CMakeFiles/Mesh.dir/MeshProperties.cpp.o,4.092,4.01976,3.454996,0.548906,2.868649,0.916009,0.840872,0.329545,0.217129
src/Mod/Material/Gui/CMakeFiles/MatGui.dir/Workbench.cpp.o,4.089,4.008712,3.966964,0.023925,3.52075,0.860007,0.926929,0.014099,0.007924
src/Gui/CMakeFiles/FreeCADGui.dir/Dialogs/DlgEditFileIncludePropertyExternal.cpp.o,4.084,4.00553,3.963723,0.025095,3.502837,0.846828,0.930596,0.013421,0.009842
src/Gui/CMakeFiles/FreeCADGui.dir/MenuManager.cpp.o,4.084,4.003701,3.692732,0.293845,0.476225,0.82644,0.88021,0.189551,0.101735
src/Mod/Part/App/CMakeFiles/Part.dir/GizmoHelper.cpp.o,4.082,4.004684,3.764948,0.223408,0.031918,0.774095,0.748264,0.130913,0.090074
src/Mod/CAM/App/CMakeFiles/Path.dir/Path.cpp.o,4.081,4.014837,2.764069,1.238124,2.132155,0.808051,0.639722,0.820721,0.4152
src/Mod/TechDraw/Gui/CMakeFiles/TechDrawGui.dir/QGIViewImage.cpp.o,4.081,4.005443,3.945614,0.042107,3.30985,0.827918,0.874139,0.024895,0.014966
tests/src/Gui/CMakeFiles/Gui_tests_run.dir/StyleParameters/CornersTest.cpp.o,4.076,4.011014,2.455129,1.544189,1.713941,0.842823,0.656467,1.012826,0.529093
src/Gui/CMakeFiles/FreeCADGui.dir/CommandMacro.cpp.o,4.075,3.998448,3.936295,0.045484,0.804639,0.856469,0.986521,0.023072,0.020331
src/Mod/Robot/App/CMakeFiles/Robot.dir/kdl_cp/chainidsolver_vereshchagin.cpp.o,4.073,3.99974,2.889025,1.092705,1.446947,1.132553,0.988858,0.846796,0.243889
src/Mod/Fem/Gui/CMakeFiles/FemGui.dir/FemGui_autogen/mocs_compilation.cpp.o,4.058,3.984709,3.927459,0.039636,0,0.870163,0.938536,0.017357,0.019915
src/Mod/Part/App/CMakeFiles/Part.dir/ProgressIndicator.cpp.o,4.057,3.976978,3.921751,0.039735,0.011782,0.754254,0.617895,0.032181,0.005821
src/Mod/Import/Gui/CMakeFiles/ImportGui.dir/Command.cpp.o,4.053,3.97952,3.835843,0.125784,3.414069,0.819387,0.891687,0.077296,0.046064
src/Gui/CMakeFiles/FreeCADGui.dir/MainWindowPy.cpp.o,4.051,3.978987,3.538843,0.425321,3.047237,0.718942,0.715295,0.265096,0.158209
src/Mod/Fem/Gui/CMakeFiles/FemGui.dir/ViewProviderShapeExtensionPyImp.cpp.o,4.046,3.96999,3.891312,0.062214,3.424988,0.830206,0.882976,0.04031,0.019911
src/Gui/CMakeFiles/FreeCADGui.dir/Dialogs/DlgSettingsColorGradientImp.cpp.o,4.042,3.961042,3.793199,0.152084,0.680466,0.779572,0.825758,0.080814,0.068923
src/App/CMakeFiles/FreeCADApp.dir/MergeDocuments.cpp.o,4.041,3.963834,3.714966,0.232406,3.11764,0.93799,0.919327,0.158931,0.071184
src/Mod/Part/App/CMakeFiles/Part.dir/BRepFeat/MakePrismPyImp.cpp.o,4.036,3.963013,3.715177,0.233011,3.048695,0.750162,0.730636,0.111155,0.119769
src/Mod/ReverseEngineering/Gui/CMakeFiles/ReverseEngineeringGui.dir/Workbench.cpp.o,4.035,3.953745,3.889907,0.046457,3.471631,0.809027,0.904122,0.023864,0.020295
tests/src/Base/CMakeFiles/Base_tests_run.dir/CrashReporter_tests.cpp.o,4.033,3.966343,2.370227,1.585166,0.349329,0.778877,0.615103,0.858896,0.724133
src/Mod/Part/App/CMakeFiles/Part.dir/ShapeFix/ShapeFix_FacePyImp.cpp.o,4.032,3.953844,3.661765,0.277145,2.988408,0.739073,0.694184,0.126179,0.148592
src/3rdParty/salomesmesh/CMakeFiles/SMESH.dir/src/SMESH/SMESH_subMesh.cpp.o,4.026,3.956332,2.984091,0.958609,0.007246,0.854821,0.740665,0.621145,0.335409
src/Mod/Part/App/CMakeFiles/Part.dir/ChFi2d/ChFi2d_FilletAPIPyImp.cpp.o,4.021,3.944385,3.779601,0.146789,2.148229,0.773521,0.740028,0.073393,0.071162
src/Mod/TechDraw/Gui/CMakeFiles/TechDrawGui.dir/ViewProviderSpreadsheet.cpp.o,4.019,3.943223,3.874741,0.051824,3.430391,0.792847,0.88224,0.028188,0.021631
src/Gui/CMakeFiles/FreeCADGui.dir/ColorScaleOverlay.cpp.o,4.017,3.947237,2.129842,1.806949,1.404237,0.729744,0.400489,1.210695,0.594266
src/Mod/Part/App/CMakeFiles/Part.dir/ChFi2d/ChFi2d_FilletAlgoPyImp.cpp.o,4.016,3.93434,3.765617,0.152694,2.010866,0.766411,0.739309,0.078079,0.072323
src/Mod/Inspection/Gui/CMakeFiles/InspectionGui.dir/Workbench.cpp.o,4.016,3.940663,3.896492,0.026927,3.47565,0.815467,0.911976,0.015646,0.009083
src/Mod/MeshPart/Gui/CMakeFiles/MeshPartGui.dir/Workbench.cpp.o,4.01,3.929311,3.885361,0.020914,3.455466,0.829095,0.907292,0.013271,0.005715
src/3rdParty/salomesmesh/CMakeFiles/SMESH.dir/src/SMESH/SMESH_Algo.cpp.o,4.008,3.935381,3.039014,0.881235,0.017609,0.904127,0.771724,0.596026,0.283033
src/Mod/Material/App/CMakeFiles/Materials.dir/PyVariants.cpp.o,4.002,3.924899,3.801897,0.104208,3.047771,1.107119,0.917796,0.067962,0.033945
src/Gui/CMakeFiles/FreeCADGui.dir/TransactionObject.cpp.o,3.998,3.915777,3.889317,0.008594,3.453298,0.847756,0.884261,0.002864,0.003895
src/Mod/Assembly/Gui/CMakeFiles/AssemblyGui.dir/ViewProviderAssemblyPyImp.cpp.o,3.998,3.920637,3.765205,0.138083,3.276748,0.833553,0.856238,0.078745,0.057328
src/3rdParty/salomesmesh/CMakeFiles/StdMeshers.dir/src/StdMeshers/StdMeshers_Import_1D.cpp.o,3.995,3.918436,3.0385,0.865335,0.003067,0.885252,0.772182,0.606464,0.256748
src/Mod/Robot/App/CMakeFiles/Robot.dir/AppRobot.cpp.o,3.995,3.925102,2.920594,0.989179,1.284142,0.682523,0.598813,0.634412,0.352402
src/Mod/MeshPart/App/CMakeFiles/flatmesh.dir/MeshFlatteningNurbs.cpp.o,3.993,3.929143,2.609883,1.304669,1.308491,0.892618,0.709448,0.955992,0.346584
src/Mod/Fem/Gui/CMakeFiles/FemGui.dir/ViewProviderFemMeshShapeNetgen.cpp.o,3.991,3.914935,3.867293,0.030422,0.884891,0.823057,0.917641,0.014862,0.013479
src/App/CMakeFiles/FreeCADApp.dir/DocumentObserver.cpp.o,3.988,3.917898,3.47445,0.425201,2.808758,0.878672,0.853859,0.266043,0.156846
src/Mod/Assembly/Gui/CMakeFiles/AssemblyGui.dir/ViewProviderGroups.cpp.o,3.983,3.908081,3.827735,0.062158,3.371355,0.883955,0.923052,0.025876,0.034089
src/Mod/TechDraw/Gui/CMakeFiles/TechDrawGui.dir/ViewProviderImage.cpp.o,3.981,3.904594,3.846664,0.041332,3.414294,0.785033,0.852223,0.019295,0.020111
src/Mod/Import/Gui/CMakeFiles/ImportGui.dir/Workbench.cpp.o,3.98,3.90076,3.873765,0.008876,3.451094,0.822284,0.891154,0.002614,0.004104
tests/src/Mod/Mesh/App/CMakeFiles/Mesh_tests_run.dir/Mesh.cpp.o,3.98,3.91069,3.622717,0.271107,1.757449,1.031095,0.944113,0.183208,0.085826
src/Gui/CMakeFiles/FreeCADGui.dir/Dialogs/DlgCustomizeSpNavSettings.cpp.o,3.979,3.902447,3.710313,0.176236,3.245714,0.818391,0.871442,0.08042,0.093611
src/Mod/Points/Gui/CMakeFiles/PointsGui.dir/Workbench.cpp.o,3.979,3.900035,3.843902,0.039925,3.427143,0.807319,0.886328,0.021961,0.016253
tests/src/Gui/CMakeFiles/Gui_tests_run.dir/StyleParameters/ParserRobustnessTest.cpp.o,3.972,3.896544,3.075427,0.807244,2.400337,0.907246,0.837453,0.682968,0.122304
src/Gui/CMakeFiles/FreeCADGui.dir/Inventor/Draggers/SoRotationDragger.cpp.o,3.971,3.893271,3.75584,0.121036,2.740861,0.835461,0.822505,0.048386,0.070274
src/Mod/Part/Gui/CMakeFiles/PartGui.dir/PatternReferenceWidget.cpp.o,3.965,3.89157,3.785931,0.088154,3.189422,0.815134,0.890115,0.065109,0.020624
src/Mod/Start/App/CMakeFiles/Start.dir/FileUtilities.cpp.o,3.95,3.882319,2.95902,0.903824,0.181983,0.646926,0.608149,0.61121,0.289678
tests/src/App/CMakeFiles/App_tests_run.dir/AsyncRecompute.cpp.o,3.947,3.873637,3.394468,0.462603,2.330808,1.036719,0.935289,0.31971,0.140958
src/Gui/CMakeFiles/FreeCADGui.dir/WhatsThis.cpp.o,3.946,3.864386,3.832491,0.014858,0.699698,0.819622,0.932246,0.005017,0.007505
src/Mod/Mesh/Gui/CMakeFiles/MeshGui.dir/ViewProviderPython.cpp.o,3.946,3.872344,3.683369,0.172828,3.206274,0.814146,0.838311,0.104668,0.065996
src/Mod/Surface/Gui/CMakeFiles/SurfaceGui.dir/Workbench.cpp.o,3.946,3.873625,3.822742,0.03415,3.392829,0.8186,0.893491,0.019335,0.013008
src/3rdParty/salomesmesh/CMakeFiles/SMESH.dir/src/SMESH/DriverMED_Family.cpp.o,3.941,3.829204,3.247519,0.554585,0.395311,1.154528,0.781873,0.356512,0.193546
src/Gui/CMakeFiles/FreeCADGui.dir/ProgressBar.cpp.o,3.938,3.859639,3.725456,0.119305,0.176807,0.819603,0.840862,0.069814,0.047342
src/Gui/CMakeFiles/FreeCADGui.dir/ModuleIO.cpp.o,3.937,3.854778,3.776349,0.060172,3.054653,0.821001,0.906672,0.040264,0.017614
src/Mod/Robot/Gui/CMakeFiles/RobotGui.dir/ViewProviderTrajectoryCompound.cpp.o,3.933,3.851649,3.801277,0.033469,3.342744,0.813116,0.886907,0.018654,0.012604
src/Gui/CMakeFiles/FreeCADGui.dir/GuiApplicationNativeEventAware.cpp.o,3.93,3.851493,3.748103,0.08728,1.332514,0.859341,0.890054,0.05442,0.030763
src/Mod/Part/App/CMakeFiles/Part.dir/TopoShapeVertexPyImp.cpp.o,3.928,3.852999,3.669469,0.168713,2.066133,0.746544,0.69728,0.091794,0.075041
tests/src/App/CMakeFiles/App_tests_run.dir/VarSet.cpp.o,3.927,3.856585,3.553634,0.285307,1.618661,1.027498,1.012387,0.197222,0.085737
src/Mod/Part/App/CMakeFiles/Part.dir/ShapeFix/ShapeFix_EdgePyImp.cpp.o,3.925,3.84761,3.686917,0.141982,3.039029,0.76008,0.707074,0.065585,0.074121
src/Mod/Part/App/CMakeFiles/Part.dir/ChFi2d/ChFi2d_AnaFilletAlgoPyImp.cpp.o,3.921,3.847619,3.719958,0.113608,2.091892,0.759161,0.70533,0.057603,0.054286
src/Gui/CMakeFiles/FreeCADGui.dir/Quarter/QuarterWidget.cpp.o,3.917,3.838616,3.624426,0.20055,0.116971,0.742174,0.744786,0.113022,0.085838
src/Mod/Part/Gui/CMakeFiles/PartGui.dir/PatternPointParametersWidget.cpp.o,3.912,3.83664,3.715736,0.103819,3.264694,0.820153,0.870619,0.071866,0.029704
src/Gui/CMakeFiles/FreeCADGui.dir/Inventor/Draggers/SoLinearDragger.cpp.o,3.911,3.835409,3.703228,0.116589,2.650499,0.838124,0.82145,0.045444,0.068905
src/Mod/Part/App/CMakeFiles/Part.dir/PreviewExtensionPyImp.cpp.o,3.911,3.835578,3.775925,0.042977,3.298081,0.857293,0.854317,0.02271,0.018249
src/Mod/Part/App/CMakeFiles/Part.dir/PreviewExtension.cpp.o,3.908,3.82579,3.707747,0.101584,3.251874,0.842344,0.87981,0.048234,0.051465
src/Mod/Sketcher/App/CMakeFiles/Sketcher.dir/ExternalGeometryFacade.cpp.o,3.905,3.833985,2.707821,1.113741,1.957209,0.688315,0.508874,0.705758,0.405682
tests/src/Gui/CMakeFiles/Gui_tests_run.dir/NavigationStylePinchTest.cpp.o,3.899,3.828263,3.663594,0.149863,0,0.833576,0.863222,0.084532,0.063255
src/Mod/Fem/Gui/CMakeFiles/FemGui.dir/ViewProviderFemMeshShape.cpp.o,3.897,3.821565,3.605095,0.199869,3.124382,0.786582,0.787442,0.12108,0.076494
src/Mod/TechDraw/Gui/CMakeFiles/TechDrawGui.dir/ViewProviderCosmeticExtension.cpp.o,3.895,3.817245,3.771863,0.028988,3.14454,0.820134,0.826241,0.012601,0.013976
src/Gui/CMakeFiles/FreeCADGui.dir/ViewProviderInventorObject.cpp.o,3.894,3.820136,3.708879,0.095321,0.949281,0.789945,0.821929,0.05837,0.034993
tests/src/App/CMakeFiles/App_tests_run.dir/DocumentObject.cpp.o,3.89,3.817702,3.498239,0.302686,1.632763,0.982463,0.992875,0.198886,0.1015
src/Mod/TechDraw/Gui/CMakeFiles/TechDrawGui.dir/QGIViewCollection.cpp.o,3.889,3.808404,3.768435,0.023402,3.350122,0.789598,0.861092,0.014611,0.006699
src/App/CMakeFiles/FreeCADApp.dir/Datums.cpp.o,3.883,3.809161,3.506006,0.286752,2.96044,0.780213,0.779653,0.185688,0.098808
tests/src/Mod/Start/App/CMakeFiles/Start_tests_run.dir/FileUtilities.cpp.o,3.877,3.809492,3.449066,0.344763,1.68007,0.876521,0.851902,0.221036,0.121469
src/Gui/CMakeFiles/FreeCADGui.dir/ProgramInformation.cpp.o,3.876,3.800736,3.709852,0.075792,1.158232,0.741115,0.779351,0.052247,0.021737
src/Gui/CMakeFiles/FreeCADGui.dir/Dialogs/DlgActivateWindowImp.cpp.o,3.874,3.792711,3.651827,0.124713,0.391823,0.784685,0.805705,0.082067,0.040442
src/Gui/CMakeFiles/FreeCADGui.dir/Dialogs/DlgUndoRedo.cpp.o,3.874,3.799651,3.673703,0.110108,0.567149,0.839718,0.870084,0.070509,0.037413
src/Mod/CAM/PathSimulator/App/CMakeFiles/PathSimulator.dir/VolSim.cpp.o,3.874,3.80009,3.568538,0.216315,0.192831,0.819918,0.773376,0.13439,0.079798
src/Mod/TechDraw/Gui/CMakeFiles/TechDrawGui.dir/QGITemplate.cpp.o,3.865,3.788717,3.750364,0.021932,3.305759,0.79306,0.84427,0.012534,0.007478
src/Gui/CMakeFiles/FreeCADGui.dir/Dialogs/DlgRunExternal.cpp.o,3.863,3.785002,3.616587,0.154002,0.24514,0.730183,0.795003,0.100279,0.051995
src/Gui/CMakeFiles/FreeCADGui.dir/ViewProviderPoint.cpp.o,3.859,3.781743,3.736064,0.029166,3.241011,0.8153,0.854918,0.012976,0.014007
src/Mod/Part/Gui/CMakeFiles/PartGui.dir/CommandFilter.cpp.o,3.856,3.78463,3.691012,0.077494,0.705974,0.812323,0.896577,0.037681,0.037737
src/Mod/Part/App/CMakeFiles/Part.dir/PointPyImp.cpp.o,3.854,3.775529,3.628333,0.131978,2.072693,0.735685,0.689849,0.073329,0.056473
src/Mod/Points/App/CMakeFiles/Points.dir/PointsFeature.cpp.o,3.853,3.778172,3.648293,0.113101,3.163591,0.916938,0.903958,0.053474,0.057131
src/Mod/Fem/App/CMakeFiles/Fem.dir/FemMeshObject.cpp.o,3.851,3.775844,3.653873,0.107207,3.174724,0.839715,0.840374,0.057368,0.048013
src/3rdParty/salomesmesh/CMakeFiles/StdMeshers.dir/src/StdMeshers/StdMeshers_QuadToTriaAdaptor.cpp.o,3.85,3.778049,2.851887,0.912206,0.010651,0.852554,0.693669,0.574384,0.33585
src/Gui/CMakeFiles/FreeCADGui.dir/PythonWorkbenchPyImp.cpp.o,3.836,3.757953,3.557078,0.183063,3.090069,0.785025,0.792078,0.086185,0.094433
tests/src/Gui/CMakeFiles/Gui_tests_run.dir/NativeGesturePinchTest.cpp.o,3.834,3.763957,3.549778,0.199805,0,0.829588,0.810496,0.111573,0.086172
src/Mod/Fem/Gui/CMakeFiles/FemGui.dir/ViewProviderResult.cpp.o,3.83,3.755944,3.551656,0.185351,3.083162,0.773408,0.790251,0.114916,0.068092
src/Gui/CMakeFiles/FreeCADGui.dir/ToolBoxManager.cpp.o,3.829,3.755295,3.650268,0.089581,0.448294,0.823652,0.850562,0.060445,0.02739
src/Gui/CMakeFiles/FreeCADGui.dir/Dialogs/DlgSettingsImageImp.cpp.o,3.827,3.746917,3.553065,0.178577,3.071184,0.716729,0.727192,0.08944,0.087095
src/Mod/Mesh/Gui/CMakeFiles/MeshGui.dir/ViewProviderMeshPyImp.cpp.o,3.824,3.752239,3.579097,0.158002,2.866371,0.788357,0.764968,0.097718,0.058205
src/Mod/Mesh/App/CMakeFiles/Mesh.dir/FeatureMeshDefects.cpp.o,3.822,3.749992,3.618799,0.115123,3.142296,0.858755,0.842658,0.052843,0.059876
src/Mod/Part/App/CMakeFiles/Part.dir/PropertyTopoShapeList.cpp.o,3.821,3.750036,3.420784,0.313921,1.548032,0.766967,0.739494,0.191501,0.120073
tests/src/Base/CMakeFiles/Base_tests_run.dir/UnitsSchemaFormat.cpp.o,3.821,3.749708,3.36829,0.366754,1.550698,0.843944,0.806409,0.225252,0.139326
src/Mod/Spreadsheet/App/CMakeFiles/Spreadsheet.dir/AppSpreadsheet.cpp.o,3.816,3.739156,2.747132,0.978281,1.010368,0.76176,0.67152,0.619134,0.35698
src/Mod/Part/App/CMakeFiles/Part.dir/CrossSection.cpp.o,3.814,3.737107,3.349113,0.374103,1.782802,0.689953,0.662619,0.22153,0.150801
src/Mod/Mesh/App/CMakeFiles/Mesh.dir/Core/Curvature.cpp.o,3.812,3.745852,3.388901,0.340882,2.837107,0.838541,0.764797,0.249705,0.089231
src/App/CMakeFiles/FreeCADApp.dir/ComplexGeoDataPyImp.cpp.o,3.81,3.740041,3.141468,0.584735,2.626924,0.706121,0.641823,0.314589,0.268347
src/Mod/Measure/App/CMakeFiles/Measure.dir/AppMeasurePy.cpp.o,3.809,3.734585,3.714269,0.002694,2.898287,0.839649,0.850455,0.000135,0.000347
src/Mod/Start/Gui/CMakeFiles/StartGui.dir/Manipulator.cpp.o,3.809,3.733623,3.689279,0.029741,3.1678,0.791305,0.879044,0.018966,0.009252
src/3rdParty/salomesmesh/CMakeFiles/SMDS.dir/src/SMDS/SMDS_Mesh.cpp.o,3.802,3.732665,2.281077,1.439085,0.002485,0.69968,0.512848,0.895213,0.541699
src/Gui/CMakeFiles/FreeCADGui.dir/SoLabelNodes.cpp.o,3.802,3.724524,3.506464,0.201495,0.866935,0.692146,0.710923,0.108937,0.09002
src/Mod/Mesh/App/CMakeFiles/Mesh.dir/Core/SphereFit.cpp.o,3.802,3.733455,3.094759,0.619964,1.840372,1.192138,0.909357,0.533373,0.084558
tests/src/Gui/CMakeFiles/Gui_tests_run.dir/StyleParameters/StyleParametersApplicationTest.cpp.o,3.781,3.709109,3.427711,0.266356,0.983984,0.913288,0.843771,0.187676,0.076565
src/Gui/CMakeFiles/FreeCADGui.dir/ViewProviderGeoFeatureGroup.cpp.o,3.775,3.701628,3.49418,0.190767,3.027332,0.76363,0.781488,0.110484,0.07823
tests/src/App/CMakeFiles/App_tests_run.dir/ProjectFile.cpp.o,3.771,3.698349,3.226453,0.456256,1.323148,0.982395,0.916761,0.288335,0.165735
src/3rdParty/salomesmesh/CMakeFiles/SMESH.dir/src/SMESH/SMESH_MeshAlgos.cpp.o,3.77,3.702326,2.697731,0.991123,1.522579,0.820295,0.668506,0.690197,0.298726
src/Base/CMakeFiles/FreeCADBase.dir/Tools.cpp.o,3.767,3.707607,2.111569,1.587088,1.463638,0.638524,0.37288,1.026119,0.559207
src/Gui/CMakeFiles/FreeCADGui.dir/StyleParameters/Value.cpp.o,3.767,3.701605,2.114962,1.576611,1.430472,0.602703,0.416267,1.063271,0.511068
src/Gui/CMakeFiles/FreeCADGui.dir/ProgressDialog.cpp.o,3.766,3.689489,3.581899,0.092166,0.176818,0.777801,0.783382,0.057946,0.032095
src/Mod/Part/App/CMakeFiles/Part.dir/PartFeatureReference.cpp.o,3.765,3.693374,3.647668,0.029739,2.138516,0.817975,0.832547,0.013481,0.014307
src/Mod/Part/App/CMakeFiles/Part.dir/HLRBRep/HLRBRep_PolyAlgoPyImp.cpp.o,3.765,3.695597,3.496725,0.182342,1.803091,0.723399,0.683715,0.093397,0.086656
src/3rdParty/salomesmesh/CMakeFiles/StdMeshers.dir/src/StdMeshers/StdMeshers_Hexa_3D.cpp.o,3.758,3.688876,2.893739,0.780642,0.00448,0.806543,0.770008,0.510241,0.268229
src/App/CMakeFiles/FreeCADApp.dir/ApplicationPy.cpp.o,3.752,3.684414,3.082899,0.586447,1.495165,0.762076,0.771653,0.324828,0.259409
src/Gui/CMakeFiles/FreeCADGui.dir/OverlayParams.cpp.o,3.752,3.679161,3.389082,0.276267,2.928549,0.733414,0.772223,0.143181,0.130853
src/Mod/Mesh/App/CMakeFiles/Mesh.dir/FeatureMeshSegmentByMesh.cpp.o,3.752,3.678575,3.558105,0.104063,3.080909,0.870523,0.853944,0.069532,0.032383
src/Mod/Part/App/CMakeFiles/Part.dir/TopoShapeSolidPyImp.cpp.o,3.749,3.673621,3.337051,0.32194,1.682078,0.714571,0.672612,0.154093,0.165616
tests/src/App/CMakeFiles/App_tests_run.dir/PropertyFile.cpp.o,3.74,3.669787,3.296993,0.357116,1.500547,0.870438,0.869642,0.226994,0.128067
tests/src/Gui/CMakeFiles/Gui_tests_run.dir/StyleParameters/DiagnosticsTest.cpp.o,3.735,3.671388,2.329374,1.331451,1.582439,0.796363,0.619196,0.872457,0.457161
src/Mod/Points/App/CMakeFiles/Points.dir/PointsPyImp.cpp.o,3.733,3.66163,3.425112,0.221688,2.952594,0.837969,0.80372,0.129478,0.090501
src/Mod/TechDraw/Gui/CMakeFiles/TechDrawGui.dir/ViewProviderDrawingViewExtension.cpp.o,3.732,3.655706,3.608192,0.03128,3.19232,0.747405,0.786018,0.01313,0.015894
src/Gui/CMakeFiles/FreeCADGui.dir/Dialogs/DlgInputDialogImp.cpp.o,3.726,3.642018,3.556613,0.070202,0.454673,0.70632,0.763914,0.042414,0.025214
tests/src/App/CMakeFiles/App_tests_run.dir/PropertyExpressionEngine.cpp.o,3.726,3.657781,3.299262,0.341604,1.436576,0.970871,0.916096,0.232226,0.107131
src/Gui/CMakeFiles/FreeCADGui.dir/Quarter/QuarterWidgetP.cpp.o,3.725,3.649024,3.456692,0.178608,2.881325,0.677331,0.689993,0.102841,0.073696
src/3rdParty/salomesmesh/CMakeFiles/StdMeshers.dir/src/StdMeshers/StdMeshers_RadialQuadrangle_1D2D.cpp.o,3.723,3.651812,2.830776,0.806026,0.003145,0.762518,0.685964,0.529593,0.27429
src/Mod/Mesh/App/CMakeFiles/Mesh.dir/FeatureMeshSetOperations.cpp.o,3.714,3.638429,3.556475,0.065487,3.081643,0.869527,0.840011,0.041819,0.021507
src/Gui/CMakeFiles/FreeCADGui.dir/PythonTracing.cpp.o,3.709,3.631416,3.582268,0.033836,0.432921,0.706971,0.770398,0.017251,0.014085
src/Mod/Start/Gui/CMakeFiles/StartGui.dir/StartGui_autogen/mocs_compilation.cpp.o,3.709,3.631969,3.553399,0.063763,0,0.731772,0.783558,0.037648,0.02399
src/Mod/Part/Gui/CMakeFiles/PartGui.dir/DlgPartImportStepImp.cpp.o,3.708,3.637539,3.523803,0.099139,3.08437,0.709421,0.775957,0.069521,0.027474
src/Mod/Mesh/App/CMakeFiles/Mesh.dir/FeatureMeshCurvature.cpp.o,3.707,3.634469,3.542699,0.075902,3.09121,0.854872,0.842077,0.050315,0.023474
src/Gui/CMakeFiles/FreeCADGui.dir/Quarter/DragDropHandler.cpp.o,3.705,3.633209,3.519438,0.098217,0.37109,0.696931,0.71703,0.065827,0.030322
src/Mod/Part/App/CMakeFiles/Part.dir/TopoShapeCompoundPyImp.cpp.o,3.705,3.633288,3.36774,0.250948,2.869516,0.717038,0.649909,0.153761,0.095122
src/Mod/Part/App/CMakeFiles/Part.dir/TopoShapeShellPyImp.cpp.o,3.704,3.628305,3.361385,0.251727,1.66739,0.725897,0.658404,0.129335,0.120268
src/Gui/CMakeFiles/FreeCADGui.dir/StatusBarLabel.cpp.o,3.703,3.627086,3.544819,0.067899,0.208599,0.702606,0.789241,0.048998,0.016863
src/App/CMakeFiles/FreeCADApp.dir/DocumentObserverPython.cpp.o,3.701,3.630208,3.098774,0.512403,2.4186,0.864458,0.793391,0.227601,0.282161
src/Mod/Part/App/CMakeFiles/Part.dir/TopoShapeCache.cpp.o,3.701,3.626974,3.273146,0.339046,2.805414,0.708813,0.661898,0.214627,0.122156
src/App/CMakeFiles/FreeCADApp.dir/DocumentPyImp.cpp.o,3.7,3.636433,2.859594,0.76189,2.303352,0.75899,0.659441,0.381758,0.377834
src/Base/CMakeFiles/FreeCADBase.dir/CrashReporter/CrashReportPyImp.cpp.o,3.699,3.637794,2.108835,1.519386,1.380631,0.61382,0.395667,0.92372,0.59368
src/Mod/Mesh/App/CMakeFiles/Mesh.dir/FeatureMeshSolid.cpp.o,3.696,3.625168,3.507631,0.102003,3.063308,0.817646,0.819796,0.046568,0.05351
src/Mod/Part/App/CMakeFiles/Part.dir/BSplineSurfacePyImp.cpp.o,3.695,3.629768,2.639208,0.979664,0.975227,0.565335,0.409341,0.427694,0.549669
src/Mod/Part/App/CMakeFiles/Part.dir/BRepOffsetAPI_MakeFillingPyImp.cpp.o,3.694,3.619355,3.443416,0.16106,1.838766,0.71597,0.68263,0.07563,0.083055
tests/src/App/CMakeFiles/App_tests_run.dir/ElementNamingUtils.cpp.o,3.685,3.617929,3.314729,0.286069,1.444172,0.887514,0.804465,0.198237,0.085496
src/Mod/Measure/Gui/CMakeFiles/MeasureGui.dir/QuickMeasurePyImp.cpp.o,3.68,3.606218,3.561785,0.027933,3.133977,0.819719,0.84863,0.017789,0.008082
tests/src/Gui/CMakeFiles/Gui_tests_run.dir/NavigationStyleWheelTest.cpp.o,3.675,3.606434,3.473138,0.118524,0,0.837335,0.822183,0.073811,0.042671
src/Mod/CAM/Gui/CMakeFiles/PathGui.dir/DlgProcessorChooser.cpp.o,3.672,3.599995,3.511982,0.073312,0.48815,0.711112,0.75906,0.046808,0.024448
src/Mod/TechDraw/App/CMakeFiles/TechDraw.dir/DrawRichAnno.cpp.o,3.67,3.597482,3.477942,0.104319,3.038126,0.756253,0.734976,0.05268,0.049679
src/3rdParty/salomesmesh/CMakeFiles/SMESH.dir/src/SMESH/MED_Algorithm.cpp.o,3.669,3.567192,2.928573,0.624024,2.04615,0.798937,0.577968,0.473909,0.148395
src/Mod/Mesh/App/CMakeFiles/Mesh.dir/MeshFeaturePyImp.cpp.o,3.667,3.598863,3.468964,0.114868,3.025532,0.823078,0.798546,0.058303,0.054849
src/Mod/Part/App/CMakeFiles/Part.dir/HLRBRep/HLRBRep_AlgoPyImp.cpp.o,3.665,3.590304,3.408554,0.166153,1.734073,0.70984,0.674176,0.083461,0.080227
src/Gui/CMakeFiles/FreeCADGui.dir/Inventor/SoFCPlacementIndicatorKit.cpp.o,3.664,3.587401,3.502983,0.069963,2.838273,0.882186,0.778189,0.034324,0.033594
tests/src/Mod/Spreadsheet/App/CMakeFiles/Spreadsheet_tests_run.dir/PropertySheet.cpp.o,3.664,3.593932,3.324509,0.252501,1.423866,0.977075,0.955853,0.173173,0.077103
src/Mod/CAM/PathSimulator/App/CMakeFiles/PathSimulator.dir/PathSimPyImp.cpp.o,3.663,3.588823,3.518071,0.055175,3.089008,0.801012,0.808204,0.02829,0.024901
src/Mod/CAM/PathSimulator/AppGL/CMakeFiles/CAMSimulator.dir/TopoShapeViewProvider.cpp.o,3.66,3.585432,3.520901,0.050708,3.088273,0.731713,0.738845,0.035648,0.013349
src/Gui/CMakeFiles/FreeCADGui.dir/SoTouchEvents.cpp.o,3.658,3.582415,3.509381,0.058893,0.301918,0.677279,0.729241,0.032125,0.024541
src/Gui/CMakeFiles/FreeCADGui.dir/ViewProviderOriginGroup.cpp.o,3.654,3.575635,3.530497,0.030859,3.10163,0.748175,0.790869,0.013445,0.015678
src/Mod/TechDraw/Gui/CMakeFiles/TechDrawGui.dir/ViewProviderTile.cpp.o,3.645,3.572465,3.532515,0.024623,3.112266,0.740981,0.754139,0.011045,0.011493
tests/src/Mod/Spreadsheet/App/CMakeFiles/Spreadsheet_tests_run.dir/RenameProperty.cpp.o,3.644,3.571697,3.323987,0.230715,0.836189,0.98111,0.950138,0.158047,0.070444
src/Mod/Mesh/App/CMakeFiles/Mesh.dir/FeatureMeshExport.cpp.o,3.643,3.570965,3.517912,0.037015,3.08202,0.83914,0.83553,0.020789,0.014078
src/Mod/TechDraw/App/CMakeFiles/TechDraw.dir/DrawViewDraft.cpp.o,3.643,3.574254,3.432113,0.127342,2.533365,0.717121,0.723991,0.070995,0.054449
src/Mod/ReverseEngineering/App/CMakeFiles/ReverseEngineering.dir/SurfaceTriangulation.cpp.o,3.64,3.562034,3.541989,0.004331,3.079026,0.94676,0.894274,0.002051,0.000295
src/Mod/Mesh/App/CMakeFiles/Mesh.dir/Core/Triangulation.cpp.o,3.637,3.572363,2.274539,1.287315,0.803739,0.64602,0.421239,0.867163,0.418196
src/Mod/Part/Gui/CMakeFiles/PartGui.dir/DlgPartImportIgesImp.cpp.o,3.637,3.569032,3.468127,0.086774,3.042428,0.690993,0.750555,0.058028,0.026875
src/Mod/Part/App/CMakeFiles/Part.dir/BRepOffsetAPI_MakePipeShellPyImp.cpp.o,3.636,3.558972,3.315654,0.230432,1.484045,0.71545,0.660808,0.103181,0.125462
src/Mod/TechDraw/App/CMakeFiles/TechDraw.dir/DrawParametricTemplate.cpp.o,3.636,3.561558,3.38376,0.163351,2.900051,0.802757,0.752928,0.097857,0.063585
src/Mod/Mesh/App/CMakeFiles/Mesh.dir/MeshFeature.cpp.o,3.631,3.558044,3.434954,0.107105,2.994509,0.829786,0.802148,0.051206,0.053713
src/Mod/Fem/App/CMakeFiles/Fem.dir/FemPostPipelinePyImp.cpp.o,3.631,3.559668,3.239532,0.304495,2.180923,0.847308,0.853437,0.183343,0.119284
src/Mod/TechDraw/App/CMakeFiles/TechDraw.dir/GeomFormatPyImp.cpp.o,3.629,3.554927,3.480824,0.058814,3.036601,0.758961,0.752343,0.030745,0.026049
tests/src/Base/CMakeFiles/Base_tests_run.dir/Reader.cpp.o,3.629,3.564278,2.700372,0.85223,0.229905,0.748062,0.616822,0.475834,0.37415
src/Gui/CMakeFiles/FreeCADGui.dir/WorkbenchPyImp.cpp.o,3.617,3.539168,3.390585,0.132452,2.926847,0.766606,0.762173,0.067335,0.063131
src/Mod/Fem/Gui/CMakeFiles/FemGui.dir/ViewProviderFemConstraintPyImp.cpp.o,3.617,3.547131,3.433283,0.098889,2.774055,0.733374,0.744927,0.059387,0.037894
src/Mod/Test/Gui/CMakeFiles/QtUnitGui.dir/UnitTestPy.cpp.o,3.615,3.543655,3.329318,0.200549,0.302936,0.688435,0.681898,0.106484,0.091783
src/Mod/Part/App/CMakeFiles/Part.dir/BSplineCurvePyImp.cpp.o,3.613,3.547431,2.64751,0.887576,0.944757,0.627128,0.448005,0.42289,0.461956
src/Mod/Sketcher/Gui/CMakeFiles/SketcherGui.dir/FontProvider.cpp.o,3.612,3.540209,3.268956,0.256212,1.713223,0.753371,0.760173,0.181379,0.072766
src/Mod/Import/App/CMakeFiles/Import.dir/ReaderGltf.cpp.o,3.611,3.534159,3.355415,0.162632,1.660284,0.711609,0.662202,0.097988,0.062478
tests/src/App/CMakeFiles/App_tests_run.dir/IndexedName.cpp.o,3.603,3.536138,2.698261,0.825911,0.782191,0.721427,0.574805,0.457872,0.365885
src/Gui/CMakeFiles/FreeCADGui.dir/InputHintWidget.cpp.o,3.599,3.526157,3.32503,0.187445,0.444703,0.682749,0.713534,0.131357,0.054089
src/Gui/CMakeFiles/FreeCADGui.dir/NotificationBox.cpp.o,3.598,3.524727,3.413642,0.09607,0.008738,0.692619,0.750455,0.054553,0.039566
src/Mod/Measure/App/CMakeFiles/Measure.dir/MeasurementPyImp.cpp.o,3.598,3.522623,3.304587,0.168587,2.643848,0.958622,0.784397,0.096663,0.066907
src/Gui/CMakeFiles/FreeCADGui.dir/ViewProviderGeometryObjectPyImp.cpp.o,3.596,3.522129,3.435912,0.070874,2.793911,0.727258,0.73365,0.047233,0.021558
src/Gui/CMakeFiles/FreeCADGui.dir/ViewProviderDocumentObjectPyImp.cpp.o,3.594,3.521516,3.426701,0.078458,2.792432,0.712093,0.720791,0.047684,0.028697
src/Mod/Points/Gui/CMakeFiles/PointsGui.dir/DlgPointsReadImp.cpp.o,3.593,3.523448,3.406975,0.102433,2.99793,0.66703,0.729425,0.049331,0.050971
src/Mod/TechDraw/Gui/CMakeFiles/TechDrawGui.dir/QGMText.cpp.o,3.592,3.52286,3.45049,0.05838,0.266334,0.690984,0.760894,0.033056,0.023282
src/Mod/TechDraw/Gui/CMakeFiles/TechDrawGui.dir/qrc_TechDraw_translation.cpp.o,3.591,3.525051,3.488831,0.008072,0,0,0,0.002435,0.0044
src/Mod/TechDraw/App/CMakeFiles/TechDraw.dir/DrawViewClipPyImp.cpp.o,3.583,3.507429,3.412341,0.080296,2.801192,0.725719,0.715332,0.041416,0.036764
tests/src/App/CMakeFiles/App_tests_run.dir/MappedElement.cpp.o,3.566,3.500791,2.892736,0.595223,1.042385,0.788449,0.623871,0.358468,0.234705
src/Mod/Fem/App/CMakeFiles/Fem.dir/FemConstraintFluidBoundary.cpp.o,3.56,3.491355,2.551564,0.927107,0.816213,0.672212,0.570951,0.61047,0.314632
src/Mod/Part/App/CMakeFiles/Part.dir/HLRBRep/PolyHLRToShapePyImp.cpp.o,3.559,3.489038,3.315792,0.159734,2.707333,0.665654,0.661374,0.067401,0.090245
src/Mod/TechDraw/App/CMakeFiles/TechDraw.dir/DrawViewSymbolPyImp.cpp.o,3.559,3.488996,3.415462,0.058713,2.983153,0.732097,0.71799,0.035118,0.021806
src/Mod/Mesh/App/CMakeFiles/Mesh.dir/FeatureMeshImport.cpp.o,3.552,3.479335,3.441222,0.022297,2.993737,0.843568,0.817638,0.011534,0.008836
src/Mod/Spreadsheet/App/CMakeFiles/Spreadsheet.dir/SheetPyImp.cpp.o,3.547,3.476597,2.750108,0.712365,1.963496,0.726333,0.669233,0.366961,0.343265
src/Mod/CAM/PathSimulator/App/CMakeFiles/PathSimulator.dir/PathSim.cpp.o,3.542,3.467408,3.418604,0.033109,2.996629,0.785078,0.785355,0.022821,0.008283
src/Mod/Mesh/App/CMakeFiles/Mesh.dir/FeatureMeshTransformDemolding.cpp.o,3.541,3.4661,3.432556,0.017929,3.006155,0.826482,0.811376,0.006219,0.009648
src/Mod/ReverseEngineering/App/CMakeFiles/ReverseEngineering.dir/SampleConsensus.cpp.o,3.538,3.465561,3.444853,0.004304,3.019875,0.836529,0.80605,0.001885,0.000309
src/Gui/CMakeFiles/FreeCADGui.dir/WorkbenchFactory.cpp.o,3.537,3.464729,3.412688,0.037207,2.990477,0.758065,0.791277,0.028631,0.006872
src/Mod/Mesh/App/CMakeFiles/Mesh.dir/FacetPyImp.cpp.o,3.536,3.459821,3.227236,0.218227,2.606295,0.750257,0.716234,0.103092,0.11308
src/Mod/Part/App/CMakeFiles/Part.dir/Geometry2d.cpp.o,3.528,3.460986,2.487905,0.961645,0.531337,0.718847,0.550309,0.510153,0.448766
tests/src/Gui/CMakeFiles/Gui_tests_run.dir/Assistant.cpp.o,3.528,3.459567,3.295462,0.149886,1.463632,0.854747,0.821466,0.110332,0.037522
src/App/CMakeFiles/FreeCADApp.dir/Origin.cpp.o,3.526,3.454399,3.420895,0.018313,3.011226,0.741954,0.765063,0.006231,0.009979
src/Gui/CMakeFiles/FreeCADGui.dir/Camera.cpp.o,3.526,3.451331,3.391042,0.046654,2.917426,0.860492,0.758485,0.025498,0.019217
src/Gui/CMakeFiles/FreeCADGui.dir/Inventor/Draggers/SoPlanarDragger.cpp.o,3.523,3.449085,3.358525,0.075658,2.388344,0.64913,0.674757,0.034239,0.039225
src/Mod/TechDraw/App/CMakeFiles/TechDraw.dir/DrawTilePyImp.cpp.o,3.523,3.450097,3.410441,0.025017,2.984057,0.722344,0.72271,0.015705,0.00726
src/Mod/TechDraw/App/CMakeFiles/TechDraw.dir/DrawTile.cpp.o,3.522,3.447394,3.342253,0.090289,2.913604,0.730623,0.70056,0.044582,0.043621
src/Mod/Start/Gui/CMakeFiles/StartGui.dir/FirstStartWidget.cpp.o,3.522,3.453423,3.400718,0.039362,2.719982,0.685801,0.74712,0.024643,0.013177
tests/src/Base/CMakeFiles/Base_tests_run.dir/Parameter.cpp.o,3.522,3.458804,2.358178,1.090214,0.4295,0.77164,0.607085,0.600378,0.487972
src/Mod/Mesh/App/CMakeFiles/Mesh.dir/FeatureMeshTransform.cpp.o,3.521,3.451518,3.418796,0.017176,2.989817,0.822976,0.79779,0.006016,0.009119
src/3rdParty/salomesmesh/CMakeFiles/SMESH.dir/src/SMESH/SMESH_Gen.cpp.o,3.52,3.459871,2.82064,0.624486,0.003213,0.813511,0.703254,0.426919,0.195509
src/3rdParty/salomesmesh/CMakeFiles/StdMeshers.dir/src/StdMeshers/StdMeshers_RadialPrism_3D.cpp.o,3.514,3.443344,2.82698,0.60304,0.051788,0.777367,0.706701,0.382809,0.218515
src/Mod/TechDraw/App/CMakeFiles/TechDraw.dir/DrawViewCollectionPyImp.cpp.o,3.514,3.436354,3.37825,0.039552,2.936177,0.731588,0.710845,0.021515,0.015093
src/Mod/TechDraw/App/CMakeFiles/TechDraw.dir/DrawWeldSymbolPyImp.cpp.o,3.512,3.439708,3.398607,0.025541,2.969912,0.724981,0.717392,0.016033,0.007393
src/Mod/Mesh/App/CMakeFiles/Mesh.dir/Segment.cpp.o,3.506,3.439849,3.223872,0.201715,2.749612,0.794257,0.735565,0.144728,0.054976
src/Mod/Fem/Gui/CMakeFiles/FemGui.dir/AbaqusHighlighter.cpp.o,3.505,3.436189,3.375845,0.046894,0.199207,0.666293,0.681849,0.025991,0.018529
src/App/CMakeFiles/FreeCADApp.dir/Part.cpp.o,3.503,3.427466,3.358141,0.053436,2.932891,0.720601,0.734093,0.02842,0.022958
src/Gui/CMakeFiles/FreeCADGui.dir/ViewProviderExtensionPyImp.cpp.o,3.496,3.422014,3.365259,0.042268,2.733337,0.703124,0.701626,0.024366,0.015598
src/App/CMakeFiles/FreeCADApp.dir/OriginGroupExtensionPyImp.cpp.o,3.494,3.42185,3.380004,0.026201,2.962272,0.719097,0.740473,0.017014,0.007182
src/Mod/TechDraw/App/CMakeFiles/TechDraw.dir/DrawLeaderLinePyImp.cpp.o,3.493,3.41863,3.378479,0.025297,2.953042,0.715293,0.707404,0.015257,0.008075
src/Mod/Sketcher/Gui/CMakeFiles/SketcherGui.dir/SketchMirrorDialog.cpp.o,3.49,3.41677,3.357185,0.045127,0.294451,0.700316,0.726839,0.028292,0.014764
src/Mod/TechDraw/App/CMakeFiles/TechDraw.dir/DrawRichAnnoPyImp.cpp.o,3.488,3.419353,3.382535,0.023401,2.950974,0.725071,0.713825,0.014825,0.007066
tests/src/Mod/Part/App/CMakeFiles/Part_tests_run.dir/BRepMesh.cpp.o,3.486,3.413956,3.16951,0.229817,1.387632,0.840304,0.748744,0.147058,0.080559
src/Mod/TechDraw/App/CMakeFiles/TechDraw.dir/DrawTileWeldPyImp.cpp.o,3.481,3.409402,3.368676,0.024956,2.942365,0.722694,0.706013,0.015723,0.007172
src/Gui/CMakeFiles/FreeCADGui.dir/Quarter/EventFilter.cpp.o,3.48,3.4044,3.310114,0.080676,0.265944,0.641606,0.679211,0.055798,0.022933
src/Mod/Part/App/CMakeFiles/Part.dir/HLRBRep/HLRToShapePyImp.cpp.o,3.48,3.401815,3.208677,0.179716,2.605596,0.66059,0.636895,0.074273,0.103607
src/Mod/Assembly/App/CMakeFiles/Assembly.dir/AssemblyLinkPyImp.cpp.o,3.478,3.406845,3.341766,0.049656,2.928874,0.702731,0.730168,0.027572,0.020022
src/Gui/CMakeFiles/FreeCADGui.dir/PreferencePages/ListWidgetDragBugFix.cpp.o,3.477,3.408629,3.380788,0.01477,0,0.717727,0.703561,0.007307,0.005798
src/Gui/CMakeFiles/FreeCADGui.dir/QSint/actionpanel/actionlabel.cpp.o,3.477,3.40331,3.348007,0.04199,2.723254,0.672468,0.712589,0.026584,0.013528
src/Mod/TechDraw/App/CMakeFiles/TechDraw.dir/DrawParametricTemplatePyImp.cpp.o,3.476,3.406481,3.307688,0.084056,2.842347,0.768615,0.721788,0.059914,0.022434
src/Gui/CMakeFiles/FreeCADGui.dir/QSint/actionpanel/actiongroup.cpp.o,3.471,3.398378,3.310014,0.073332,2.917104,0.669354,0.700809,0.046398,0.024743
src/Mod/ReverseEngineering/App/CMakeFiles/ReverseEngineering.dir/RegionGrowing.cpp.o,3.471,3.401213,3.383003,0.003482,2.960677,0.824516,0.791452,0.001579,0.000261
src/Mod/Fem/App/CMakeFiles/Fem.dir/FemMeshProperty.cpp.o,3.47,3.396298,3.323314,0.055183,2.891799,0.800737,0.77673,0.032815,0.020125
src/Gui/CMakeFiles/FreeCADGui.dir/SyntaxHighlighter.cpp.o,3.466,3.393885,3.356567,0.025047,0.214728,0.657716,0.698975,0.013201,0.010209
src/Mod/Part/App/CMakeFiles/Part.dir/ShapeFix/ShapeFix_ShapePyImp.cpp.o,3.46,3.39077,3.213279,0.164164,2.595924,0.6569,0.637072,0.078306,0.083758
src/Gui/CMakeFiles/FreeCADGui.dir/Quarter/moc_QuarterWidget.cpp.o,3.457,3.379606,3.291898,0.073667,2.787215,0.72728,0.690537,0.045156,0.026333
src/Gui/CMakeFiles/FreeCADGui.dir/ToolBarAreaWidget.cpp.o,3.457,3.384216,3.293351,0.076576,0.590108,0.666465,0.700705,0.050513,0.024016
src/Mod/TechDraw/Gui/CMakeFiles/TechDrawGui.dir/QGCustomClip.cpp.o,3.456,3.381497,3.351932,0.015718,0.195346,0.664311,0.721698,0.006505,0.007227
src/Mod/Start/Gui/CMakeFiles/StartGui.dir/FileCardView.cpp.o,3.448,3.37561,3.337366,0.023307,2.957138,0.69561,0.748152,0.011459,0.009745
src/App/CMakeFiles/FreeCADApp.dir/PartPyImp.cpp.o,3.447,3.3806,3.341621,0.024391,2.932081,0.705783,0.73273,0.015281,0.007223
src/Mod/Part/App/CMakeFiles/Part.dir/ShapeUpgrade/UnifySameDomainPyImp.cpp.o,3.447,3.381563,3.213445,0.155477,2.031795,0.666286,0.649897,0.084891,0.068702
src/Mod/ReverseEngineering/App/CMakeFiles/ReverseEngineering.dir/Segmentation.cpp.o,3.446,3.370918,3.352159,0.003768,2.940408,0.828817,0.806992,0.001704,0.000261
src/Mod/Part/App/CMakeFiles/Part.dir/TopoShapeCompSolidPyImp.cpp.o,3.445,3.377974,3.254238,0.111091,1.670515,0.674678,0.643482,0.073486,0.036095
src/App/CMakeFiles/FreeCADApp.dir/RecoverySnapshot.cpp.o,3.442,3.372761,3.205896,0.152009,2.697381,0.849824,0.797653,0.102951,0.047094
src/Gui/CMakeFiles/FreeCADGui.dir/ElideCheckBox.cpp.o,3.436,3.361782,3.312224,0.035143,2.909306,0.662107,0.708734,0.019964,0.013058
src/Mod/Material/Gui/CMakeFiles/MatGui.dir/WorkbenchManipulator.cpp.o,3.432,3.358076,3.307747,0.033077,2.928162,0.657526,0.69492,0.018727,0.01178
src/Mod/Material/App/CMakeFiles/Materials.dir/Exceptions.cpp.o,3.431,3.332477,2.953847,0.359197,2.410418,0.704086,0.54335,0.134027,0.220267
src/Mod/CAM/PathSimulator/AppGL/CMakeFiles/CAMSimulator.dir/GuiDisplay.cpp.o,3.426,3.35884,3.250073,0.096424,2.856924,0.639145,0.670167,0.051465,0.043302
src/3rdParty/salomesmesh/CMakeFiles/StdMeshers.dir/src/StdMeshers/StdMeshers_MEFISTO_2D.cpp.o,3.425,3.354879,2.752722,0.588299,0.003854,0.737229,0.657615,0.385917,0.200566
src/Gui/CMakeFiles/FreeCADGui.dir/QSint/actionpanel/actionpanelscheme.cpp.o,3.414,3.343386,3.250677,0.078293,2.839549,0.675516,0.669592,0.049719,0.026507
src/Gui/CMakeFiles/FreeCADGui.dir/Navigation/NavigationStylePyImp.cpp.o,3.414,3.339318,3.274577,0.051857,2.866635,0.635582,0.625941,0.028257,0.021611
src/Mod/Part/App/CMakeFiles/Part.dir/BRepMesh.cpp.o,3.414,3.345441,3.032615,0.299365,2.411074,0.728687,0.633068,0.233228,0.063789
src/Mod/TechDraw/App/CMakeFiles/TechDraw.dir/DrawViewAnnotationPyImp.cpp.o,3.414,3.345905,3.308992,0.02359,2.89059,0.716176,0.693528,0.015025,0.007022
src/Mod/TechDraw/Gui/CMakeFiles/TechDrawGui.dir/QGVNavStyleBlender.cpp.o,3.409,3.337085,3.303575,0.019721,2.756655,0.666403,0.735568,0.010976,0.006679
src/Gui/CMakeFiles/FreeCADGui.dir/DAGView/DAGRectItem.cpp.o,3.406,3.333952,3.299378,0.02093,0.028697,0.673904,0.702733,0.011772,0.007028
src/Mod/Part/App/CMakeFiles/Part.dir/ShapeFix/ShapeFix_FixSmallFacePyImp.cpp.o,3.404,3.327445,3.198463,0.115392,2.588083,0.662979,0.642274,0.052932,0.060504
src/Mod/Mesh/Gui/CMakeFiles/MeshGui.dir/Selection.cpp.o,3.404,3.328365,3.263096,0.052038,2.849471,0.667494,0.666891,0.029428,0.020681
src/Gui/CMakeFiles/FreeCADGui.dir/GraphicsViewZoom.cpp.o,3.401,3.326393,3.282146,0.029602,0,0.65531,0.706271,0.016811,0.01059
src/Mod/Part/App/CMakeFiles/Part.dir/ShapeFix/ShapeFix_WireframePyImp.cpp.o,3.399,3.32817,3.226374,0.089041,2.631264,0.664303,0.657926,0.045027,0.042209
src/Gui/CMakeFiles/FreeCADGui.dir/Quarter/Mouse.cpp.o,3.396,3.325031,3.289314,0.022404,0.248649,0.635556,0.671092,0.011657,0.008887
src/Mod/TechDraw/Gui/CMakeFiles/TechDrawGui.dir/QGVNavStyleInventor.cpp.o,3.395,3.322878,3.291934,0.016559,2.752537,0.651162,0.728505,0.009067,0.005419
src/Mod/Part/App/CMakeFiles/Part.dir/ShapeFix/ShapeFix_FaceConnectPyImp.cpp.o,3.393,3.322282,3.223779,0.085159,2.643938,0.653261,0.642138,0.044921,0.038252
src/Mod/Start/Gui/CMakeFiles/StartGui.dir/NewFileButton.cpp.o,3.392,3.320699,3.281916,0.02548,0.297236,0.673585,0.731268,0.014253,0.009444
src/Gui/CMakeFiles/FreeCADGui.dir/ActionFunction.cpp.o,3.391,3.319938,3.125738,0.181273,0.00233,0.702842,0.647138,0.126043,0.053217
tests/src/Gui/CMakeFiles/Gui_tests_run.dir/ColorScaleOverlayTest.cpp.o,3.391,3.328356,2.24392,1.073834,0.422252,0.718137,0.551581,0.692268,0.379665
src/Gui/CMakeFiles/FreeCADGui.dir/Multisample.cpp.o,3.39,3.315849,3.246175,0.055569,2.688866,0.700689,0.711518,0.037296,0.016263
src/3rdParty/OndselSolver/OndselSolver/CMakeFiles/OndselSolver.dir/PartFrame.cpp.o,3.39,3.329158,1.58294,1.737061,0.754427,0.554858,0.442399,1.10259,0.63175
src/Gui/CMakeFiles/FreeCADGui.dir/QSint/actionpanel/taskgroup_p.cpp.o,3.387,3.317758,3.275329,0.029846,2.817091,0.631243,0.684229,0.018148,0.009866
src/Gui/CMakeFiles/FreeCADGui.dir/QSint/actionpanel/taskheader_p.cpp.o,3.387,3.310401,3.253635,0.041163,2.7912,0.641425,0.678046,0.021703,0.017326
src/Mod/Part/Gui/CMakeFiles/PartGui.dir/WorkbenchManipulator.cpp.o,3.385,3.315453,3.266949,0.03466,2.870644,0.674645,0.704819,0.024945,0.007753
src/Mod/Part/App/CMakeFiles/Part.dir/ChFi2d/ChFi2d_ChamferAPIPyImp.cpp.o,3.384,3.316271,3.198129,0.104732,1.626111,0.658265,0.631075,0.052715,0.050124
src/Gui/CMakeFiles/FreeCADGui.dir/ElideLabel.cpp.o,3.382,3.307453,3.262585,0.031433,2.793511,0.670118,0.699569,0.018923,0.010542
src/Gui/CMakeFiles/FreeCADGui.dir/Quarter/InteractionMode.cpp.o,3.381,3.307033,3.268896,0.023698,2.426622,0.639524,0.688465,0.011195,0.010499
src/App/CMakeFiles/FreeCADApp.dir/MetadataPyImp.cpp.o,3.377,3.318948,2.148309,1.159863,1.40808,0.563392,0.39594,0.569779,0.588012
src/App/CMakeFiles/FreeCADApp.dir/SafeMode.cpp.o,3.377,3.309884,3.181212,0.112119,0.266925,0.701148,0.73854,0.081831,0.02842
src/Gui/CMakeFiles/FreeCADGui.dir/QSint/actionpanel/actionpanel.cpp.o,3.377,3.306893,3.266538,0.026331,2.869336,0.67292,0.696955,0.016407,0.007856
src/Mod/TechDraw/Gui/CMakeFiles/TechDrawGui.dir/mtextedit.cpp.o,3.377,3.308123,3.177391,0.117468,0.342351,0.660451,0.655841,0.075122,0.040326
src/Mod/Part/App/CMakeFiles/Part.dir/ShapeFix/ShapeFix_EdgeConnectPyImp.cpp.o,3.375,3.301054,3.199998,0.08753,2.604824,0.659081,0.636995,0.046568,0.038978
src/Mod/Part/App/CMakeFiles/Part.dir/ShapeFix/ShapeFix_ShellPyImp.cpp.o,3.373,3.295682,3.153764,0.128388,2.556018,0.670836,0.638712,0.062857,0.063566
src/Mod/Mesh/App/CMakeFiles/Mesh.dir/MeshPointPyImp.cpp.o,3.37,3.303289,3.175331,0.114093,2.766509,0.745365,0.710045,0.062863,0.049411
src/Mod/Part/App/CMakeFiles/Part.dir/ShapeFix/ShapeFix_SolidPyImp.cpp.o,3.366,3.300319,3.168773,0.119262,2.559749,0.651959,0.619959,0.060524,0.056889
src/Mod/Mesh/App/CMakeFiles/Mesh.dir/MeshTexture.cpp.o,3.365,3.299498,3.189665,0.096221,2.766511,0.773264,0.760304,0.070479,0.024082
src/Mod/Mesh/Gui/CMakeFiles/MeshGui.dir/DlgEvaluateSettings.cpp.o,3.358,3.282597,3.223826,0.046002,2.844016,0.638568,0.65348,0.024532,0.019767
src/Mod/Part/App/CMakeFiles/Part.dir/ShapeFix/ShapeFix_FreeBoundsPyImp.cpp.o,3.357,3.283508,3.209849,0.059829,2.612849,0.656649,0.625198,0.032143,0.02555
src/Mod/Part/App/CMakeFiles/Part.dir/ShapeFix/ShapeFix_ShapeTolerancePyImp.cpp.o,3.355,3.284791,3.219792,0.051887,2.621964,0.657915,0.634208,0.029391,0.020546
src/Mod/TechDraw/Gui/CMakeFiles/TechDrawGui.dir/QGVNavStyleRevit.cpp.o,3.354,3.285361,3.251569,0.020002,2.706687,0.65584,0.726245,0.010569,0.007385
src/Mod/Part/App/CMakeFiles/Part.dir/ShapeFix/ShapeFix_SplitToolPyImp.cpp.o,3.35,3.280335,3.166354,0.10048,2.573815,0.651631,0.6266,0.04917,0.049263
src/Mod/Mesh/App/CMakeFiles/Mesh.dir/Core/Builder.cpp.o,3.346,3.279674,2.714587,0.553323,2.052532,0.778497,0.556484,0.390618,0.160661
src/Mod/Start/App/CMakeFiles/Start.dir/Start_autogen/mocs_compilation.cpp.o,3.342,3.275212,3.151201,0.109394,0,0.725748,0.702488,0.073523,0.03359
src/Mod/Part/App/CMakeFiles/Part.dir/PartPyCXX.cpp.o,3.341,3.271176,3.23976,0.018082,2.853447,0.669421,0.636875,0.007738,0.008465
src/Mod/Part/App/CMakeFiles/Part.dir/ShapeFix/ShapeFix_FixSmallSolidPyImp.cpp.o,3.341,3.26727,3.189432,0.064069,1.44494,0.671538,0.649261,0.032243,0.029764
src/Mod/TechDraw/Gui/CMakeFiles/TechDrawGui.dir/QGDisplayArea.cpp.o,3.341,3.274522,3.24873,0.01216,0.035589,0.658869,0.690621,0.005151,0.005079
src/Mod/TechDraw/Gui/CMakeFiles/TechDrawGui.dir/QGVNavStyleOCC.cpp.o,3.341,3.270101,3.233064,0.021825,2.68479,0.653361,0.719481,0.011884,0.007897
src/Gui/CMakeFiles/FreeCADGui.dir/AxisOriginPyImp.cpp.o,3.338,3.266033,3.031071,0.222636,2.162747,0.636452,0.560879,0.118565,0.102224
src/Mod/TechDraw/Gui/CMakeFiles/TechDrawGui.dir/QGVNavStyleTouchpad.cpp.o,3.336,3.262903,3.230996,0.018039,0.208167,0.633218,0.713485,0.009804,0.006271
src/Mod/TechDraw/Gui/CMakeFiles/TechDrawGui.dir/QGVNavStyleMaya.cpp.o,3.335,3.262163,3.224651,0.022761,0.212993,0.639762,0.713513,0.013639,0.007004
src/Gui/CMakeFiles/FreeCADGui.dir/qrc_translation.cpp.o,3.334,3.26603,3.231289,0.007831,0,0,0,0.002541,0.004014
src/Mod/TechDraw/Gui/CMakeFiles/TechDrawGui.dir/QGVNavStyleSolidWorks.cpp.o,3.332,3.261378,3.227551,0.019892,2.692191,0.64778,0.711849,0.011132,0.006573
tests/src/Mod/TechDraw/App/CMakeFiles/TechDraw_tests_run.dir/LineFormat.cpp.o,3.328,3.259092,3.014805,0.229578,1.225026,0.816621,0.738149,0.159962,0.067644
src/Mod/Part/App/CMakeFiles/Part.dir/ShapeFix/ShapeFix_WireVertexPyImp.cpp.o,3.327,3.256769,3.166187,0.076852,2.571551,0.66009,0.630457,0.041406,0.033541
src/App/CMakeFiles/FreeCADApp.dir/MappedName.cpp.o,3.323,3.25334,3.061392,0.179993,2.423735,0.60749,0.498518,0.115429,0.062666
src/Mod/TechDraw/Gui/CMakeFiles/TechDrawGui.dir/QGCustomBorder.cpp.o,3.323,3.249934,3.224874,0.011222,0.036466,0.659388,0.681917,0.004945,0.004353
src/App/CMakeFiles/FreeCADApp.dir/LinkBaseExtensionPyImp.cpp.o,3.321,3.249974,2.898849,0.337302,2.349453,0.730116,0.646674,0.202377,0.132847
src/Mod/Part/App/CMakeFiles/Part.dir/ShapeFix/ShapeFix_SplitCommonVertexPyImp.cpp.o,3.321,3.249102,3.182104,0.05415,2.581973,0.653061,0.63725,0.031113,0.021052
src/Gui/CMakeFiles/FreeCADGui.dir/Quarter/ContextMenu.cpp.o,3.32,3.244109,3.163651,0.066879,0.118989,0.657777,0.664261,0.044698,0.020235
src/Mod/Part/App/CMakeFiles/Part.dir/LinkArray.cpp.o,3.316,3.244245,3.029461,0.199435,2.417202,0.702241,0.6555,0.141248,0.055877
src/3rdParty/WildMagic4/CMakeFiles/WildMagic4.dir/Wm4TriangulateEC.cpp.o,3.303,3.241975,1.820731,1.41289,1.147096,0.64977,0.320491,0.857103,0.553977
src/Gui/CMakeFiles/FreeCADGui.dir/Inventor/Draggers/SoTransformDragger.cpp.o,3.302,3.23127,3.020769,0.19831,2.006271,0.694511,0.584326,0.063356,0.133157
src/Mod/Sketcher/Gui/CMakeFiles/SketcherGui.dir/qrc_Sketcher_translation.cpp.o,3.3,3.234249,3.200695,0.008261,0,0,0,0.002609,0.004354
src/Gui/CMakeFiles/FreeCADGui.dir/FontScaledSVG.cpp.o,3.297,3.228086,3.191786,0.024292,2.804583,0.655661,0.688516,0.014443,0.008306
src/Gui/CMakeFiles/FreeCADGui.dir/QSint/actionpanel/moc_taskheader_p.cpp.o,3.296,3.22669,3.201516,0.012098,2.806895,0.647851,0.662404,0.005599,0.004954
src/Mod/TechDraw/Gui/CMakeFiles/TechDrawGui.dir/QGCustomSvg.cpp.o,3.295,3.226114,3.198543,0.015642,0.09071,0.637224,0.683964,0.006281,0.00788
src/Mod/TechDraw/Gui/CMakeFiles/TechDrawGui.dir/QGVNavStyleGesture.cpp.o,3.295,3.223629,3.193365,0.016304,2.654182,0.64848,0.7139,0.008932,0.005351
src/Gui/CMakeFiles/FreeCADGui.dir/Selection/SelectionFilter.cpp.o,3.293,3.22114,2.707925,0.498311,2.113863,0.741217,0.660237,0.32302,0.173038
src/Mod/Fem/App/CMakeFiles/Fem.dir/FemPostBranchFilterPyImp.cpp.o,3.293,3.216925,3.127981,0.07115,2.154123,0.792658,0.814578,0.038623,0.030173
src/3rdParty/salomesmesh/CMakeFiles/SMESHDS.dir/src/SMESHDS/SMESHDS_Mesh.cpp.o,3.289,3.220724,2.47455,0.734596,0.006738,0.707802,0.559824,0.458567,0.274071
src/Mod/Measure/App/CMakeFiles/Measure.dir/MeasureBasePyImp.cpp.o,3.289,3.220859,3.182904,0.024292,2.775024,0.694499,0.682672,0.015178,0.007269
src/App/CMakeFiles/FreeCADApp.dir/ProjectFile.cpp.o,3.286,3.222811,2.545832,0.664187,1.904699,0.794152,0.665004,0.428207,0.233852
src/Mod/Sketcher/Gui/CMakeFiles/SketcherGui.dir/EditModeCoinManagerParameters.cpp.o,3.284,3.210624,3.175497,0.021662,2.787914,0.703891,0.631075,0.015178,0.004743
src/Base/CMakeFiles/FreeCADBase.dir/Writer.cpp.o,3.283,3.220061,2.461371,0.74595,1.671379,0.85539,0.581815,0.477885,0.265869
src/Gui/CMakeFiles/FreeCADGui.dir/ViewProviderExtension.cpp.o,3.283,3.20643,3.152936,0.037157,2.722313,0.666602,0.66532,0.016112,0.018474
src/Mod/Robot/App/CMakeFiles/Robot.dir/kdl_cp/chainiksolvervel_pinv_givens.cpp.o,3.282,3.212357,2.344323,0.854459,1.547937,0.744188,0.654161,0.617024,0.23555
src/Mod/TechDraw/Gui/CMakeFiles/TechDrawGui.dir/QGCustomLabel.cpp.o,3.28,3.21025,3.180285,0.016464,0.034726,0.649633,0.668688,0.008182,0.006464
src/3rdParty/salomesmesh/CMakeFiles/StdMeshers.dir/src/StdMeshers/StdMeshers_CartesianParameters3D.cpp.o,3.279,3.209841,2.522724,0.673997,0.341633,0.712161,0.588753,0.471596,0.200145
src/Mod/TechDraw/Gui/CMakeFiles/TechDrawGui.dir/QGVNavStyleTinkerCAD.cpp.o,3.278,3.208261,3.181444,0.013746,2.657257,0.630897,0.707618,0.007599,0.004354
src/Mod/Fem/App/CMakeFiles/Fem.dir/FemPostFilterPyImp.cpp.o,3.275,3.204621,3.066996,0.121187,2.111371,0.78702,0.797282,0.071039,0.048196
src/Mod/Robot/App/CMakeFiles/Robot.dir/kdl_cp/treeiksolvervel_wdls.cpp.o,3.273,3.204128,2.442501,0.748151,1.463173,0.882528,0.641595,0.525829,0.220289
src/Mod/Start/App/CMakeFiles/Start.dir/RecentFilesModel.cpp.o,3.272,3.202093,3.143605,0.043677,2.756942,0.696582,0.715278,0.031267,0.01073
src/Mod/TechDraw/Gui/CMakeFiles/TechDrawGui.dir/QGCustomRect.cpp.o,3.269,3.199421,3.17306,0.012026,0.034205,0.660138,0.67243,0.005074,0.004788
src/App/CMakeFiles/FreeCADApp.dir/TranslationQtBridge.cpp.o,3.268,3.197434,2.838281,0.347151,2.168753,0.714873,0.616279,0.254552,0.090922
src/3rdParty/salomesmesh/CMakeFiles/SMESH.dir/src/SMESH/SMESH_Block.cpp.o,3.265,3.200517,2.397271,0.793145,0.020024,0.574971,0.466952,0.444469,0.34695
src/Mod/Mesh/App/CMakeFiles/Mesh.dir/Core/Evaluation.cpp.o,3.265,3.208716,2.318993,0.879317,1.602808,0.769563,0.499523,0.592069,0.285334
src/Mod/Fem/App/CMakeFiles/Fem.dir/FemPostGroupExtension.cpp.o,3.265,3.194496,3.068498,0.110473,2.561768,0.804122,0.781966,0.078118,0.030369
src/3rdParty/salomesmesh/CMakeFiles/StdMeshers.dir/src/StdMeshers/StdMeshers_Regular_1D.cpp.o,3.264,3.19404,2.561324,0.619354,0.012061,0.68751,0.578925,0.381792,0.235535
src/Gui/CMakeFiles/FreeCADGui.dir/Quarter/KeyboardP.cpp.o,3.26,3.193235,3.093561,0.086935,2.469074,0.651538,0.62858,0.059246,0.025824
src/Mod/TechDraw/Gui/CMakeFiles/TechDrawGui.dir/QGCustomImage.cpp.o,3.259,3.188393,3.156905,0.018006,0.02962,0.644669,0.664257,0.008777,0.007182
src/Mod/CAM/libarea/CMakeFiles/area-native.dir/clipper.cpp.o,3.256,3.195613,1.834143,1.353731,1.112188,0.561517,0.324546,0.878051,0.473997
src/Base/CMakeFiles/FreeCADBase.dir/Console.cpp.o,3.255,3.19303,1.982842,1.20115,0.600498,0.575124,0.383841,0.78139,0.4179
src/Gui/CMakeFiles/FreeCADGui.dir/Navigation/NavigationAnimation.cpp.o,3.252,3.179564,3.132995,0.032995,2.722791,0.63515,0.616625,0.015695,0.015135
src/Gui/CMakeFiles/FreeCADGui.dir/Quarter/FocusHandler.cpp.o,3.25,3.177268,3.1524,0.012516,0.626562,0.648476,0.661881,0.005097,0.005801
src/Mod/Start/Gui/CMakeFiles/StartGui.dir/FlowLayout.cpp.o,3.25,3.181666,3.06072,0.108329,0.016817,0.631492,0.622137,0.068028,0.038245
src/3rdParty/Clipper2/CMakeFiles/Clipper2Z.dir/Clipper2Lib/src/clipper.engine.cpp.o,3.247,3.190735,2.086372,1.095191,1.445611,0.757117,0.448821,0.743809,0.349646
src/Gui/CMakeFiles/FreeCADGui.dir/ToolBox.cpp.o,3.246,3.174923,3.103292,0.059377,0.000794,0.645847,0.628997,0.036378,0.021377
src/Mod/Mesh/App/CMakeFiles/Mesh.dir/Facet.cpp.o,3.238,3.171909,3.137056,0.020469,2.745513,0.748145,0.690855,0.009793,0.009024
src/Mod/TechDraw/Gui/CMakeFiles/TechDrawGui.dir/QGVNavStyleOpenSCAD.cpp.o,3.238,3.165901,3.12804,0.02424,2.596471,0.641254,0.700171,0.013388,0.008759
src/Mod/TechDraw/Gui/CMakeFiles/TechDrawGui.dir/QGVNavStyleCAD.cpp.o,3.234,3.169997,3.131247,0.025863,0.207091,0.620867,0.693673,0.01406,0.010249
src/Mod/Assembly/App/CMakeFiles/Assembly.dir/Groups.cpp.o,3.228,3.151368,3.056025,0.080236,2.601163,0.762648,0.749287,0.04139,0.036761
src/Gui/CMakeFiles/FreeCADGui.dir/MDIViewWithCamera.cpp.o,3.226,3.155202,3.124465,0.017119,2.737645,0.638781,0.635249,0.008716,0.006296
tests/src/Mod/Start/App/CMakeFiles/Start_tests_run.dir/ThumbnailSource.cpp.o,3.223,3.15927,3.142445,0.002056,1.423135,0.841906,0.781893,0.000119,0.000268
src/3rdParty/WildMagic4/CMakeFiles/WildMagic4.dir/Wm4Delaunay3.cpp.o,3.221,3.159554,1.798962,1.35256,1.143504,0.650903,0.338229,0.784739,0.566044
src/Mod/Robot/App/CMakeFiles/Robot.dir/kdl_cp/articulatedbodyinertia.cpp.o,3.22,3.1517,2.696638,0.43741,1.359014,0.982487,0.954046,0.406164,0.029184
src/Mod/CAM/App/CMakeFiles/Path.dir/VoronoiPyImp.cpp.o,3.213,3.149528,2.878565,0.257772,1.782653,0.976099,0.570496,0.152682,0.103086
src/Gui/CMakeFiles/FreeCADGui.dir/QSint/actionpanel/moc_actionpanel.cpp.o,3.212,3.137116,3.113007,0.01044,2.732411,0.6414,0.638188,0.004499,0.003868
src/Gui/CMakeFiles/FreeCADGui.dir/ParamHandler.cpp.o,3.21,3.139375,3.017203,0.108,2.570098,0.702834,0.642109,0.07924,0.026185
src/Mod/CAM/libarea/CMakeFiles/area-native.dir/AreaClipper.cpp.o,3.21,3.134274,2.332464,0.790722,1.558281,0.882058,0.543439,0.565316,0.223405
src/Gui/CMakeFiles/FreeCADGui.dir/QSint/actionpanel/moc_actiongroup.cpp.o,3.209,3.135655,3.112077,0.010708,2.728586,0.64396,0.638902,0.004986,0.003849
src/Mod/CAM/PathSimulator/AppGL/CMakeFiles/CAMSimulator.dir/MillSimulation.cpp.o,3.209,3.136028,2.963085,0.161074,2.528628,0.641452,0.570622,0.104034,0.055206
src/Gui/CMakeFiles/FreeCADGui.dir/ViewProviderFeature.cpp.o,3.208,3.134267,3.063312,0.057232,2.607822,0.685476,0.649118,0.036036,0.019313
src/Gui/CMakeFiles/FreeCADGui.dir/Quarter/QuarterP.cpp.o,3.205,3.13086,3.094638,0.023192,2.681091,0.647937,0.633251,0.015661,0.005932
src/Gui/CMakeFiles/FreeCADGui.dir/View.cpp.o,3.203,3.133898,3.105683,0.01492,2.693445,0.740898,0.66703,0.005734,0.007069
src/Gui/CMakeFiles/FreeCADGui.dir/WaitCursor.cpp.o,3.202,3.126396,3.080137,0.032986,0.001146,0.628937,0.638958,0.016261,0.014762
src/Gui/CMakeFiles/FreeCADGui.dir/Navigation/NavigationAnimator.cpp.o,3.202,3.130872,3.080689,0.037857,2.716129,0.614447,0.61117,0.024374,0.011566
src/Mod/TechDraw/Gui/CMakeFiles/TechDrawGui.dir/QGIDimLines.cpp.o,3.202,3.133901,3.104862,0.016302,1.124419,0.640064,0.645941,0.005421,0.008657
src/Gui/CMakeFiles/FreeCADGui.dir/SplitButton.cpp.o,3.2,3.125863,3.072412,0.040743,2.694921,0.628468,0.631897,0.031514,0.00745
src/3rdParty/salomesmesh/CMakeFiles/SMESH.dir/src/SMESH/SMESH_ProxyMesh.cpp.o,3.198,3.129777,2.705443,0.412021,0.001195,0.826192,0.626588,0.278234,0.132058
src/Gui/CMakeFiles/FreeCADGui.dir/Quarter/SpaceNavigatorDevice.cpp.o,3.194,3.124031,3.102084,0.008256,0.000574,0.631029,0.633654,0.002934,0.00336
src/3rdParty/salomesmesh/CMakeFiles/StdMeshers.dir/src/StdMeshers/StdMeshers_Projection_1D2D.cpp.o,3.191,3.123253,2.704346,0.405586,0.003024,0.779109,0.67043,0.267785,0.136126
src/App/CMakeFiles/FreeCADApp.dir/MappedElement.cpp.o,3.187,3.117805,3.047194,0.056958,2.572006,0.702545,0.635807,0.039631,0.015324
src/Gui/CMakeFiles/FreeCADGui.dir/3Dconnexion/GuiAbstractNativeEvent.cpp.o,3.187,3.12084,3.08484,0.02182,2.671376,0.647124,0.620188,0.014542,0.005105
src/Mod/Fem/Gui/CMakeFiles/FemGui.dir/ViewProviderSetElements.cpp.o,3.187,3.112366,3.071808,0.025717,2.648351,0.664841,0.667021,0.013261,0.010239
tests/src/Base/CMakeFiles/Base_tests_run.dir/ParameterObserver.cpp.o,3.187,3.124614,2.454497,0.658931,0.50809,0.897538,0.666543,0.405243,0.251717
src/Mod/Fem/Gui/CMakeFiles/FemGui.dir/ViewProviderSetGeometry.cpp.o,3.186,3.113474,3.076335,0.023853,2.664813,0.66193,0.6662,0.011832,0.010348
src/Mod/Part/App/CMakeFiles/Part.dir/Geom2d/BSplineCurve2dPyImp.cpp.o,3.184,3.119899,2.311628,0.798139,0.437312,0.575654,0.393337,0.385331,0.41062
src/3rdParty/salomesmesh/CMakeFiles/StdMeshers.dir/src/StdMeshers/StdMeshers_Projection_3D.cpp.o,3.165,3.096027,2.636895,0.446106,0.050569,0.732455,0.646929,0.268621,0.175644
src/Mod/Mesh/App/CMakeFiles/Mesh.dir/Edge.cpp.o,3.162,3.098994,3.070509,0.015106,2.684971,0.740276,0.695697,0.007658,0.005628
tests/src/Mod/Part/App/CMakeFiles/Part_tests_run.dir/TopoDS_Shape.cpp.o,3.158,3.094603,2.793845,0.288087,0.737692,0.790463,0.698626,0.185247,0.100835
src/Base/CMakeFiles/FreeCADBase.dir/Unit.cpp.o,3.156,3.095754,1.935619,1.151169,1.259733,0.491586,0.348009,0.745822,0.40333
src/Base/CMakeFiles/FreeCADBase.dir/ParameterPy.cpp.o,3.155,3.098209,2.032792,1.055176,1.475924,0.550633,0.391385,0.83049,0.22275
src/Gui/CMakeFiles/FreeCADGui.dir/QSint/actionpanel/moc_actionlabel.cpp.o,3.154,3.080312,3.056564,0.010169,2.692303,0.604044,0.609039,0.00408,0.004126
src/Gui/CMakeFiles/FreeCADGui.dir/Quarter/Keyboard.cpp.o,3.148,3.076405,3.054787,0.007815,0.001327,0.606479,0.60946,0.002946,0.002838
src/Mod/Web/App/CMakeFiles/Web.dir/Server.cpp.o,3.147,3.074258,2.916202,0.145393,2.258731,0.620053,0.575337,0.080487,0.062902
src/Gui/CMakeFiles/FreeCADGui.dir/SpaceballEvent.cpp.o,3.141,3.06775,3.02717,0.026037,2.683547,0.593061,0.598452,0.010828,0.013029
tests/src/Base/CMakeFiles/Base_tests_run.dir/FileInfo.cpp.o,3.141,3.079839,2.18454,0.885093,0.320345,0.737984,0.572434,0.498252,0.384861
src/Gui/CMakeFiles/FreeCADGui.dir/DockWindow.cpp.o,3.137,3.067107,3.035775,0.020137,2.656406,0.617026,0.605,0.009014,0.009528
src/App/CMakeFiles/FreeCADApp.dir/MeasureManager.cpp.o,3.136,3.06152,2.864113,0.183752,1.282551,0.698759,0.645923,0.109047,0.073032
tests/src/Base/CMakeFiles/Base_tests_run.dir/Console.cpp.o,3.133,3.070207,2.006016,1.054215,0,0.687843,0.535894,0.685548,0.366387
src/Base/CMakeFiles/FreeCADBase.dir/Exception.cpp.o,3.131,3.072747,1.842136,1.221978,0.345693,0.473191,0.337196,0.729673,0.490338
src/Gui/CMakeFiles/FreeCADGui.dir/FreeCADStyle.cpp.o,3.127,3.049226,3.02684,0.007855,2.672943,0.618828,0.622332,0.003356,0.002156
src/3rdParty/salomesmesh/CMakeFiles/SMESH.dir/src/SMESH/MED_GaussUtils.cpp.o,3.125,3.064606,1.734986,1.321408,1.199395,0.544364,0.311394,0.719854,0.599419
src/Base/CMakeFiles/FreeCADBase.dir/ParameterObserver.cpp.o,3.123,3.055149,2.803058,0.239368,0.239109,0.694394,0.482889,0.153115,0.084616
src/App/CMakeFiles/FreeCADApp.dir/ConsoleQtBridge.cpp.o,3.12,3.054812,2.853689,0.188711,2.239267,0.682937,0.599974,0.13387,0.052873
src/Mod/Part/App/CMakeFiles/Part.dir/LinkArrayCircular.cpp.o,3.113,3.039561,2.962188,0.062678,2.503237,0.71008,0.640048,0.042992,0.017438
src/App/CMakeFiles/FreeCADApp.dir/ExtensionContainer.cpp.o,3.104,3.046975,1.981934,1.0551,0.748226,0.602232,0.475592,0.718566,0.334551
src/Mod/CAM/PathSimulator/AppGL/CMakeFiles/CAMSimulator.dir/SimDisplay.cpp.o,3.103,3.035775,2.915973,0.108244,2.550315,0.569745,0.554898,0.059833,0.046662
src/Mod/Sketcher/App/CMakeFiles/Sketcher.dir/ExternalGeometryFacadePyImp.cpp.o,3.102,3.035343,2.671937,0.351951,2.157275,0.615456,0.467758,0.186698,0.163188
src/Mod/Robot/App/CMakeFiles/Robot.dir/RobotObject.cpp.o,3.099,3.027533,2.929401,0.082553,2.409452,0.76995,0.646883,0.04601,0.034184
src/Mod/TechDraw/Gui/CMakeFiles/TechDrawGui.dir/ViewProviderTemplateExtension.cpp.o,3.099,3.028313,2.984881,0.029455,2.581618,0.631683,0.60446,0.012297,0.015125
src/Mod/Part/App/CMakeFiles/Part.dir/FCBRepAlgoAPI_BooleanOperation.cpp.o,3.098,3.029756,1.966886,1.053065,0.00032,0.491034,0.347747,0.671179,0.379939
src/Gui/CMakeFiles/FreeCADGui.dir/Quarter/InputDevice.cpp.o,3.09,3.017738,2.994494,0.010478,0.201961,0.593905,0.587539,0.005329,0.003619
src/Mod/Fem/Gui/CMakeFiles/FemGui.dir/ViewProviderSetFaces.cpp.o,3.086,3.016555,2.979959,0.023773,2.567508,0.647088,0.646693,0.011905,0.010229
src/App/CMakeFiles/FreeCADApp.dir/GroupExtension.cpp.o,3.084,3.022655,2.647655,0.361995,2.057251,0.741558,0.628532,0.240596,0.119413
src/3rdParty/salomesmesh/CMakeFiles/SMESH.dir/src/SMESH/DriverGMF_Write.cpp.o,3.081,2.989903,2.376839,0.594938,0.00019,0.724298,0.54585,0.328084,0.263587
src/App/CMakeFiles/FreeCADApp.dir/Branding.cpp.o,3.072,3.009307,2.734175,0.260767,0.035393,0.652371,0.552452,0.170093,0.088781
src/Mod/PartDesign/App/CMakeFiles/PartDesign.dir/Measure.cpp.o,3.066,2.99925,2.973513,0.012062,2.568002,0.745104,0.734523,0.006245,0.004034
src/Base/CMakeFiles/FreeCADBase.dir/CrashReporter/Manager.cpp.o,3.065,3.008778,1.785622,1.214263,1.134592,0.525556,0.387198,0.800371,0.412055
src/Mod/Sketcher/App/CMakeFiles/Sketcher.dir/GeometryFacadePyImp.cpp.o,3.063,2.990973,2.580067,0.398774,2.107055,0.596377,0.446386,0.198197,0.198324
src/3rdParty/salomesmesh/CMakeFiles/StdMeshers.dir/src/StdMeshers/StdMeshers_Projection_1D.cpp.o,3.062,2.99121,2.61351,0.364542,0.051127,0.68538,0.614173,0.231352,0.131138
src/Mod/Part/App/CMakeFiles/Part.dir/BezierSurfacePyImp.cpp.o,3.06,2.996556,2.529104,0.456287,0.971433,0.575151,0.398831,0.218759,0.235035
src/Mod/TechDraw/App/CMakeFiles/TechDraw.dir/DrawSVGTemplatePyImp.cpp.o,3.056,2.986546,2.886803,0.086031,2.269009,0.671652,0.658705,0.052194,0.03196
src/App/CMakeFiles/FreeCADApp.dir/VRMLObject.cpp.o,3.031,2.962076,2.646032,0.303035,2.160199,0.746916,0.664101,0.188934,0.112273
tests/src/Mod/Sketcher/App/CMakeFiles/Sketcher_tests_run.dir/planegcs/Constraints.cpp.o,3.028,2.958346,2.737539,0.20748,0.787538,0.754554,0.541334,0.163918,0.041837
src/App/CMakeFiles/FreeCADApp.dir/CommandLine.cpp.o,3.027,2.959661,2.00748,0.941928,1.447775,0.591271,0.40169,0.587793,0.352242
src/Mod/Part/App/CMakeFiles/Part.dir/LinkArrayPoint.cpp.o,3.027,2.953158,2.884106,0.05558,2.434543,0.688201,0.618936,0.036994,0.016632
src/Mod/Mesh/App/CMakeFiles/Mesh.dir/Core/IO/WriterOBJ.cpp.o,3.018,2.955033,1.859503,1.086804,0.753606,0.530102,0.353738,0.726802,0.358284
src/Mod/Fem/App/CMakeFiles/Fem.dir/FemPostBranchFilter.cpp.o,3.017,2.946853,2.849877,0.081545,2.09677,0.722756,0.735835,0.048652,0.030699
src/Gui/CMakeFiles/FreeCADGui.dir/ViewProviderExtern.cpp.o,3.014,2.943069,2.809633,0.1216,2.121807,0.598114,0.508478,0.080107,0.039547
src/Mod/Part/App/CMakeFiles/Part.dir/LinkArrayPath.cpp.o,3.012,2.942359,2.873075,0.056302,2.432223,0.681272,0.61488,0.036637,0.017676
src/Mod/Sketcher/App/CMakeFiles/Sketcher.dir/Measure.cpp.o,3.008,2.941995,2.916577,0.011442,2.501197,0.746381,0.720681,0.006086,0.00359
src/Gui/CMakeFiles/FreeCADGui.dir/Selection/SelectionFilterPy.cpp.o,3.007,2.93571,2.595139,0.32647,2.104724,0.721442,0.624715,0.206084,0.118269
tests/src/App/CMakeFiles/App_tests_run.dir/Application.cpp.o,3.003,2.939837,2.647546,0.280515,0.837553,0.805382,0.695595,0.187894,0.090819
src/Gui/CMakeFiles/FreeCADGui.dir/SoQtOffscreenRendererPy.cpp.o,2.997,2.924284,2.691625,0.221109,2.286513,0.529516,0.42168,0.124626,0.094476
src/3rdParty/libE57Format/CMakeFiles/E57Format.dir/src/ReaderImpl.cpp.o,2.996,2.93545,1.391911,1.537354,0.89125,0.467372,0.26553,0.717346,0.818409
src/Mod/Part/App/CMakeFiles/Part.dir/PyException.cpp.o,2.99,2.925696,1.982088,0.934318,1.3106,0.541599,0.362915,0.617751,0.314705
src/Mod/CAM/PathSimulator/AppGL/CMakeFiles/CAMSimulator.dir/SimShapes.cpp.o,2.985,2.918908,2.805574,0.101183,2.441826,0.572001,0.543567,0.063372,0.035876
src/Mod/CAM/App/CMakeFiles/Path.dir/VoronoiCellPyImp.cpp.o,2.982,2.914986,2.763387,0.140059,1.724612,0.954485,0.558106,0.072359,0.065852
src/Mod/TechDraw/App/CMakeFiles/TechDraw.dir/DrawGeomHatchPyImp.cpp.o,2.978,2.910435,2.844724,0.052243,2.407515,0.757029,0.65985,0.029721,0.020599
src/Gui/CMakeFiles/FreeCADGui.dir/StyleParameters/Diagnostics.cpp.o,2.976,2.910249,1.876925,1.024311,1.016109,0.51015,0.395854,0.687352,0.335092
src/Mod/TechDraw/App/CMakeFiles/TechDraw.dir/DrawTemplatePyImp.cpp.o,2.969,2.900511,2.840196,0.047089,2.239708,0.660194,0.602241,0.034225,0.010959
src/Gui/CMakeFiles/FreeCADGui.dir/PySideUicModulePy.cpp.o,2.968,2.89582,2.780268,0.104684,2.405781,0.589922,0.516454,0.062681,0.040119
src/3rdParty/salomesmesh/CMakeFiles/StdMeshers.dir/src/StdMeshers/StdMeshers_CompositeSegment_1D.cpp.o,2.96,2.892751,2.520714,0.35856,0.005329,0.671645,0.611489,0.257649,0.098856
src/Mod/CAM/App/CMakeFiles/Path.dir/VoronoiVertexPyImp.cpp.o,2.959,2.890913,2.78052,0.097463,1.751776,0.958966,0.561998,0.054438,0.040925
src/Mod/Part/App/CMakeFiles/Part.dir/GeomPlate/BuildPlateSurfacePyImp.cpp.o,2.957,2.887259,2.55197,0.32315,0.90315,0.605264,0.450197,0.166959,0.154149
src/Gui/CMakeFiles/FreeCADGui.dir/NumericLocale.cpp.o,2.949,2.882171,2.821037,0.050232,2.475054,0.587401,0.557638,0.03552,0.013196
src/Base/CMakeFiles/FreeCADBase.dir/CrashReporter/CrashFramePyImp.cpp.o,2.947,2.886339,1.955473,0.9218,1.405678,0.496231,0.368466,0.602629,0.317302
src/3rdParty/WildMagic4/CMakeFiles/WildMagic4.dir/Wm4ConvexHull3.cpp.o,2.945,2.87974,1.726204,1.146183,1.145609,0.590997,0.293975,0.649697,0.494658
src/3rdParty/OndselSolver/OndselSolver/CMakeFiles/OndselSolver.dir/CADSystem.cpp.o,2.938,2.880005,1.244051,1.628823,0.782562,0.292821,0.303899,0.873209,0.753877
src/Mod/Mesh/App/CMakeFiles/Mesh.dir/Core/IO/ReaderOBJ.cpp.o,2.934,2.871823,2.181521,0.679892,1.592347,0.658207,0.400828,0.474529,0.203338
src/Mod/Mesh/App/CMakeFiles/Mesh.dir/Core/MeshKernel.cpp.o,2.929,2.868726,2.118332,0.740522,1.420515,0.664974,0.399268,0.519879,0.218864
tests/src/Base/CMakeFiles/Base_tests_run.dir/Axis.cpp.o,2.922,2.854354,2.587008,0.255583,0.793674,0.780327,0.652253,0.161666,0.092163
src/Gui/CMakeFiles/FreeCADGui.dir/ViewProviderTextureExtension.cpp.o,2.921,2.854506,2.791127,0.051735,1.8019,0.531553,0.47928,0.023679,0.026344
src/Mod/Start/App/CMakeFiles/Start.dir/AppStart.cpp.o,2.916,2.854865,1.928607,0.91737,1.326524,0.4857,0.354904,0.586828,0.328677
src/Gui/CMakeFiles/FreeCADGui.dir/Inventor/So3DAnnotation.cpp.o,2.904,2.84181,2.530628,0.298748,1.799587,0.723181,0.61291,0.194446,0.102347
src/Mod/CAM/PathSimulator/AppGL/CMakeFiles/CAMSimulator.dir/MillPathSegment.cpp.o,2.899,2.830891,2.751947,0.067406,2.406745,0.562548,0.541473,0.044698,0.020885
src/3rdParty/salomesmesh/CMakeFiles/DriverDAT.dir/src/DriverDAT/DriverDAT_W_SMDS_Mesh.cpp.o,2.898,2.808744,2.725761,0.063015,0.000102,0.764246,0.669595,0.029025,0.030754
src/Mod/TechDraw/App/CMakeFiles/TechDraw.dir/CosmeticExtensionPyImp.cpp.o,2.89,2.823374,2.784774,0.025025,2.356093,0.719246,0.671903,0.016474,0.00678
src/Base/CMakeFiles/FreeCADBase.dir/ConsoleObserver.cpp.o,2.889,2.8337,1.886855,0.93698,1.186959,0.49838,0.345207,0.609533,0.325531
src/App/CMakeFiles/FreeCADApp.dir/FeaturePython.cpp.o,2.883,2.820537,2.207398,0.601119,1.761516,0.579127,0.47792,0.267302,0.331558
src/Mod/Sketcher/App/CMakeFiles/Sketcher.dir/SketchGeometryExtension.cpp.o,2.877,2.811462,2.705209,0.094297,2.246586,0.715584,0.525645,0.069222,0.023003
src/Mod/CAM/PathSimulator/AppGL/CMakeFiles/CAMSimulator.dir/SolidObject.cpp.o,2.874,2.804081,2.776984,0.015704,2.449338,0.561862,0.544453,0.008012,0.005904
tests/src/Gui/CMakeFiles/Gui_tests_run.dir/InputHintTest.cpp.o,2.87,2.80325,2.499981,0.292267,0.622417,0.74148,0.586305,0.212985,0.077333
src/Gui/CMakeFiles/FreeCADGui.dir/Selection/SelectionObjectPyImp.cpp.o,2.864,2.797256,2.614292,0.170174,2.155618,0.695438,0.623046,0.0944,0.07368
src/Mod/Robot/App/CMakeFiles/Robot.dir/RobotObjectPyImp.cpp.o,2.863,2.797083,2.754977,0.02838,2.130233,0.650839,0.571474,0.017244,0.009158
src/Mod/Part/App/CMakeFiles/Part.dir/BezierCurvePyImp.cpp.o,2.86,2.796515,2.46287,0.322587,0.905963,0.5713,0.388543,0.153871,0.166761
src/Mod/Import/App/CMakeFiles/Import.dir/AppImport.cpp.o,2.859,2.794243,1.90474,0.879714,0.350096,0.486042,0.345453,0.588926,0.28895
src/Mod/CAM/PathSimulator/AppGL/CMakeFiles/CAMSimulator.dir/Texture.cpp.o,2.857,2.786835,2.766726,0.009022,2.438674,0.558921,0.531326,0.003787,0.003378
src/3rdParty/WildMagic4/CMakeFiles/WildMagic4.dir/Wm4Delaunay2.cpp.o,2.85,2.791459,1.739952,1.042237,1.126718,0.608313,0.321432,0.591095,0.449193
src/Mod/CAM/PathSimulator/AppGL/CMakeFiles/CAMSimulator.dir/MillPathLine.cpp.o,2.85,2.781114,2.758452,0.010904,2.433236,0.548142,0.522031,0.005326,0.003606
src/Mod/Part/Gui/CMakeFiles/PartGui.dir/qrc_Part_translation.cpp.o,2.837,2.774049,2.746699,0.007792,0,0,0,0.002607,0.003888
src/Mod/Sketcher/App/CMakeFiles/Sketcher.dir/planegcs/Constraints.cpp.o,2.836,2.772325,1.969837,0.792637,1.322543,0.453752,0.268372,0.443732,0.346735
src/Mod/Mesh/App/CMakeFiles/Mesh.dir/Core/Degeneration.cpp.o,2.835,2.775102,1.930408,0.834,1.334253,0.640502,0.356781,0.550566,0.281558
src/Mod/CAM/PathSimulator/AppGL/CMakeFiles/CAMSimulator.dir/OpenGlWrapper.cpp.o,2.835,2.758864,2.737555,0.010102,2.4131,0.549905,0.527545,0.00565,0.002699
src/3rdParty/salomesmesh/CMakeFiles/StdMeshers.dir/src/StdMeshers/StdMeshers_PolygonPerFace_2D.cpp.o,2.834,2.760209,2.599752,0.148168,0.003152,0.702561,0.635245,0.10667,0.039617
src/Mod/Fem/Gui/CMakeFiles/FemGui.dir/qrc_Fem_translation.cpp.o,2.834,2.774105,2.746209,0.007852,0,0,0,0.002698,0.003941
src/Mod/CAM/App/CMakeFiles/Path.dir/CommandPyImp.cpp.o,2.827,2.758655,2.302446,0.445277,1.578755,0.57814,0.37393,0.260246,0.183344
src/Mod/MeshPart/App/CMakeFiles/MeshPart.dir/AppMeshPart.cpp.o,2.821,2.761119,1.872912,0.879396,0.345986,0.48022,0.332117,0.599244,0.278526
src/App/CMakeFiles/FreeCADApp.dir/DocumentSettings.cpp.o,2.816,2.751841,2.467552,0.270597,2.016972,0.679372,0.594853,0.179584,0.088554
src/3rdParty/OndselSolver/OndselSolver/CMakeFiles/OndselSolver.dir/ASMTSpatialContainer.cpp.o,2.811,2.751587,1.358948,1.384735,0.822102,0.342569,0.304518,0.832947,0.549949
src/App/CMakeFiles/FreeCADApp.dir/StringIDPyImp.cpp.o,2.81,2.744154,2.634139,0.099662,2.058159,0.555219,0.45379,0.043898,0.05385
src/Mod/CAM/PathSimulator/AppGL/CMakeFiles/CAMSimulator.dir/StockObject.cpp.o,2.807,2.737725,2.7186,0.007489,2.385562,0.56572,0.544171,0.002566,0.002975
src/Mod/Sketcher/App/CMakeFiles/Sketcher.dir/ExternalGeometryExtension.cpp.o,2.801,2.73526,2.635045,0.08746,2.227696,0.666254,0.531102,0.056244,0.029253
src/3rdParty/salomesmesh/CMakeFiles/SMDS.dir/src/SMDS/SMDS_Downward.cpp.o,2.798,2.731515,2.072535,0.648763,8.9e-05,0.610925,0.464079,0.39282,0.254157
src/Gui/CMakeFiles/FreeCADGui.dir/GeneralParameter.cpp.o,2.795,2.722414,2.500948,0.210534,2.043831,0.717953,0.556762,0.158545,0.050265
src/Mod/CAM/PathSimulator/AppGL/CMakeFiles/CAMSimulator.dir/EndMill.cpp.o,2.794,2.729388,2.677324,0.040295,2.336532,0.55897,0.528791,0.023997,0.014343
src/Gui/CMakeFiles/FreeCADGui.dir/Quarter/SensorManager.cpp.o,2.79,2.723421,2.689092,0.023406,2.261255,0.614956,0.556538,0.011152,0.010724
tests/src/Base/CMakeFiles/Base_tests_run.dir/Matrix.cpp.o,2.789,2.727052,1.980167,0.73764,0.131014,0.639951,0.482384,0.390039,0.345678
src/Gui/CMakeFiles/FreeCADGui.dir/Quarter/moc_InteractionMode.cpp.o,2.788,2.720427,2.703093,0.007133,2.352922,0.563906,0.506763,0.002822,0.002817
src/3rdParty/salomesmesh/CMakeFiles/StdMeshers.dir/src/StdMeshers/StdMeshers_ImportSource.cpp.o,2.785,2.715271,2.396737,0.306237,0.002346,0.699408,0.586734,0.216062,0.088078
src/Mod/Part/App/CMakeFiles/Part.dir/GeometryPyImp.cpp.o,2.784,2.722253,2.49136,0.220131,2.037099,0.590334,0.42633,0.10932,0.108942
src/Mod/Part/App/CMakeFiles/Part.dir/GeomPlate/CurveConstraintPyImp.cpp.o,2.782,2.720459,2.510586,0.198574,0.734867,0.600734,0.436753,0.096539,0.100035
src/Gui/CMakeFiles/FreeCADGui.dir/Selection/SelectionObserverPython.cpp.o,2.779,2.713869,2.529377,0.171314,2.089157,0.683319,0.601357,0.075649,0.093591
src/Mod/Draft/App/CMakeFiles/DraftUtils.dir/AppDraftUtils.cpp.o,2.772,2.718574,1.867841,0.8421,0.345553,0.474539,0.332048,0.559888,0.280466
src/Mod/Sketcher/App/CMakeFiles/Sketcher.dir/planegcs/SubSystem.cpp.o,2.769,2.704928,2.184254,0.509177,1.547304,0.581124,0.377161,0.375828,0.131384
src/Gui/CMakeFiles/FreeCADGui.dir/SoFCColorBarNotifier.cpp.o,2.768,2.703298,2.043912,0.649846,1.601002,0.537747,0.402646,0.636616,0.011399
src/Mod/TechDraw/App/CMakeFiles/TechDraw.dir/Tag.cpp.o,2.763,2.698645,2.451047,0.236321,2.060738,0.648228,0.455876,0.135719,0.098694
src/Mod/Sketcher/App/CMakeFiles/Sketcher.dir/SketchGeometryExtensionPyImp.cpp.o,2.761,2.700509,2.536064,0.153537,2.106512,0.591797,0.416641,0.079197,0.072458
src/App/CMakeFiles/FreeCADApp.dir/StringHasherPyImp.cpp.o,2.76,2.691967,2.540791,0.141407,1.974823,0.534668,0.449087,0.079758,0.060165
src/Base/CMakeFiles/FreeCADBase.dir/XMLParser.cpp.o,2.757,2.697949,1.51072,1.17939,1.009611,0.468885,0.285866,0.770136,0.407388
src/Gui/CMakeFiles/FreeCADGui.dir/Window.cpp.o,2.756,2.686904,2.582056,0.094057,2.075579,0.576327,0.487224,0.070993,0.021433
src/3rdParty/salomesmesh/CMakeFiles/SMESH.dir/src/SMESH/SMESH_HypoFilter.cpp.o,2.755,2.685403,2.532695,0.140159,0,0.655948,0.615022,0.08782,0.050318
src/3rdParty/salomesmesh/CMakeFiles/SMDS.dir/src/SMDS/SMDS_UnstructuredGrid.cpp.o,2.754,2.691644,2.128832,0.552158,0.001523,0.653423,0.519076,0.372277,0.178221
src/3rdParty/salomesmesh/CMakeFiles/SMESH.dir/src/SMESH/DriverGMF_Read.cpp.o,2.753,2.668735,2.266609,0.389435,0.008043,0.608298,0.507594,0.24587,0.140796
src/Mod/Sketcher/Gui/CMakeFiles/SketcherGui.dir/ViewProviderSketchGeometryExtension.cpp.o,2.753,2.686672,2.645949,0.029414,2.22038,0.685434,0.525223,0.020794,0.00705
src/Gui/CMakeFiles/FreeCADGui.dir/Quarter/moc_SignalThread.cpp.o,2.747,2.685367,2.663604,0.011023,2.286853,0.623166,0.552142,0.004904,0.004353
src/Mod/Part/App/CMakeFiles/Part.dir/ConePyImp.cpp.o,2.745,2.679816,2.484452,0.184032,1.007134,0.568129,0.398809,0.091018,0.091045
src/Base/CMakeFiles/FreeCADBase.dir/PyException.cpp.o,2.735,2.67943,1.797923,0.872832,1.085977,0.498896,0.346787,0.570943,0.300033
src/Gui/CMakeFiles/FreeCADGui.dir/Quarter/Quarter.cpp.o,2.735,2.668373,2.651319,0.007188,2.099056,0.556596,0.498604,0.002415,0.003305
src/Gui/CMakeFiles/FreeCADGui.dir/Quarter/SignalThread.cpp.o,2.735,2.664714,2.635093,0.01858,2.268703,0.619755,0.532624,0.011004,0.005748
src/Mod/Part/App/CMakeFiles/Part.dir/ConicPyImp.cpp.o,2.732,2.669634,2.478712,0.179345,0.998105,0.570811,0.402051,0.088909,0.088411
src/Mod/Sketcher/App/CMakeFiles/Sketcher.dir/GeometryFacade.cpp.o,2.732,2.656223,2.517164,0.127794,2.096391,0.600516,0.443732,0.069678,0.056338
tests/src/Mod/Sketcher/App/CMakeFiles/Sketcher_tests_run.dir/planegcs/GCS.cpp.o,2.73,2.665095,2.571688,0.081584,0.815241,0.696404,0.500076,0.060556,0.019254
src/Mod/Material/App/CMakeFiles/Materials.dir/UUIDsPyImp.cpp.o,2.729,2.670145,2.345382,0.313863,1.763016,0.507933,0.416287,0.132306,0.179102
src/Mod/Part/App/CMakeFiles/Part.dir/ArcOfConicPyImp.cpp.o,2.729,2.664035,2.480449,0.173548,1.097747,0.564231,0.402244,0.088365,0.083584
src/Mod/Part/App/CMakeFiles/Part.dir/SpherePyImp.cpp.o,2.728,2.660148,2.471648,0.177526,1.007966,0.562392,0.39693,0.098359,0.077245
src/Mod/Sketcher/App/CMakeFiles/Sketcher.dir/GeoList.cpp.o,2.728,2.663468,2.463054,0.188964,1.947721,0.660462,0.459747,0.131296,0.055692
src/Mod/Sketcher/App/CMakeFiles/Sketcher.dir/ExternalGeometryExtensionPyImp.cpp.o,2.727,2.660871,2.5317,0.117,2.110585,0.584814,0.412047,0.066531,0.048775
src/3rdParty/salomesmesh/CMakeFiles/SMDS.dir/src/SMDS/SMDS_VolumeTool.cpp.o,2.724,2.660094,2.170112,0.479418,0.005087,0.649091,0.507957,0.333244,0.144393
src/3rdParty/salomesmesh/CMakeFiles/StdMeshers.dir/src/StdMeshers/StdMeshers_SegmentLengthAroundVertex.cpp.o,2.719,2.6491,2.551026,0.084849,0.003354,0.675189,0.583921,0.050534,0.032246
src/Mod/Part/App/CMakeFiles/Part.dir/CylinderPyImp.cpp.o,2.71,2.64053,2.463488,0.165497,0.989969,0.574151,0.408402,0.083864,0.079759
src/Mod/Fem/App/CMakeFiles/Fem.dir/FemPostFunction.cpp.o,2.705,2.645425,2.550786,0.082562,2.111265,0.672996,0.581042,0.036702,0.044078
src/Base/CMakeFiles/FreeCADBase.dir/CrashReporter/Writer.cpp.o,2.704,2.648866,1.656587,0.984411,0.937237,0.477078,0.347165,0.65909,0.323509
src/Mod/Part/App/CMakeFiles/Part.dir/PlateSurfacePyImp.cpp.o,2.701,2.637042,2.48041,0.146528,0.711273,0.557813,0.391109,0.079151,0.065775
src/Mod/Part/App/CMakeFiles/Part.dir/ToroidPyImp.cpp.o,2.7,2.634914,2.460724,0.163337,0.94587,0.560972,0.396437,0.079494,0.08185
src/Mod/Assembly/App/CMakeFiles/Assembly.dir/BomObjectPyImp.cpp.o,2.699,2.631488,2.592404,0.025852,1.964895,0.696832,0.651502,0.016127,0.00767
src/Mod/Robot/App/CMakeFiles/Robot.dir/kdl_cp/rigidbodyinertia.cpp.o,2.696,2.631754,2.320689,0.297616,1.331114,0.770586,0.693499,0.28011,0.015609
src/Mod/Import/App/CMakeFiles/Import.dir/WriterStep.cpp.o,2.695,2.627494,2.510748,0.106182,0.918646,0.595309,0.513596,0.061914,0.04269
src/App/CMakeFiles/FreeCADApp.dir/GroupExtensionPyImp.cpp.o,2.694,2.628144,2.431954,0.184337,1.812451,0.630019,0.544817,0.09508,0.087319
src/Mod/Surface/App/CMakeFiles/Surface.dir/Blending/BlendCurve.cpp.o,2.682,2.617347,2.43496,0.17229,0.892697,0.591677,0.406963,0.106379,0.064307
src/Mod/Import/App/CMakeFiles/Import.dir/ReaderIges.cpp.o,2.678,2.613071,2.540255,0.061296,0.906864,0.592729,0.516771,0.037187,0.022306
src/3rdParty/libE57Format/CMakeFiles/E57Format.dir/src/WriterImpl.cpp.o,2.677,2.614396,1.398604,1.209382,0.749282,0.47551,0.2536,0.566275,0.641331
src/Mod/Part/App/CMakeFiles/Part.dir/HyperbolaPyImp.cpp.o,2.672,2.606348,2.474,0.12083,0.970855,0.567314,0.39159,0.061969,0.056923
src/Mod/CAM/App/CMakeFiles/Path.dir/Command.cpp.o,2.668,2.607905,2.143242,0.454739,1.628193,0.591452,0.401109,0.304888,0.148045
src/Mod/Part/App/CMakeFiles/Part.dir/LineSegmentPyImp.cpp.o,2.667,2.601657,2.42444,0.167438,0.986249,0.549387,0.385546,0.08881,0.077066
src/Mod/Spreadsheet/App/CMakeFiles/Spreadsheet.dir/PropertySheetPyImp.cpp.o,2.667,2.601063,2.519603,0.068416,1.875599,0.687808,0.59157,0.035945,0.030471
src/Mod/Part/App/CMakeFiles/Part.dir/PlanePyImp.cpp.o,2.665,2.603386,2.421139,0.172107,0.97676,0.56152,0.392353,0.08819,0.082248
src/Mod/TechDraw/App/CMakeFiles/TechDraw.dir/ArrowPropEnum.cpp.o,2.664,2.604109,2.548015,0.045925,2.201306,0.55707,0.500174,0.034465,0.009795
src/Mod/Part/App/CMakeFiles/Part.dir/ParabolaPyImp.cpp.o,2.66,2.596233,2.472855,0.112681,0.997145,0.581258,0.405762,0.061932,0.048796
src/3rdParty/salomesmesh/CMakeFiles/DriverDAT.dir/src/DriverDAT/DriverDAT_R_SMDS_Mesh.cpp.o,2.657,2.579624,2.513841,0.048368,0.000124,0.800536,0.677422,0.029086,0.015905
src/Mod/TechDraw/App/CMakeFiles/TechDraw.dir/BalloonPropEnum.cpp.o,2.653,2.58726,2.524513,0.052208,2.171042,0.561625,0.491842,0.038859,0.011354
src/Mod/Part/App/CMakeFiles/Part.dir/SurfaceOfExtrusionPyImp.cpp.o,2.642,2.581285,2.452829,0.117462,0.933278,0.558257,0.391136,0.059812,0.055956
src/Mod/Part/App/CMakeFiles/Part.dir/OffsetCurvePyImp.cpp.o,2.64,2.574714,2.432209,0.131921,0.898934,0.564539,0.408831,0.064821,0.06523
src/Mod/TechDraw/App/CMakeFiles/TechDraw.dir/MattingPropEnum.cpp.o,2.639,2.576369,2.529811,0.036038,2.185039,0.554354,0.489828,0.028402,0.005874
src/Mod/Part/App/CMakeFiles/Part.dir/ArcOfEllipsePyImp.cpp.o,2.635,2.570611,2.462881,0.097176,0.97382,0.564877,0.405008,0.055652,0.039749
src/Mod/Assembly/App/CMakeFiles/Assembly.dir/SimulationGroupPyImp.cpp.o,2.635,2.564947,2.525458,0.026924,1.794799,0.742883,0.596135,0.016936,0.007981
src/Mod/Part/App/CMakeFiles/Part.dir/EllipsePyImp.cpp.o,2.634,2.571004,2.462198,0.098662,0.991144,0.56604,0.39209,0.051623,0.04547
src/3rdParty/salomesmesh/CMakeFiles/StdMeshers.dir/src/StdMeshers/StdMeshers_ProjectionSource2D.cpp.o,2.633,2.565692,2.472168,0.081805,0.012945,0.653711,0.578014,0.043142,0.036736
src/Mod/Sketcher/App/CMakeFiles/Sketcher.dir/SolverGeometryExtension.cpp.o,2.632,2.574581,2.41395,0.149968,1.973092,0.625147,0.433454,0.099599,0.048553
src/Mod/Assembly/App/CMakeFiles/Assembly.dir/SnapshotGroupPyImp.cpp.o,2.632,2.566263,2.52956,0.024656,1.89878,0.641766,0.585649,0.015651,0.007165
src/Mod/CAM/App/CMakeFiles/Path.dir/FeaturePathCompound.cpp.o,2.632,2.562894,2.343144,0.208494,1.832987,0.669377,0.537377,0.132919,0.073897
src/Mod/Import/App/CMakeFiles/Import.dir/WriterIges.cpp.o,2.628,2.556675,2.483435,0.062232,0.858309,0.578795,0.499844,0.035371,0.025327
src/Mod/Spreadsheet/App/CMakeFiles/Spreadsheet.dir/Utils.cpp.o,2.625,2.558366,2.41677,0.128238,1.901697,0.694054,0.576227,0.093948,0.032345
src/Mod/Fem/App/CMakeFiles/Fem.dir/FemPostObjectPyImp.cpp.o,2.624,2.55741,2.486933,0.058065,1.59122,0.656357,0.565739,0.040663,0.015549
src/3rdParty/salomesmesh/CMakeFiles/SMESH.dir/src/SMESH/MED_Wrapper.cpp.o,2.623,2.557746,2.015846,0.532936,1.500865,0.551474,0.347949,0.331054,0.199454
src/Mod/Part/App/CMakeFiles/Part.dir/SurfaceOfRevolutionPyImp.cpp.o,2.62,2.554638,2.416635,0.128175,0.907523,0.561392,0.388148,0.064757,0.061831
src/Mod/Surface/App/CMakeFiles/Surface.dir/Blending/BlendCurvePyImp.cpp.o,2.619,2.557858,2.422079,0.125141,1.827535,0.575057,0.409888,0.085724,0.037595
src/3rdParty/salomesmesh/CMakeFiles/StdMeshers.dir/src/StdMeshers/StdMeshers_Arithmetic1D.cpp.o,2.613,2.545334,2.402035,0.132221,0.003169,0.624569,0.53621,0.082832,0.047557
src/App/CMakeFiles/FreeCADApp.dir/ApplicationDirectoriesPyImp.cpp.o,2.61,2.549642,2.359054,0.178365,1.689224,0.582253,0.489075,0.098767,0.077418
src/3rdParty/salomesmesh/CMakeFiles/StdMeshers.dir/src/StdMeshers/StdMeshers_Propagation.cpp.o,2.606,2.54372,2.241691,0.290226,0.020382,0.612236,0.526037,0.183541,0.104694
src/Mod/Part/App/CMakeFiles/Part.dir/ArcOfParabolaPyImp.cpp.o,2.605,2.543874,2.451951,0.082339,1.001991,0.577793,0.411292,0.051139,0.029649
src/Main/CMakeFiles/FreeCADMainPy.dir/MainPy.cpp.o,2.605,2.544052,2.385228,0.148471,1.995413,0.593096,0.496458,0.107358,0.039471
src/Gui/CMakeFiles/FreeCADGui.dir/SelectionModulePy.cpp.o,2.604,2.535735,2.519781,0.003983,2.123187,0.665566,0.608136,0.001214,0.001251
src/3rdParty/salomesmesh/CMakeFiles/StdMeshers.dir/src/StdMeshers/StdMeshers_MaxElementVolume.cpp.o,2.602,2.535378,2.450043,0.073785,0.396392,0.632436,0.551291,0.044052,0.027673
src/Gui/CMakeFiles/FreeCADGui.dir/Quarter/eventhandlers/moc_EventFilter.cpp.o,2.601,2.530863,2.51432,0.006891,2.164281,0.559353,0.48208,0.002615,0.002799
src/Mod/Part/App/CMakeFiles/Part.dir/OCCTMessagePrinter.cpp.o,2.601,2.543631,1.650569,0.885382,0.001029,0.457842,0.311479,0.59877,0.284928
src/Gui/CMakeFiles/FreeCADGui.dir/Quarter/eventhandlers/moc_FocusHandler.cpp.o,2.599,2.530047,2.510752,0.007368,2.147115,0.572008,0.480572,0.002661,0.002941
src/Mod/Part/App/CMakeFiles/Part.dir/OCAF/ImportExportSettings.cpp.o,2.597,2.533796,2.383488,0.140525,0.875034,0.603433,0.509391,0.093774,0.045177
src/Mod/Assembly/App/CMakeFiles/Assembly.dir/ViewGroupPyImp.cpp.o,2.594,2.530498,2.493734,0.024814,1.835251,0.699689,0.602541,0.015765,0.007163
src/Mod/Part/App/CMakeFiles/Part.dir/ArcOfHyperbolaPyImp.cpp.o,2.593,2.52925,2.421821,0.095708,0.976013,0.562621,0.398227,0.059082,0.034587
src/3rdParty/salomesmesh/CMakeFiles/StdMeshers.dir/src/StdMeshers/StdMeshers_NumberOfSegments.cpp.o,2.593,2.524476,2.256311,0.257331,0.323463,0.619501,0.512691,0.164901,0.090767
src/Mod/Part/App/CMakeFiles/Part.dir/CirclePyImp.cpp.o,2.591,2.528366,2.409293,0.107906,0.952934,0.561577,0.398825,0.064682,0.041253
src/Mod/Part/App/CMakeFiles/Part.dir/LinePyImp.cpp.o,2.588,2.527701,2.392029,0.125811,0.978839,0.545506,0.389305,0.063433,0.060662
src/Mod/CAM/App/CMakeFiles/Path.dir/FeaturePathCompoundPyImp.cpp.o,2.587,2.524406,2.436766,0.076148,1.820182,0.634324,0.565322,0.037175,0.037353
src/Mod/Part/App/CMakeFiles/Part.dir/OffsetSurfacePyImp.cpp.o,2.585,2.521454,2.443102,0.068288,0.880312,0.558733,0.412472,0.037769,0.028985
src/Mod/Fem/Gui/CMakeFiles/FemGui.dir/FemSelectionGate.cpp.o,2.581,2.511255,2.492232,0.00681,2.082963,0.685859,0.607515,0.002528,0.002492
tests/src/Base/CMakeFiles/Base_tests_run.dir/BoundBox.cpp.o,2.58,2.521883,1.99279,0.520182,0.18007,0.642885,0.471012,0.279209,0.239256
tests/src/Base/CMakeFiles/Base_tests_run.dir/PyException.cpp.o,2.58,2.513207,2.243866,0.259306,0.415275,0.705682,0.561767,0.159797,0.097956
src/Mod/CAM/libarea/CMakeFiles/area-native.dir/Area.cpp.o,2.579,2.511324,2.151549,0.349571,1.610587,0.745331,0.484698,0.245218,0.102238
src/Gui/CMakeFiles/FreeCADGui.dir/Quarter/moc_SensorManager.cpp.o,2.576,2.510388,2.488771,0.010989,2.134721,0.555465,0.476274,0.004377,0.00469
src/Mod/Assembly/App/CMakeFiles/Assembly.dir/JointGroupPyImp.cpp.o,2.573,2.506575,2.4685,0.025395,1.839496,0.665118,0.574909,0.015777,0.007692
src/Mod/Part/App/CMakeFiles/Part.dir/ArcPyImp.cpp.o,2.57,2.507225,2.440599,0.055262,0.977908,0.547618,0.398967,0.030807,0.022898
src/Mod/Part/App/CMakeFiles/Part.dir/RectangularTrimmedSurfacePyImp.cpp.o,2.57,2.510978,2.444097,0.056442,1.055851,0.566842,0.415232,0.031672,0.023085
src/Mod/Fem/App/CMakeFiles/Fem.dir/FemResultObject.cpp.o,2.57,2.503081,2.312517,0.179529,1.831451,0.654251,0.521784,0.104399,0.073296
tests/src/App/CMakeFiles/App_tests_run.dir/Branding.cpp.o,2.569,2.504341,2.465547,0.028384,0.763374,0.654294,0.554968,0.019305,0.007455
src/3rdParty/salomesmesh/CMakeFiles/SMESH.dir/src/SMESH/SMESH_MeshVSLink.cpp.o,2.567,2.503604,2.276259,0.215871,8.2e-05,0.614596,0.520826,0.131021,0.082916
src/App/CMakeFiles/FreeCADApp.dir/GeoFeaturePyImp.cpp.o,2.566,2.500773,2.412624,0.076661,1.788701,0.631908,0.563149,0.036354,0.038551
src/App/CMakeFiles/FreeCADApp.dir/ExtensionContainerPyImp.cpp.o,2.564,2.503241,2.396238,0.095672,2.022544,0.579778,0.497887,0.061238,0.032627
src/Gui/CMakeFiles/FreeCADGui.dir/Quarter/moc_ContextMenu.cpp.o,2.564,2.499955,2.480986,0.00872,2.125151,0.559185,0.474817,0.003701,0.003533
src/3rdParty/salomesmesh/CMakeFiles/DriverSTL.dir/src/DriverSTL/DriverSTL_W_SMDS_Mesh.cpp.o,2.562,2.494058,2.226679,0.257069,0.05795,0.608128,0.505868,0.172526,0.08278
src/Mod/Sketcher/Gui/CMakeFiles/SketcherGui.dir/ViewProviderSketchGeometryExtensionPyImp.cpp.o,2.562,2.497704,2.429641,0.05729,2.039142,0.5594,0.397565,0.03851,0.016969
src/App/CMakeFiles/FreeCADApp.dir/MeasureManagerPyImp.cpp.o,2.561,2.498352,2.407108,0.079359,1.799769,0.650016,0.571385,0.041365,0.036058
src/3rdParty/salomesmesh/CMakeFiles/StdMeshers.dir/src/StdMeshers/StdMeshers_MaxElementArea.cpp.o,2.561,2.494485,2.406429,0.072229,1.161886,0.628487,0.551549,0.042743,0.027377
src/Mod/CAM/libarea/CMakeFiles/area-native.dir/AreaPocket.cpp.o,2.561,2.497272,2.15405,0.332711,1.553103,0.7821,0.509809,0.256977,0.073897
src/Gui/CMakeFiles/FreeCADGui.dir/Quarter/NativeEvent.cpp.o,2.557,2.490377,2.47129,0.006261,2.14257,0.5391,0.469407,0.001782,0.002235
src/3rdParty/salomesmesh/CMakeFiles/StdMeshers.dir/src/StdMeshers/StdMeshers_QuadrangleParams.cpp.o,2.557,2.491131,2.343005,0.137295,0.003049,0.61513,0.545863,0.10234,0.032861
src/3rdParty/salomesmesh/CMakeFiles/StdMeshers.dir/src/StdMeshers/StdMeshers_StartEndLength.cpp.o,2.556,2.492883,2.343816,0.136971,0.003203,0.632452,0.523577,0.085133,0.049773
src/Base/CMakeFiles/FreeCADBase.dir/Observer.cpp.o,2.555,2.498,1.594559,0.895693,1.204453,0.482045,0.330506,0.59574,0.29821
src/Gui/CMakeFiles/FreeCADGui.dir/Quarter/eventhandlers/moc_DragDropHandler.cpp.o,2.551,2.484918,2.467097,0.007572,2.117491,0.557801,0.480962,0.003019,0.002882
src/Mod/Part/App/CMakeFiles/Part.dir/ArcOfCirclePyImp.cpp.o,2.546,2.483399,2.389626,0.083105,0.962224,0.551665,0.394537,0.052423,0.029158
src/App/CMakeFiles/FreeCADApp.dir/DepEdgePyImp.cpp.o,2.538,2.474308,2.37152,0.089307,1.778316,0.624441,0.530862,0.05549,0.032006
src/Mod/CAM/App/CMakeFiles/Path.dir/PathSegmentWalker.cpp.o,2.537,2.471484,2.313626,0.147105,1.929124,0.591697,0.49529,0.089861,0.055456
src/Mod/Robot/App/CMakeFiles/Robot.dir/Trajectory.cpp.o,2.534,2.467203,2.284253,0.172209,1.807923,0.596861,0.473844,0.12279,0.047654
src/Mod/Assembly/App/CMakeFiles/Assembly.dir/BomGroupPyImp.cpp.o,2.531,2.464976,2.424882,0.026411,1.82643,0.636911,0.56656,0.016161,0.008235
tests/src/App/CMakeFiles/App_tests_run.dir/Metadata.cpp.o,2.53,2.466146,1.963596,0.491211,0.166742,0.650166,0.503128,0.259139,0.230298
src/App/CMakeFiles/FreeCADApp.dir/GeoFeatureGroupExtensionPyImp.cpp.o,2.527,2.464549,2.429654,0.023307,1.837258,0.634119,0.556385,0.014901,0.006668
src/Mod/Fem/App/CMakeFiles/Fem.dir/FemAnalysis.cpp.o,2.527,2.458299,2.294504,0.15298,1.873739,0.604395,0.517922,0.063477,0.087828
src/3rdParty/Clipper2/CMakeFiles/Clipper2Z.dir/Clipper2Lib/src/clipper.triangulation.cpp.o,2.523,2.470327,1.903336,0.558137,1.389087,0.676683,0.408733,0.409813,0.146715
src/Mod/Part/App/CMakeFiles/Part.dir/BoundedCurvePyImp.cpp.o,2.521,2.453536,2.404548,0.03851,2.024288,0.551918,0.392282,0.021186,0.015423
src/Mod/CAM/App/CMakeFiles/Path.dir/PropertyPath.cpp.o,2.52,2.452914,2.39025,0.050059,1.956419,0.692164,0.598183,0.028323,0.019714
src/3rdParty/salomesmesh/CMakeFiles/SMESHDS.dir/src/SMESHDS/SMESHDS_SubMesh.cpp.o,2.518,2.453074,2.223745,0.217946,0.001132,0.635242,0.50418,0.148486,0.067204
tests/src/Base/CMakeFiles/Base_tests_run.dir/Vector3D.cpp.o,2.518,2.453671,1.9234,0.521628,0.07268,0.640241,0.471866,0.266771,0.253151
src/App/CMakeFiles/FreeCADApp.dir/SuppressibleExtensionPyImp.cpp.o,2.517,2.453217,2.414796,0.026375,1.799068,0.649922,0.555884,0.017553,0.007005
src/Mod/Part/App/CMakeFiles/Part.dir/TrimmedCurvePyImp.cpp.o,2.515,2.447974,2.401925,0.036158,2.026208,0.552632,0.401632,0.021716,0.013043
src/App/CMakeFiles/FreeCADApp.dir/DocumentObjectGroupPyImp.cpp.o,2.514,2.448463,2.411593,0.024859,1.802196,0.642514,0.563236,0.015617,0.007471
src/Mod/Fem/App/CMakeFiles/Fem.dir/FemPostObject.cpp.o,2.509,2.44331,2.340587,0.091775,0.925367,0.607996,0.525173,0.058029,0.031953
src/App/CMakeFiles/FreeCADApp.dir/ExpressionTokenizer.cpp.o,2.508,2.450949,2.343484,0.096443,1.9006,0.584898,0.497375,0.075955,0.018712
src/3rdParty/salomesmesh/CMakeFiles/StdMeshers.dir/src/StdMeshers/StdMeshers_LocalLength.cpp.o,2.508,2.443285,2.32749,0.104314,0.00319,0.616371,0.533304,0.060137,0.042191
src/Base/CMakeFiles/FreeCADBase.dir/PersistencePyImp.cpp.o,2.503,2.441833,2.256694,0.174607,1.58195,0.571569,0.41457,0.102255,0.070409
src/Base/CMakeFiles/FreeCADBase.dir/Sequencer.cpp.o,2.501,2.444144,1.525253,0.911493,0.358973,0.445366,0.301056,0.590827,0.318954
src/App/CMakeFiles/FreeCADApp.dir/Material.cpp.o,2.494,2.428586,2.35162,0.06269,1.955846,0.611848,0.504117,0.032961,0.027929
src/Mod/Sketcher/App/CMakeFiles/Sketcher.dir/ConstraintPyImp.cpp.o,2.491,2.424862,2.126601,0.287565,1.657188,0.554449,0.363738,0.145547,0.139743
src/Base/CMakeFiles/FreeCADBase.dir/MatrixPyImp.cpp.o,2.488,2.433881,1.904655,0.520558,1.189177,0.49707,0.322865,0.235464,0.283086
src/3rdParty/salomesmesh/CMakeFiles/StdMeshers.dir/src/StdMeshers/StdMeshers_MaxLength.cpp.o,2.488,2.418131,2.297627,0.109829,0.003104,0.601036,0.508552,0.059865,0.048189
src/App/CMakeFiles/FreeCADApp.dir/TransactionalObject.cpp.o,2.48,2.416024,2.390042,0.014098,1.998343,0.631653,0.56324,0.005711,0.006528
src/Mod/Fem/App/CMakeFiles/Fem.dir/FemSolverObject.cpp.o,2.48,2.415386,2.266647,0.137836,1.82806,0.614466,0.49965,0.079446,0.0568
src/Mod/Robot/App/CMakeFiles/Robot.dir/Robot6AxisPyImp.cpp.o,2.468,2.404246,2.263308,0.130777,1.708713,0.481301,0.340349,0.067565,0.061422
tests/src/Base/CMakeFiles/Base_tests_run.dir/DualQuaternion.cpp.o,2.468,2.410927,1.90216,0.499966,0.122155,0.625299,0.467462,0.259603,0.238697
src/3rdParty/OndselSolver/OndselSolver/CMakeFiles/OndselSolver.dir/EndFrameqct.cpp.o,2.464,2.407111,1.160423,1.240098,0.742172,0.297445,0.268572,0.756623,0.48133
src/App/CMakeFiles/FreeCADApp.dir/PropertyUnits.cpp.o,2.461,2.394918,2.11952,0.264303,1.681761,0.516809,0.394479,0.101906,0.160081
tests/src/Base/CMakeFiles/Base_tests_run.dir/Stream.cpp.o,2.46,2.399007,1.895224,0.49444,0.187132,0.663618,0.494389,0.262889,0.229679
src/3rdParty/salomesmesh/CMakeFiles/StdMeshers.dir/src/StdMeshers/StdMeshers_Deflection1D.cpp.o,2.458,2.388282,2.259516,0.116101,0.015268,0.595769,0.514812,0.068354,0.045872
src/3rdParty/salomesmesh/CMakeFiles/StdMeshers.dir/src/StdMeshers/StdMeshers_Geometric1D.cpp.o,2.447,2.383182,2.281562,0.088686,0.003005,0.593417,0.507451,0.054969,0.031674
src/Mod/Robot/App/CMakeFiles/Robot.dir/Robot6Axis.cpp.o,2.446,2.382305,2.250184,0.121349,1.855459,0.538928,0.407993,0.07637,0.04318
src/3rdParty/salomesmesh/CMakeFiles/StdMeshers.dir/src/StdMeshers/StdMeshers_AutomaticLength.cpp.o,2.44,2.37676,2.245876,0.120183,0.003314,0.608335,0.52464,0.075221,0.043199
src/Mod/Part/App/CMakeFiles/Part.dir/BSplineCurveBiArcs.cpp.o,2.438,2.374742,2.282841,0.081837,0.815322,0.566002,0.403758,0.051582,0.028467
tests/src/Mod/Part/App/CMakeFiles/Part_tests_run.dir/__/Gui/SoBrepEdgeSet.cpp.o,2.436,2.369118,2.179934,0.178431,0.302923,0.673415,0.500946,0.106295,0.070327
src/Mod/Part/App/CMakeFiles/Part.dir/IGES/ImportExportSettings.cpp.o,2.435,2.369945,2.33703,0.022913,0.856716,0.584718,0.498946,0.013248,0.007804
src/Mod/TechDraw/App/CMakeFiles/TechDraw.dir/DrawHatchPyImp.cpp.o,2.435,2.370009,2.309089,0.050037,1.713654,0.615919,0.514036,0.028212,0.020273
src/Mod/Fem/App/CMakeFiles/Fem.dir/FemConstraintContact.cpp.o,2.432,2.365277,2.268769,0.08527,1.84112,0.604616,0.492458,0.05368,0.029619
src/3rdParty/salomesmesh/CMakeFiles/DriverUNV.dir/src/DriverUNV/DriverUNV_R_SMDS_Mesh.cpp.o,2.431,2.359379,2.113576,0.234486,0.008673,0.605684,0.529179,0.163496,0.069188
tests/src/Mod/Mesh/App/CMakeFiles/Mesh_tests_run.dir/Importer.cpp.o,2.431,2.367885,2.169885,0.188658,0.354053,0.74733,0.555669,0.134924,0.052038
src/Mod/Fem/App/CMakeFiles/Fem.dir/FemConstraintForce.cpp.o,2.429,2.3601,2.253143,0.0947,1.616278,0.600513,0.501373,0.066391,0.026224
tests/src/Base/CMakeFiles/Base_tests_run.dir/XMLParser.cpp.o,2.429,2.37122,1.928624,0.432595,0.812288,0.675465,0.521184,0.266508,0.164264
src/Base/CMakeFiles/FreeCADBase.dir/QuantityPyImp.cpp.o,2.426,2.364385,1.943978,0.411464,1.069925,0.514318,0.346205,0.238631,0.170789
src/3rdParty/salomesmesh/CMakeFiles/DriverUNV.dir/src/DriverUNV/DriverUNV_W_SMDS_Mesh.cpp.o,2.425,2.360702,2.116656,0.233418,0.210648,0.602955,0.49661,0.164742,0.066893
src/Mod/Part/App/CMakeFiles/Part.dir/GeometryMigrationExtension.cpp.o,2.421,2.358578,2.29639,0.05367,1.926832,0.559573,0.404678,0.034674,0.017593
src/3rdParty/salomesmesh/CMakeFiles/StdMeshers.dir/src/StdMeshers/StdMeshers_FixedPoints1D.cpp.o,2.416,2.350715,2.232451,0.107491,0,0.610328,0.520507,0.077431,0.028195
src/Mod/Sketcher/Gui/CMakeFiles/SketcherGui.dir/PropertyVisualLayerList.cpp.o,2.413,2.350076,2.168673,0.171299,0.60722,0.61204,0.471372,0.115479,0.053898
src/Mod/Fem/App/CMakeFiles/Fem.dir/FemConstraintRigidBody.cpp.o,2.404,2.338251,2.25266,0.074017,1.835788,0.597354,0.495765,0.050383,0.021155
src/Mod/Robot/App/CMakeFiles/Robot.dir/kdl_cp/chainiksolvervel_wdls.cpp.o,2.402,2.344734,2.028954,0.305413,1.405566,0.578579,0.459843,0.235701,0.068161
src/Mod/Part/App/CMakeFiles/Part.dir/Geom2d/BezierCurve2dPyImp.cpp.o,2.401,2.338535,2.099137,0.229872,0.436666,0.511446,0.345615,0.107621,0.120274
src/3rdParty/salomesmesh/CMakeFiles/SMESH.dir/src/SMESH/SMESH_Hypothesis.cpp.o,2.401,2.334533,2.234008,0.089588,6.6e-05,0.605866,0.53477,0.058803,0.029117
src/Mod/CAM/libarea/CMakeFiles/area-native.dir/AreaOrderer.cpp.o,2.394,2.32924,2.119929,0.199359,1.606595,0.762656,0.50976,0.141332,0.056168
src/Mod/Fem/App/CMakeFiles/Fem.dir/FemConstraintHeatflux.cpp.o,2.387,2.318417,2.246503,0.060284,1.832152,0.59514,0.493503,0.037573,0.020811
src/3rdParty/Clipper2/CMakeFiles/Clipper2Z.dir/Clipper2Lib/src/clipper.offset.cpp.o,2.381,2.326262,1.9251,0.392855,1.439551,0.681933,0.423002,0.286432,0.104919
src/Mod/Part/App/CMakeFiles/Part.dir/STEP/ImportExportSettings.cpp.o,2.381,2.317275,2.281373,0.026012,0.827526,0.559762,0.482956,0.014474,0.010004
tests/src/Base/CMakeFiles/Base_tests_run.dir/Translate.cpp.o,2.381,2.31864,2.022919,0.286764,0.094786,0.665809,0.474635,0.177505,0.107653
src/3rdParty/salomesmesh/CMakeFiles/StdMeshers.dir/src/StdMeshers/StdMeshers_ProjectionSource3D.cpp.o,2.379,2.314229,2.221018,0.082907,0.003424,0.589165,0.527849,0.042975,0.037784
tests/src/Mod/CAM/App/CMakeFiles/CAM_tests_run.dir/Path.cpp.o,2.377,2.321496,2.018894,0.293142,0.269983,0.677525,0.498604,0.164258,0.127089
src/Mod/Fem/App/CMakeFiles/Fem.dir/FemConstraintTemperature.cpp.o,2.376,2.312943,2.24444,0.057281,1.824783,0.600745,0.501029,0.037889,0.01751
src/Mod/Spreadsheet/App/CMakeFiles/Spreadsheet.dir/SheetObserver.cpp.o,2.373,2.307745,2.21846,0.078219,1.776956,0.64218,0.560616,0.05666,0.019916
src/3rdParty/salomesmesh/CMakeFiles/SMESH.dir/src/SMESH/SMESH_OctreeNode.cpp.o,2.371,2.309292,2.060402,0.239501,0.015952,0.53401,0.446947,0.167478,0.070386
src/App/CMakeFiles/FreeCADApp.dir/DocumentObjectGroup.cpp.o,2.369,2.302289,2.186925,0.103661,1.796052,0.57195,0.487628,0.051252,0.050453
src/Mod/Mesh/App/CMakeFiles/Mesh.dir/Core/IO/Reader3MF.cpp.o,2.367,2.307673,1.782893,0.515778,1.272063,0.582331,0.393657,0.325061,0.188747
src/Mod/Fem/Gui/CMakeFiles/FemGui.dir/FemSettings.cpp.o,2.367,2.305398,2.287027,0.008226,1.929708,0.583378,0.481359,0.003493,0.00321
tests/src/Base/CMakeFiles/Base_tests_run.dir/Unit.cpp.o,2.361,2.305166,1.88683,0.408448,0.902619,0.655566,0.482577,0.228317,0.178232
src/Mod/CAM/App/CMakeFiles/Path.dir/FeaturePath.cpp.o,2.358,2.292246,2.197969,0.082989,1.789271,0.592128,0.507548,0.041151,0.039942
src/Mod/Fem/App/CMakeFiles/Fem.dir/FemConstraintDisplacement.cpp.o,2.352,2.289009,2.215291,0.063325,1.804155,0.591439,0.477888,0.038569,0.023223
src/Gui/CMakeFiles/FreeCADGui.dir/ViewProviderBuilder.cpp.o,2.351,2.285674,2.215227,0.060725,1.179561,0.587865,0.442979,0.041903,0.017256
src/3rdParty/WildMagic4/CMakeFiles/WildMagic4.dir/Wm4PolynomialRoots.cpp.o,2.347,2.287126,1.498349,0.782226,1.104517,0.458933,0.232596,0.402943,0.377682
src/3rdParty/salomesmesh/CMakeFiles/SMESHDS.dir/src/SMESHDS/SMESHDS_GroupOnFilter.cpp.o,2.346,2.276826,2.132948,0.133985,0.007029,0.579093,0.475111,0.088404,0.043814
src/Mod/Fem/App/CMakeFiles/Fem.dir/FemConstraintGear.cpp.o,2.344,2.274457,2.217275,0.044772,1.623472,0.583548,0.483002,0.023637,0.019279
src/Mod/Fem/App/CMakeFiles/Fem.dir/FemConstraintPlaneRotation.cpp.o,2.344,2.276096,2.247982,0.017109,1.843257,0.595525,0.504832,0.006316,0.009
src/App/CMakeFiles/FreeCADApp.dir/Property.cpp.o,2.34,2.281009,1.935713,0.335338,1.470875,0.592387,0.426447,0.215112,0.11836
src/Mod/Fem/App/CMakeFiles/Fem.dir/FemSetNodesObject.cpp.o,2.339,2.275278,2.24211,0.021007,1.81906,0.620297,0.511599,0.008001,0.011252
src/App/CMakeFiles/FreeCADApp.dir/Placement.cpp.o,2.335,2.27208,2.186919,0.07467,1.791588,0.583972,0.489919,0.037165,0.035662
tests/src/Base/CMakeFiles/Base_tests_run.dir/NumericFormatting.cpp.o,2.334,2.27444,1.826927,0.438526,0.089777,0.646722,0.482893,0.240021,0.196723
tests/src/Base/CMakeFiles/Base_tests_run.dir/Writer.cpp.o,2.334,2.272913,2.005237,0.258061,0.232572,0.716844,0.563464,0.152025,0.104132
src/App/CMakeFiles/FreeCADApp.dir/SuppressibleExtension.cpp.o,2.333,2.269113,2.235341,0.021744,1.840932,0.593077,0.50114,0.008096,0.01191
src/Mod/Part/App/CMakeFiles/Part.dir/Geom2d/Line2dPyImp.cpp.o,2.333,2.270812,2.135903,0.126243,0.493283,0.506119,0.350193,0.063119,0.061582
src/Mod/Part/App/CMakeFiles/Part.dir/Geom2d/Line2dSegmentPyImp.cpp.o,2.333,2.267194,2.113224,0.144918,0.486502,0.502841,0.357783,0.070372,0.072799
src/3rdParty/OndselSolver/OndselSolver/CMakeFiles/OndselSolver.dir/MarkerFrame.cpp.o,2.332,2.273626,1.263146,1.002918,0.772027,0.346365,0.315055,0.673553,0.32676
src/3rdParty/libE57Format/CMakeFiles/E57Format.dir/src/E57XmlParser.cpp.o,2.33,2.265015,1.618779,0.636776,1.195987,0.411096,0.282738,0.364903,0.269745
src/Gui/CMakeFiles/FreeCADGui.dir/InputHintPy.cpp.o,2.329,2.262318,2.20774,0.042645,1.803702,0.524181,0.398569,0.030472,0.009799
src/Mod/Mesh/App/CMakeFiles/Mesh.dir/Core/SetOperations.cpp.o,2.326,2.267826,1.701264,0.558366,1.157012,0.597408,0.377568,0.379004,0.177614
src/Mod/Fem/App/CMakeFiles/Fem.dir/FemConstraintInitialTemperature.cpp.o,2.324,2.253892,2.181825,0.060358,1.791573,0.569876,0.472245,0.038683,0.019803
src/App/CMakeFiles/FreeCADApp.dir/ColorModel.cpp.o,2.322,2.264284,1.589264,0.667471,1.085562,0.532971,0.283448,0.440452,0.22516
src/Mod/Measure/App/CMakeFiles/Measure.dir/Preferences.cpp.o,2.319,2.25435,2.225271,0.01874,1.884352,0.55697,0.47206,0.006514,0.010516
src/Mod/Fem/App/CMakeFiles/Fem.dir/FemConstraintPressure.cpp.o,2.318,2.257981,2.19512,0.052548,1.777897,0.596576,0.484326,0.034756,0.016176
src/3rdParty/salomesmesh/CMakeFiles/SMESHDS.dir/src/SMESHDS/SMESHDS_Document.cpp.o,2.317,2.255932,2.163855,0.081822,8.2e-05,0.599621,0.486798,0.059484,0.020494
src/Mod/Part/App/CMakeFiles/Part.dir/Geom2d/Ellipse2dPyImp.cpp.o,2.315,2.249375,2.137738,0.102703,0.498418,0.512264,0.357341,0.052673,0.04823
src/3rdParty/salomesmesh/CMakeFiles/SMESH.dir/src/SMESH/MED_Factory.cpp.o,2.314,2.249056,2.178222,0.060365,1.545466,0.688485,0.40082,0.04058,0.018117
src/Mod/Fem/App/CMakeFiles/Fem.dir/FemConstraintPulley.cpp.o,2.314,2.244942,2.207407,0.026407,1.60254,0.58674,0.475088,0.009846,0.014733
src/Mod/Fem/App/CMakeFiles/Fem.dir/FemConstraintSpring.cpp.o,2.312,2.243179,2.21154,0.020156,1.828479,0.576618,0.485402,0.007468,0.010933
src/Mod/Fem/App/CMakeFiles/Fem.dir/FemConstraintFixed.cpp.o,2.306,2.243159,2.214128,0.017694,1.840857,0.561334,0.478813,0.0063,0.009625
src/App/CMakeFiles/FreeCADApp.dir/Annotation.cpp.o,2.305,2.24367,2.132218,0.10052,1.726166,0.585496,0.498262,0.066331,0.032293
src/Mod/Fem/App/CMakeFiles/Fem.dir/FemSetFacesObject.cpp.o,2.304,2.240149,2.209654,0.019599,1.822771,0.584559,0.495812,0.007488,0.010319
src/Mod/Robot/App/CMakeFiles/Robot.dir/TrajectoryCompound.cpp.o,2.302,2.233699,2.1395,0.083848,1.703793,0.621936,0.510892,0.055205,0.027036
src/Mod/Part/App/CMakeFiles/Part.dir/Geom2d/Conic2dPyImp.cpp.o,2.3,2.236316,2.132804,0.094295,0.51609,0.514457,0.351333,0.047255,0.045315
src/App/CMakeFiles/FreeCADApp.dir/MaterialObject.cpp.o,2.299,2.237846,2.152001,0.075256,1.75696,0.575299,0.477743,0.03669,0.036833
src/Mod/CAM/libarea/CMakeFiles/area-native.dir/Curve.cpp.o,2.298,2.227423,1.966897,0.25088,1.473413,0.705746,0.459155,0.147529,0.101502
src/Base/CMakeFiles/FreeCADBase.dir/RotationPyImp.cpp.o,2.296,2.239042,1.920282,0.309768,1.341028,0.503662,0.344126,0.140843,0.167112
src/Mod/Part/App/CMakeFiles/Part.dir/Geom2d/ArcOfConic2dPyImp.cpp.o,2.29,2.224754,2.112952,0.102291,0.497528,0.526339,0.358922,0.052032,0.048353
src/Mod/Part/App/CMakeFiles/Part.dir/Geom2d/Geometry2dPyImp.cpp.o,2.283,2.219489,2.108155,0.10214,0.497575,0.508492,0.358333,0.052702,0.047804
src/3rdParty/salomesmesh/CMakeFiles/StdMeshers.dir/src/StdMeshers/StdMeshers_UseExisting_1D2D.cpp.o,2.283,2.211256,2.167583,0.029916,0,0.611233,0.510919,0.016989,0.011052
src/Mod/Fem/App/CMakeFiles/Fem.dir/FemSetObject.cpp.o,2.283,2.21997,2.18949,0.019926,1.793797,0.585852,0.486879,0.007478,0.010757
src/Gui/CMakeFiles/FreeCADGui.dir/qrc_resource.cpp.o,2.282,2.216203,2.186853,0.00752,0,0,0,0.002685,0.003538
tests/src/App/CMakeFiles/App_tests_run.dir/StartupConfiguration.cpp.o,2.28,2.217867,1.782497,0.426145,0.403219,0.665555,0.471559,0.279421,0.144964
src/Mod/Part/App/CMakeFiles/Part.dir/Geom2d/Hyperbola2dPyImp.cpp.o,2.279,2.216285,2.102294,0.10461,0.472961,0.515334,0.356866,0.05396,0.048939
src/Mod/Fem/App/CMakeFiles/Fem.dir/FemSetElementNodesObject.cpp.o,2.278,2.216487,2.187029,0.019835,1.805941,0.577557,0.498346,0.007802,0.010463
src/Mod/Fem/App/CMakeFiles/Fem.dir/FemSetElementsObject.cpp.o,2.271,2.20482,2.175066,0.018835,1.793658,0.578866,0.499371,0.007207,0.009994
src/Mod/Part/App/CMakeFiles/Part.dir/Geom2d/Circle2dPyImp.cpp.o,2.27,2.210941,2.121201,0.081178,0.462071,0.521334,0.356551,0.0413,0.038337
src/Base/CMakeFiles/FreeCADBase.dir/VectorPyImp.cpp.o,2.269,2.208874,1.896128,0.304418,1.208715,0.487289,0.324608,0.138075,0.16466
src/3rdParty/salomesmesh/CMakeFiles/StdMeshers.dir/src/StdMeshers/StdMeshers_ProjectionSource1D.cpp.o,2.268,2.20409,2.127401,0.064308,0.003305,0.586904,0.481392,0.036163,0.026342
src/3rdParty/salomesmesh/CMakeFiles/StdMeshers.dir/src/StdMeshers/StdMeshers_NumberOfLayers.cpp.o,2.266,2.203009,2.161616,0.031942,7.7e-05,0.577452,0.493362,0.018107,0.012331
src/3rdParty/salomesmesh/CMakeFiles/DriverSTL.dir/src/DriverSTL/DriverSTL_R_SMDS_Mesh.cpp.o,2.264,2.203814,2.087555,0.104831,0.02858,0.567362,0.459835,0.061285,0.041492
src/3rdParty/salomesmesh/CMakeFiles/SMESH.dir/src/SMESH/SMESH_Group.cpp.o,2.263,2.197763,2.15292,0.033673,0,0.597039,0.512568,0.022016,0.009878
src/Mod/Robot/App/CMakeFiles/Robot.dir/TrajectoryDressUpObject.cpp.o,2.263,2.195157,2.133335,0.049669,1.736031,0.578597,0.496311,0.027181,0.020743
src/Mod/Robot/App/CMakeFiles/Robot.dir/TrajectoryObject.cpp.o,2.262,2.196877,2.164491,0.021207,1.77581,0.577365,0.495738,0.00746,0.011951
src/Mod/CAM/App/CMakeFiles/Path.dir/VoronoiCell.cpp.o,2.257,2.194177,2.163379,0.021488,1.436681,0.85834,0.433814,0.011861,0.007905
src/App/CMakeFiles/FreeCADApp.dir/DocumentObjectExtension.cpp.o,2.254,2.193843,2.162118,0.020683,1.778211,0.579269,0.49309,0.007945,0.010868
src/Mod/CAM/App/CMakeFiles/Path.dir/VoronoiVertex.cpp.o,2.254,2.191273,2.166683,0.014914,1.438027,0.857455,0.446312,0.00656,0.006689
src/App/CMakeFiles/FreeCADApp.dir/InventorObject.cpp.o,2.252,2.190785,2.161428,0.019071,1.767007,0.580619,0.479268,0.00688,0.010663
src/Mod/Mesh/App/CMakeFiles/Mesh.dir/Core/Elements.cpp.o,2.252,2.195721,1.791679,0.396613,1.314106,0.545077,0.330217,0.23126,0.163755
src/Mod/TechDraw/App/CMakeFiles/TechDraw.dir/ProjectionAlgos.cpp.o,2.252,2.189195,1.945741,0.234853,0.689018,0.454533,0.301187,0.121354,0.111773
src/3rdParty/Clipper2/CMakeFiles/Clipper2Z.dir/Clipper2Lib/src/clipper.rectclip.cpp.o,2.251,2.198051,1.878669,0.311195,1.434516,0.660365,0.40065,0.204353,0.105247
src/Mod/CAM/App/CMakeFiles/Path.dir/VoronoiEdge.cpp.o,2.251,2.185421,2.158314,0.016822,1.43818,0.848832,0.437645,0.006739,0.007843
src/Mod/Fem/App/CMakeFiles/Fem.dir/FemSetGeometryObject.cpp.o,2.248,2.182434,2.15505,0.017744,1.784267,0.560441,0.470183,0.006667,0.009665
tests/src/Base/CMakeFiles/Base_tests_run.dir/NumericInput.cpp.o,2.246,2.188162,1.756794,0.422952,0.004495,0.616867,0.465823,0.236473,0.18487
src/3rdParty/salomesmesh/CMakeFiles/SMESHDS.dir/src/SMESHDS/SMESHDS_GroupBase.cpp.o,2.241,2.178303,2.12657,0.041698,6.7e-05,0.576247,0.481789,0.024599,0.015451
tests/src/Gui/CMakeFiles/Gui_tests_run.dir/StyleParameters/ColorShadingTest.cpp.o,2.24,2.183193,1.854141,0.319766,0.002022,0.643503,0.458302,0.180716,0.137248
src/3rdParty/OndselSolver/OndselSolver/CMakeFiles/OndselSolver.dir/AngleZIeqcJeqc.cpp.o,2.239,2.153307,1.694411,0.440155,1.222924,0.404367,0.388154,0.303035,0.133006
src/Mod/Part/App/CMakeFiles/Part.dir/Geom2d/ArcOfHyperbola2dPyImp.cpp.o,2.237,2.174483,2.098337,0.067302,0.458341,0.514789,0.351533,0.036227,0.02935
src/App/CMakeFiles/FreeCADApp.dir/IndexedName.cpp.o,2.232,2.167625,2.087513,0.070989,1.713402,0.435999,0.338383,0.050392,0.018701
src/Mod/Part/App/CMakeFiles/Part.dir/Geom2d/OffsetCurve2dPyImp.cpp.o,2.231,2.165717,2.08491,0.071791,0.383324,0.516399,0.361518,0.038772,0.03112
src/Mod/Part/App/CMakeFiles/Part.dir/Geom2d/ArcOfEllipse2dPyImp.cpp.o,2.229,2.164384,2.088622,0.066758,0.452764,0.517511,0.361906,0.035818,0.029191
tests/src/Base/CMakeFiles/Base_tests_run.dir/ServiceProvider.cpp.o,2.228,2.17278,1.830471,0.333073,0.07068,0.650339,0.478637,0.216703,0.114617
src/3rdParty/salomesmesh/CMakeFiles/SMESHDS.dir/src/SMESHDS/SMESHDS_GroupOnGeom.cpp.o,2.227,2.165909,2.103426,0.051467,7.3e-05,0.575876,0.472855,0.028449,0.021056
src/Mod/Part/App/CMakeFiles/Part.dir/Geom2d/ArcOfCircle2dPyImp.cpp.o,2.224,2.159903,2.083867,0.066531,0.483982,0.510091,0.337127,0.03613,0.028751
src/App/CMakeFiles/FreeCADApp.dir/TextDocument.cpp.o,2.222,2.164265,2.066176,0.087751,1.654858,0.588584,0.487176,0.054835,0.0312
src/Mod/Robot/App/CMakeFiles/Robot.dir/kdl_cp/jntspaceinertiamatrix.cpp.o,2.218,2.158082,1.898712,0.250132,1.361671,0.52099,0.406439,0.202624,0.045892
tests/src/zipios++/CMakeFiles/Zipios_tests_run.dir/collectioncollection.cpp.o,2.217,2.160343,1.844224,0.30772,0.052805,0.66526,0.495858,0.189112,0.11705
src/3rdParty/salomesmesh/CMakeFiles/SMESHDS.dir/src/SMESHDS/SMESHDS_Group.cpp.o,2.216,2.151488,2.098444,0.042683,0,0.5594,0.464786,0.026339,0.014581
tests/src/Base/CMakeFiles/Base_tests_run.dir/CoordinateSystem.cpp.o,2.216,2.156067,1.915046,0.23191,0.15473,0.650492,0.481374,0.13096,0.099238
tests/src/Base/CMakeFiles/Base_tests_run.dir/Placement.cpp.o,2.216,2.158906,1.872781,0.277698,0.129058,0.622795,0.467843,0.146585,0.129521
src/Mod/Fem/App/CMakeFiles/Fem.dir/FemShapeExtension.cpp.o,2.215,2.155277,2.093846,0.05025,1.702584,0.543321,0.429624,0.018609,0.029848
tests/src/Base/CMakeFiles/Base_tests_run.dir/UniqueNameManager.cpp.o,2.215,2.159341,1.884052,0.266523,0.093783,0.689552,0.532775,0.164486,0.100297
src/Mod/Part/App/CMakeFiles/Part.dir/Geom2d/ArcOfParabola2dPyImp.cpp.o,2.213,2.149024,2.079263,0.060505,0.461462,0.508035,0.349427,0.034272,0.024348
src/3rdParty/WildMagic4/CMakeFiles/WildMagic4.dir/Wm4ConvexHull2.cpp.o,2.204,2.146143,1.509101,0.630449,1.126061,0.43976,0.22453,0.324511,0.30436
src/Mod/Part/App/CMakeFiles/Part.dir/Geom2d/Parabola2dPyImp.cpp.o,2.198,2.13717,2.069937,0.057619,0.481234,0.509407,0.344483,0.031168,0.024756
src/3rdParty/WildMagic4/CMakeFiles/WildMagic4.dir/Wm4QuadricSurface.cpp.o,2.195,2.139681,1.47211,0.66022,1.097899,0.439947,0.21952,0.304548,0.354095
src/Base/CMakeFiles/FreeCADBase.dir/BoundBoxPyImp.cpp.o,2.194,2.13913,1.833293,0.297893,1.176317,0.482191,0.318798,0.138622,0.157523
src/Base/CMakeFiles/FreeCADBase.dir/FileInfo.cpp.o,2.193,2.140435,1.760152,0.372478,1.33954,0.498557,0.360902,0.230964,0.139987
src/Base/CMakeFiles/FreeCADBase.dir/PlacementPyImp.cpp.o,2.188,2.133469,1.892021,0.233223,1.320827,0.496846,0.344801,0.106511,0.125231
src/3rdParty/OndselSolver/OndselSolver/CMakeFiles/OndselSolver.dir/MomentOfInertiaSolver.cpp.o,2.187,2.135024,1.017763,1.110915,0.624607,0.298049,0.184513,0.700278,0.408928
src/Base/CMakeFiles/FreeCADBase.dir/Uuid.cpp.o,2.18,2.123512,1.238924,0.877883,0.857505,0.40362,0.228289,0.589125,0.287059
src/Mod/Sketcher/App/CMakeFiles/Sketcher.dir/planegcs/Geo.cpp.o,2.18,2.124955,1.497298,0.620683,1.040137,0.488633,0.250539,0.327293,0.291726
src/Mod/Part/App/CMakeFiles/Part.dir/PrismExtension.cpp.o,2.179,2.109567,2.062717,0.037421,0.487097,0.521981,0.383697,0.019079,0.016799
src/App/CMakeFiles/FreeCADApp.dir/ImagePlane.cpp.o,2.178,2.119252,2.087223,0.019991,1.697023,0.576658,0.487175,0.007888,0.009995
tests/src/Base/CMakeFiles/Base_tests_run.dir/XMLTools.cpp.o,2.178,2.123962,1.834426,0.280613,0,0.637418,0.477935,0.163747,0.115089
src/3rdParty/salomesmesh/CMakeFiles/SMDS.dir/src/SMDS/SMDS_VtkVolume.cpp.o,2.175,2.115248,1.959656,0.145578,6.5e-05,0.556183,0.441457,0.09364,0.050189
src/Base/CMakeFiles/FreeCADBase.dir/UnitPyImp.cpp.o,2.172,2.109851,2.00278,0.09909,1.340047,0.471842,0.336586,0.048616,0.048907
src/3rdParty/salomesmesh/CMakeFiles/SMDS.dir/src/SMDS/SMDS_MeshNode.cpp.o,2.172,2.106825,1.994985,0.101114,0.0001,0.581565,0.470382,0.063196,0.036089
src/Gui/CMakeFiles/FreeCADGui.dir/Inventor/SoAxisCrossKit.cpp.o,2.172,2.099913,1.966002,0.124796,1.364967,0.556767,0.394322,0.060181,0.062931
src/Mod/Mesh/App/CMakeFiles/Mesh.dir/Core/Smoothing.cpp.o,2.171,2.116053,1.81505,0.292776,1.245082,0.499094,0.315557,0.195323,0.095743
src/Base/CMakeFiles/FreeCADBase.dir/TypePyImp.cpp.o,2.17,2.114219,1.9331,0.172274,1.27074,0.499076,0.368536,0.095363,0.075199
src/Mod/Mesh/App/CMakeFiles/Mesh.dir/Core/Tools.cpp.o,2.17,2.110034,1.783434,0.318702,1.295096,0.570333,0.338154,0.220093,0.096869
src/App/CMakeFiles/FreeCADApp.dir/VarSet.cpp.o,2.164,2.101995,2.076927,0.013414,1.70237,0.563745,0.477644,0.004715,0.006902
src/3rdParty/OndselSolver/OndselSolver/CMakeFiles/OndselSolver.dir/SymbolicParser.cpp.o,2.163,2.108836,1.411219,0.689165,0.683125,0.424786,0.380241,0.452649,0.2346
tests/src/Base/CMakeFiles/Base_tests_run.dir/Color.cpp.o,2.162,2.104679,1.817434,0.278476,0.001732,0.628864,0.461917,0.158712,0.118075
src/Mod/Part/App/CMakeFiles/Part.dir/GeomPlate/PointConstraintPyImp.cpp.o,2.157,2.098244,1.979427,0.110602,0.805153,0.527918,0.361643,0.053157,0.055717
src/Mod/Measure/App/CMakeFiles/Measure.dir/MassPropertiesObject.cpp.o,2.154,2.089856,2.067933,0.011978,1.692715,0.561908,0.477427,0.004198,0.006099
src/3rdParty/salomesmesh/CMakeFiles/SMDS.dir/src/SMDS/SMDS_MeshCell.cpp.o,2.152,2.088857,1.829608,0.250437,6.3e-05,0.509937,0.414733,0.160654,0.088097
src/App/CMakeFiles/FreeCADApp.dir/ByteArray.cpp.o,2.146,2.083487,2.072457,0.001958,1.721124,0.462601,0.322778,0.000131,0.000156
tests/src/Mod/Mesh/App/CMakeFiles/Mesh_tests_run.dir/Core/KDTree.cpp.o,2.146,2.090412,1.907729,0.173704,0.186733,0.6793,0.48289,0.109125,0.062949
src/Mod/Part/Gui/CMakeFiles/PartGui.dir/ReferenceHighlighter.cpp.o,2.141,2.075535,1.769061,0.297087,0.245849,0.467472,0.278843,0.192397,0.102733
src/Mod/Mesh/App/CMakeFiles/Mesh.dir/EdgePyImp.cpp.o,2.138,2.080072,1.927003,0.144125,1.368902,0.518533,0.35663,0.074589,0.067797
src/Mod/Part/App/CMakeFiles/Part.dir/BRepOffsetAPI_MakeOffsetFix.cpp.o,2.136,2.077234,1.74796,0.321017,0.060845,0.420477,0.27654,0.176559,0.142422
src/Mod/PartDesign/Gui/CMakeFiles/PartDesignGui.dir/qrc_PartDesign_translation.cpp.o,2.135,2.080258,2.056283,0.007494,0,0,0,0.002563,0.003673
src/3rdParty/salomesmesh/CMakeFiles/SMDS.dir/src/SMDS/SMDS_QuadraticFaceOfNodes.cpp.o,2.131,2.069382,1.958116,0.101995,0.002649,0.583085,0.459065,0.064821,0.035461
src/App/CMakeFiles/FreeCADApp.dir/MaterialPyImp.cpp.o,2.129,2.066024,1.88214,0.173851,1.157108,0.533666,0.349501,0.076253,0.095398
tests/src/zipios++/CMakeFiles/Zipios_tests_run.dir/zipfile.cpp.o,2.127,2.066266,1.828591,0.228754,0.047101,0.640979,0.486171,0.138981,0.087997
src/3rdParty/OndselSolver/OndselSolver/CMakeFiles/OndselSolver.dir/ASMTGeneralMotion.cpp.o,2.125,2.063218,1.319683,0.735098,0.853589,0.346882,0.36199,0.469758,0.263604
src/Mod/Mesh/App/CMakeFiles/Mesh.dir/Core/IO/ReaderPLY.cpp.o,2.12,2.064556,1.797964,0.258272,1.352332,0.553251,0.359183,0.183831,0.072763
src/Mod/Robot/App/CMakeFiles/Robot.dir/kdl_cp/jntarray.cpp.o,2.12,2.063258,1.860695,0.193118,1.364594,0.473663,0.363948,0.155998,0.035497
tests/src/Base/CMakeFiles/Base_tests_run.dir/StringUtils.cpp.o,2.114,2.051852,1.817268,0.225162,0.000434,0.63718,0.454416,0.125078,0.098344
tests/src/Base/CMakeFiles/Base_tests_run.dir/Tools2D.cpp.o,2.111,2.052854,1.861739,0.181577,0.137923,0.643836,0.464133,0.119865,0.059829
src/App/CMakeFiles/FreeCADApp.dir/DocumentObjectFileIncluded.cpp.o,2.11,2.049987,2.025615,0.013712,1.647419,0.560372,0.471184,0.0048,0.007219
tests/src/Base/CMakeFiles/Base_tests_run.dir/Translation.cpp.o,2.109,2.050561,1.767695,0.27437,0.008869,0.622852,0.46755,0.174614,0.097937
tests/src/Mod/Mesh/App/CMakeFiles/Mesh_tests_run.dir/Core/MeshIO.cpp.o,2.105,2.048205,1.954342,0.084964,0.231753,0.692425,0.502506,0.063777,0.019676
src/3rdParty/salomesmesh/CMakeFiles/StdMeshers.dir/src/StdMeshers/StdMeshers_SegmentAroundVertex_0D.cpp.o,2.104,2.040837,1.983588,0.047382,0,0.495688,0.427618,0.034062,0.011571
tests/src/Base/CMakeFiles/Base_tests_run.dir/TimeInfo.cpp.o,2.101,2.046209,1.952069,0.084836,0.225685,0.683302,0.536435,0.058338,0.024793
src/Mod/Spreadsheet/App/CMakeFiles/Spreadsheet.dir/PropertyColumnWidths.cpp.o,2.099,2.039165,1.913997,0.116278,1.503488,0.557406,0.421214,0.078503,0.035903
src/3rdParty/salomesmesh/CMakeFiles/SMESH.dir/src/SMESH/MED_Structures.cpp.o,2.098,2.037844,1.708417,0.320558,1.196686,0.543335,0.305687,0.216342,0.102441
src/Mod/TechDraw/App/CMakeFiles/TechDraw.dir/TechDrawExport.cpp.o,2.094,2.035134,1.688171,0.339171,0.608379,0.413031,0.271622,0.172191,0.16519
tests/src/Base/CMakeFiles/Base_tests_run.dir/Rotation.cpp.o,2.091,2.032375,1.905182,0.118335,0.157084,0.648198,0.475803,0.076669,0.039891
src/3rdParty/OndselSolver/OndselSolver/CMakeFiles/OndselSolver.dir/AnyPosICNewtonRaphson.cpp.o,2.086,1.982565,1.622851,0.347112,1.173613,0.380014,0.356511,0.237342,0.106419
src/3rdParty/salomesmesh/CMakeFiles/SMDS.dir/src/SMDS/SMDS_PolygonalFaceOfNodes.cpp.o,2.083,2.021974,1.916991,0.095752,0.002052,0.569438,0.435208,0.062898,0.031128
src/3rdParty/salomesmesh/CMakeFiles/SMDS.dir/src/SMDS/SMDS_MeshGroup.cpp.o,2.076,2.015012,1.947825,0.057845,6.4e-05,0.55982,0.451785,0.045232,0.010993
src/Mod/Robot/App/CMakeFiles/Robot.dir/PropertyTrajectory.cpp.o,2.076,2.015805,1.962271,0.043886,1.596355,0.55864,0.414813,0.024894,0.017106
src/Mod/Spreadsheet/App/CMakeFiles/Spreadsheet.dir/PropertyRowHeights.cpp.o,2.073,2.011794,1.880055,0.122113,1.461007,0.567553,0.418893,0.082015,0.038077
src/3rdParty/salomesmesh/CMakeFiles/SMDS.dir/src/SMDS/SMDS_BallElement.cpp.o,2.067,2.004434,1.957476,0.037456,0,0.530655,0.426753,0.01928,0.016446
src/App/CMakeFiles/FreeCADApp.dir/Services.cpp.o,2.066,2.004945,1.989646,0.005326,1.622973,0.55386,0.47048,0.001991,0.001712
src/3rdParty/salomesmesh/CMakeFiles/DriverUNV.dir/src/DriverUNV/UNV_Test.cpp.o,2.065,1.998572,1.924797,0.064783,0.766991,0.493942,0.440104,0.049168,0.014003
src/3rdParty/salomesmesh/CMakeFiles/SMDS.dir/src/SMDS/SMDS_FaceOfNodes.cpp.o,2.062,2.003025,1.928283,0.065523,0.245381,0.5657,0.443097,0.03961,0.024189
src/App/CMakeFiles/FreeCADApp.dir/QuantityInput.cpp.o,2.062,2.001178,1.843462,0.148461,1.423478,0.535433,0.427417,0.098672,0.048037
tests/src/App/CMakeFiles/App_tests_run.dir/License.cpp.o,2.061,2.004167,1.882649,0.112121,0.122445,0.629874,0.475994,0.070608,0.039879
src/Mod/Robot/App/CMakeFiles/Robot.dir/kdl_cp/utilities/svd_eigen_HH.cpp.o,2.06,2.001519,1.749022,0.243898,1.305074,0.442042,0.290333,0.136679,0.105463
src/Mod/Mesh/App/CMakeFiles/Mesh.dir/Core/Segmentation.cpp.o,2.054,1.995032,1.802058,0.185534,1.313578,0.486026,0.31283,0.109545,0.07441
tests/src/Base/CMakeFiles/Base_tests_run.dir/DualNumber.cpp.o,2.045,1.988643,1.810933,0.169261,0.067624,0.634388,0.460563,0.098596,0.069009
tests/src/Base/CMakeFiles/Base_tests_run.dir/Tools3D.cpp.o,2.045,1.990532,1.804789,0.177216,0.073859,0.644091,0.463156,0.103411,0.07229
src/3rdParty/salomesmesh/CMakeFiles/SMDS.dir/src/SMDS/SMDS_VtkCellIterator.cpp.o,2.041,1.980715,1.926097,0.045369,6.3e-05,0.534734,0.426304,0.022721,0.021
src/3rdParty/salomesmesh/CMakeFiles/SMDS.dir/src/SMDS/SMDS_MeshIDFactory.cpp.o,2.04,1.982104,1.935666,0.037411,7.6e-05,0.54532,0.440479,0.027396,0.008407
src/App/CMakeFiles/FreeCADApp.dir/DocumentSettingsPyImp.cpp.o,2.04,1.984552,1.822109,0.154145,1.169515,0.484432,0.332465,0.078205,0.074334
src/Mod/Robot/App/CMakeFiles/Robot.dir/kdl_cp/treeiksolverpos_nr_jl.cpp.o,2.039,1.976836,1.823931,0.143941,1.444747,0.432905,0.289426,0.104892,0.037216
src/Mod/Robot/App/CMakeFiles/Robot.dir/kdl_cp/treeiksolverpos_online.cpp.o,2.039,1.980628,1.85376,0.117478,1.465923,0.445538,0.302717,0.08496,0.030777
tests/src/Base/CMakeFiles/Base_tests_run.dir/OkLch.cpp.o,2.039,1.979115,1.75081,0.219716,0.001861,0.612247,0.448511,0.126241,0.091695
src/Mod/Spreadsheet/App/CMakeFiles/Spreadsheet.dir/PropertyRowHeightsPyImp.cpp.o,2.038,1.968341,1.93239,0.027343,1.274098,0.516833,0.363561,0.017411,0.008214
src/Base/CMakeFiles/FreeCADBase.dir/CrashReporter/FaultCodes.cpp.o,2.034,1.979845,1.103074,0.870875,0.724869,0.368276,0.216321,0.573722,0.29545
src/3rdParty/salomesmesh/CMakeFiles/SMDS.dir/src/SMDS/SMDS_MeshElementIDFactory.cpp.o,2.034,1.974585,1.924239,0.041138,7.6e-05,0.543182,0.432005,0.027215,0.012081
src/3rdParty/salomesmesh/CMakeFiles/SMDS.dir/src/SMDS/SMDS_VolumeOfNodes.cpp.o,2.029,1.970084,1.90523,0.056207,0.004145,0.53367,0.435976,0.031709,0.022989
src/3rdParty/salomesmesh/CMakeFiles/SMDS.dir/src/SMDS/SMDS_VtkFace.cpp.o,2.029,1.963691,1.897336,0.057696,6.2e-05,0.527237,0.423063,0.031215,0.025026
src/Mod/Part/App/CMakeFiles/Part.dir/ShapeFix/ShapeFix_RootPyImp.cpp.o,2.018,1.959579,1.887294,0.064314,1.160235,0.472656,0.329518,0.033877,0.02897
tests/src/Base/CMakeFiles/Base_tests_run.dir/Exception.cpp.o,2.017,1.956267,1.7967,0.148792,0.078554,0.632612,0.481265,0.09183,0.055254
src/3rdParty/salomesmesh/CMakeFiles/SMDS.dir/src/SMDS/SMDS_MeshNodeIDFactory.cpp.o,2.015,1.951093,1.918667,0.022334,0,0.550163,0.435611,0.011251,0.009177
src/3rdParty/salomesmesh/CMakeFiles/SMDS.dir/src/SMDS/SMDS_VtkEdge.cpp.o,2.015,1.956115,1.901278,0.04555,9.5e-05,0.551208,0.423417,0.02544,0.018453
src/3rdParty/salomesmesh/CMakeFiles/SMDS.dir/src/SMDS/SMDS_PolyhedralVolumeOfNodes.cpp.o,2.012,1.953257,1.823629,0.120142,0.002388,0.493025,0.413452,0.081797,0.036694
src/Mod/Spreadsheet/App/CMakeFiles/Spreadsheet.dir/PropertyColumnWidthsPyImp.cpp.o,2.011,1.951163,1.917429,0.024781,1.30115,0.491711,0.355172,0.015313,0.007709
src/3rdParty/salomesmesh/CMakeFiles/SMDS.dir/src/SMDS/SMDS_Mesh0DElement.cpp.o,2.008,1.948302,1.90349,0.03667,7.7e-05,0.526545,0.440259,0.019769,0.01545
src/3rdParty/libE57Format/CMakeFiles/E57Format.dir/src/Encoder.cpp.o,2.008,1.948353,1.309342,0.632846,0.918019,0.404766,0.253216,0.308489,0.322672
src/Mod/Fem/App/CMakeFiles/Fem.dir/WorkerExtension.cpp.o,2.006,1.944106,1.913139,0.021847,1.549426,0.481678,0.356409,0.008529,0.0116
src/Mod/PartDesign/App/CMakeFiles/PartDesign.dir/AppPartDesignPy.cpp.o,2.004,1.940307,1.776274,0.155851,1.41967,0.468767,0.299869,0.081713,0.072052
src/Mod/Robot/App/CMakeFiles/Robot.dir/kdl_cp/rotationalinertia.cpp.o,2.0,1.939156,1.856672,0.07311,1.324418,0.489273,0.388591,0.068279,0.003223
src/3rdParty/WildMagic4/CMakeFiles/WildMagic4.dir/Wm4LinearSystem.cpp.o,1.999,1.936492,1.467805,0.46149,1.105503,0.43701,0.237759,0.235248,0.22472
src/Mod/Robot/App/CMakeFiles/Robot.dir/kdl_cp/jacobian.cpp.o,1.998,1.940251,1.804469,0.126833,1.347141,0.474469,0.338019,0.100957,0.024186
src/Mod/Robot/App/CMakeFiles/Robot.dir/RobotAlgos.cpp.o,1.994,1.935159,1.89013,0.036491,1.543581,0.426992,0.276347,0.019033,0.015769
src/Mod/Robot/App/CMakeFiles/Robot.dir/kdl_cp/chaindynparam.cpp.o,1.994,1.934073,1.819415,0.105621,1.456324,0.435568,0.305829,0.080362,0.023588
src/App/CMakeFiles/FreeCADApp.dir/ExtensionPyImp.cpp.o,1.992,1.930468,1.889165,0.032504,1.328559,0.483737,0.363479,0.018491,0.012158
src/Mod/Part/App/CMakeFiles/Part.dir/GeometryExtensionPyImp.cpp.o,1.989,1.930707,1.840989,0.081685,1.18754,0.490175,0.332254,0.04442,0.035666
src/Base/CMakeFiles/FreeCADBase.dir/AxisPyImp.cpp.o,1.988,1.931315,1.837838,0.085209,1.192873,0.483251,0.321647,0.047472,0.036129
src/Mod/Part/App/CMakeFiles/Part.dir/GeometryStringExtensionPyImp.cpp.o,1.988,1.923524,1.806506,0.107679,1.175926,0.468482,0.316954,0.063555,0.042445
tests/src/Base/CMakeFiles/Base_tests_run.dir/UnlimitedUnsigned.cpp.o,1.988,1.930726,1.711774,0.211138,0.045815,0.620318,0.470908,0.148493,0.061211
src/Mod/Part/App/CMakeFiles/Part.dir/GeometryIntExtensionPyImp.cpp.o,1.987,1.92426,1.84431,0.071613,1.193663,0.486333,0.329815,0.048967,0.020972
src/Mod/Part/App/CMakeFiles/Part.dir/GeometryDefaultExtension.cpp.o,1.986,1.931571,1.809303,0.113402,1.354228,0.592038,0.418066,0.069337,0.042261
src/Mod/Part/App/CMakeFiles/Part.dir/edgecluster.cpp.o,1.986,1.92464,1.738322,0.178518,0.034482,0.451946,0.293966,0.123219,0.053601
src/Mod/Robot/App/CMakeFiles/Robot.dir/kdl_cp/treejnttojacsolver.cpp.o,1.986,1.927844,1.867263,0.052058,1.530285,0.415445,0.298865,0.038664,0.011786
src/Base/CMakeFiles/FreeCADBase.dir/CoordinateSystemPyImp.cpp.o,1.983,1.927861,1.823806,0.096162,1.185704,0.479527,0.317881,0.043097,0.051611
src/Mod/Robot/App/CMakeFiles/Robot.dir/kdl_cp/path_composite.cpp.o,1.981,1.917169,1.830612,0.077749,1.44559,0.447375,0.293604,0.054672,0.021439
src/3rdParty/salomesmesh/CMakeFiles/SMDS.dir/src/SMDS/SMDS_QuadraticVolumeOfNodes.cpp.o,1.98,1.917133,1.822814,0.085082,0.001759,0.480096,0.435372,0.052252,0.031105
tests/src/Gui/CMakeFiles/Gui_tests_run.dir/SoMouseWheelEventTest.cpp.o,1.977,1.915551,1.842978,0.063932,0,0.622693,0.456383,0.049455,0.012739
src/Mod/Part/App/CMakeFiles/Part.dir/GeometryDoubleExtensionPyImp.cpp.o,1.974,1.917019,1.842771,0.06633,1.204824,0.475284,0.322368,0.043852,0.020756
src/3rdParty/OndselSolver/OndselSolver/CMakeFiles/OndselSolver.dir/AngleZIeqcJec.cpp.o,1.972,1.887908,1.476219,0.400599,1.051511,0.384285,0.331487,0.262855,0.134424
src/App/CMakeFiles/FreeCADApp.dir/DocumentObjectExtensionPyImp.cpp.o,1.967,1.903719,1.871306,0.02386,1.310582,0.49458,0.357146,0.015322,0.007018
tests/src/Base/CMakeFiles/Base_tests_run.dir/Handle.cpp.o,1.958,1.899734,1.734231,0.157054,0.00051,0.611707,0.46503,0.091683,0.063804
src/Base/CMakeFiles/FreeCADBase.dir/BaseClassPyImp.cpp.o,1.957,1.903228,1.798919,0.096747,1.118658,0.486173,0.333497,0.05571,0.039387
src/Base/CMakeFiles/FreeCADBase.dir/Placement.cpp.o,1.954,1.905448,1.047881,0.852547,0.678181,0.371514,0.177559,0.562415,0.288553
src/Mod/Robot/App/CMakeFiles/Robot.dir/kdl_cp/path.cpp.o,1.954,1.895984,1.835773,0.051507,1.440957,0.437156,0.313515,0.036842,0.0129
src/3rdParty/salomesmesh/CMakeFiles/SMDS.dir/src/SMDS/SMDS_MeshElement.cpp.o,1.952,1.891398,1.808706,0.073552,7.2e-05,0.477934,0.412406,0.038144,0.033517
src/App/CMakeFiles/FreeCADApp.dir/Extension.cpp.o,1.952,1.896303,1.825768,0.062655,1.466088,0.464743,0.344037,0.037119,0.023916
src/Mod/Import/App/CMakeFiles/Import.dir/ReaderStep.cpp.o,1.951,1.895253,1.856923,0.029926,0.179433,0.456327,0.317445,0.020021,0.008315
src/Mod/Part/App/CMakeFiles/Part.dir/GeometryBoolExtensionPyImp.cpp.o,1.95,1.889305,1.807451,0.073202,1.163122,0.492423,0.329983,0.049344,0.021751
src/Mod/Robot/App/CMakeFiles/Robot.dir/kdl_cp/kinfam_io.cpp.o,1.946,1.883199,1.817794,0.056572,1.473289,0.409813,0.276726,0.040784,0.014155
src/3rdParty/libE57Format/CMakeFiles/E57Format.dir/src/ImageFileImpl.cpp.o,1.943,1.884038,1.501046,0.376169,1.13722,0.396506,0.265944,0.221804,0.152733
src/Mod/Import/App/CMakeFiles/Import.dir/StepShapePyImp.cpp.o,1.934,1.876169,1.835188,0.031703,1.182624,0.486163,0.335265,0.01864,0.011433
tests/src/Base/CMakeFiles/Base_tests_run.dir/FileLock.cpp.o,1.93,1.871387,1.799447,0.063421,0.069714,0.629312,0.47656,0.04343,0.018288
src/3rdParty/salomesmesh/CMakeFiles/SMESH.dir/src/SMESH/MED_GaussDef.cpp.o,1.929,1.873408,1.71111,0.154461,1.222844,0.534087,0.314521,0.079011,0.073906
src/Mod/Robot/App/CMakeFiles/Robot.dir/kdl_cp/trajectory.cpp.o,1.925,1.868727,1.835241,0.025023,1.477389,0.421085,0.288986,0.018858,0.004548
src/Base/CMakeFiles/FreeCADBase.dir/Rotation.cpp.o,1.924,1.867273,1.705964,0.15356,1.336611,0.436975,0.282182,0.078616,0.073214
src/Mod/Robot/App/CMakeFiles/Robot.dir/kdl_cp/chainidsolver_recursive_newton_euler.cpp.o,1.924,1.864446,1.770129,0.085346,1.422468,0.425716,0.27426,0.060373,0.023236
src/3rdParty/salomesmesh/CMakeFiles/SMDS.dir/src/SMDS/SMDS_LinearEdge.cpp.o,1.923,1.864671,1.819143,0.036563,5.4e-05,0.466152,0.414402,0.018512,0.016346
src/Gui/CMakeFiles/FreeCADGui.dir/Quarter/ImageReader.cpp.o,1.919,1.855605,1.831367,0.015766,0.000196,0.16248,0.242457,0.009526,0.004661
src/Mod/Fem/App/CMakeFiles/Fem.dir/VTKExtensions/vtkFemFrameSourceAlgorithm.cpp.o,1.916,1.853714,1.785761,0.059755,0.385552,0.48139,0.417433,0.036972,0.021147
src/Mod/Robot/App/CMakeFiles/Robot.dir/kdl_cp/treefksolverpos_recursive.cpp.o,1.915,1.855572,1.795402,0.051432,1.457554,0.414047,0.274446,0.037675,0.012043
src/Base/CMakeFiles/FreeCADBase.dir/PrecisionPyImp.cpp.o,1.913,1.855268,1.775676,0.071904,1.136049,0.466488,0.326017,0.031977,0.038425
src/Mod/Import/App/CMakeFiles/Import.dir/StepShape.cpp.o,1.909,1.845786,1.752943,0.084512,0.93445,0.44798,0.283753,0.057515,0.025088
src/3rdParty/salomesmesh/CMakeFiles/SMDS.dir/src/SMDS/SMDS_IteratorOfElements.cpp.o,1.905,1.84578,1.78547,0.051309,0,0.481671,0.414097,0.032267,0.017401
tests/src/Base/CMakeFiles/Base_tests_run.dir/InputSource.cpp.o,1.904,1.846039,1.716496,0.120961,0.018787,0.61124,0.469821,0.081383,0.037971
tests/src/Base/CMakeFiles/Base_tests_run.dir/Base64.cpp.o,1.901,1.839957,1.689131,0.142854,0.283949,0.592972,0.448994,0.089738,0.051556
src/Mod/Robot/App/CMakeFiles/Robot.dir/kdl_cp/utilities/svd_HH.cpp.o,1.9,1.839925,1.761603,0.070051,1.413155,0.424778,0.280008,0.031759,0.036476
src/Base/CMakeFiles/FreeCADBase.dir/GeometryPyCXX.cpp.o,1.897,1.840268,1.545441,0.287711,1.197075,0.42966,0.243499,0.138011,0.147989
src/3rdParty/OndselSolver/OndselSolver/CMakeFiles/OndselSolver.dir/ASMTSpatialItem.cpp.o,1.897,1.844398,1.162463,0.675009,0.810666,0.285856,0.253456,0.430701,0.242577
tests/src/Base/CMakeFiles/Base_tests_run.dir/Builder3D.cpp.o,1.895,1.838367,1.802369,0.027764,0.089175,0.623687,0.47504,0.018142,0.008199
src/Base/CMakeFiles/FreeCADBase.dir/PyObjectBase.cpp.o,1.894,1.839656,1.764475,0.066588,1.124293,0.461157,0.321769,0.042045,0.022822
src/3rdParty/salomesmesh/CMakeFiles/SMDS.dir/src/SMDS/SMDS_QuadraticEdge.cpp.o,1.893,1.83001,1.775045,0.046038,0.004024,0.453768,0.393085,0.026063,0.018378
src/Mod/Robot/App/CMakeFiles/Robot.dir/kdl_cp/frames_io.cpp.o,1.893,1.833173,1.747883,0.076618,1.400731,0.414142,0.267901,0.043019,0.031889
src/Mod/CAM/PathSimulator/AppGL/CMakeFiles/CAMSimulator.dir/TextureLoader.cpp.o,1.893,1.8354,1.771869,0.05591,1.683688,0.154219,0.242951,0.034537,0.019782
src/3rdParty/OndselSolver/OndselSolver/CMakeFiles/OndselSolver.dir/EndFrameqct2.cpp.o,1.892,1.834078,1.138271,0.688814,0.766966,0.309426,0.264189,0.411763,0.275126
src/Mod/Robot/App/CMakeFiles/Robot.dir/TrajectoryPyImp.cpp.o,1.891,1.831212,1.702374,0.121172,1.078228,0.448915,0.297079,0.067647,0.052063
src/Mod/Robot/App/CMakeFiles/Robot.dir/kdl_cp/chainiksolvervel_pinv.cpp.o,1.886,1.827178,1.769415,0.049636,1.40387,0.438158,0.270353,0.034859,0.013181
src/Gui/CMakeFiles/FreeCADGui.dir/Quarter/QtCoinCompatibility.cpp.o,1.885,1.822851,1.756669,0.057663,9.4e-05,0.157316,0.234683,0.038248,0.017903
src/Mod/Import/App/CMakeFiles/Import.dir/WriterGltf.cpp.o,1.885,1.82111,1.746029,0.065857,1.166366,0.421963,0.296716,0.041367,0.022191
src/Mod/Robot/App/CMakeFiles/Robot.dir/kdl_cp/rotational_interpolation.cpp.o,1.877,1.81578,1.784747,0.023122,1.462023,0.406077,0.261943,0.013632,0.008007
src/3rdParty/WildMagic4/CMakeFiles/WildMagic4.dir/Wm4Eigen.cpp.o,1.875,1.814906,1.471066,0.337852,1.137352,0.408591,0.224034,0.168603,0.167802
src/Mod/Robot/App/CMakeFiles/Robot.dir/Simulation.cpp.o,1.873,1.815207,1.796137,0.010928,1.469015,0.411621,0.26713,0.003854,0.005403
src/Base/CMakeFiles/FreeCADBase.dir/Type.cpp.o,1.87,1.812442,1.646559,0.157969,1.221883,0.489517,0.303233,0.113804,0.042446
src/Base/CMakeFiles/FreeCADBase.dir/CrashReporter/Reader.cpp.o,1.87,1.811991,1.568933,0.235615,1.181413,0.464959,0.337365,0.16549,0.068536
src/3rdParty/OndselSolver/OndselSolver/CMakeFiles/OndselSolver.dir/Part.cpp.o,1.868,1.812943,1.054545,0.752655,0.716994,0.26053,0.232344,0.44717,0.303602
src/Mod/Robot/App/CMakeFiles/Robot.dir/kdl_cp/chainfksolvervel_recursive.cpp.o,1.866,1.809211,1.765139,0.035271,1.430616,0.415153,0.260676,0.021997,0.011496
src/Mod/Robot/App/CMakeFiles/Robot.dir/kdl_cp/chainfksolverpos_recursive.cpp.o,1.864,1.804765,1.773272,0.022503,1.435159,0.417395,0.263488,0.013627,0.007086
src/Mod/Robot/App/CMakeFiles/Robot.dir/kdl_cp/path_roundedcomposite.cpp.o,1.863,1.80366,1.75585,0.039684,1.416896,0.399149,0.272035,0.020053,0.018026
src/Mod/Robot/App/CMakeFiles/Robot.dir/kdl_cp/trajectory_composite.cpp.o,1.862,1.804348,1.726567,0.069443,1.360252,0.432667,0.266784,0.05066,0.017149
src/3rdParty/salomesmesh/CMakeFiles/SMDS.dir/src/SMDS/SMDS_VolumeOfFaces.cpp.o,1.86,1.803472,1.756108,0.039042,6e-05,0.458516,0.399029,0.020866,0.016259
tests/src/Base/CMakeFiles/Base_tests_run.dir/ViewProj.cpp.o,1.86,1.806443,1.72915,0.069133,0.075544,0.598299,0.439541,0.048155,0.019449
src/3rdParty/libE57Format/CMakeFiles/E57Format.dir/src/CompressedVectorWriterImpl.cpp.o,1.859,1.79831,1.385681,0.405831,0.799385,0.426147,0.252511,0.249438,0.154676
src/3rdParty/salomesmesh/CMakeFiles/SMDS.dir/src/SMDS/SMDS_MeshEdge.cpp.o,1.856,1.79321,1.776693,0.006471,0,0.462682,0.386235,0.002318,0.002535
src/3rdParty/salomesmesh/CMakeFiles/SMDS.dir/src/SMDS/SMDS_FaceOfEdges.cpp.o,1.855,1.79142,1.740609,0.041243,5.5e-05,0.46952,0.389027,0.021788,0.017741
src/3rdParty/WildMagic4/CMakeFiles/WildMagic4.dir/Wm4ETManifoldMesh.cpp.o,1.855,1.793859,1.573698,0.213022,1.116781,0.480095,0.285684,0.148598,0.062969
src/App/CMakeFiles/FreeCADApp.dir/StartupConfiguration.cpp.o,1.851,1.79424,1.459023,0.328675,1.078189,0.441982,0.261323,0.227737,0.098808
src/Mod/Robot/App/CMakeFiles/Robot.dir/kdl_cp/chainiksolverpos_nr_jl.cpp.o,1.851,1.791834,1.757786,0.025174,1.431119,0.403205,0.260615,0.015198,0.008296
src/Mod/Robot/App/CMakeFiles/Robot.dir/kdl_cp/chainjnttojacsolver.cpp.o,1.851,1.797024,1.730388,0.058216,1.392964,0.411251,0.263344,0.041651,0.014914
src/Base/CMakeFiles/FreeCADBase.dir/__/3rdParty/PyCXX/CXX/cxx_extensions.cxx.o,1.847,1.793347,1.328074,0.458296,0.721219,0.394737,0.216483,0.19807,0.258542
src/3rdParty/WildMagic4/CMakeFiles/WildMagic4.dir/Wm4ContBox3.cpp.o,1.845,1.791822,1.513742,0.271286,1.117013,0.449936,0.251679,0.168687,0.101062
src/Base/CMakeFiles/FreeCADBase.dir/ConsoleModulePy.cpp.o,1.842,1.78609,1.773649,0.004432,1.001711,0.465091,0.322468,0.001276,0.001484
src/3rdParty/libE57Format/CMakeFiles/E57Format.dir/src/Decoder.cpp.o,1.838,1.780577,1.27023,0.503906,0.894601,0.389969,0.246362,0.24835,0.253933
src/Mod/Part/App/CMakeFiles/Part.dir/GeometryExtension.cpp.o,1.83,1.776717,1.691118,0.078296,1.328606,0.513685,0.34158,0.050215,0.02662
tests/src/Base/CMakeFiles/Base_tests_run.dir/Persistence.cpp.o,1.83,1.771715,1.658142,0.105068,0.001929,0.579659,0.440959,0.070791,0.032739
src/3rdParty/WildMagic4/CMakeFiles/WildMagic4.dir/Wm4IntrTriangle3Triangle3.cpp.o,1.828,1.768958,1.448804,0.313857,1.098564,0.421137,0.220271,0.156994,0.155202
src/3rdParty/salomesmesh/CMakeFiles/SMDS.dir/src/SMDS/SMDS_MeshVolume.cpp.o,1.825,1.767179,1.751489,0.006503,0,0.455916,0.390679,0.002504,0.002373
src/Mod/Robot/App/CMakeFiles/Robot.dir/kdl_cp/jntarrayacc.cpp.o,1.823,1.767504,1.739593,0.019926,1.414157,0.402891,0.262715,0.005922,0.012399
tests/src/Base/CMakeFiles/Base_tests_run.dir/Bitmask.cpp.o,1.818,1.764709,1.684907,0.071359,0.000893,0.600756,0.460262,0.060615,0.009171
src/Mod/Robot/App/CMakeFiles/Robot.dir/kdl_cp/chainiksolverpos_nr.cpp.o,1.814,1.757786,1.727388,0.022555,1.409261,0.396319,0.253014,0.013987,0.007053
src/Mod/Part/App/CMakeFiles/Part.dir/SignalException.cpp.o,1.811,1.753622,1.485,0.261304,0.90076,0.438256,0.253499,0.165791,0.093673
src/Mod/Robot/App/CMakeFiles/Robot.dir/kdl_cp/rotational_interpolation_sa.cpp.o,1.809,1.751475,1.723344,0.0199,1.392422,0.414807,0.255232,0.011126,0.007152
src/3rdParty/salomesmesh/CMakeFiles/SMDS.dir/src/SMDS/SMDS_MeshFace.cpp.o,1.808,1.749519,1.73432,0.006119,0,0.453232,0.395018,0.002219,0.00234
src/Mod/Mesh/App/CMakeFiles/Mesh.dir/Core/Visitor.cpp.o,1.806,1.74934,1.62033,0.121448,1.088325,0.464664,0.280033,0.074928,0.044899
src/Mod/Assembly/App/CMakeFiles/Assembly.dir/AppAssemblyPy.cpp.o,1.806,1.748087,1.678419,0.060878,1.317821,0.458908,0.298118,0.029118,0.030034
src/Mod/Robot/App/CMakeFiles/Robot.dir/kdl_cp/path_line.cpp.o,1.8,1.744161,1.698458,0.037729,1.36847,0.404255,0.250966,0.021232,0.014882
src/Mod/Part/Gui/CMakeFiles/PartGui.dir/SoFCShapeObject.cpp.o,1.799,1.736241,1.626458,0.102176,0.848302,0.43673,0.253099,0.061471,0.038778
src/Mod/Robot/App/CMakeFiles/Robot.dir/kdl_cp/path_cyclic_closed.cpp.o,1.799,1.74043,1.71503,0.017179,1.388558,0.410262,0.265647,0.008212,0.007347
src/Mod/Robot/App/CMakeFiles/Robot.dir/kdl_cp/jntarrayvel.cpp.o,1.797,1.738301,1.715747,0.014355,1.389706,0.405381,0.260975,0.003663,0.009076
src/Mod/Robot/App/CMakeFiles/Robot.dir/kdl_cp/path_circle.cpp.o,1.797,1.742431,1.695788,0.038462,1.363096,0.405202,0.251123,0.019986,0.016956
src/Gui/CMakeFiles/FreeCADGui.dir/RubberbandOverlay.cpp.o,1.796,1.734221,1.704332,0.02261,1.574773,0.131084,0.201335,0.010716,0.010433
src/Mod/Robot/App/CMakeFiles/Robot.dir/kdl_cp/path_point.cpp.o,1.794,1.734608,1.713012,0.013681,1.393795,0.399848,0.249693,0.007447,0.004832
src/3rdParty/salomesmesh/CMakeFiles/SMESH.dir/src/SMESH/MED_CoordUtils.cpp.o,1.786,1.717833,1.673309,0.036472,1.27043,0.489705,0.297193,0.019002,0.015739
src/Base/CMakeFiles/FreeCADBase.dir/Persistence.cpp.o,1.785,1.731829,1.645795,0.078133,1.281585,0.485741,0.359931,0.052148,0.024395
src/Mod/Robot/App/CMakeFiles/Robot.dir/kdl_cp/trajectory_segment.cpp.o,1.784,1.722937,1.698174,0.016392,1.371711,0.409192,0.252287,0.007408,0.007419
src/3rdParty/OndselSolver/OndselSolver/CMakeFiles/OndselSolver.dir/System.cpp.o,1.783,1.726268,1.269615,0.448388,0.764824,0.390799,0.337462,0.313223,0.133521
src/Base/CMakeFiles/FreeCADBase.dir/ProgressIndicatorPy.cpp.o,1.779,1.72511,1.539786,0.178011,1.164424,0.46116,0.265847,0.100322,0.076051
src/3rdParty/OndselSolver/OndselSolver/CMakeFiles/OndselSolver.dir/DistancexyConstraintIqcJc.cpp.o,1.779,1.722062,1.099483,0.615884,0.750629,0.283612,0.251067,0.368083,0.246075
src/Gui/CMakeFiles/FreeCADGui.dir/SoFCVectorizeU3DAction.cpp.o,1.775,1.7115,1.637596,0.066365,0.787833,0.441702,0.287219,0.038158,0.026597
src/Mod/Mesh/App/CMakeFiles/Mesh.dir/Core/IO/Writer3MF.cpp.o,1.772,1.716015,1.579626,0.12802,1.172488,0.495209,0.303907,0.091535,0.034849
src/Mod/Robot/App/CMakeFiles/Robot.dir/kdl_cp/trajectory_stationary.cpp.o,1.772,1.716838,1.694402,0.014407,1.36663,0.411878,0.252435,0.007775,0.005081
src/Gui/CMakeFiles/FreeCADGui.dir/Inventor/SoNaviCube.cpp.o,1.771,1.71461,1.051662,0.656863,0.598451,0.120918,0.084339,0.393764,0.261378
src/3rdParty/OndselSolver/OndselSolver/CMakeFiles/OndselSolver.dir/SystemSolver.cpp.o,1.763,1.705541,1.292924,0.404603,0.778647,0.381636,0.357242,0.276122,0.126889
src/Mod/Part/App/CMakeFiles/Part.dir/ShapeAnalysis_FreeBoundsFix.cpp.o,1.755,1.697638,1.593346,0.09687,1.075431,0.43338,0.265492,0.050256,0.044761
src/3rdParty/salomesmesh/CMakeFiles/SMESH.dir/src/SMESH/MED_Utilities.cpp.o,1.75,1.693668,1.554389,0.132119,1.176248,0.438026,0.261727,0.097035,0.033401
src/Mod/Mesh/App/CMakeFiles/Mesh.dir/Core/IO/WriterInventor.cpp.o,1.741,1.689398,1.503255,0.178857,1.077998,0.539446,0.30255,0.132579,0.044685
src/3rdParty/OndselSolver/OndselSolver/CMakeFiles/OndselSolver.dir/DistancexyConstraintIqcJqc.cpp.o,1.74,1.680911,1.03782,0.636766,0.731279,0.247642,0.232698,0.362595,0.272578
src/3rdParty/coin/src/shapenodes/CMakeFiles/shapenodes.dir/SoQuadMesh.cpp.o,1.736,1.685281,0.909049,0.771224,0.000746,0.20151,0.040096,0.419707,0.349978
src/3rdParty/OndselSolver/OndselSolver/CMakeFiles/OndselSolver.dir/RackPinConstraintIqcJc.cpp.o,1.731,1.676319,1.082393,0.587033,0.742182,0.274639,0.250602,0.367639,0.217522
src/3rdParty/WildMagic4/CMakeFiles/WildMagic4.dir/Wm4IntrTriangle2Triangle2.cpp.o,1.73,1.671709,1.465541,0.199981,1.103343,0.435461,0.220864,0.10732,0.091159
src/Base/CMakeFiles/FreeCADBase.dir/NumericFormatting.cpp.o,1.727,1.674695,1.487507,0.180311,1.043524,0.445772,0.282094,0.113457,0.065331
src/3rdParty/WildMagic4/CMakeFiles/WildMagic4.dir/Wm4VEManifoldMesh.cpp.o,1.721,1.66702,1.498769,0.161521,1.088407,0.44657,0.270073,0.114938,0.045063
src/3rdParty/OndselSolver/OndselSolver/CMakeFiles/OndselSolver.dir/ScrewConstraintIqcJc.cpp.o,1.706,1.649164,1.061262,0.581757,0.583463,0.267787,0.243174,0.363573,0.216471
src/3rdParty/WildMagic4/CMakeFiles/WildMagic4.dir/Wm4Delaunay1.cpp.o,1.696,1.640455,1.460189,0.173929,1.095158,0.438049,0.24125,0.120672,0.051751
src/3rdParty/OndselSolver/OndselSolver/CMakeFiles/OndselSolver.dir/EndFrameqc.cpp.o,1.69,1.630284,1.104789,0.518415,0.750145,0.27076,0.24654,0.361368,0.155062
src/3rdParty/WildMagic4/CMakeFiles/WildMagic4.dir/Wm4System.cpp.o,1.686,1.631938,1.43331,0.191894,1.094089,0.393458,0.229639,0.118799,0.071517
src/Mod/Draft/App/CMakeFiles/DraftUtils.dir/AppDraftUtilsPy.cpp.o,1.685,1.62414,1.50493,0.111894,1.142607,0.446219,0.262656,0.066466,0.043722
src/Gui/CMakeFiles/FreeCADGui.dir/SoFCVectorizeSVGAction.cpp.o,1.684,1.623709,1.536842,0.079801,0.680105,0.432337,0.254888,0.042818,0.035342
src/Base/CMakeFiles/FreeCADBase.dir/Stream.cpp.o,1.678,1.623639,1.396206,0.220557,1.031046,0.413688,0.242328,0.12473,0.094206
src/3rdParty/libE57Format/CMakeFiles/E57Format.dir/src/SourceDestBufferImpl.cpp.o,1.676,1.616709,1.282909,0.327986,0.771038,0.378987,0.233835,0.149184,0.177158
src/3rdParty/WildMagic4/CMakeFiles/WildMagic4.dir/Wm4MeshCurvature.cpp.o,1.675,1.615777,1.467197,0.14227,1.132325,0.411966,0.23,0.088369,0.052416
src/Base/CMakeFiles/FreeCADBase.dir/SystemHandler.cpp.o,1.671,1.614437,1.555322,0.050836,0.72549,0.497083,0.331247,0.03849,0.010771
src/3rdParty/OndselSolver/OndselSolver/CMakeFiles/OndselSolver.dir/TranslationConstraintIqcJc.cpp.o,1.671,1.617006,1.044842,0.565412,0.721135,0.262281,0.232814,0.355639,0.207813
src/3rdParty/WildMagic4/CMakeFiles/WildMagic4.dir/Wm4ApprQuadraticFit3.cpp.o,1.667,1.613344,1.511678,0.09518,1.199243,0.395365,0.220283,0.03376,0.059858
src/Mod/Robot/App/CMakeFiles/Robot.dir/Waypoint.cpp.o,1.666,1.610431,1.558726,0.044751,1.212822,0.49121,0.336496,0.027687,0.015635
src/Mod/Part/App/CMakeFiles/Part.dir/FCBRepAlgoAPI_Section.cpp.o,1.661,1.605676,1.548959,0.048837,0.000204,0.427607,0.263774,0.023836,0.023259
src/3rdParty/OndselSolver/OndselSolver/CMakeFiles/OndselSolver.dir/GeneralSpline.cpp.o,1.661,1.606778,1.119243,0.48099,0.756211,0.283876,0.27759,0.323149,0.156271
src/3rdParty/libE57Format/CMakeFiles/E57Format.dir/src/CheckedFile.cpp.o,1.653,1.592621,1.38447,0.20154,0.810259,0.421624,0.244007,0.115738,0.084081
src/3rdParty/OndselSolver/OndselSolver/CMakeFiles/OndselSolver.dir/RackPinConstraintIqcJqc.cpp.o,1.653,1.596842,1.068569,0.521649,0.743959,0.259849,0.240789,0.319888,0.199959
src/Base/CMakeFiles/FreeCADBase.dir/Vector3D.cpp.o,1.652,1.596511,1.467883,0.121875,0.943399,0.409999,0.235783,0.049501,0.070739
src/3rdParty/OndselSolver/OndselSolver/CMakeFiles/OndselSolver.dir/GearConstraintIqcJc.cpp.o,1.65,1.594802,1.063826,0.524134,0.738961,0.266143,0.245805,0.324313,0.19822
src/3rdParty/libE57Format/CMakeFiles/E57Format.dir/src/StructureNodeImpl.cpp.o,1.648,1.584618,1.255269,0.322931,0.903515,0.383851,0.249668,0.196069,0.125333
src/3rdParty/OndselSolver/OndselSolver/CMakeFiles/OndselSolver.dir/ScrewConstraintIqcJqc.cpp.o,1.647,1.591578,1.061213,0.523081,0.598249,0.255768,0.245094,0.322338,0.19897
src/3rdParty/salomesmesh/CMakeFiles/StdMeshers.dir/src/StdMeshers/StdMeshers_Distribution.cpp.o,1.639,1.578848,1.440248,0.131929,1.092335,0.419145,0.257536,0.072848,0.057501
src/3rdParty/OndselSolver/OndselSolver/CMakeFiles/OndselSolver.dir/GearConstraintIqcJqc.cpp.o,1.63,1.573417,1.029434,0.536454,0.70854,0.254281,0.226418,0.324013,0.210577
src/App/CMakeFiles/FreeCADApp.dir/Enumeration.cpp.o,1.624,1.564929,1.341343,0.217177,0.95493,0.44185,0.267258,0.153461,0.062124
src/3rdParty/libE57Format/CMakeFiles/E57Format.dir/src/CompressedVectorReaderImpl.cpp.o,1.618,1.558169,1.246747,0.304681,0.880701,0.397023,0.25439,0.190676,0.112338
src/Gui/CMakeFiles/FreeCADGui.dir/FreeCADGuiModulePy.cpp.o,1.618,1.561523,1.5489,0.005104,1.186341,0.464116,0.280845,0.001626,0.001769
src/3rdParty/WildMagic4/CMakeFiles/WildMagic4.dir/Wm4ContBox2.cpp.o,1.615,1.557283,1.418859,0.132229,1.101947,0.392219,0.222285,0.078363,0.052433
src/Base/CMakeFiles/FreeCADBase.dir/Factory.cpp.o,1.612,1.558494,1.462197,0.089136,0.328789,0.442521,0.311101,0.063885,0.023677
src/Mod/Mesh/App/CMakeFiles/Mesh.dir/Core/Info.cpp.o,1.61,1.549494,1.421879,0.121412,1.067433,0.448849,0.262023,0.074417,0.045546
src/3rdParty/WildMagic4/CMakeFiles/WildMagic4.dir/Wm4ConvexHull1.cpp.o,1.605,1.549687,1.404767,0.138736,1.056441,0.417027,0.232655,0.101681,0.035636
src/Mod/Part/App/CMakeFiles/Part.dir/FCBRepAlgoAPI_Common.cpp.o,1.604,1.543621,1.512503,0.023353,0,0.402178,0.264347,0.011832,0.009904
src/3rdParty/OndselSolver/OndselSolver/CMakeFiles/OndselSolver.dir/ConstVelConstraintIqcJqc.cpp.o,1.603,1.545148,1.083524,0.455046,0.753541,0.26779,0.246219,0.296836,0.15651
src/Base/CMakeFiles/FreeCADBase.dir/swigpyrun.cpp.o,1.599,1.544518,1.401568,0.136979,1.031064,0.424815,0.237352,0.088223,0.047278
src/Mod/Part/App/CMakeFiles/Part.dir/FCBRepAlgoAPI_Fuse.cpp.o,1.599,1.541087,1.509417,0.024126,0,0.406837,0.25748,0.012319,0.010108
src/3rdParty/libE57Format/CMakeFiles/E57Format.dir/src/NodeImpl.cpp.o,1.598,1.534903,1.27079,0.257451,0.886723,0.419029,0.270556,0.154852,0.100977
src/3rdParty/coin/src/actions/CMakeFiles/actions.dir/SoToVRML2Action.cpp.o,1.596,1.542625,0.9483,0.588244,0.003301,0.087985,0.043464,0.30331,0.283362
src/3rdParty/OndselSolver/OndselSolver/CMakeFiles/OndselSolver.dir/CoaxialGearConstraintIJ.cpp.o,1.595,1.53299,1.011341,0.513125,0.687553,0.264609,0.218945,0.31355,0.197874
src/Mod/Assembly/Gui/CMakeFiles/AssemblyGui.dir/AppAssemblyGuiPy.cpp.o,1.594,1.536228,1.468782,0.060918,1.139222,0.423608,0.25068,0.028612,0.030769
src/3rdParty/salomesmesh/CMakeFiles/MEFISTO2.dir/src/MEFISTO2/aptrte.cpp.o,1.587,1.533609,1.444621,0.081996,0.00011,0.414859,0.251593,0.039247,0.041062
src/3rdParty/WildMagic4/CMakeFiles/WildMagic4.dir/Wm4ApprPolyFit3.cpp.o,1.586,1.532944,1.423264,0.103531,1.121393,0.387607,0.222945,0.054768,0.047152
src/Mod/Robot/App/CMakeFiles/Robot.dir/kdl_cp/tree.cpp.o,1.585,1.530616,1.279937,0.244314,0.899828,0.42266,0.228333,0.166279,0.076465
src/3rdParty/libE57Format/CMakeFiles/E57Format.dir/src/Packet.cpp.o,1.583,1.524324,1.252098,0.265712,0.886755,0.389981,0.257831,0.141533,0.122559
src/Mod/Part/App/CMakeFiles/Part.dir/FCBRepAlgoAPI_Cut.cpp.o,1.581,1.520008,1.488229,0.024925,0,0.399281,0.249243,0.01288,0.010542
src/3rdParty/WildMagic4/CMakeFiles/WildMagic4.dir/Wm4Distance.cpp.o,1.579,1.524722,1.442727,0.075606,1.124503,0.398205,0.218809,0.029558,0.044486
src/3rdParty/salomesmesh/CMakeFiles/SMESH.dir/src/SMESH/SMESH_TryCatch.cpp.o,1.576,1.515754,1.482961,0.024871,1.152455,0.412165,0.251515,0.016972,0.00622
src/3rdParty/WildMagic4/CMakeFiles/WildMagic4.dir/Wm4ApprCylinderFit3.cpp.o,1.571,1.514708,1.414802,0.094026,1.083669,0.40816,0.219604,0.051898,0.040679
src/3rdParty/WildMagic4/CMakeFiles/WildMagic4.dir/Wm4DistSegment3Triangle3.cpp.o,1.566,1.509874,1.461711,0.041687,1.124588,0.42436,0.230574,0.022504,0.017588
src/3rdParty/OndselSolver/OndselSolver/CMakeFiles/OndselSolver.dir/DistanceConstraintIqcJc.cpp.o,1.566,1.512009,1.027263,0.478303,0.718322,0.255544,0.23213,0.29743,0.179236
src/Base/CMakeFiles/FreeCADBase.dir/QtModulePy.cpp.o,1.565,1.512494,1.395847,0.109607,1.028298,0.44023,0.243124,0.066136,0.041766
src/3rdParty/OndselSolver/OndselSolver/CMakeFiles/OndselSolver.dir/TranslationConstraintIqcJqc.cpp.o,1.561,1.503829,1.03922,0.456835,0.742437,0.241556,0.233893,0.295199,0.159756
src/3rdParty/WildMagic4/CMakeFiles/WildMagic4.dir/Wm4ApprGaussPointsFit2.cpp.o,1.559,1.501789,1.471884,0.023556,1.158816,0.394371,0.21803,0.012114,0.009815
src/3rdParty/OndselSolver/OndselSolver/CMakeFiles/OndselSolver.dir/DistanceConstraintIqcJqc.cpp.o,1.558,1.502816,1.047736,0.44822,0.730642,0.257026,0.2404,0.278046,0.168595
src/3rdParty/WildMagic4/CMakeFiles/WildMagic4.dir/Wm4DistVector3Triangle3.cpp.o,1.557,1.498929,1.446267,0.045788,1.131554,0.397346,0.222339,0.022121,0.022099
src/Mod/Sketcher/Gui/CMakeFiles/SketcherGui.dir/VisualLayer.cpp.o,1.557,1.500941,1.467272,0.026528,1.135002,0.489699,0.343457,0.017952,0.007057
src/Mod/Surface/App/CMakeFiles/Surface.dir/Blending/BlendPoint.cpp.o,1.557,1.502711,1.464975,0.030761,0.930678,0.431039,0.241047,0.021631,0.007471
src/3rdParty/libE57Format/CMakeFiles/E57Format.dir/src/CompressedVectorNodeImpl.cpp.o,1.555,1.501967,1.248442,0.247334,0.925703,0.371029,0.245889,0.138922,0.106968
src/3rdParty/WildMagic4/CMakeFiles/WildMagic4.dir/Wm4DistVector3Segment3.cpp.o,1.553,1.497576,1.452795,0.036584,1.1189,0.415702,0.221181,0.019767,0.0152
src/3rdParty/WildMagic4/CMakeFiles/WildMagic4.dir/Wm4DelTetrahedron.cpp.o,1.549,1.493031,1.465249,0.021183,1.141948,0.405679,0.22195,0.011442,0.008137
src/3rdParty/WildMagic4/CMakeFiles/WildMagic4.dir/Wm4ApprPlaneFit3.cpp.o,1.541,1.485654,1.448075,0.031428,1.138696,0.386394,0.211109,0.01634,0.013669
src/Mod/Mesh/App/CMakeFiles/Mesh.dir/Core/Grid.cpp.o,1.541,1.49082,0.930011,0.55541,0.658563,0.219457,0.146363,0.360916,0.193067
src/3rdParty/WildMagic4/CMakeFiles/WildMagic4.dir/Wm4DistLine3Triangle3.cpp.o,1.534,1.478456,1.412044,0.06031,1.088151,0.40085,0.21431,0.030865,0.027956
src/3rdParty/WildMagic4/CMakeFiles/WildMagic4.dir/Wm4DistSegment3Segment3.cpp.o,1.534,1.476453,1.41999,0.050125,1.104936,0.391716,0.218883,0.020556,0.027863
src/3rdParty/OndselSolver/OndselSolver/CMakeFiles/OndselSolver.dir/ASMTMarker.cpp.o,1.533,1.474493,1.113287,0.35445,0.788488,0.276731,0.273139,0.240245,0.112617
src/3rdParty/WildMagic4/CMakeFiles/WildMagic4.dir/Wm4DistVector3Plane3.cpp.o,1.532,1.477877,1.445445,0.026056,1.115341,0.415138,0.226319,0.012704,0.01187
src/Mod/Part/App/CMakeFiles/Part.dir/Interface.cpp.o,1.531,1.474265,1.455534,0.011452,0.000301,0.414537,0.252941,0.003998,0.00596
src/3rdParty/WildMagic4/CMakeFiles/WildMagic4.dir/Wm4Delaunay.cpp.o,1.528,1.471857,1.445035,0.020623,1.136983,0.392904,0.218759,0.00744,0.011737
src/3rdParty/WildMagic4/CMakeFiles/WildMagic4.dir/Wm4IntrSegment3Plane3.cpp.o,1.527,1.471756,1.442719,0.022883,1.129488,0.396316,0.216377,0.011454,0.009894
src/Gui/CMakeFiles/FreeCADGui.dir/GuiConsole.cpp.o,1.526,1.466904,1.44922,0.009995,1.144121,0.428316,0.302858,0.005328,0.003217
src/3rdParty/WildMagic4/CMakeFiles/WildMagic4.dir/Wm4Quaternion.cpp.o,1.524,1.471147,1.461949,0.003004,1.141562,0.402398,0.219282,0.000996,0.000392
src/3rdParty/WildMagic4/CMakeFiles/WildMagic4.dir/Wm4ParametricSurface.cpp.o,1.52,1.463153,1.416363,0.040562,1.0969,0.398731,0.216091,0.020287,0.018754
src/App/CMakeFiles/FreeCADApp.dir/FreeCADModulePy.cpp.o,1.52,1.466116,1.45511,0.004345,1.134239,0.418733,0.240288,0.001283,0.001573
src/3rdParty/libE57Format/CMakeFiles/E57Format.dir/src/ScaledIntegerNodeImpl.cpp.o,1.519,1.458489,1.313977,0.138202,0.801798,0.39138,0.240887,0.0853,0.051504
src/Base/CMakeFiles/FreeCADBase.dir/FileLock.cpp.o,1.518,1.46421,1.430109,0.027456,1.117752,0.450092,0.306114,0.0192,0.006818
src/3rdParty/WildMagic4/CMakeFiles/WildMagic4.dir/Wm4MeshSmoother.cpp.o,1.517,1.459132,1.392967,0.060006,1.084745,0.386035,0.212377,0.034348,0.024034
src/3rdParty/WildMagic4/CMakeFiles/WildMagic4.dir/Wm4IntrLine3Box3.cpp.o,1.516,1.457454,1.411625,0.039703,1.083451,0.406701,0.22187,0.017924,0.020431
src/3rdParty/WildMagic4/CMakeFiles/WildMagic4.dir/Wm4ApprGaussPointsFit3.cpp.o,1.513,1.45568,1.424146,0.025458,1.11539,0.387785,0.213128,0.013705,0.010276
src/3rdParty/WildMagic4/CMakeFiles/WildMagic4.dir/Wm4DistLine3Segment3.cpp.o,1.513,1.452715,1.412259,0.033692,1.088096,0.401601,0.218043,0.016011,0.016147
src/Base/CMakeFiles/FreeCADBase.dir/SmartPtrPy.cpp.o,1.508,1.454892,1.43346,0.01501,1.128781,0.401562,0.23549,0.005226,0.008409
src/Base/CMakeFiles/FreeCADBase.dir/Translate.cpp.o,1.503,1.449499,1.369059,0.074641,1.033674,0.408564,0.231542,0.045367,0.027705
src/3rdParty/WildMagic4/CMakeFiles/WildMagic4.dir/Wm4ApprLineFit3.cpp.o,1.503,1.449471,1.42104,0.0225,1.114223,0.386069,0.213884,0.010873,0.010193
src/3rdParty/WildMagic4/CMakeFiles/WildMagic4.dir/Wm4Matrix4.cpp.o,1.5,1.443308,1.434162,0.002625,1.131122,0.384453,0.217611,0.000869,0.000256
src/Mod/Robot/App/CMakeFiles/Robot.dir/kdl_cp/utilities/error_stack.cxx.o,1.5,1.441864,1.373732,0.06218,1.015456,0.41711,0.23144,0.043181,0.017546
src/3rdParty/WildMagic4/CMakeFiles/WildMagic4.dir/Wm4ImplicitSurface.cpp.o,1.499,1.446279,1.394995,0.045116,1.089821,0.385437,0.214944,0.021667,0.021894
src/3rdParty/OndselSolver/OndselSolver/CMakeFiles/OndselSolver.dir/DirectionCosineConstraintIqcJqc.cpp.o,1.499,1.448157,1.055453,0.386219,0.734412,0.265677,0.238641,0.257718,0.126903
src/3rdParty/OndselSolver/OndselSolver/CMakeFiles/OndselSolver.dir/Joint.cpp.o,1.496,1.440162,1.093778,0.339094,0.738853,0.287891,0.263803,0.234311,0.10294
src/3rdParty/coin/src/rendering/CMakeFiles/rendering.dir/SoGLDriverDatabase.cpp.o,1.494,1.4383,1.132202,0.300738,0.517531,0.368951,0.174837,0.147769,0.151502
src/3rdParty/OndselSolver/OndselSolver/CMakeFiles/OndselSolver.dir/ASMTRotationalMotion.cpp.o,1.493,1.437838,1.217446,0.211849,0.829058,0.323339,0.335335,0.140036,0.069949
src/Base/CMakeFiles/FreeCADBase.dir/BaseClass.cpp.o,1.492,1.436053,1.418546,0.01039,1.100511,0.414157,0.236457,0.003846,0.004976
src/3rdParty/WildMagic4/CMakeFiles/WildMagic4.dir/Wm4ApprSphereFit3.cpp.o,1.491,1.433417,1.391996,0.034186,1.071612,0.401507,0.217938,0.019043,0.013578
src/3rdParty/OndselSolver/OndselSolver/CMakeFiles/OndselSolver.dir/ConstVelConstraintIqcJc.cpp.o,1.489,1.437765,1.055945,0.374843,0.749222,0.253805,0.240857,0.257107,0.116008
src/3rdParty/WildMagic4/CMakeFiles/WildMagic4.dir/Wm4DelTriangle.cpp.o,1.487,1.431788,1.406191,0.019215,1.086941,0.400368,0.218987,0.010847,0.006875
src/3rdParty/WildMagic4/CMakeFiles/WildMagic4.dir/Wm4Intersector1.cpp.o,1.487,1.430405,1.392676,0.030774,1.08861,0.386831,0.221324,0.011888,0.017236
src/3rdParty/OndselSolver/OndselSolver/CMakeFiles/OndselSolver.dir/GESpMatParPvPrecise.cpp.o,1.486,1.431741,1.037346,0.388062,0.719127,0.268989,0.239333,0.272371,0.114108
src/Base/CMakeFiles/FreeCADBase.dir/UniqueNameManager.cpp.o,1.478,1.422923,0.804393,0.613742,0.567279,0.2256,0.17368,0.432805,0.179294
src/3rdParty/OndselSolver/OndselSolver/CMakeFiles/OndselSolver.dir/AtPointConstraintIqcJc.cpp.o,1.478,1.422137,1.057224,0.358191,0.731421,0.277666,0.248001,0.234717,0.121577
src/3rdParty/OndselSolver/OndselSolver/CMakeFiles/OndselSolver.dir/DistxyIeqcJeqc.cpp.o,1.478,1.423241,1.011364,0.405561,0.739426,0.233167,0.22414,0.250226,0.153671
src/3rdParty/WildMagic4/CMakeFiles/WildMagic4.dir/Wm4ConvexHull.cpp.o,1.476,1.418633,1.391624,0.02004,1.097706,0.375824,0.215172,0.007025,0.011268
src/3rdParty/WildMagic4/CMakeFiles/WildMagic4.dir/Wm4IntrSegment3Box3.cpp.o,1.473,1.41895,1.390611,0.02172,1.082216,0.388715,0.213591,0.009138,0.010954
src/3rdParty/WildMagic4/CMakeFiles/WildMagic4.dir/Wm4DelPolygonEdge.cpp.o,1.471,1.416523,1.404218,0.006268,1.101175,0.38514,0.22704,0.001795,0.003163
src/3rdParty/salomesmesh/CMakeFiles/SMESH.dir/src/SMESH/SMESH_Octree.cpp.o,1.471,1.413277,1.389051,0.017623,0,0.382102,0.238305,0.010245,0.005919
src/3rdParty/WildMagic4/CMakeFiles/WildMagic4.dir/Wm4IntrLine3Plane3.cpp.o,1.469,1.416397,1.395894,0.014721,1.094927,0.383194,0.223889,0.005719,0.007664
src/3rdParty/WildMagic4/CMakeFiles/WildMagic4.dir/Wm4Vector3.cpp.o,1.466,1.406759,1.398162,0.002409,1.101532,0.38139,0.215492,0.000786,0.000258
src/3rdParty/libE57Format/CMakeFiles/E57Format.dir/src/VectorNodeImpl.cpp.o,1.466,1.407164,1.279468,0.120262,0.950131,0.389394,0.2504,0.075123,0.04351
src/3rdParty/WildMagic4/CMakeFiles/WildMagic4.dir/Wm4DelPolyhedronFace.cpp.o,1.465,1.408097,1.395173,0.006403,1.090046,0.386252,0.230669,0.001928,0.003002
src/3rdParty/libE57Format/CMakeFiles/E57Format.dir/src/FloatNodeImpl.cpp.o,1.464,1.404264,1.239146,0.15833,0.917853,0.380905,0.241349,0.100372,0.056052
src/Base/CMakeFiles/FreeCADBase.dir/__/3rdParty/PyCXX/CXX/cxx_exceptions.cxx.o,1.463,1.411536,1.298609,0.106654,0.704029,0.394382,0.223107,0.053245,0.051788
src/3rdParty/WildMagic4/CMakeFiles/WildMagic4.dir/Wm4Intersector.cpp.o,1.462,1.406322,1.385069,0.015047,1.080029,0.388038,0.216799,0.004445,0.008877
src/3rdParty/WildMagic4/CMakeFiles/WildMagic4.dir/Wm4Vector2.cpp.o,1.46,1.407294,1.398836,0.002335,1.104041,0.37611,0.21188,0.000659,0.000255
src/3rdParty/salomesmesh/CMakeFiles/StdMeshers.dir/src/StdMeshers/SMESH_Quadtree.cpp.o,1.46,1.403062,1.377341,0.018739,0,0.408076,0.24618,0.011659,0.00526
src/3rdParty/WildMagic4/CMakeFiles/WildMagic4.dir/Wm4Surface.cpp.o,1.458,1.402099,1.390749,0.005124,1.080848,0.390151,0.210768,0.001359,0.002357
src/3rdParty/OndselSolver/OndselSolver/CMakeFiles/OndselSolver.dir/VelICSolver.cpp.o,1.458,1.405451,1.068037,0.331304,0.730526,0.273897,0.227532,0.231626,0.098173
src/3rdParty/OndselSolver/OndselSolver/CMakeFiles/OndselSolver.dir/AngleZConstraintIqcJc.cpp.o,1.456,1.40298,0.983978,0.412365,0.674065,0.253335,0.213775,0.282534,0.127572
src/3rdParty/WildMagic4/CMakeFiles/WildMagic4.dir/Wm4Matrix2.cpp.o,1.454,1.398996,1.390308,0.002467,1.095006,0.378218,0.213223,0.000723,0.000265
src/Mod/Material/App/CMakeFiles/Materials.dir/ModelUuids.cpp.o,1.454,1.397236,1.360276,0.030037,1.283146,0.110599,0.170074,0.021631,0.006922
src/3rdParty/coin/src/engines/CMakeFiles/engines.dir/SoConvertAll.cpp.o,1.453,1.399465,0.848165,0.546288,0.002705,0.085825,0.044692,0.272339,0.272262
src/3rdParty/WildMagic4/CMakeFiles/WildMagic4.dir/Wm4Vector4.cpp.o,1.447,1.391716,1.38288,0.002502,1.088837,0.376661,0.213625,0.000786,0.000245
src/Base/CMakeFiles/FreeCADBase.dir/XMLTools.cpp.o,1.446,1.389476,1.313756,0.069355,0.937079,0.397996,0.263452,0.046235,0.021575
src/3rdParty/OndselSolver/OndselSolver/CMakeFiles/OndselSolver.dir/AngleZConstraintIqcJqc.cpp.o,1.444,1.391462,0.988637,0.396215,0.684799,0.246216,0.211659,0.26239,0.132017
src/3rdParty/OndselSolver/OndselSolver/CMakeFiles/OndselSolver.dir/AllowZRotationConstraintIqctJqc.cpp.o,1.443,1.389051,1.054873,0.326602,0.728504,0.279435,0.248086,0.211065,0.11364
src/3rdParty/OndselSolver/OndselSolver/CMakeFiles/OndselSolver.dir/ConstraintSet.cpp.o,1.442,1.388628,0.991308,0.391423,0.63718,0.254699,0.206645,0.259533,0.13033
src/3rdParty/OndselSolver/OndselSolver/CMakeFiles/OndselSolver.dir/SystemNewtonRaphson.cpp.o,1.439,1.382117,1.098826,0.276703,0.772641,0.273969,0.261232,0.192242,0.082867
src/3rdParty/WildMagic4/CMakeFiles/WildMagic4.dir/Wm4Matrix3.cpp.o,1.436,1.385071,1.376531,0.002296,1.080103,0.375136,0.20881,0.000737,0.000232
src/3rdParty/libE57Format/CMakeFiles/E57Format.dir/src/Common.cpp.o,1.434,1.376704,1.331521,0.038649,1.018361,0.414675,0.241596,0.02584,0.011182
src/3rdParty/libE57Format/CMakeFiles/E57Format.dir/src/BlobNodeImpl.cpp.o,1.433,1.377222,1.207232,0.164002,0.896809,0.369338,0.237792,0.104349,0.058242
src/3rdParty/libE57Format/CMakeFiles/E57Format.dir/src/Node.cpp.o,1.431,1.370006,1.172249,0.191689,0.849604,0.386318,0.242884,0.101735,0.087878
src/3rdParty/libE57Format/CMakeFiles/E57Format.dir/src/CompressedVectorNode.cpp.o,1.429,1.374866,1.213327,0.155117,0.900284,0.37374,0.235472,0.091124,0.062298
src/Base/CMakeFiles/FreeCADBase.dir/__/3rdParty/zipios++/zipfile.cpp.o,1.421,1.361997,1.159104,0.197049,0.831428,0.410735,0.232811,0.133044,0.062251
src/3rdParty/salomesmesh/CMakeFiles/Driver.dir/src/Driver/Driver_Mesh.cpp.o,1.421,1.36523,1.264844,0.094116,0.000654,0.367894,0.230546,0.067725,0.024845
src/3rdParty/OndselSolver/OndselSolver/CMakeFiles/OndselSolver.dir/AtPointConstraintIqcJqc.cpp.o,1.421,1.367644,1.074127,0.287269,0.756146,0.259171,0.243494,0.184205,0.101513
src/3rdParty/WildMagic4/CMakeFiles/WildMagic4.dir/Wm4Math.cpp.o,1.418,1.364276,1.356033,0.002386,1.05819,0.376051,0.210329,0.000834,0.000254
src/Base/CMakeFiles/FreeCADBase.dir/CoordinateSystem.cpp.o,1.413,1.358874,1.315958,0.036781,1.0035,0.406951,0.239693,0.01891,0.016395
src/3rdParty/OndselSolver/OndselSolver/CMakeFiles/OndselSolver.dir/OrbitAngleZIeqcJeqc.cpp.o,1.411,1.359186,1.020492,0.332749,0.746739,0.238047,0.224477,0.202962,0.128279
src/3rdParty/OndselSolver/OndselSolver/CMakeFiles/OndselSolver.dir/PosICDragNewtonRaphson.cpp.o,1.411,1.35763,1.076745,0.273925,0.748835,0.270565,0.248074,0.189677,0.082668
src/3rdParty/OndselSolver/OndselSolver/CMakeFiles/OndselSolver.dir/DirectionCosineConstraintIqcJc.cpp.o,1.409,1.350912,1.034983,0.309436,0.728345,0.262121,0.23917,0.202514,0.105392
src/3rdParty/libE57Format/CMakeFiles/E57Format.dir/src/StringNodeImpl.cpp.o,1.401,1.341533,1.229644,0.105578,0.915137,0.378574,0.242973,0.070984,0.033042
src/App/CMakeFiles/FreeCADApp.dir/ElementNamingUtils.cpp.o,1.399,1.341849,1.236173,0.099337,0.941434,0.357299,0.18387,0.070928,0.026681
src/3rdParty/OndselSolver/OndselSolver/CMakeFiles/OndselSolver.dir/PosICNewtonRaphson.cpp.o,1.398,1.343839,1.12713,0.210108,0.776205,0.271172,0.284903,0.14537,0.063179
src/Base/CMakeFiles/FreeCADBase.dir/Matrix.cpp.o,1.394,1.345646,1.102494,0.237648,0.738564,0.400472,0.204131,0.14543,0.09075
src/3rdParty/OndselSolver/OndselSolver/CMakeFiles/OndselSolver.dir/ASMTTranslationalMotion.cpp.o,1.392,1.337876,1.162853,0.168124,0.829519,0.281809,0.311072,0.106413,0.060152
src/3rdParty/libE57Format/CMakeFiles/E57Format.dir/src/E57SimpleData.cpp.o,1.387,1.329202,1.279091,0.043645,0.773908,0.397487,0.23559,0.02197,0.020208
src/Gui/CMakeFiles/FreeCADGui.dir/FuzzyMatcher.cpp.o,1.383,1.331038,1.305465,0.018879,1.240143,0.11359,0.172434,0.011258,0.005764
src/3rdParty/OndselSolver/OndselSolver/CMakeFiles/OndselSolver.dir/GearJoint.cpp.o,1.383,1.327221,1.026114,0.294984,0.73471,0.253018,0.23701,0.195781,0.097682
src/Mod/Mesh/Gui/CMakeFiles/MeshGui.dir/SoFCIndexedFaceSet.cpp.o,1.377,1.317086,1.010025,0.300268,0.318693,0.142317,0.100262,0.17631,0.122308
src/3rdParty/coin/src/vrml97/CMakeFiles/vrml97.dir/JS_VRMLClasses.cpp.o,1.376,1.326908,0.765192,0.556928,0.004186,0.100189,0.043033,0.257917,0.297449
src/3rdParty/salomesmesh/CMakeFiles/DriverSTL.dir/src/DriverSTL/SMESH_File.cpp.o,1.376,1.318934,1.228012,0.084726,0.544492,0.398704,0.251841,0.05549,0.027823
src/3rdParty/salomesmesh/CMakeFiles/DriverUNV.dir/src/DriverUNV/UNV2420_Structure.cpp.o,1.376,1.313399,1.191321,0.116199,0.782244,0.401957,0.228625,0.082103,0.032671
src/3rdParty/OndselSolver/OndselSolver/CMakeFiles/OndselSolver.dir/ASMTItem.cpp.o,1.376,1.321983,1.095888,0.219347,0.799958,0.25414,0.262482,0.139865,0.077997
src/3rdParty/libE57Format/CMakeFiles/E57Format.dir/src/IntegerNodeImpl.cpp.o,1.371,1.314235,1.180395,0.127568,0.881389,0.35832,0.229927,0.081854,0.044126
src/3rdParty/libE57Format/CMakeFiles/E57Format.dir/src/StructureNode.cpp.o,1.367,1.30836,1.187923,0.114615,0.892506,0.361912,0.236969,0.068234,0.044797
src/3rdParty/salomesmesh/CMakeFiles/DriverUNV.dir/src/DriverUNV/UNV2417_Structure.cpp.o,1.365,1.313288,1.172134,0.135399,0.824491,0.395295,0.239854,0.099218,0.03462
src/Base/CMakeFiles/FreeCADBase.dir/ExceptionFactory.cpp.o,1.364,1.310672,1.226823,0.077946,0.917265,0.376584,0.194724,0.046916,0.029528
src/Base/CMakeFiles/FreeCADBase.dir/ZipHeader.cpp.o,1.364,1.313143,1.136413,0.170899,0.830448,0.398664,0.225499,0.118605,0.050666
src/3rdParty/OndselSolver/OndselSolver/CMakeFiles/OndselSolver.dir/DistIeqcJeqc.cpp.o,1.362,1.307798,0.934676,0.367152,0.671419,0.224137,0.190776,0.247889,0.117557
src/3rdParty/OndselSolver/OndselSolver/CMakeFiles/OndselSolver.dir/OrbitAngleZIeqcJec.cpp.o,1.362,1.310862,1.021409,0.282865,0.741345,0.246413,0.219958,0.178729,0.102586
src/3rdParty/libE57Format/CMakeFiles/E57Format.dir/src/FloatNode.cpp.o,1.354,1.297711,1.200265,0.091369,0.897071,0.376335,0.239518,0.057475,0.032457
src/3rdParty/OndselSolver/OndselSolver/CMakeFiles/OndselSolver.dir/ASMTPart.cpp.o,1.354,1.30069,1.071321,0.22344,0.781334,0.249957,0.249284,0.140512,0.081366
src/3rdParty/libE57Format/CMakeFiles/E57Format.dir/src/IntegerNode.cpp.o,1.352,1.292217,1.196213,0.090464,0.892518,0.376774,0.240127,0.056464,0.032483
src/3rdParty/libE57Format/CMakeFiles/E57Format.dir/src/ScaledIntegerNode.cpp.o,1.351,1.294297,1.178731,0.109675,0.880299,0.364871,0.243984,0.063896,0.044329
src/3rdParty/libE57Format/CMakeFiles/E57Format.dir/src/SectionHeaders.cpp.o,1.35,1.288542,1.178808,0.103692,0.872188,0.377304,0.234542,0.060741,0.041457
src/3rdParty/libE57Format/CMakeFiles/E57Format.dir/src/VectorNode.cpp.o,1.349,1.289131,1.175375,0.108064,0.877218,0.364308,0.234894,0.064907,0.041705
src/3rdParty/OndselSolver/OndselSolver/CMakeFiles/OndselSolver.dir/QuasiIntegrator.cpp.o,1.348,1.292994,1.102198,0.18428,0.765191,0.293253,0.274025,0.116817,0.065953
src/3rdParty/libE57Format/CMakeFiles/E57Format.dir/src/SourceDestBuffer.cpp.o,1.346,1.288293,1.163585,0.118509,0.854689,0.384414,0.242609,0.062376,0.054485
src/3rdParty/OndselSolver/OndselSolver/CMakeFiles/OndselSolver.dir/GESpMatFullPv.cpp.o,1.346,1.292475,0.840847,0.443317,0.560464,0.205203,0.144416,0.32627,0.115228
src/3rdParty/libE57Format/CMakeFiles/E57Format.dir/src/E57SimpleWriter.cpp.o,1.344,1.28661,1.207934,0.072627,0.912191,0.363046,0.23524,0.042615,0.028501
src/3rdParty/OndselSolver/OndselSolver/CMakeFiles/OndselSolver.dir/DistxyIeqcJec.cpp.o,1.343,1.289774,1.00946,0.274237,0.724368,0.254358,0.221258,0.175466,0.097123
src/3rdParty/OndselSolver/OndselSolver/CMakeFiles/OndselSolver.dir/AccNewtonRaphson.cpp.o,1.341,1.287796,1.124831,0.156395,0.793892,0.282858,0.28076,0.104784,0.050149
src/3rdParty/OndselSolver/OndselSolver/CMakeFiles/OndselSolver.dir/DispCompIeqctJeqcIe.cpp.o,1.337,1.280268,0.971925,0.302466,0.711494,0.224976,0.189161,0.19186,0.108964
src/3rdParty/OndselSolver/OndselSolver/CMakeFiles/OndselSolver.dir/FullMotion.cpp.o,1.33,1.274851,1.074511,0.193875,0.767244,0.278068,0.248519,0.115425,0.07654
src/3rdParty/libE57Format/CMakeFiles/E57Format.dir/src/StringNode.cpp.o,1.322,1.264043,1.167481,0.090653,0.862822,0.370377,0.234695,0.056463,0.032678
src/3rdParty/OndselSolver/OndselSolver/CMakeFiles/OndselSolver.dir/ASMTLimit.cpp.o,1.322,1.266622,1.11162,0.148384,0.828152,0.252525,0.29378,0.081102,0.065787
src/Base/CMakeFiles/FreeCADBase.dir/PythonTypeExt.cpp.o,1.32,1.26612,1.255333,0.004574,0.965678,0.370919,0.2066,0.00129,0.001833
src/3rdParty/libE57Format/CMakeFiles/E57Format.dir/src/BlobNode.cpp.o,1.316,1.254642,1.148571,0.100053,0.847862,0.365937,0.232138,0.059978,0.038508
src/3rdParty/OndselSolver/OndselSolver/CMakeFiles/OndselSolver.dir/VelKineSolver.cpp.o,1.316,1.266195,1.024614,0.235377,0.713788,0.260167,0.218718,0.168582,0.065328
src/Base/CMakeFiles/FreeCADBase.dir/__/3rdParty/PyCXX/CXX/cxxsupport.cxx.o,1.315,1.267828,1.180907,0.080556,0.611834,0.365597,0.187425,0.039323,0.039623
src/3rdParty/salomesmesh/CMakeFiles/SMDS.dir/src/SMDS/SMDS_FacePosition.cpp.o,1.31,1.256507,1.243534,0.007041,0.267537,0.352994,0.219933,0.002588,0.002991
src/3rdParty/salomesmesh/CMakeFiles/SMDS.dir/src/SMDS/SMDS_EdgePosition.cpp.o,1.302,1.243031,1.231431,0.005863,0.254517,0.359758,0.219718,0.002026,0.002386
src/3rdParty/salomesmesh/CMakeFiles/SMDS.dir/src/SMDS/SMDS_Position.cpp.o,1.301,1.243589,1.232776,0.004901,0.259799,0.3606,0.223977,0.001562,0.001862
src/3rdParty/OndselSolver/OndselSolver/CMakeFiles/OndselSolver.dir/DispCompIeqcJeqcIe.cpp.o,1.301,1.245127,0.971963,0.267101,0.704033,0.230335,0.196237,0.175611,0.089849
src/3rdParty/OndselSolver/OndselSolver/CMakeFiles/OndselSolver.dir/DistIeqcJec.cpp.o,1.299,1.243977,0.961528,0.276506,0.684817,0.239784,0.198179,0.187845,0.086994
src/Mod/Mesh/App/CMakeFiles/Mesh.dir/Core/Definitions.cpp.o,1.296,1.243043,1.232257,0.004648,0.776844,0.36643,0.224723,0.001707,0.001401
src/3rdParty/OndselSolver/OndselSolver/CMakeFiles/OndselSolver.dir/ArcSine.cpp.o,1.295,1.205229,1.153078,0.040984,0.958444,0.187436,0.188439,0.023738,0.014414
src/Mod/Mesh/App/CMakeFiles/Mesh.dir/Core/Trim.cpp.o,1.294,1.242355,0.895928,0.340758,0.652088,0.205835,0.131927,0.224023,0.115271
src/3rdParty/coin/src/scxml/CMakeFiles/scxml.dir/ScXMLStateElt.cpp.o,1.292,1.237988,0.947396,0.284417,0.457214,0.18756,0.14717,0.200701,0.082149
src/3rdParty/libE57Format/CMakeFiles/E57Format.dir/src/ImageFile.cpp.o,1.292,1.235077,1.146577,0.082882,0.84132,0.372256,0.240268,0.045715,0.035614
src/3rdParty/OndselSolver/OndselSolver/CMakeFiles/OndselSolver.dir/DispCompIeqcJecIe.cpp.o,1.291,1.23984,0.9647,0.269084,0.70073,0.226904,0.187551,0.177447,0.090078
src/3rdParty/coin/src/draggers/CMakeFiles/draggers.dir/SoTransformerDragger.cpp.o,1.288,1.234037,0.70037,0.528331,0.000549,0.071734,0.036596,0.154268,0.372578
src/3rdParty/OndselSolver/OndselSolver/CMakeFiles/OndselSolver.dir/ASMTItemIJ.cpp.o,1.288,1.233285,1.057561,0.168965,0.782378,0.244224,0.260433,0.102837,0.064572
src/3rdParty/OndselSolver/OndselSolver/CMakeFiles/OndselSolver.dir/DispCompIeqcJecKeqc.cpp.o,1.287,1.234073,0.980042,0.24802,0.708653,0.236256,0.190983,0.174708,0.07173
src/3rdParty/coin/src/scxml/CMakeFiles/scxml.dir/ScXMLParallelElt.cpp.o,1.286,1.22776,0.952885,0.268932,0.456155,0.184884,0.147009,0.188737,0.078673
src/3rdParty/OndselSolver/OndselSolver/CMakeFiles/OndselSolver.dir/ASMTPrincipalMassMarker.cpp.o,1.286,1.234202,1.024986,0.203084,0.750329,0.244478,0.235903,0.143564,0.057972
src/Base/CMakeFiles/FreeCADBase.dir/__/3rdParty/zipios++/zipoutputstreambuf.cpp.o,1.281,1.227913,1.134796,0.087913,0.815784,0.394105,0.233444,0.061163,0.025377
src/3rdParty/salomesmesh/CMakeFiles/SMDS.dir/src/SMDS/SMDS_VertexPosition.cpp.o,1.281,1.224143,1.213559,0.004859,0.259961,0.361977,0.218469,0.001626,0.001891
src/3rdParty/OndselSolver/OndselSolver/CMakeFiles/OndselSolver.dir/DispCompIeqcJeqcKeqct.cpp.o,1.281,1.228833,0.953118,0.2698,0.686272,0.226175,0.19167,0.177677,0.090471
src/3rdParty/salomesmesh/CMakeFiles/DriverDAT.dir/src/DriverDAT/DriverDAT_W_SMESHDS_Mesh.cpp.o,1.28,1.214161,1.20111,0.003557,0,0.106516,0.14192,0.000267,0.000295
src/3rdParty/OndselSolver/OndselSolver/CMakeFiles/OndselSolver.dir/ASMTConstantGravity.cpp.o,1.28,1.227791,1.07257,0.149252,0.813537,0.233094,0.259545,0.107611,0.040105
src/3rdParty/libE57Format/CMakeFiles/E57Format.dir/src/DecodeChannel.cpp.o,1.279,1.220836,1.16422,0.050905,0.863566,0.374053,0.240966,0.028422,0.020878
src/3rdParty/salomesmesh/CMakeFiles/DriverUNV.dir/src/DriverUNV/UNV2412_Structure.cpp.o,1.278,1.225878,1.10313,0.116945,0.77532,0.383583,0.225308,0.091394,0.023993
src/3rdParty/OndselSolver/OndselSolver/CMakeFiles/OndselSolver.dir/DispCompIecJecKeqc.cpp.o,1.277,1.227156,0.985825,0.235606,0.715261,0.229991,0.200063,0.158988,0.074979
src/3rdParty/OndselSolver/OndselSolver/CMakeFiles/OndselSolver.dir/EulerConstraint.cpp.o,1.274,1.219451,1.022198,0.190525,0.736788,0.253867,0.230405,0.134099,0.054987
src/3rdParty/OndselSolver/OndselSolver/CMakeFiles/OndselSolver.dir/TranslationConstraintIqctJqc.cpp.o,1.274,1.220871,1.03457,0.180352,0.758199,0.250251,0.234469,0.111039,0.067625
src/3rdParty/OndselSolver/OndselSolver/CMakeFiles/OndselSolver.dir/RevRevJoint.cpp.o,1.271,1.217338,1.04997,0.161079,0.734481,0.289302,0.247767,0.100493,0.058972
src/3rdParty/OndselSolver/OndselSolver/CMakeFiles/OndselSolver.dir/Sum.cpp.o,1.27,1.216037,0.928406,0.281805,0.703949,0.172101,0.162589,0.184754,0.095525
src/3rdParty/OndselSolver/OndselSolver/CMakeFiles/OndselSolver.dir/AtPointJoint.cpp.o,1.265,1.209644,1.063999,0.138898,0.75547,0.287148,0.242291,0.089583,0.047692
src/3rdParty/salomesmesh/CMakeFiles/SMESH.dir/src/SMESH/DriverGMF.cpp.o,1.253,1.201292,1.155507,0.039803,0.844488,0.401697,0.229275,0.029224,0.009147
src/3rdParty/OndselSolver/OndselSolver/CMakeFiles/OndselSolver.dir/EndFramec.cpp.o,1.253,1.196499,0.970857,0.219013,0.714771,0.227495,0.209658,0.152376,0.065023
src/3rdParty/OndselSolver/OndselSolver/CMakeFiles/OndselSolver.dir/ASMTConstraintSet.cpp.o,1.252,1.199851,1.051708,0.141185,0.791327,0.245915,0.261741,0.091918,0.047602
src/3rdParty/OndselSolver/OndselSolver/CMakeFiles/OndselSolver.dir/ASMTGearJoint.cpp.o,1.249,1.194324,1.082057,0.104956,0.793305,0.259326,0.287111,0.066658,0.036751
src/3rdParty/OndselSolver/OndselSolver/CMakeFiles/OndselSolver.dir/DirectionCosineIeqcJeqc.cpp.o,1.249,1.196414,0.983369,0.207283,0.72208,0.223519,0.192539,0.143483,0.062291
src/3rdParty/libE57Format/CMakeFiles/E57Format.dir/src/CompressedVectorReader.cpp.o,1.247,1.18668,1.142838,0.037999,0.857645,0.360494,0.237682,0.022029,0.014514
src/3rdParty/OndselSolver/OndselSolver/CMakeFiles/OndselSolver.dir/ASMTRefItem.cpp.o,1.24,1.185521,1.051112,0.127756,0.769299,0.261276,0.2468,0.090991,0.03515
src/Base/CMakeFiles/FreeCADBase.dir/__/3rdParty/zipios++/zipinputstreambuf.cpp.o,1.238,1.184653,1.124046,0.054746,0.804076,0.385855,0.233665,0.037524,0.015347
src/3rdParty/libE57Format/CMakeFiles/E57Format.dir/src/CompressedVectorWriter.cpp.o,1.237,1.17528,1.130771,0.038361,0.846392,0.355394,0.22951,0.021875,0.014995
src/3rdParty/OndselSolver/OndselSolver/CMakeFiles/OndselSolver.dir/DifferenceOperator.cpp.o,1.235,1.17786,1.001862,0.17005,0.604217,0.230293,0.222693,0.123127,0.045325
src/3rdParty/OndselSolver/OndselSolver/CMakeFiles/OndselSolver.dir/DispCompIeqcJeqcKeqc.cpp.o,1.233,1.17514,0.926833,0.242245,0.672178,0.221521,0.1869,0.166812,0.073863
src/3rdParty/OndselSolver/OndselSolver/CMakeFiles/OndselSolver.dir/Product.cpp.o,1.231,1.180232,0.893309,0.281759,0.674072,0.169813,0.156221,0.187664,0.092601
src/Base/CMakeFiles/FreeCADBase.dir/__/3rdParty/zipios++/ziphead.cpp.o,1.229,1.174964,1.074332,0.095452,0.766098,0.387703,0.222161,0.065801,0.02816
src/Base/CMakeFiles/FreeCADBase.dir/__/3rdParty/zipios++/collcoll.cpp.o,1.228,1.176598,1.053798,0.117245,0.75844,0.376665,0.216466,0.082833,0.032942
src/3rdParty/coin/src/scxml/CMakeFiles/scxml.dir/ScXMLStateMachine.cpp.o,1.226,1.174356,0.910327,0.258935,0.504396,0.145523,0.102778,0.173112,0.084113
src/3rdParty/OndselSolver/OndselSolver/CMakeFiles/OndselSolver.dir/DirectionCosineIeqcJec.cpp.o,1.222,1.170853,0.971593,0.193294,0.708551,0.233808,0.197157,0.137478,0.054275
src/3rdParty/salomesmesh/CMakeFiles/DriverUNV.dir/src/DriverUNV/UNV2411_Structure.cpp.o,1.221,1.170353,1.073216,0.092334,0.779289,0.357857,0.21482,0.06618,0.024861
src/3rdParty/OndselSolver/OndselSolver/CMakeFiles/OndselSolver.dir/ASMTScrewJoint.cpp.o,1.221,1.162932,1.074962,0.081421,0.770398,0.280341,0.265404,0.054094,0.025861
src/Mod/Robot/App/CMakeFiles/Robot.dir/kdl_cp/velocityprofile_traphalf.cpp.o,1.221,1.166561,1.139224,0.022146,0.824243,0.392215,0.202625,0.009653,0.011042
src/Base/CMakeFiles/FreeCADBase.dir/__/3rdParty/zipios++/fcoll.cpp.o,1.22,1.166739,1.075772,0.084935,0.793535,0.364251,0.220154,0.058995,0.024459
src/3rdParty/coin/src/misc/CMakeFiles/misc.dir/SoType.cpp.o,1.217,1.166325,1.034703,0.126431,0.007885,0.365796,0.178063,0.068238,0.056778
src/3rdParty/OndselSolver/OndselSolver/CMakeFiles/OndselSolver.dir/ASMTRotationLimit.cpp.o,1.217,1.157444,1.099469,0.050738,0.824209,0.266126,0.28034,0.032588,0.016618
src/Mod/Robot/App/CMakeFiles/Robot.dir/kdl_cp/utilities/utility_io.cxx.o,1.215,1.163033,1.10445,0.05314,0.801982,0.375632,0.192247,0.029109,0.022627
src/3rdParty/OndselSolver/OndselSolver/CMakeFiles/OndselSolver.dir/VectorNewtonRaphson.cpp.o,1.213,1.156207,1.033458,0.116719,0.755341,0.26132,0.253522,0.081223,0.034055
src/3rdParty/coin/src/vrml97/CMakeFiles/vrml97.dir/Extrusion.cpp.o,1.211,1.156706,0.757348,0.392223,0.000813,0.077407,0.038922,0.201645,0.188922
src/3rdParty/coin/src/actions/CMakeFiles/actions.dir/SoToVRMLAction.cpp.o,1.21,1.157419,0.907039,0.244945,0.000404,0.079359,0.04166,0.123757,0.119526
src/Base/CMakeFiles/FreeCADBase.dir/__/3rdParty/zipios++/zipheadio.cpp.o,1.205,1.153434,1.063278,0.084835,0.766142,0.382492,0.217616,0.054224,0.029159
src/3rdParty/OndselSolver/OndselSolver/CMakeFiles/OndselSolver.dir/Symbolic.cpp.o,1.205,1.152465,0.902678,0.243834,0.6586,0.196516,0.178832,0.148746,0.093575
src/3rdParty/OndselSolver/OndselSolver/CMakeFiles/OndselSolver.dir/DispCompIeqctJeqcKeqct.cpp.o,1.203,1.149589,0.938355,0.2049,0.687243,0.21967,0.186211,0.134976,0.068317
src/3rdParty/salomesmesh/CMakeFiles/SMESHDS.dir/src/SMESHDS/SMESHDS_Command.cpp.o,1.201,1.146214,1.059162,0.081656,0.511726,0.361914,0.22111,0.045693,0.0345
src/3rdParty/coin/src/3ds/CMakeFiles/3ds.dir/3dsLoader.cpp.o,1.199,1.148913,0.687571,0.456859,0.000336,0.071835,0.038073,0.262092,0.193309
src/3rdParty/salomesmesh/CMakeFiles/DriverUNV.dir/src/DriverUNV/UNV164_Structure.cpp.o,1.198,1.144679,1.065941,0.073702,0.691929,0.370899,0.186418,0.047593,0.024679
src/3rdParty/libE57Format/CMakeFiles/E57Format.dir/src/E57SimpleReader.cpp.o,1.196,1.137199,1.113343,0.018331,0.828028,0.35756,0.241167,0.007659,0.009222
src/3rdParty/OndselSolver/OndselSolver/CMakeFiles/OndselSolver.dir/PrescribedMotion.cpp.o,1.195,1.143071,0.99612,0.141264,0.707796,0.260738,0.219368,0.093784,0.045636
src/3rdParty/coin/src/shadows/CMakeFiles/shadows.dir/SoShadowGroup.cpp.o,1.192,1.139583,0.846842,0.287198,0.000358,0.072347,0.039942,0.130899,0.154661
src/3rdParty/OndselSolver/OndselSolver/CMakeFiles/OndselSolver.dir/ASMTJoint.cpp.o,1.187,1.130644,1.023965,0.099843,0.738237,0.265311,0.23836,0.062423,0.03572
src/3rdParty/OndselSolver/OndselSolver/CMakeFiles/OndselSolver.dir/DispCompIeqcJecO.cpp.o,1.185,1.122602,0.945458,0.170584,0.684487,0.238827,0.195463,0.120465,0.048551
src/Base/CMakeFiles/FreeCADBase.dir/__/3rdParty/zipios++/zipoutputstream.cpp.o,1.184,1.135006,1.087671,0.042303,0.809915,0.368682,0.230962,0.02531,0.015578
src/3rdParty/OndselSolver/OndselSolver/CMakeFiles/OndselSolver.dir/ASMTAngleJoint.cpp.o,1.182,1.127471,1.042407,0.078987,0.774545,0.246933,0.241947,0.052298,0.025257
src/Gui/CMakeFiles/FreeCADGui.dir/Selection/SoFCSelectionAction.cpp.o,1.179,1.118885,0.931829,0.181304,0.152302,0.113451,0.097143,0.070023,0.109665
src/3rdParty/OndselSolver/OndselSolver/CMakeFiles/OndselSolver.dir/ASMTRackPinionJoint.cpp.o,1.177,1.1246,1.034175,0.084299,0.761628,0.246521,0.244259,0.054587,0.028316
src/3rdParty/OndselSolver/OndselSolver/CMakeFiles/OndselSolver.dir/ASMTLineInPlaneJoint.cpp.o,1.175,1.118104,1.059705,0.051932,0.790341,0.256842,0.250085,0.033375,0.017089
src/Mod/Mesh/App/CMakeFiles/Mesh.dir/Core/Decimation.cpp.o,1.175,1.121282,0.830665,0.285162,0.669313,0.16995,0.12218,0.192984,0.09066
src/3rdParty/OndselSolver/OndselSolver/CMakeFiles/OndselSolver.dir/AnyGeneralSpline.cpp.o,1.173,1.100715,1.062187,0.026376,0.87834,0.184528,0.184996,0.012428,0.011059
src/3rdParty/OndselSolver/OndselSolver/CMakeFiles/OndselSolver.dir/Polynomial.cpp.o,1.173,1.120235,0.9053,0.209407,0.697329,0.169666,0.157241,0.132794,0.075223
src/3rdParty/coin/src/scxml/CMakeFiles/scxml.dir/ScXMLEventTarget.cpp.o,1.171,1.116598,0.9113,0.199774,0.433862,0.140827,0.116583,0.139062,0.059077
src/3rdParty/OndselSolver/OndselSolver/CMakeFiles/OndselSolver.dir/BasicIntegrator.cpp.o,1.171,1.116876,1.033059,0.077664,0.754553,0.259345,0.22795,0.054131,0.022047
src/3rdParty/OndselSolver/OndselSolver/CMakeFiles/OndselSolver.dir/CylindricalJoint.cpp.o,1.171,1.11822,1.033614,0.078938,0.782089,0.240154,0.224918,0.051707,0.025786
src/3rdParty/OndselSolver/OndselSolver/CMakeFiles/OndselSolver.dir/PosICDragLimitNewtonRaphson.cpp.o,1.171,1.118441,1.042521,0.07009,0.769944,0.252699,0.223199,0.044501,0.024187
src/3rdParty/OndselSolver/OndselSolver/CMakeFiles/OndselSolver.dir/Translation.cpp.o,1.171,1.120857,0.998133,0.116081,0.721689,0.25869,0.228685,0.073087,0.041438
src/3rdParty/salomesmesh/CMakeFiles/SMESH.dir/src/SMESH/SMESH_Exception.cpp.o,1.167,1.117463,1.07007,0.042403,0.740275,0.389524,0.194675,0.030629,0.01028
src/3rdParty/coin/src/nodes/CMakeFiles/nodes.dir/SoExtSelection.cpp.o,1.166,1.116576,0.82089,0.290295,0.001176,0.072066,0.039972,0.153897,0.134934
src/3rdParty/OndselSolver/OndselSolver/CMakeFiles/OndselSolver.dir/ASMTSimulationParameters.cpp.o,1.166,1.111726,1.042193,0.06377,0.797223,0.233795,0.237271,0.044343,0.017916
src/3rdParty/OndselSolver/OndselSolver/CMakeFiles/OndselSolver.dir/ASMTSphericalJoint.cpp.o,1.165,1.105954,1.037068,0.062873,0.790782,0.234874,0.228001,0.041297,0.01998
src/3rdParty/OndselSolver/OndselSolver/CMakeFiles/OndselSolver.dir/DispCompIeqctJeqcO.cpp.o,1.165,1.111923,0.926736,0.179092,0.677577,0.228106,0.186894,0.122904,0.054544
src/3rdParty/OndselSolver/OndselSolver/CMakeFiles/OndselSolver.dir/AngleJoint.cpp.o,1.162,1.109433,1.011662,0.090984,0.738169,0.25827,0.235358,0.063272,0.026103
src/3rdParty/coin/src/shapenodes/CMakeFiles/shapenodes.dir/SoFaceSet.cpp.o,1.161,1.105427,0.820728,0.278617,0.00043,0.099203,0.042874,0.151435,0.125562
src/3rdParty/OndselSolver/OndselSolver/CMakeFiles/OndselSolver.dir/AtPointConstraintIqctJqc.cpp.o,1.161,1.110831,1.009721,0.09546,0.75408,0.238629,0.238217,0.059044,0.034936
src/3rdParty/OndselSolver/OndselSolver/CMakeFiles/OndselSolver.dir/InLineJoint.cpp.o,1.159,1.108741,0.990841,0.111358,0.708415,0.259889,0.226377,0.071837,0.03803
src/3rdParty/coin/src/shapenodes/CMakeFiles/shapenodes.dir/SoLineSet.cpp.o,1.157,1.105851,0.783385,0.317393,0.000244,0.112608,0.038286,0.163262,0.15237
src/Mod/Robot/App/CMakeFiles/Robot.dir/kdl_cp/velocityprofile_spline.cpp.o,1.157,1.102778,1.07872,0.019158,0.775755,0.376,0.190043,0.009532,0.008195
src/3rdParty/coin/src/shaders/CMakeFiles/shaders.dir/SoShaderParameter.cpp.o,1.156,1.105091,0.78863,0.311096,0.004395,0.074654,0.038874,0.133399,0.17605
src/3rdParty/OndselSolver/OndselSolver/CMakeFiles/OndselSolver.dir/InPlaneJoint.cpp.o,1.154,1.102626,0.987142,0.107315,0.713256,0.256468,0.225057,0.068938,0.036571
src/3rdParty/OndselSolver/OndselSolver/CMakeFiles/OndselSolver.dir/LDUFullMat.cpp.o,1.154,1.095402,0.756966,0.333582,0.547791,0.164272,0.113741,0.224168,0.107754
src/3rdParty/OndselSolver/OndselSolver/CMakeFiles/OndselSolver.dir/ASMTUniversalJoint.cpp.o,1.152,1.099751,1.028523,0.064851,0.759492,0.255309,0.236578,0.043478,0.019793
src/3rdParty/coin/src/shapenodes/CMakeFiles/shapenodes.dir/SoTriangleStripSet.cpp.o,1.15,1.099085,0.792927,0.300679,0.000434,0.110202,0.038674,0.152847,0.146242
src/3rdParty/OndselSolver/OndselSolver/CMakeFiles/OndselSolver.dir/ASMTTranslationalJoint.cpp.o,1.15,1.097263,1.031288,0.059857,0.770953,0.246411,0.239651,0.040192,0.01824
src/Base/CMakeFiles/FreeCADBase.dir/__/3rdParty/zipios++/zipinputstream.cpp.o,1.149,1.099827,1.070219,0.02464,0.789149,0.371406,0.221185,0.011382,0.011905
src/3rdParty/OndselSolver/OndselSolver/CMakeFiles/OndselSolver.dir/ASMTNoRotationJoint.cpp.o,1.149,1.096674,1.029207,0.061438,0.770088,0.246494,0.239896,0.040973,0.019062
src/3rdParty/OndselSolver/OndselSolver/CMakeFiles/OndselSolver.dir/DirectionCosineConstraintIqctJqc.cpp.o,1.149,1.095496,0.981291,0.108368,0.721104,0.242528,0.228584,0.06493,0.042029
src/Mod/Robot/App/CMakeFiles/Robot.dir/kdl_cp/velocityprofile.cpp.o,1.149,1.095326,1.07019,0.019742,0.770065,0.375296,0.191922,0.013008,0.005285
src/3rdParty/OndselSolver/OndselSolver/CMakeFiles/OndselSolver.dir/AllowZRotation.cpp.o,1.148,1.094665,1.008475,0.079559,0.73052,0.259036,0.235581,0.051735,0.026282
src/3rdParty/OndselSolver/OndselSolver/CMakeFiles/OndselSolver.dir/AngleZIecJec.cpp.o,1.147,1.086196,1.02412,0.052486,0.670231,0.20808,0.167006,0.027689,0.022376
src/3rdParty/OndselSolver/OndselSolver/CMakeFiles/OndselSolver.dir/RevoluteJoint.cpp.o,1.147,1.09271,1.008378,0.077998,0.744523,0.251772,0.230057,0.04932,0.027253
src/3rdParty/OndselSolver/OndselSolver/CMakeFiles/OndselSolver.dir/ASMTSphSphJoint.cpp.o,1.146,1.095286,1.030759,0.05792,0.785091,0.236697,0.234479,0.03748,0.018988
src/3rdParty/OndselSolver/OndselSolver/CMakeFiles/OndselSolver.dir/DirectionCosineIeqctJeqc.cpp.o,1.146,1.093557,0.935082,0.152629,0.686974,0.222594,0.188928,0.098191,0.052945
src/3rdParty/OndselSolver/OndselSolver/CMakeFiles/OndselSolver.dir/DispCompIeqcJeqcO.cpp.o,1.145,1.0929,0.980734,0.105957,0.736646,0.230128,0.200022,0.075899,0.028554
src/3rdParty/OndselSolver/OndselSolver/CMakeFiles/OndselSolver.dir/PerpendicularJoint.cpp.o,1.144,1.090293,1.008312,0.076071,0.747546,0.249615,0.230462,0.048005,0.02654
src/3rdParty/OndselSolver/OndselSolver/CMakeFiles/OndselSolver.dir/PosKineNewtonRaphson.cpp.o,1.144,1.093023,0.989162,0.098084,0.714724,0.245703,0.220125,0.061775,0.034843
src/Mod/Robot/App/CMakeFiles/Robot.dir/kdl_cp/velocityprofile_rect.cpp.o,1.143,1.088233,1.067094,0.015174,0.767942,0.37648,0.192772,0.006666,0.007054
src/3rdParty/OndselSolver/OndselSolver/CMakeFiles/OndselSolver.dir/ExternalSystem.cpp.o,1.142,1.086723,1.032592,0.047807,0.785539,0.242266,0.26069,0.026998,0.019211
src/3rdParty/OndselSolver/OndselSolver/CMakeFiles/OndselSolver.dir/RevCylJoint.cpp.o,1.141,1.089979,0.999017,0.083676,0.74667,0.237732,0.227193,0.052918,0.029198
src/Mod/Robot/App/CMakeFiles/Robot.dir/kdl_cp/velocityprofile_trap.cpp.o,1.141,1.087826,1.063621,0.018733,0.758488,0.38009,0.193437,0.007718,0.009545
src/3rdParty/OndselSolver/OndselSolver/CMakeFiles/OndselSolver.dir/Orientation.cpp.o,1.14,1.09071,0.99891,0.085562,0.739893,0.246126,0.227254,0.053755,0.030337
src/Mod/Robot/App/CMakeFiles/Robot.dir/kdl_cp/velocityprofile_dirac.cpp.o,1.14,1.085163,1.066891,0.013054,0.768526,0.377709,0.191727,0.00633,0.005407
src/3rdParty/OndselSolver/OndselSolver/CMakeFiles/OndselSolver.dir/ASMTAllowRotation.cpp.o,1.139,1.089516,1.009483,0.07309,0.749286,0.239755,0.261221,0.048498,0.023123
src/3rdParty/OndselSolver/OndselSolver/CMakeFiles/OndselSolver.dir/ASMTCylindricalJoint.cpp.o,1.139,1.083209,1.012728,0.063912,0.759442,0.241082,0.22957,0.043179,0.019319
src/3rdParty/OndselSolver/OndselSolver/CMakeFiles/OndselSolver.dir/ParallelAxesJoint.cpp.o,1.139,1.092709,1.008468,0.078094,0.740432,0.254998,0.231815,0.048906,0.027733
src/Base/CMakeFiles/FreeCADBase.dir/__/3rdParty/zipios++/deflateoutputstreambuf.cpp.o,1.138,1.090179,1.031181,0.053427,0.727237,0.358719,0.210457,0.038677,0.013353
src/Base/CMakeFiles/FreeCADBase.dir/__/3rdParty/zipios++/gzipoutputstream.cpp.o,1.137,1.07962,1.05095,0.022205,0.773164,0.355925,0.212876,0.010728,0.0099
src/3rdParty/salomesmesh/CMakeFiles/SMESHDS.dir/src/SMESHDS/SMESHDS_Script.cpp.o,1.137,1.083614,1.031347,0.0466,0.50252,0.372569,0.221266,0.023784,0.021164
src/3rdParty/OndselSolver/OndselSolver/CMakeFiles/OndselSolver.dir/PiecewiseFunction.cpp.o,1.137,1.083018,0.861289,0.216548,0.674468,0.157071,0.141648,0.14561,0.069506
src/Base/CMakeFiles/FreeCADBase.dir/InputSource.cpp.o,1.136,1.085511,1.055861,0.024432,0.745761,0.35106,0.187793,0.013945,0.009037
src/3rdParty/OndselSolver/OndselSolver/CMakeFiles/OndselSolver.dir/ASMTFixedJoint.cpp.o,1.134,1.082815,1.011562,0.064899,0.755597,0.242614,0.233058,0.043775,0.01948
src/3rdParty/OndselSolver/OndselSolver/CMakeFiles/OndselSolver.dir/NoRotationJoint.cpp.o,1.134,1.080424,0.995238,0.079204,0.736994,0.246174,0.226579,0.04966,0.028062
src/3rdParty/coin/src/draggers/CMakeFiles/draggers.dir/SoHandleBoxDragger.cpp.o,1.132,1.080424,0.681947,0.393554,0.000535,0.072708,0.038471,0.091047,0.300787
src/3rdParty/OndselSolver/OndselSolver/CMakeFiles/OndselSolver.dir/ASMTMotion.cpp.o,1.132,1.077072,1.002137,0.068731,0.752863,0.235162,0.228983,0.041663,0.025535
src/3rdParty/OndselSolver/OndselSolver/CMakeFiles/OndselSolver.dir/ASMTPlanarJoint.cpp.o,1.132,1.078321,1.018823,0.052945,0.76195,0.247607,0.239792,0.033481,0.01791
src/3rdParty/OndselSolver/OndselSolver/CMakeFiles/OndselSolver.dir/ASMTParallelAxesJoint.cpp.o,1.131,1.075175,1.019471,0.049985,0.764042,0.245778,0.236369,0.031092,0.017546
src/3rdParty/coin/src/scxml/CMakeFiles/scxml.dir/ScXMLScxmlElt.cpp.o,1.128,1.075485,0.900756,0.169798,0.474051,0.142412,0.106065,0.116166,0.052201
src/3rdParty/OndselSolver/OndselSolver/CMakeFiles/OndselSolver.dir/PlanarJoint.cpp.o,1.128,1.075574,0.986204,0.082928,0.721096,0.252469,0.228915,0.053746,0.027572
src/3rdParty/OndselSolver/OndselSolver/CMakeFiles/OndselSolver.dir/ASMTCompoundJoint.cpp.o,1.127,1.075247,1.012352,0.056688,0.754667,0.244541,0.236634,0.03493,0.020195
src/3rdParty/OndselSolver/OndselSolver/CMakeFiles/OndselSolver.dir/FixedJoint.cpp.o,1.126,1.073395,0.979247,0.088001,0.715811,0.24985,0.227757,0.052738,0.033737
src/3rdParty/OndselSolver/OndselSolver/CMakeFiles/OndselSolver.dir/ZTranslation.cpp.o,1.126,1.077111,0.960116,0.111387,0.700254,0.243143,0.214255,0.070783,0.03895
src/Base/CMakeFiles/FreeCADBase.dir/Color.cpp.o,1.124,1.073044,1.012858,0.054774,0.711983,0.360343,0.176792,0.039766,0.013523
src/3rdParty/salomesmesh/CMakeFiles/SMDS.dir/src/SMDS/Utils_SALOME_Exception.cpp.o,1.124,1.071245,1.026276,0.039467,0.708378,0.373451,0.183433,0.029196,0.008917
src/3rdParty/OndselSolver/OndselSolver/CMakeFiles/OndselSolver.dir/TranslationConstraintIJ.cpp.o,1.124,1.073283,0.995046,0.069777,0.737719,0.246144,0.22492,0.04163,0.026767
src/3rdParty/salomesmesh/CMakeFiles/StdMeshers.dir/src/StdMeshers/StdMeshers_Reversible1D.cpp.o,1.124,1.069175,1.013013,0.050711,0,0.38035,0.216355,0.036296,0.012684
src/Mod/CAM/App/CMakeFiles/tsp_solver.dir/tsp_solver.cpp.o,1.124,1.076314,0.543466,0.52906,0.064305,0.113407,0.058449,0.371412,0.156296
src/3rdParty/coin/src/caches/CMakeFiles/caches.dir/SoPrimitiveVertexCache.cpp.o,1.123,1.072489,0.746546,0.321011,0.005331,0.077735,0.039076,0.194118,0.125096
src/3rdParty/OndselSolver/OndselSolver/CMakeFiles/OndselSolver.dir/ASMTPerpendicularJoint.cpp.o,1.123,1.072252,1.016466,0.049777,0.777552,0.230249,0.229447,0.031359,0.017035
src/3rdParty/OndselSolver/OndselSolver/CMakeFiles/OndselSolver.dir/ASMTRevCylJoint.cpp.o,1.123,1.073467,1.015226,0.052141,0.766649,0.239767,0.233651,0.033659,0.016931
src/Base/CMakeFiles/FreeCADBase.dir/StringUtils.cpp.o,1.122,1.072437,0.988725,0.078859,0.687999,0.358651,0.18276,0.058048,0.019412
src/3rdParty/OndselSolver/OndselSolver/CMakeFiles/OndselSolver.dir/ASMTPointInLineJoint.cpp.o,1.121,1.066065,0.996676,0.062686,0.73877,0.244228,0.233142,0.04133,0.019818
src/3rdParty/OndselSolver/OndselSolver/CMakeFiles/OndselSolver.dir/ASMTAnimationParameters.cpp.o,1.12,1.065539,1.000569,0.057748,0.749262,0.240065,0.228077,0.039273,0.016949
src/3rdParty/OndselSolver/OndselSolver/CMakeFiles/OndselSolver.dir/ASMTCylSphJoint.cpp.o,1.118,1.065088,1.007206,0.051045,0.753074,0.244037,0.231545,0.031822,0.017723
src/3rdParty/OndselSolver/OndselSolver/CMakeFiles/OndselSolver.dir/ASMTPointInPlaneJoint.cpp.o,1.118,1.065168,0.997841,0.061089,0.754393,0.231215,0.231733,0.040904,0.018657
src/3rdParty/OndselSolver/OndselSolver/CMakeFiles/OndselSolver.dir/LineInPlaneJoint.cpp.o,1.117,1.064023,0.981204,0.075524,0.721228,0.246729,0.223185,0.049319,0.024675
src/Mod/Sketcher/Gui/CMakeFiles/SketcherGui.dir/qrc_Sketcher.cpp.o,1.116,1.063749,1.047858,0.006438,0,0,0,0.002214,0.003012
src/3rdParty/OndselSolver/OndselSolver/CMakeFiles/OndselSolver.dir/UniversalJoint.cpp.o,1.115,1.063131,0.983772,0.073465,0.728882,0.24306,0.224114,0.048102,0.023922
src/Base/CMakeFiles/FreeCADBase.dir/__/3rdParty/zipios++/gzipoutputstreambuf.cpp.o,1.113,1.063303,1.019804,0.038445,0.736608,0.334476,0.200058,0.023917,0.013106
src/Base/CMakeFiles/FreeCADBase.dir/__/3rdParty/zipios++/inflateinputstreambuf.cpp.o,1.113,1.064539,1.014964,0.044794,0.711776,0.354782,0.205001,0.035516,0.00798
src/3rdParty/OndselSolver/OndselSolver/CMakeFiles/OndselSolver.dir/ASMTConstantVelocityJoint.cpp.o,1.112,1.063109,1.006207,0.050513,0.757735,0.239342,0.230771,0.032269,0.016804
src/3rdParty/OndselSolver/OndselSolver/CMakeFiles/OndselSolver.dir/ZRotation.cpp.o,1.111,1.054237,0.969705,0.078236,0.7161,0.240782,0.217728,0.050225,0.026543
src/Mod/Mesh/App/CMakeFiles/Mesh.dir/Core/Projection.cpp.o,1.111,1.061379,0.877829,0.178048,0.661946,0.192699,0.133948,0.124728,0.051844
src/3rdParty/OndselSolver/OndselSolver/CMakeFiles/OndselSolver.dir/TranslationalJoint.cpp.o,1.109,1.058756,0.972212,0.080246,0.716989,0.242665,0.224202,0.049763,0.028986
src/3rdParty/coin/src/rendering/CMakeFiles/rendering.dir/SoGLImage.cpp.o,1.108,1.059584,0.776173,0.278397,0.050301,0.085358,0.068553,0.156222,0.120758
src/3rdParty/libE57Format/CMakeFiles/E57Format.dir/src/StringFunctions.cpp.o,1.106,1.053135,0.963266,0.085203,0.666702,0.363722,0.186182,0.062173,0.02168
src/3rdParty/OndselSolver/OndselSolver/CMakeFiles/OndselSolver.dir/GESpMatParPvMarko.cpp.o,1.106,1.056816,0.777404,0.274459,0.574505,0.163295,0.117952,0.197273,0.075875
src/Mod/Assembly/Gui/CMakeFiles/AssemblyGui.dir/qrc_Assembly_translation.cpp.o,1.106,1.053386,1.036777,0.006713,0,0,0,0.0025,0.002941
src/3rdParty/OndselSolver/OndselSolver/CMakeFiles/OndselSolver.dir/ASMTRevRevJoint.cpp.o,1.105,1.052074,0.993375,0.052506,0.749315,0.235186,0.225773,0.032993,0.018029
src/3rdParty/OndselSolver/OndselSolver/CMakeFiles/OndselSolver.dir/AtPointConstraintIJ.cpp.o,1.105,1.047817,0.981775,0.05896,0.717539,0.255926,0.216027,0.03226,0.025113
src/3rdParty/OndselSolver/OndselSolver/CMakeFiles/OndselSolver.dir/ASMTTranslationLimit.cpp.o,1.103,1.049366,1.001747,0.042056,0.764938,0.228774,0.229359,0.026401,0.014319
src/3rdParty/OndselSolver/OndselSolver/CMakeFiles/OndselSolver.dir/ASMTRefPoint.cpp.o,1.098,1.042887,0.986754,0.049732,0.75035,0.226974,0.236886,0.027825,0.020343
src/3rdParty/libE57Format/CMakeFiles/E57Format.dir/src/E57Exception.cpp.o,1.096,1.039093,0.984522,0.049409,0.665673,0.362374,0.188134,0.031245,0.016651
src/3rdParty/coin/src/profiler/CMakeFiles/profiler.dir/SoNodeVisualize.cpp.o,1.095,1.042859,0.894773,0.142035,0.024524,0.092949,0.053937,0.070698,0.069954
src/3rdParty/coin/src/actions/CMakeFiles/actions.dir/SoGLRenderAction.cpp.o,1.093,1.0421,0.863652,0.173094,0.343283,0.102363,0.082894,0.092348,0.078973
src/3rdParty/OndselSolver/OndselSolver/CMakeFiles/OndselSolver.dir/AbsConstraint.cpp.o,1.093,1.042726,0.974027,0.062937,0.729279,0.233191,0.220779,0.043477,0.018139
src/3rdParty/OndselSolver/OndselSolver/CMakeFiles/OndselSolver.dir/Item.cpp.o,1.091,1.040422,0.840131,0.195341,0.679069,0.136932,0.142572,0.088727,0.105136
src/3rdParty/OndselSolver/OndselSolver/CMakeFiles/OndselSolver.dir/ASMTInPlaneJoint.cpp.o,1.09,1.037709,0.975713,0.055808,0.720341,0.242405,0.231467,0.035598,0.018723
src/3rdParty/OndselSolver/OndselSolver/CMakeFiles/OndselSolver.dir/ConstVelConstraintIJ.cpp.o,1.089,1.03606,0.968886,0.061393,0.715624,0.241125,0.200421,0.038998,0.020896
src/3rdParty/coin/src/fields/CMakeFiles/fields.dir/SoField.cpp.o,1.087,1.033538,0.794399,0.234038,0.003324,0.073977,0.039924,0.124598,0.10789
src/3rdParty/OndselSolver/OndselSolver/CMakeFiles/OndselSolver.dir/RackPinJoint.cpp.o,1.085,1.028659,0.983196,0.039067,0.733427,0.239655,0.224364,0.021962,0.015599
src/3rdParty/OndselSolver/OndselSolver/CMakeFiles/OndselSolver.dir/ScrewConstraintIJ.cpp.o,1.084,1.033972,0.966981,0.06103,0.567731,0.237,0.203198,0.037063,0.022455
src/3rdParty/OndselSolver/OndselSolver/CMakeFiles/OndselSolver.dir/BasicUserFunction.cpp.o,1.082,1.026722,0.984691,0.036179,0.73779,0.244025,0.223382,0.023794,0.010887
src/3rdParty/OndselSolver/OndselSolver/CMakeFiles/OndselSolver.dir/SphSphJoint.cpp.o,1.082,1.027614,0.990911,0.030724,0.739705,0.244698,0.228346,0.017203,0.012018
src/Mod/Mesh/App/CMakeFiles/Mesh.dir/Core/TrimByPlane.cpp.o,1.081,1.030217,0.859434,0.165478,0.739371,0.186737,0.13176,0.114806,0.049269
src/3rdParty/coin/src/shapenodes/CMakeFiles/shapenodes.dir/SoText3.cpp.o,1.08,1.023277,0.758956,0.259095,0.000934,0.076169,0.039382,0.142568,0.114843
src/3rdParty/OndselSolver/OndselSolver/CMakeFiles/OndselSolver.dir/ASMTRevoluteJoint.cpp.o,1.08,1.028557,0.97132,0.051499,0.733886,0.228348,0.221362,0.032797,0.017256
src/3rdParty/OndselSolver/OndselSolver/CMakeFiles/OndselSolver.dir/ASMTRefCurve.cpp.o,1.079,1.024102,0.98324,0.034722,0.75224,0.230379,0.227491,0.019425,0.013948
src/3rdParty/OndselSolver/OndselSolver/CMakeFiles/OndselSolver.dir/GESpMatParPvMarkoFast.cpp.o,1.079,1.032552,0.761886,0.265882,0.564222,0.158196,0.113623,0.192423,0.07202
src/3rdParty/salomesmesh/CMakeFiles/StdMeshers.dir/src/StdMeshers/StdMeshers_LengthFromEdges.cpp.o,1.075,1.016023,0.981464,0.029728,0.012144,0.361261,0.190747,0.015731,0.012611
src/3rdParty/OndselSolver/OndselSolver/CMakeFiles/OndselSolver.dir/RackPinConstraintIJ.cpp.o,1.074,1.021593,0.954565,0.06118,0.707835,0.232397,0.202599,0.037695,0.022111
src/Base/CMakeFiles/FreeCADBase.dir/__/3rdParty/zipios++/fileentry.cpp.o,1.072,1.02346,1.010355,0.007853,0.733976,0.356336,0.212945,0.004887,0.001624
src/3rdParty/salomesmesh/CMakeFiles/StdMeshers.dir/src/StdMeshers/StdMeshers_LayerDistribution.cpp.o,1.072,1.017164,0.962213,0.049594,0.011848,0.360724,0.186872,0.032507,0.01547
src/3rdParty/coin/src/profiler/CMakeFiles/profiler.dir/SoScrollingGraphKit.cpp.o,1.071,1.015018,0.801604,0.207988,0.061335,0.111309,0.092155,0.124186,0.082211
src/Mod/Mesh/App/CMakeFiles/Mesh.dir/Core/KDTree.cpp.o,1.07,1.018277,0.855221,0.158137,0.71274,0.156233,0.109173,0.099611,0.057096
src/3rdParty/OndselSolver/OndselSolver/CMakeFiles/OndselSolver.dir/DirectionCosineConstraintIJ.cpp.o,1.067,1.015242,0.957387,0.051964,0.716356,0.235202,0.210858,0.030884,0.019483
src/3rdParty/salomesmesh/CMakeFiles/StdMeshers.dir/src/StdMeshers/StdMeshers_LayerDistribution2D.cpp.o,1.067,1.010725,0.982136,0.023419,0.01265,0.384593,0.195644,0.015001,0.00692
src/3rdParty/salomesmesh/CMakeFiles/DriverUNV.dir/src/DriverUNV/UNV_Utilities.cpp.o,1.066,1.009818,0.987604,0.016593,0.704305,0.357592,0.193931,0.012506,0.002618
src/3rdParty/OndselSolver/OndselSolver/CMakeFiles/OndselSolver.dir/GearConstraintIJ.cpp.o,1.066,1.013736,0.952365,0.055738,0.709713,0.229096,0.202553,0.034186,0.020071
src/3rdParty/OndselSolver/OndselSolver/CMakeFiles/OndselSolver.dir/VelSolver.cpp.o,1.061,1.011325,0.94378,0.061901,0.708936,0.22317,0.22543,0.039344,0.021152
src/3rdParty/OndselSolver/OndselSolver/CMakeFiles/OndselSolver.dir/AngleZConstraintIJ.cpp.o,1.06,1.006765,0.941406,0.058994,0.684808,0.239096,0.205207,0.036082,0.021439
src/3rdParty/OndselSolver/OndselSolver/CMakeFiles/OndselSolver.dir/DistancexyConstraintIJ.cpp.o,1.059,1.007324,0.945596,0.056138,0.703196,0.228929,0.189586,0.034355,0.020299
src/3rdParty/coin/src/nodekits/CMakeFiles/nodekits.dir/SoBaseKit.cpp.o,1.058,1.003347,0.694779,0.303544,0.001695,0.07344,0.040551,0.155345,0.146622
src/3rdParty/salomesmesh/CMakeFiles/StdMeshers.dir/src/StdMeshers/StdMeshers_TrianglePreference.cpp.o,1.055,1.003772,0.975082,0.023539,0.013106,0.362412,0.188023,0.01417,0.00784
src/Gui/CMakeFiles/FreeCADGui.dir/Inventor/MarkerBitmaps.cpp.o,1.054,1.000296,0.833274,0.161784,0.089096,0.132746,0.093128,0.107449,0.052746
src/3rdParty/OndselSolver/OndselSolver/CMakeFiles/OndselSolver.dir/ConstantVelocityJoint.cpp.o,1.054,0.999525,0.957435,0.036371,0.720171,0.227247,0.21788,0.020508,0.014438
src/3rdParty/salomesmesh/CMakeFiles/StdMeshers.dir/src/StdMeshers/StdMeshers_NotConformAllowed.cpp.o,1.054,0.99941,0.971392,0.023111,0.011731,0.371181,0.189955,0.013716,0.008026
src/Base/CMakeFiles/FreeCADBase.dir/__/3rdParty/zipios++/fcollexceptions.cpp.o,1.053,1.003001,0.949497,0.048546,0.664512,0.352591,0.190313,0.028513,0.018714
src/3rdParty/salomesmesh/CMakeFiles/SMDS.dir/src/SMDS/chrono.cpp.o,1.053,1.001621,0.990946,0.005774,0.013954,0.346695,0.203553,0.002766,0.001643
src/3rdParty/salomesmesh/CMakeFiles/DriverSTL.dir/src/DriverSTL/Basics_Utils.cpp.o,1.053,0.997474,0.956913,0.035502,1e-05,0.356857,0.187419,0.023827,0.010407
src/3rdParty/OndselSolver/OndselSolver/CMakeFiles/OndselSolver.dir/ScrewJoint.cpp.o,1.052,0.991685,0.941357,0.043781,0.701149,0.230105,0.221301,0.022994,0.019267
src/3rdParty/coin/src/collision/CMakeFiles/collision.dir/SoIntersectionDetectionAction.cpp.o,1.051,1.003055,0.810445,0.188,0.067939,0.102068,0.075433,0.111928,0.074549
src/3rdParty/OndselSolver/OndselSolver/CMakeFiles/OndselSolver.dir/ASMTRefSurface.cpp.o,1.051,0.997924,0.956736,0.035366,0.735606,0.22143,0.216232,0.019831,0.014122
src/3rdParty/OndselSolver/OndselSolver/CMakeFiles/OndselSolver.dir/DistanceConstraintIJ.cpp.o,1.051,0.997231,0.935496,0.055036,0.683159,0.240558,0.19603,0.034586,0.018972
src/3rdParty/salomesmesh/CMakeFiles/StdMeshers.dir/src/StdMeshers/StdMeshers_NumberOfLayers2D.cpp.o,1.047,0.991171,0.959866,0.025987,0.011654,0.366369,0.186107,0.015169,0.009208
src/3rdParty/OndselSolver/OndselSolver/CMakeFiles/OndselSolver.dir/PointInLineJoint.cpp.o,1.046,0.992732,0.96652,0.020164,0.734439,0.230156,0.221203,0.012073,0.006617
src/3rdParty/coin/src/shapenodes/CMakeFiles/shapenodes.dir/SoShape.cpp.o,1.045,0.985137,0.828193,0.15119,0.000283,0.070799,0.040812,0.073118,0.076569
src/3rdParty/coin/src/rendering/CMakeFiles/rendering.dir/SoRenderManager.cpp.o,1.039,0.986192,0.863587,0.117358,0.116295,0.091132,0.069064,0.059607,0.056473
src/3rdParty/libE57Format/CMakeFiles/E57Format.dir/src/E57Version.cpp.o,1.039,0.97998,0.938188,0.036716,0.661413,0.344309,0.179056,0.026949,0.008305
src/3rdParty/salomesmesh/CMakeFiles/SMESH.dir/src/SMESH/Utils_ExceptHandlers.cpp.o,1.038,0.977833,0.964304,0.005629,0,0.369668,0.185451,0.001899,0.001724
src/3rdParty/OndselSolver/OndselSolver/CMakeFiles/OndselSolver.dir/SphericalJoint.cpp.o,1.037,0.981934,0.954508,0.021451,0.732214,0.220598,0.215788,0.01321,0.006788
src/3rdParty/salomesmesh/CMakeFiles/SMDS.dir/src/SMDS/duplicate.cpp.o,1.036,0.981075,0.971574,0.004369,0.678931,0.359618,0.187241,0.001488,0.001321
src/3rdParty/OndselSolver/OndselSolver/CMakeFiles/OndselSolver.dir/Power.cpp.o,1.036,0.981879,0.868872,0.107329,0.686576,0.152177,0.152443,0.061278,0.044592
src/3rdParty/OndselSolver/OndselSolver/CMakeFiles/OndselSolver.dir/ASMTContact.cpp.o,1.033,0.983437,0.975505,0.001868,0.757551,0.222585,0.215627,0.000112,0.000308
src/3rdParty/OndselSolver/OndselSolver/CMakeFiles/OndselSolver.dir/ASMTConeConeContact.cpp.o,1.032,0.982934,0.974955,0.001893,0.746288,0.233388,0.218019,0.000118,0.000241
src/3rdParty/OndselSolver/OndselSolver/CMakeFiles/OndselSolver.dir/ASMTForceTorque.cpp.o,1.032,0.976689,0.93901,0.031188,0.701622,0.237245,0.214348,0.017328,0.012446
src/Base/CMakeFiles/FreeCADBase.dir/__/3rdParty/zipios++/filteroutputstreambuf.cpp.o,1.03,0.979038,0.966211,0.007931,0.694455,0.348485,0.180684,0.004173,0.002396
src/3rdParty/coin/src/soscxml/CMakeFiles/soscxml.dir/ScXMLCoinEvaluator.cpp.o,1.03,0.97716,0.849511,0.122175,0.370853,0.093452,0.074764,0.062349,0.058384
src/3rdParty/OndselSolver/OndselSolver/CMakeFiles/OndselSolver.dir/CylSphJoint.cpp.o,1.03,0.980337,0.943057,0.031514,0.719342,0.217327,0.210107,0.018334,0.011735
src/3rdParty/OndselSolver/OndselSolver/CMakeFiles/OndselSolver.dir/FunctionXY.cpp.o,1.03,0.980342,0.835411,0.139703,0.666936,0.138961,0.150961,0.071705,0.066568
src/3rdParty/OndselSolver/OndselSolver/CMakeFiles/OndselSolver.dir/CREATE.cpp.o,1.026,0.972952,0.965558,0.001689,0.740544,0.229812,0.222129,0.000118,0.000241
src/Base/CMakeFiles/FreeCADBase.dir/__/3rdParty/zipios++/filterinputstreambuf.cpp.o,1.024,0.975846,0.962934,0.008217,0.683379,0.353874,0.186931,0.004294,0.002494
src/3rdParty/OndselSolver/OndselSolver/CMakeFiles/OndselSolver.dir/RampStepFunction.cpp.o,1.023,0.970966,0.831899,0.133663,0.656862,0.150259,0.143212,0.079709,0.052391
src/3rdParty/coin/src/profiler/CMakeFiles/profiler.dir/SoProfilerStats.cpp.o,1.022,0.966917,0.807954,0.15338,0.107242,0.108702,0.071601,0.100845,0.051062
src/3rdParty/salomesmesh/CMakeFiles/StdMeshers.dir/src/StdMeshers/StdMeshers_QuadranglePreference.cpp.o,1.021,0.968639,0.940334,0.023214,0.01204,0.366039,0.187835,0.014256,0.007452
src/3rdParty/salomesmesh/CMakeFiles/SMESHDS.dir/src/SMESHDS/SMESHDS_Hypothesis.cpp.o,1.019,0.968385,0.924379,0.039052,0.010702,0.352742,0.18213,0.027147,0.010427
src/3rdParty/OndselSolver/OndselSolver/CMakeFiles/OndselSolver.dir/ASMTExtrusion.cpp.o,1.019,0.968674,0.961578,0.001749,0.736631,0.229588,0.219095,0.000118,0.000236
src/3rdParty/OndselSolver/OndselSolver/CMakeFiles/OndselSolver.dir/ASMTKinematicIJ.cpp.o,1.016,0.96469,0.957084,0.001756,0.720105,0.2415,0.217195,0.000128,0.000226
src/3rdParty/salomesmesh/CMakeFiles/StdMeshers.dir/src/StdMeshers/StdMeshers_QuadraticMesh.cpp.o,1.016,0.963201,0.929889,0.027877,0.011542,0.34983,0.178631,0.017428,0.008933
src/3rdParty/coin/src/rendering/CMakeFiles/rendering.dir/SoGLNurbs.cpp.o,1.014,0.964574,0.713083,0.246669,0,0.07206,0.038429,0.151022,0.094214
src/3rdParty/OndselSolver/OndselSolver/CMakeFiles/OndselSolver.dir/ASMTCylCylContact.cpp.o,1.011,0.959046,0.951301,0.001837,0.727419,0.228565,0.211987,0.000121,0.000259
src/3rdParty/OndselSolver/OndselSolver/CMakeFiles/OndselSolver.dir/GESpMatFullPvPosIC.cpp.o,1.01,0.961719,0.787813,0.168709,0.59842,0.154356,0.121687,0.11922,0.047998
src/3rdParty/OndselSolver/OndselSolver/CMakeFiles/OndselSolver.dir/FunctionX.cpp.o,1.009,0.956511,0.840468,0.110436,0.67631,0.13726,0.150342,0.065235,0.043778
src/3rdParty/OndselSolver/OndselSolver/CMakeFiles/OndselSolver.dir/ASMTTime.cpp.o,1.004,0.946831,0.858183,0.082703,0.681559,0.152526,0.158257,0.048104,0.033057
src/Base/CMakeFiles/FreeCADBase.dir/Handle.cpp.o,1.0,0.949844,0.93406,0.011161,0.6638,0.337317,0.174213,0.00568,0.004173
src/Gui/CMakeFiles/FreeCADGui.dir/Inventor/Draggers/SoRotationDraggerGeometry.cpp.o,1.0,0.938769,0.757203,0.176489,0.216217,0.071291,0.038824,0.052369,0.12265
src/3rdParty/coin/src/scxml/CMakeFiles/scxml.dir/ScXMLIfElt.cpp.o,0.998,0.945989,0.80965,0.131042,0.454756,0.117816,0.093516,0.088568,0.040991
src/3rdParty/coin/src/fields/CMakeFiles/fields.dir/SoFieldContainer.cpp.o,0.995,0.944175,0.742638,0.197062,0.010847,0.076263,0.040627,0.106411,0.08916
src/3rdParty/OndselSolver/OndselSolver/CMakeFiles/OndselSolver.dir/ASMTCylConeContact.cpp.o,0.99,0.94183,0.934462,0.001727,0.729683,0.20953,0.202802,0.000118,0.000236
src/Mod/Mesh/Gui/CMakeFiles/MeshGui.dir/qrc_Mesh_translation.cpp.o,0.986,0.936283,0.920752,0.007043,0,0,0,0.002569,0.003157
src/3rdParty/OndselSolver/OndselSolver/CMakeFiles/OndselSolver.dir/ConstantGravity.cpp.o,0.985,0.931467,0.894748,0.031101,0.668329,0.221594,0.179716,0.01956,0.010109
src/3rdParty/OndselSolver/OndselSolver/CMakeFiles/OndselSolver.dir/Constant.cpp.o,0.984,0.930088,0.841789,0.083591,0.671334,0.149148,0.151318,0.058664,0.023516
src/3rdParty/OndselSolver/OndselSolver/CMakeFiles/OndselSolver.dir/PosICKineNewtonRaphson.cpp.o,0.984,0.933319,0.902913,0.025043,0.688357,0.214572,0.192904,0.015379,0.008331
src/3rdParty/OndselSolver/OndselSolver/CMakeFiles/OndselSolver.dir/Integral.cpp.o,0.981,0.931503,0.82454,0.101616,0.655145,0.143321,0.145563,0.061152,0.039045
src/3rdParty/coin/src/shaders/CMakeFiles/shaders.dir/SoShaderObject.cpp.o,0.976,0.923805,0.780672,0.13781,0.006853,0.076134,0.038578,0.070366,0.06556
src/3rdParty/OndselSolver/OndselSolver/CMakeFiles/OndselSolver.dir/Cosine.cpp.o,0.976,0.922453,0.856221,0.061192,0.697899,0.144907,0.145423,0.036387,0.023322
src/3rdParty/coin/src/scxml/CMakeFiles/scxml.dir/ScXMLDocument.cpp.o,0.975,0.924237,0.798032,0.121158,0.378438,0.152945,0.125069,0.085841,0.033853
src/3rdParty/coin/src/nodes/CMakeFiles/nodes.dir/SoNode.cpp.o,0.974,0.923658,0.844069,0.074254,0.004043,0.071372,0.041409,0.035901,0.036858
src/3rdParty/OndselSolver/OndselSolver/CMakeFiles/OndselSolver.dir/Reciprocal.cpp.o,0.97,0.918652,0.847727,0.065588,0.682518,0.150405,0.150972,0.038616,0.025495
src/3rdParty/coin/src/profiler/CMakeFiles/profiler.dir/SbProfilingData.cpp.o,0.967,0.921221,0.605937,0.311363,0.217437,0.100866,0.06332,0.211129,0.09872
src/3rdParty/salomesmesh/CMakeFiles/DriverDAT.dir/src/DriverDAT/DriverDAT_W_SMESHDS_Document.cpp.o,0.967,0.900639,0.890083,0.003056,0,0.075439,0.113151,0.000264,0.000217
src/Gui/CMakeFiles/FreeCADGui.dir/Inventor/SoDrawingGrid.cpp.o,0.967,0.910095,0.834908,0.070206,0.119902,0.10202,0.076218,0.048589,0.020222
src/3rdParty/coin/src/actions/CMakeFiles/actions.dir/SoAction.cpp.o,0.962,0.912701,0.797334,0.109724,0.000418,0.075721,0.041008,0.054018,0.054256
src/3rdParty/coin/src/vrml97/CMakeFiles/vrml97.dir/IndexedFaceSet.cpp.o,0.96,0.90882,0.786675,0.11684,0.000291,0.070393,0.03962,0.056326,0.059159
src/3rdParty/coin/src/vrml97/CMakeFiles/vrml97.dir/Background.cpp.o,0.958,0.907636,0.761415,0.141411,0.000453,0.069586,0.040306,0.06722,0.072795
src/3rdParty/coin/src/hardcopy/CMakeFiles/hardcopy.dir/VectorizeActionP.cpp.o,0.957,0.904013,0.700998,0.197406,0.000358,0.072761,0.039299,0.104543,0.09135
src/3rdParty/OndselSolver/OndselSolver/CMakeFiles/OndselSolver.dir/GESpMatParPv.cpp.o,0.956,0.900683,0.727246,0.168344,0.553585,0.140086,0.109198,0.126724,0.040196
src/3rdParty/OndselSolver/OndselSolver/CMakeFiles/OndselSolver.dir/FunctionWithManyArgs.cpp.o,0.954,0.902775,0.811614,0.085194,0.642641,0.147594,0.142954,0.057205,0.026326
src/Mod/MeshPart/Gui/CMakeFiles/MeshPartGui.dir/qrc_MeshPart_translation.cpp.o,0.953,0.891446,0.870368,0.008345,0,0,0,0.003269,0.003521
src/3rdParty/coin/src/vrml97/CMakeFiles/vrml97.dir/Text.cpp.o,0.952,0.898048,0.753503,0.138596,0.001091,0.073804,0.039236,0.071027,0.06574
src/3rdParty/coin/src/shapenodes/CMakeFiles/shapenodes.dir/SoText2.cpp.o,0.949,0.898362,0.734522,0.158436,0.000488,0.074427,0.038431,0.088521,0.068413
src/3rdParty/coin/src/scxml/CMakeFiles/scxml.dir/ScXMLEvaluator.cpp.o,0.948,0.895634,0.693966,0.197091,0.366334,0.078476,0.051012,0.07545,0.120258
src/3rdParty/OndselSolver/OndselSolver/CMakeFiles/OndselSolver.dir/StableBackwardDifference.cpp.o,0.944,0.895917,0.625814,0.265696,0.475772,0.11224,0.075805,0.193725,0.070421
src/3rdParty/OndselSolver/OndselSolver/CMakeFiles/OndselSolver.dir/PosNewtonRaphson.cpp.o,0.943,0.892754,0.818179,0.069083,0.673588,0.129214,0.134897,0.047491,0.020098
src/3rdParty/OndselSolver/OndselSolver/CMakeFiles/OndselSolver.dir/Constraint.cpp.o,0.941,0.889204,0.789429,0.094325,0.633963,0.137309,0.121974,0.057845,0.034872
src/3rdParty/coin/src/engines/CMakeFiles/engines.dir/SoSelectOne.cpp.o,0.939,0.883803,0.77735,0.101553,0,0.078078,0.043673,0.053229,0.046861
src/3rdParty/coin/src/nodes/CMakeFiles/nodes.dir/SoCamera.cpp.o,0.939,0.8843,0.795676,0.082606,0.001131,0.072599,0.043285,0.028116,0.05298
src/3rdParty/OndselSolver/OndselSolver/CMakeFiles/OndselSolver.dir/TranslationLimitIJ.cpp.o,0.939,0.888504,0.834439,0.048923,0.675785,0.142323,0.138509,0.031328,0.016188
src/3rdParty/coin/src/profiler/CMakeFiles/profiler.dir/SoProfiler.cpp.o,0.937,0.89002,0.768019,0.1172,0.233068,0.088141,0.071936,0.075841,0.039807
src/3rdParty/OndselSolver/OndselSolver/CMakeFiles/OndselSolver.dir/KinematicIeJe.cpp.o,0.934,0.881933,0.708321,0.1687,0.566289,0.126487,0.093714,0.072838,0.094214
src/3rdParty/coin/src/shapenodes/CMakeFiles/shapenodes.dir/SoIndexedFaceSet.cpp.o,0.933,0.878507,0.75538,0.117896,0.000322,0.072734,0.039592,0.052402,0.063758
src/3rdParty/coin/src/engines/CMakeFiles/engines.dir/SoConcatenate.cpp.o,0.931,0.880498,0.771916,0.10383,0,0.077692,0.04039,0.062077,0.040283
src/3rdParty/coin/src/draggers/CMakeFiles/draggers.dir/SoDragger.cpp.o,0.93,0.883659,0.72956,0.149708,0.00127,0.0735,0.041244,0.061211,0.086979
src/3rdParty/OndselSolver/OndselSolver/CMakeFiles/OndselSolver.dir/MatrixSolver.cpp.o,0.926,0.872384,0.749986,0.11728,0.583963,0.145672,0.121395,0.078703,0.037041
src/3rdParty/coin/src/scxml/CMakeFiles/scxml.dir/ScXMLTransitionElt.cpp.o,0.925,0.869556,0.784716,0.079686,0.453342,0.101923,0.078225,0.048451,0.029855
src/3rdParty/OndselSolver/OndselSolver/CMakeFiles/OndselSolver.dir/DifferentiatedGeneralSpline.cpp.o,0.925,0.872201,0.810794,0.056256,0.672318,0.127697,0.135392,0.032646,0.022182
src/3rdParty/OndselSolver/OndselSolver/CMakeFiles/OndselSolver.dir/AccKineNewtonRaphson.cpp.o,0.924,0.874416,0.835894,0.032635,0.680673,0.154237,0.146646,0.021826,0.009029
src/3rdParty/OndselSolver/OndselSolver/CMakeFiles/OndselSolver.dir/RotationLimitIJ.cpp.o,0.924,0.869951,0.803458,0.061059,0.651361,0.137,0.13669,0.039905,0.019526
src/3rdParty/coin/src/elements/GL/CMakeFiles/glelements.dir/SoGLLazyElement.cpp.o,0.923,0.87204,0.747204,0.120151,0.000119,0.069964,0.039714,0.069656,0.049005
src/3rdParty/OndselSolver/OndselSolver/CMakeFiles/OndselSolver.dir/Negative.cpp.o,0.92,0.869647,0.816674,0.047812,0.669347,0.133768,0.137087,0.026103,0.020234
src/3rdParty/coin/src/shapenodes/CMakeFiles/shapenodes.dir/soshape_bumprender.cpp.o,0.917,0.866062,0.761862,0.098832,0.000101,0.077605,0.044896,0.056482,0.040913
src/3rdParty/OndselSolver/OndselSolver/CMakeFiles/OndselSolver.dir/NewtonRaphson.cpp.o,0.915,0.866722,0.803339,0.058786,0.660359,0.133941,0.130355,0.038181,0.019337
src/3rdParty/OndselSolver/OndselSolver/CMakeFiles/OndselSolver.dir/Sine.cpp.o,0.914,0.861041,0.813697,0.041806,0.666,0.138741,0.134916,0.026258,0.013948
src/3rdParty/coin/src/vrml97/CMakeFiles/vrml97.dir/Inline.cpp.o,0.911,0.855543,0.784856,0.065263,0.00045,0.0742,0.041594,0.031585,0.032172
src/3rdParty/coin/src/misc/CMakeFiles/misc.dir/SoDB.cpp.o,0.91,0.858191,0.746359,0.106677,0.000525,0.073916,0.038351,0.054037,0.051225
src/3rdParty/coin/src/nodekits/CMakeFiles/nodekits.dir/SoInteractionKit.cpp.o,0.91,0.855623,0.70314,0.146877,0.000501,0.076607,0.042111,0.071461,0.073683
src/3rdParty/coin/src/nodes/CMakeFiles/nodes.dir/SoSceneTexture2.cpp.o,0.91,0.857134,0.770873,0.081075,0.000485,0.074405,0.040399,0.035591,0.044
src/3rdParty/coin/src/vrml97/CMakeFiles/vrml97.dir/Group.cpp.o,0.907,0.857156,0.787852,0.064406,0.000298,0.07539,0.04236,0.027536,0.035439
src/3rdParty/coin/src/scxml/CMakeFiles/scxml.dir/ScXMLInvokeElt.cpp.o,0.907,0.854533,0.762278,0.087027,0.381247,0.107848,0.086519,0.058276,0.02705
src/3rdParty/coin/src/actions/CMakeFiles/actions.dir/SoReorganizeAction.cpp.o,0.906,0.85353,0.743175,0.105577,0.001027,0.073589,0.039601,0.052755,0.051298
src/3rdParty/coin/src/shapenodes/CMakeFiles/shapenodes.dir/SoIndexedLineSet.cpp.o,0.904,0.849711,0.764952,0.079807,0.000304,0.078598,0.048319,0.038318,0.040014
src/3rdParty/OndselSolver/OndselSolver/CMakeFiles/OndselSolver.dir/AccICNewtonRaphson.cpp.o,0.904,0.850745,0.817327,0.027715,0.688976,0.12782,0.136511,0.016467,0.009561
src/3rdParty/coin/src/nodes/CMakeFiles/nodes.dir/SoVertexProperty.cpp.o,0.903,0.850083,0.77007,0.074639,4.1e-05,0.073252,0.039749,0.036748,0.03641
src/3rdParty/coin/src/shapenodes/CMakeFiles/shapenodes.dir/SoMarkerSet.cpp.o,0.901,0.844737,0.733118,0.106141,0.000453,0.073335,0.038714,0.057986,0.04661
src/3rdParty/coin/src/vrml97/CMakeFiles/vrml97.dir/ElevationGrid.cpp.o,0.901,0.846753,0.749358,0.092455,0.000949,0.069818,0.038984,0.044449,0.046579
src/3rdParty/coin/src/navigation/CMakeFiles/navigation.dir/SoScXMLNavigationTarget.cpp.o,0.898,0.847281,0.715828,0.126084,0.373678,0.105511,0.066406,0.070195,0.054379
src/3rdParty/OndselSolver/OndselSolver/CMakeFiles/OndselSolver.dir/Arguments.cpp.o,0.898,0.848404,0.826753,0.016416,0.701279,0.123091,0.131113,0.010041,0.005021
src/3rdParty/OndselSolver/OndselSolver/CMakeFiles/OndselSolver.dir/Exponential.cpp.o,0.897,0.843539,0.808723,0.029698,0.66592,0.137473,0.138038,0.018252,0.010032
src/3rdParty/OndselSolver/OndselSolver/CMakeFiles/OndselSolver.dir/Variable.cpp.o,0.895,0.844816,0.820428,0.019146,0.687847,0.129632,0.136871,0.01178,0.006013
src/3rdParty/coin/src/nodes/CMakeFiles/nodes.dir/SoVertexAttribute.cpp.o,0.894,0.845389,0.778618,0.06141,0.333328,0.088112,0.063895,0.03227,0.027798
src/3rdParty/coin/src/shapenodes/CMakeFiles/shapenodes.dir/SoImage.cpp.o,0.894,0.845156,0.75877,0.081411,0.000263,0.079721,0.042075,0.032896,0.047005
src/3rdParty/OndselSolver/OndselSolver/CMakeFiles/OndselSolver.dir/Abs.cpp.o,0.894,0.84507,0.80877,0.03079,0.671821,0.131612,0.133582,0.018148,0.011043
src/3rdParty/coin/src/shapenodes/CMakeFiles/shapenodes.dir/SoAsciiText.cpp.o,0.893,0.844884,0.734801,0.104993,0.000967,0.071349,0.039993,0.053962,0.049528
src/3rdParty/coin/src/caches/CMakeFiles/caches.dir/SoNormalCache.cpp.o,0.892,0.845157,0.609993,0.230936,0.000453,0.072701,0.037429,0.125856,0.103674
src/3rdParty/OndselSolver/OndselSolver/CMakeFiles/OndselSolver.dir/AccICKineNewtonRaphson.cpp.o,0.892,0.840737,0.810588,0.025397,0.686308,0.124269,0.13669,0.015391,0.008571
src/3rdParty/OndselSolver/OndselSolver/CMakeFiles/OndselSolver.dir/ExpressionX.cpp.o,0.892,0.844035,0.803964,0.035067,0.664274,0.1352,0.129435,0.020739,0.013085
src/3rdParty/coin/src/base/CMakeFiles/base.dir/SbMatrix.cpp.o,0.891,0.841032,0.610557,0.226426,0.001245,0.071519,0.038274,0.121798,0.103216
src/3rdParty/coin/src/rendering/CMakeFiles/rendering.dir/SoOffscreenRenderer.cpp.o,0.888,0.84131,0.736394,0.100094,0.000417,0.072838,0.038479,0.047557,0.051199
src/3rdParty/coin/src/nodes/CMakeFiles/nodes.dir/SoSeparator.cpp.o,0.887,0.836316,0.75841,0.072543,0.000415,0.071053,0.041651,0.03193,0.039164
src/3rdParty/coin/src/shapenodes/CMakeFiles/shapenodes.dir/soshape_bigtexture.cpp.o,0.887,0.832131,0.708737,0.118785,0.000437,0.075398,0.040579,0.067516,0.049902
src/3rdParty/OndselSolver/OndselSolver/CMakeFiles/OndselSolver.dir/DispCompIecJecIe.cpp.o,0.886,0.835319,0.725506,0.105102,0.559998,0.145851,0.105219,0.072046,0.031673
src/3rdParty/coin/src/vrml97/CMakeFiles/vrml97.dir/IndexedLineSet.cpp.o,0.885,0.831032,0.773521,0.05222,0.000928,0.077827,0.041245,0.024053,0.026712
src/3rdParty/OndselSolver/OndselSolver/CMakeFiles/OndselSolver.dir/GEFullMat.cpp.o,0.885,0.837081,0.713163,0.119421,0.567336,0.126871,0.101746,0.076354,0.041513
src/Gui/CMakeFiles/FreeCADGui.dir/ArcEngine.cpp.o,0.883,0.82746,0.765102,0.056976,0.660134,0.088494,0.072908,0.032981,0.022464
src/3rdParty/OndselSolver/OndselSolver/CMakeFiles/OndselSolver.dir/EulerAngles.cpp.o,0.881,0.831396,0.824225,0.001832,0.669017,0.159264,0.14539,0.000119,0.000262
src/3rdParty/coin/src/rendering/CMakeFiles/rendering.dir/SoGLBigImage.cpp.o,0.879,0.829758,0.686668,0.138437,0.000402,0.069208,0.038008,0.073716,0.063283
src/3rdParty/OndselSolver/OndselSolver/CMakeFiles/OndselSolver.dir/KineIntegrator.cpp.o,0.879,0.826414,0.789124,0.03241,0.661358,0.12627,0.124676,0.018568,0.012304
src/3rdParty/coin/src/misc/CMakeFiles/misc.dir/SoEventManager.cpp.o,0.878,0.829331,0.764596,0.059995,0.200179,0.089639,0.063566,0.037432,0.021125
src/3rdParty/OndselSolver/OndselSolver/CMakeFiles/OndselSolver.dir/ScalarNewtonRaphson.cpp.o,0.878,0.82763,0.797928,0.02509,0.675789,0.122194,0.128378,0.016987,0.006647
src/Gui/CMakeFiles/FreeCADGui.dir/Inventor/SoFCBackgroundGradient.cpp.o,0.877,0.819506,0.766747,0.047602,0.102703,0.071403,0.039879,0.019767,0.02634
src/3rdParty/coin/src/draggers/CMakeFiles/draggers.dir/SoCenterballDragger.cpp.o,0.875,0.827177,0.688487,0.134333,0.000467,0.077854,0.04026,0.045512,0.08743
src/3rdParty/coin/src/elements/CMakeFiles/elements.dir/SoTextureCombineElement.cpp.o,0.875,0.824129,0.760488,0.057341,0.001338,0.084257,0.042712,0.032767,0.023092
src/3rdParty/coin/src/scxml/CMakeFiles/scxml.dir/ScXMLMinimumEvaluator.cpp.o,0.875,0.820299,0.764821,0.050223,0.356467,0.082703,0.073729,0.024697,0.024041
src/3rdParty/OndselSolver/OndselSolver/CMakeFiles/OndselSolver.dir/LDUSpMatParPvMarko.cpp.o,0.874,0.825046,0.727396,0.092272,0.570789,0.143062,0.104958,0.064509,0.026182
src/3rdParty/coin/src/rendering/CMakeFiles/rendering.dir/SoRenderManagerP.cpp.o,0.873,0.822227,0.778456,0.038698,0.000164,0.087692,0.064632,0.01886,0.018467
src/3rdParty/coin/src/vrml97/CMakeFiles/vrml97.dir/LOD.cpp.o,0.872,0.816306,0.754028,0.057144,0.000316,0.075972,0.042699,0.024991,0.030634
src/3rdParty/OndselSolver/OndselSolver/CMakeFiles/OndselSolver.dir/DistIecJec.cpp.o,0.871,0.81915,0.698625,0.115824,0.552247,0.130473,0.093503,0.08123,0.0331
src/3rdParty/coin/src/nodes/CMakeFiles/nodes.dir/SoSceneTextureCubeMap.cpp.o,0.87,0.81917,0.75678,0.057228,0.000415,0.070533,0.040281,0.025625,0.030141
src/3rdParty/OndselSolver/OndselSolver/CMakeFiles/OndselSolver.dir/ICKineIntegrator.cpp.o,0.87,0.821243,0.786157,0.030172,0.661348,0.124102,0.128651,0.017145,0.011641
src/3rdParty/OndselSolver/OndselSolver/CMakeFiles/OndselSolver.dir/Ln.cpp.o,0.87,0.816134,0.783738,0.027509,0.652936,0.127308,0.127814,0.016374,0.009769
src/3rdParty/OndselSolver/OndselSolver/CMakeFiles/OndselSolver.dir/ArcTan2.cpp.o,0.868,0.815615,0.793611,0.016777,0.676516,0.118524,0.121211,0.008108,0.00724
src/3rdParty/coin/src/rendering/CMakeFiles/rendering.dir/SoVBO.cpp.o,0.866,0.811406,0.719973,0.086422,3.2e-05,0.073946,0.042375,0.048778,0.036172
src/3rdParty/OndselSolver/OndselSolver/CMakeFiles/OndselSolver.dir/MatrixDecomposition.cpp.o,0.866,0.815041,0.713116,0.097509,0.578346,0.119567,0.095649,0.066768,0.029161
src/3rdParty/coin/src/nodes/CMakeFiles/nodes.dir/SoGroup.cpp.o,0.865,0.812321,0.743735,0.063715,0.000298,0.071034,0.03845,0.027213,0.034978
src/3rdParty/OndselSolver/OndselSolver/CMakeFiles/OndselSolver.dir/Log10.cpp.o,0.864,0.818718,0.785799,0.028177,0.655091,0.126364,0.127603,0.017186,0.009661
src/3rdParty/OndselSolver/OndselSolver/CMakeFiles/OndselSolver.dir/LDUSpMat.cpp.o,0.862,0.812791,0.688867,0.119289,0.537992,0.13031,0.098584,0.08323,0.034635
src/3rdParty/OndselSolver/OndselSolver/CMakeFiles/OndselSolver.dir/LogN.cpp.o,0.862,0.807837,0.772996,0.029822,0.641085,0.126869,0.127029,0.018259,0.010173
src/3rdParty/coin/src/nodes/CMakeFiles/nodes.dir/SoMaterial.cpp.o,0.861,0.808009,0.756045,0.047433,0.000258,0.074018,0.040138,0.019806,0.02621
src/3rdParty/coin/src/shapenodes/CMakeFiles/shapenodes.dir/SoIndexedTriangleStripSet.cpp.o,0.861,0.810905,0.738913,0.067216,0.000282,0.071902,0.037671,0.030113,0.035673
src/3rdParty/OndselSolver/OndselSolver/CMakeFiles/OndselSolver.dir/ArcTan.cpp.o,0.861,0.811294,0.777253,0.029064,0.645999,0.126663,0.1282,0.017612,0.010054
src/3rdParty/OndselSolver/OndselSolver/CMakeFiles/OndselSolver.dir/IndependentVariable.cpp.o,0.86,0.806508,0.787777,0.01349,0.655755,0.129079,0.129971,0.007809,0.004242
src/3rdParty/coin/src/draggers/CMakeFiles/draggers.dir/SoDragPointDragger.cpp.o,0.859,0.811699,0.657173,0.149874,0.00034,0.07148,0.03751,0.039156,0.109239
src/3rdParty/coin/src/shapenodes/CMakeFiles/shapenodes.dir/SoIndexedPointSet.cpp.o,0.859,0.810783,0.746818,0.059188,0.000277,0.072677,0.038547,0.026195,0.031558
src/3rdParty/coin/src/draggers/CMakeFiles/draggers.dir/SoTransformBoxDragger.cpp.o,0.857,0.809976,0.655309,0.150238,0.000284,0.074976,0.041459,0.043469,0.105346
src/3rdParty/coin/src/actions/CMakeFiles/actions.dir/SoRayPickAction.cpp.o,0.855,0.802452,0.675988,0.122196,0.000483,0.07266,0.04158,0.064707,0.056068
src/3rdParty/coin/src/scxml/CMakeFiles/scxml.dir/ScXMLAssignElt.cpp.o,0.855,0.804986,0.755702,0.044567,0.349008,0.088262,0.074605,0.022001,0.020818
src/3rdParty/coin/src/draggers/CMakeFiles/draggers.dir/SoTrackballDragger.cpp.o,0.854,0.806452,0.658245,0.144178,0.000288,0.073882,0.036578,0.050563,0.092148
src/3rdParty/coin/src/nodes/CMakeFiles/nodes.dir/SoTexture3.cpp.o,0.854,0.802382,0.737334,0.060001,9.2e-05,0.073353,0.040145,0.028502,0.030017
src/3rdParty/salomesmesh/CMakeFiles/DriverDAT.dir/src/DriverDAT/DAT_Test.cpp.o,0.854,0.801385,0.778081,0.018497,0,0.063726,0.085192,0.011059,0.005769
src/3rdParty/coin/src/nodes/CMakeFiles/nodes.dir/SoTextureCubeMap.cpp.o,0.852,0.801126,0.746009,0.050173,0.00041,0.074909,0.039867,0.022608,0.026198
src/3rdParty/coin/src/nodes/CMakeFiles/nodes.dir/SoWWWInline.cpp.o,0.851,0.798852,0.726352,0.067282,0.000428,0.073448,0.039748,0.029904,0.035747
src/3rdParty/coin/src/foreignfiles/CMakeFiles/foreignfiles.dir/SoSTLFileKit.cpp.o,0.851,0.799103,0.698796,0.09592,0.000451,0.071943,0.040522,0.039448,0.055102
src/3rdParty/coin/src/scxml/CMakeFiles/scxml.dir/ScXMLInitialElt.cpp.o,0.848,0.802335,0.771274,0.026621,0.358768,0.084387,0.074168,0.014822,0.010426
src/3rdParty/coin/src/scxml/CMakeFiles/scxml.dir/ScXMLHistoryElt.cpp.o,0.848,0.796581,0.759413,0.032654,0.347234,0.082991,0.072105,0.017082,0.014159
src/3rdParty/coin/src/actions/CMakeFiles/actions.dir/SoCallbackAction.cpp.o,0.847,0.795843,0.69389,0.097452,0,0.070354,0.039148,0.046084,0.049939
src/3rdParty/OndselSolver/OndselSolver/CMakeFiles/OndselSolver.dir/LimitIJ.cpp.o,0.847,0.7961,0.740432,0.050533,0.603524,0.125142,0.111816,0.030261,0.018791
src/3rdParty/coin/src/draggers/CMakeFiles/draggers.dir/SoTabPlaneDragger.cpp.o,0.846,0.797232,0.669496,0.123415,0.000516,0.072919,0.037633,0.045359,0.076642
src/3rdParty/coin/src/nodes/CMakeFiles/nodes.dir/SoBumpMap.cpp.o,0.846,0.792161,0.745886,0.040973,0.000456,0.079211,0.040065,0.019533,0.019872
src/3rdParty/coin/src/soscxml/CMakeFiles/soscxml.dir/SoScXMLStateMachine.cpp.o,0.846,0.795441,0.706702,0.084415,0.355427,0.091927,0.064775,0.042242,0.040746
src/3rdParty/OndselSolver/OndselSolver/CMakeFiles/OndselSolver.dir/PointInPlaneJoint.cpp.o,0.846,0.794242,0.768805,0.020461,0.632912,0.13171,0.120031,0.012226,0.006644
src/3rdParty/coin/src/nodes/CMakeFiles/nodes.dir/SoLOD.cpp.o,0.845,0.792795,0.739461,0.047982,3.5e-05,0.077788,0.038741,0.020443,0.026058
src/3rdParty/salomesmesh/CMakeFiles/Driver.dir/src/Driver/Driver_SMESHDS_Mesh.cpp.o,0.845,0.793379,0.776179,0.012615,0,0.063157,0.082257,0.008221,0.003066
src/Mod/Mesh/Gui/CMakeFiles/MeshGui.dir/SoPolygon.cpp.o,0.845,0.787956,0.754641,0.028443,0.233466,0.076912,0.042074,0.012426,0.014533
src/3rdParty/OndselSolver/OndselSolver/CMakeFiles/OndselSolver.dir/IntegratorInterface.cpp.o,0.844,0.795201,0.765413,0.025105,0.641333,0.122765,0.126403,0.014763,0.00892
src/3rdParty/coin/src/elements/GL/CMakeFiles/glelements.dir/SoGLVertexAttributeElement.cpp.o,0.842,0.791676,0.762393,0.024041,0.004351,0.074065,0.041963,0.011437,0.011148
src/3rdParty/coin/src/nodes/CMakeFiles/nodes.dir/SoTextureCoordinateCube.cpp.o,0.841,0.788881,0.749073,0.034778,0.000435,0.07633,0.044647,0.016759,0.016381
src/3rdParty/coin/src/shapenodes/CMakeFiles/shapenodes.dir/SoIndexedNurbsCurve.cpp.o,0.841,0.790192,0.745234,0.039869,0.0006,0.07898,0.043543,0.018146,0.020403
src/3rdParty/OndselSolver/OndselSolver/CMakeFiles/OndselSolver.dir/RedundantConstraint.cpp.o,0.841,0.793283,0.72754,0.06084,0.574475,0.135602,0.102541,0.04026,0.01915
src/3rdParty/OndselSolver/OndselSolver/CMakeFiles/OndselSolver.dir/UserFunction.cpp.o,0.841,0.788733,0.782186,0.001758,0.65975,0.126719,0.127811,0.000127,0.000261
src/3rdParty/coin/src/elements/GL/CMakeFiles/glelements.dir/SoGLMultiTextureImageElement.cpp.o,0.84,0.788917,0.722323,0.061427,0.000216,0.075431,0.038333,0.032609,0.027426
src/3rdParty/coin/src/nodes/CMakeFiles/nodes.dir/SoTextureCoordinateCylinder.cpp.o,0.84,0.784493,0.749376,0.02977,0.000418,0.076007,0.043202,0.013291,0.015121
src/3rdParty/salomesmesh/CMakeFiles/Driver.dir/src/Driver/Driver_SMDS_Mesh.cpp.o,0.84,0.79002,0.772804,0.012739,0,0.060814,0.083787,0.008294,0.0031
src/3rdParty/OndselSolver/OndselSolver/CMakeFiles/OndselSolver.dir/MatrixLDU.cpp.o,0.84,0.791021,0.701927,0.084494,0.556801,0.133123,0.098164,0.058857,0.024217
src/3rdParty/coin/src/nodes/CMakeFiles/nodes.dir/SoTextureCoordinateSphere.cpp.o,0.839,0.787149,0.756627,0.025353,0.000474,0.074794,0.044643,0.010691,0.013229
src/3rdParty/coin/src/nodes/CMakeFiles/nodes.dir/SoNurbsProfile.cpp.o,0.838,0.786058,0.706492,0.074712,0.000319,0.077683,0.03837,0.037249,0.035995
src/3rdParty/coin/src/shaders/CMakeFiles/shaders.dir/SoShader.cpp.o,0.838,0.78717,0.730709,0.051118,0.021494,0.073214,0.038321,0.028492,0.021109
src/3rdParty/FastSignals/libfastsignals/CMakeFiles/libfastsignals.dir/src/signal_impl.cpp.o,0.837,0.792583,0.731448,0.056358,0.654203,0.089265,0.093752,0.044176,0.01073
src/Gui/CMakeFiles/FreeCADGui.dir/Inventor/Draggers/SoLinearDraggerGeometry.cpp.o,0.837,0.784172,0.663527,0.115875,0.010263,0.070476,0.04004,0.032794,0.081523
src/3rdParty/OndselSolver/OndselSolver/CMakeFiles/OndselSolver.dir/FunctionFromData.cpp.o,0.837,0.786475,0.765186,0.016065,0.642611,0.12354,0.124794,0.00878,0.005857
src/3rdParty/coin/src/shapenodes/CMakeFiles/shapenodes.dir/SoIndexedNurbsSurface.cpp.o,0.836,0.786666,0.736097,0.045731,0.000306,0.072082,0.039672,0.020065,0.024333
src/3rdParty/coin/src/vrml97/CMakeFiles/vrml97.dir/Appearance.cpp.o,0.836,0.785785,0.745277,0.035551,0.000274,0.07651,0.040623,0.016956,0.017163
src/3rdParty/OndselSolver/OndselSolver/CMakeFiles/OndselSolver.dir/LDUSpMatParPvPrecise.cpp.o,0.836,0.783239,0.694003,0.084836,0.556051,0.127372,0.095983,0.058513,0.02487
src/3rdParty/coin/src/glue/CMakeFiles/glue.dir/gl.cpp.o,0.835,0.784968,0.405137,0.376246,0.005314,0.022983,0.002552,0.160349,0.214433
src/3rdParty/coin/src/scxml/CMakeFiles/scxml.dir/ScXMLFinalElt.cpp.o,0.834,0.782487,0.742523,0.03495,0.33757,0.091406,0.08199,0.021235,0.012339
src/3rdParty/coin/src/fields/CMakeFiles/fields.dir/shared.cpp.o,0.833,0.785335,0.719936,0.061236,0,0.071303,0.03953,0.029686,0.03017
src/3rdParty/salomesmesh/CMakeFiles/DriverDAT.dir/src/DriverDAT/DriverDAT_R_SMESHDS_Document.cpp.o,0.833,0.781147,0.774602,0.001662,0,0.064079,0.086969,0.000123,0.000136
src/3rdParty/coin/src/elements/CMakeFiles/elements.dir/SoLazyElement.cpp.o,0.832,0.780039,0.652372,0.12314,0.189119,0.070741,0.038559,0.051091,0.07032
src/3rdParty/coin/src/base/CMakeFiles/base.dir/SbOctTree.cpp.o,0.831,0.78076,0.619462,0.157245,0.006292,0.074011,0.039483,0.088067,0.067748
src/3rdParty/coin/src/shaders/CMakeFiles/shaders.dir/SoGLSLShaderObject.cpp.o,0.831,0.780585,0.75226,0.023478,0.000172,0.07286,0.041705,0.010045,0.012098
src/3rdParty/coin/src/vrml97/CMakeFiles/vrml97.dir/Material.cpp.o,0.829,0.775183,0.745286,0.025141,0.000369,0.07296,0.04017,0.010226,0.013534
src/3rdParty/coin/src/shapenodes/CMakeFiles/shapenodes.dir/SoPointSet.cpp.o,0.828,0.778518,0.72668,0.047175,0.000262,0.073131,0.039257,0.019318,0.026397
src/Base/CMakeFiles/FreeCADBase.dir/Tools3D.cpp.o,0.827,0.780478,0.658179,0.118075,0.545794,0.13236,0.072359,0.076047,0.040658
src/3rdParty/coin/src/shapenodes/CMakeFiles/shapenodes.dir/SoIndexedMarkerSet.cpp.o,0.826,0.776714,0.733622,0.038661,0.000254,0.074355,0.040993,0.018822,0.018441
src/3rdParty/coin/src/shapenodes/CMakeFiles/shapenodes.dir/soshape_primdata.cpp.o,0.826,0.776827,0.709283,0.062968,0,0.069206,0.040407,0.030406,0.031174
src/3rdParty/salomesmesh/CMakeFiles/DriverUNV.dir/src/DriverUNV/DriverUNV_W_SMESHDS_Mesh.cpp.o,0.826,0.77833,0.771735,0.001777,0,0.062832,0.083819,0.000104,0.000111
src/3rdParty/OndselSolver/OndselSolver/CMakeFiles/OndselSolver.dir/FunctionXcParameter.cpp.o,0.826,0.77303,0.753284,0.014057,0.627362,0.127253,0.120933,0.007527,0.005048
src/3rdParty/coin/src/nodes/CMakeFiles/nodes.dir/SoNormal.cpp.o,0.825,0.772543,0.746928,0.020564,4.8e-05,0.074724,0.042239,0.008207,0.010892
src/3rdParty/coin/src/nodes/CMakeFiles/nodes.dir/SoTextureUnit.cpp.o,0.825,0.77215,0.745875,0.021271,4.8e-05,0.073716,0.039319,0.007907,0.011926
src/3rdParty/coin/src/shapenodes/CMakeFiles/shapenodes.dir/soshape_trianglesort.cpp.o,0.825,0.771351,0.709855,0.056703,0.000247,0.070919,0.038746,0.033151,0.022184
src/3rdParty/salomesmesh/CMakeFiles/DriverUNV.dir/src/DriverUNV/DriverUNV_W_SMESHDS_Document.cpp.o,0.825,0.775005,0.768709,0.001643,0,0.064355,0.086728,0.000127,0.000125
src/3rdParty/coin/src/shapenodes/CMakeFiles/shapenodes.dir/SoNurbsCurve.cpp.o,0.824,0.774399,0.72989,0.0395,0.000414,0.076729,0.039618,0.017815,0.02019
src/3rdParty/coin/src/nodes/CMakeFiles/nodes.dir/SoTextureCoordinatePlane.cpp.o,0.823,0.769032,0.736893,0.026783,0.000255,0.07407,0.042158,0.009672,0.015652
src/3rdParty/OndselSolver/OndselSolver/CMakeFiles/OndselSolver.dir/Function.cpp.o,0.823,0.771958,0.76519,0.001838,0.641567,0.127707,0.123825,0.000137,0.000252
src/3rdParty/coin/src/caches/CMakeFiles/caches.dir/SoConvexDataCache.cpp.o,0.822,0.770148,0.681622,0.084046,0.00143,0.070926,0.039536,0.041448,0.041179
src/3rdParty/coin/src/profiler/CMakeFiles/profiler.dir/SoProfilerOverlayKit.cpp.o,0.822,0.770131,0.728961,0.036164,0.000493,0.070131,0.04035,0.011379,0.023372
src/3rdParty/coin/src/nodekits/CMakeFiles/nodekits.dir/SoNodeKitListPart.cpp.o,0.821,0.766388,0.68309,0.078311,0.00032,0.073374,0.041322,0.034486,0.042292
src/3rdParty/coin/src/nodes/CMakeFiles/nodes.dir/SoPackedColor.cpp.o,0.821,0.770878,0.7369,0.029045,4.7e-05,0.070068,0.038187,0.01324,0.014447
src/3rdParty/coin/src/vrml97/CMakeFiles/vrml97.dir/Billboard.cpp.o,0.821,0.766041,0.718095,0.04274,0.000754,0.070642,0.038126,0.017838,0.023418
src/3rdParty/coin/src/vrml97/CMakeFiles/vrml97.dir/Shape.cpp.o,0.821,0.769704,0.726994,0.037583,0.000281,0.072203,0.041545,0.015526,0.020641
src/3rdParty/coin/src/vrml97/CMakeFiles/vrml97.dir/TextureCoordinate.cpp.o,0.821,0.769889,0.743206,0.021686,0.000283,0.071686,0.039884,0.008431,0.011796
src/3rdParty/OndselSolver/OndselSolver/CMakeFiles/OndselSolver.dir/CompoundJoint.cpp.o,0.821,0.765859,0.743417,0.01791,0.619187,0.124726,0.107152,0.010673,0.005864
src/3rdParty/coin/src/io/CMakeFiles/io.dir/SoInput.cpp.o,0.82,0.770877,0.488736,0.277995,0.006055,0.067452,0.03072,0.140646,0.135968
src/3rdParty/coin/src/nodes/CMakeFiles/nodes.dir/SoTextureCoordinate3.cpp.o,0.82,0.766106,0.737584,0.023589,7.4e-05,0.07351,0.038719,0.009172,0.012932
src/3rdParty/salomesmesh/CMakeFiles/DriverSTL.dir/src/DriverSTL/STL_Test.cpp.o,0.82,0.7646,0.755615,0.004012,0,0.063184,0.083493,0.001211,0.001381
src/3rdParty/OndselSolver/OndselSolver/CMakeFiles/OndselSolver.dir/SymTime.cpp.o,0.82,0.767712,0.749412,0.013587,0.634367,0.116355,0.118164,0.008932,0.003286
src/3rdParty/coin/src/elements/GL/CMakeFiles/glelements.dir/SoGLMultiTextureCoordinateElement.cpp.o,0.819,0.766484,0.699552,0.062266,0.000232,0.072779,0.039738,0.037783,0.023116
src/3rdParty/coin/src/vrml97/CMakeFiles/vrml97.dir/SpotLight.cpp.o,0.818,0.763851,0.737348,0.021063,0.003222,0.072448,0.040752,0.008019,0.011586
src/3rdParty/salomesmesh/CMakeFiles/DriverDAT.dir/src/DriverDAT/DriverDAT_R_SMESHDS_Mesh.cpp.o,0.818,0.762731,0.755686,0.001776,0,0.063648,0.082473,0.000127,0.00013
src/3rdParty/coin/src/nodes/CMakeFiles/nodes.dir/SoCoordinate4.cpp.o,0.817,0.764997,0.73479,0.024777,5.5e-05,0.074472,0.041829,0.00956,0.013584
src/3rdParty/coin/src/vrml97/CMakeFiles/vrml97.dir/ImageTexture.cpp.o,0.817,0.767001,0.696325,0.066328,0.000461,0.07541,0.041729,0.028517,0.036366
src/3rdParty/coin/src/nodes/CMakeFiles/nodes.dir/SoTexture2.cpp.o,0.816,0.767058,0.715412,0.046779,0.000395,0.072297,0.038384,0.019144,0.026154
src/3rdParty/coin/src/engines/CMakeFiles/engines.dir/SoCalculator.cpp.o,0.815,0.762332,0.661489,0.096136,0.000337,0.076118,0.041432,0.051089,0.043716
src/3rdParty/coin/src/elements/CMakeFiles/elements.dir/SoElement.cpp.o,0.813,0.763218,0.738719,0.019345,0.00039,0.075801,0.046508,0.007028,0.010881
src/3rdParty/salomesmesh/CMakeFiles/DriverUNV.dir/src/DriverUNV/DriverUNV_R_SMESHDS_Document.cpp.o,0.813,0.767709,0.761408,0.001492,0,0.065631,0.085928,0.000108,0.000105
src/3rdParty/coin/src/vrml97/CMakeFiles/vrml97.dir/Sound.cpp.o,0.811,0.760344,0.641861,0.114179,0.000466,0.069285,0.037864,0.051852,0.060936
src/3rdParty/coin/src/base/CMakeFiles/base.dir/SbViewVolume.cpp.o,0.809,0.759718,0.663551,0.091808,0.000361,0.072415,0.040976,0.044541,0.045806
src/3rdParty/coin/src/nodes/CMakeFiles/nodes.dir/SoLightModel.cpp.o,0.809,0.760702,0.740416,0.015654,4.7e-05,0.07228,0.03942,0.005553,0.008749
src/3rdParty/OndselSolver/OndselSolver/CMakeFiles/OndselSolver.dir/GESpMat.cpp.o,0.808,0.759785,0.707399,0.048005,0.573322,0.126045,0.097977,0.028253,0.018437
src/3rdParty/coin/src/navigation/CMakeFiles/navigation.dir/SoScXMLRotateTarget.cpp.o,0.807,0.754152,0.683679,0.065614,0.34864,0.07849,0.051023,0.032424,0.031826
src/3rdParty/coin/src/nodes/CMakeFiles/nodes.dir/SoTextureCoordinateEnvironment.cpp.o,0.807,0.753481,0.727423,0.020742,0.000741,0.075582,0.043796,0.008056,0.011186
src/3rdParty/OndselSolver/OndselSolver/CMakeFiles/OndselSolver.dir/GEFullMatFullPv.cpp.o,0.807,0.751585,0.688801,0.058065,0.554978,0.126017,0.095834,0.03622,0.02048
src/3rdParty/coin/src/nodes/CMakeFiles/nodes.dir/SoCoordinate3.cpp.o,0.806,0.752369,0.72404,0.023212,3.6e-05,0.074158,0.045014,0.008968,0.012698
src/3rdParty/coin/src/shapenodes/CMakeFiles/shapenodes.dir/SoCone.cpp.o,0.806,0.754233,0.718569,0.03071,0.00041,0.072581,0.039956,0.012576,0.016797
src/3rdParty/coin/src/shapenodes/CMakeFiles/shapenodes.dir/SoCylinder.cpp.o,0.806,0.753433,0.715422,0.033263,0.000366,0.069308,0.038906,0.013316,0.018498
src/3rdParty/coin/src/nodes/CMakeFiles/nodes.dir/SoTextureCombine.cpp.o,0.805,0.755015,0.717402,0.032714,4.3e-05,0.073991,0.038053,0.013428,0.017891
src/3rdParty/coin/src/nodes/CMakeFiles/nodes.dir/SoTextureCoordinateReflectionMap.cpp.o,0.805,0.751362,0.727979,0.018678,0.000879,0.069892,0.040949,0.00723,0.010131
src/3rdParty/coin/src/hardcopy/CMakeFiles/hardcopy.dir/VectorizePSAction.cpp.o,0.805,0.756122,0.663339,0.08725,2.2e-05,0.069034,0.036804,0.041098,0.044573
src/3rdParty/coin/src/vrml97/CMakeFiles/vrml97.dir/PointSet.cpp.o,0.805,0.753018,0.721535,0.02649,0.000914,0.074195,0.041301,0.011193,0.013898
src/3rdParty/coin/src/bundles/CMakeFiles/bundles.dir/SoTextureCoordinateBundle.cpp.o,0.804,0.754026,0.713095,0.036222,0.000246,0.076068,0.03975,0.020072,0.0147
src/3rdParty/coin/src/nodes/CMakeFiles/nodes.dir/SoBaseColor.cpp.o,0.803,0.752285,0.726666,0.020518,0.000261,0.074898,0.040664,0.007481,0.011572
src/3rdParty/coin/src/nodes/CMakeFiles/nodes.dir/SoTexture3Transform.cpp.o,0.803,0.752807,0.723182,0.024471,5.4e-05,0.077516,0.039335,0.008666,0.014413
src/3rdParty/coin/src/shapenodes/CMakeFiles/shapenodes.dir/SoNurbsSurface.cpp.o,0.803,0.753547,0.704125,0.044469,0.000281,0.073,0.038586,0.019616,0.023419
src/3rdParty/coin/src/vrml97/CMakeFiles/vrml97.dir/Cylinder.cpp.o,0.803,0.749691,0.715153,0.029755,0.000418,0.070102,0.039258,0.011622,0.016757
src/3rdParty/coin/src/nodekits/CMakeFiles/nodekits.dir/SoShapeKit.cpp.o,0.802,0.748175,0.697028,0.046211,0.00032,0.071727,0.040197,0.011481,0.033272
src/3rdParty/salomesmesh/CMakeFiles/DriverUNV.dir/src/DriverUNV/DriverUNV_R_SMESHDS_Mesh.cpp.o,0.8,0.75317,0.74692,0.001711,0,0.063579,0.08392,0.00015,0.000135
src/3rdParty/coin/src/draggers/CMakeFiles/draggers.dir/SoTabBoxDragger.cpp.o,0.799,0.748362,0.64993,0.094333,0.000287,0.080269,0.040529,0.0293,0.063632
src/3rdParty/coin/src/nodes/CMakeFiles/nodes.dir/SoArray.cpp.o,0.799,0.746626,0.692726,0.048992,5.3e-05,0.071663,0.041752,0.024559,0.022983
src/3rdParty/coin/src/vrml97/CMakeFiles/vrml97.dir/Sphere.cpp.o,0.798,0.744472,0.719032,0.019983,0.000486,0.07277,0.039695,0.007845,0.010743
src/3rdParty/OndselSolver/OndselSolver/CMakeFiles/OndselSolver.dir/GEFullMatParPv.cpp.o,0.797,0.747386,0.680064,0.062185,0.546419,0.127717,0.09661,0.040063,0.020566
src/3rdParty/coin/src/misc/CMakeFiles/misc.dir/SoSceneManager.cpp.o,0.796,0.747966,0.714017,0.029156,0.000246,0.071606,0.038878,0.010918,0.016733
src/3rdParty/coin/src/base/CMakeFiles/base.dir/SbDPViewVolume.cpp.o,0.795,0.746947,0.635308,0.10736,0.000391,0.069316,0.038921,0.052341,0.053564
src/3rdParty/coin/src/shapenodes/CMakeFiles/shapenodes.dir/SoSphere.cpp.o,0.795,0.739939,0.714829,0.020014,0.000369,0.068889,0.039313,0.007813,0.010855
src/3rdParty/coin/src/geo/CMakeFiles/geo.dir/SoGeoSeparator.cpp.o,0.795,0.742107,0.706583,0.030589,5.8e-05,0.075685,0.048721,0.010119,0.019062
src/3rdParty/salomesmesh/CMakeFiles/Driver.dir/src/Driver/Driver_Document.cpp.o,0.795,0.73916,0.716231,0.01746,0,0.061997,0.078318,0.012575,0.003497
src/3rdParty/OndselSolver/OndselSolver/CMakeFiles/OndselSolver.dir/LDUFullMatParPv.cpp.o,0.795,0.741208,0.688062,0.048682,0.556927,0.12868,0.096884,0.030022,0.017314
src/3rdParty/OndselSolver/OndselSolver/CMakeFiles/OndselSolver.dir/PosVelAccData.cpp.o,0.795,0.743917,0.710761,0.028937,0.576494,0.128661,0.088766,0.017545,0.009807
src/3rdParty/coin/src/nodes/CMakeFiles/nodes.dir/SoTextureMatrixTransform.cpp.o,0.793,0.741712,0.717934,0.01885,4.9e-05,0.07518,0.039857,0.006594,0.010827
src/3rdParty/coin/src/shapenodes/CMakeFiles/shapenodes.dir/SoCube.cpp.o,0.793,0.744492,0.715716,0.024228,0.000465,0.071038,0.039415,0.009406,0.013484
src/3rdParty/coin/src/nodes/CMakeFiles/nodes.dir/SoTexture2Transform.cpp.o,0.792,0.745433,0.712376,0.028585,5.1e-05,0.072204,0.037707,0.010402,0.016848
src/3rdParty/coin/src/nodes/CMakeFiles/nodes.dir/SoTextureCoordinate2.cpp.o,0.792,0.742839,0.716539,0.021545,5e-05,0.074855,0.039644,0.00845,0.011708
src/3rdParty/coin/src/vrml97/CMakeFiles/vrml97.dir/Collision.cpp.o,0.792,0.739862,0.709443,0.02502,0.000282,0.07145,0.039584,0.009986,0.013678
src/3rdParty/coin/src/scxml/CMakeFiles/scxml.dir/ScXML.cpp.o,0.792,0.738583,0.694606,0.039564,0.344062,0.089525,0.055075,0.025922,0.012234
src/3rdParty/coin/src/vrml97/CMakeFiles/vrml97.dir/Normal.cpp.o,0.791,0.738471,0.712285,0.021605,0.000265,0.070842,0.040113,0.008181,0.012072
src/3rdParty/OndselSolver/OndselSolver/CMakeFiles/OndselSolver.dir/ForceTorqueData.cpp.o,0.791,0.741087,0.718264,0.018319,0.58976,0.125464,0.092069,0.01231,0.00469
src/3rdParty/coin/src/caches/CMakeFiles/caches.dir/SoGLCacheList.cpp.o,0.789,0.741221,0.693338,0.043075,0.000222,0.070434,0.038845,0.024014,0.017748
src/3rdParty/coin/src/nodes/CMakeFiles/nodes.dir/SoPointLight.cpp.o,0.789,0.73881,0.715325,0.018688,0.003499,0.074052,0.040515,0.008246,0.008938
src/3rdParty/coin/src/nodes/CMakeFiles/nodes.dir/SoTextureCoordinateNormalMap.cpp.o,0.789,0.73399,0.713577,0.015359,0.000903,0.069598,0.040002,0.005267,0.008727
src/3rdParty/coin/src/vrml97/CMakeFiles/vrml97.dir/DirectionalLight.cpp.o,0.789,0.738093,0.715816,0.017348,0.003125,0.070218,0.039299,0.007089,0.008785
src/3rdParty/coin/src/base/CMakeFiles/base.dir/SbBSPTree.cpp.o,0.788,0.741827,0.60994,0.127691,0.000986,0.074852,0.03787,0.073796,0.052533
src/3rdParty/coin/src/nodekits/CMakeFiles/nodekits.dir/SoLightKit.cpp.o,0.788,0.732551,0.69911,0.02807,0.000344,0.085074,0.044924,0.008392,0.018033
src/3rdParty/OndselSolver/OndselSolver/CMakeFiles/OndselSolver.dir/DistanceConstraintIqctJqc.cpp.o,0.787,0.740008,0.689007,0.045452,0.547435,0.136061,0.093761,0.025673,0.018391
src/3rdParty/coin/src/nodes/CMakeFiles/nodes.dir/SoAlphaTest.cpp.o,0.786,0.735795,0.715629,0.015604,4.5e-05,0.071359,0.040111,0.005832,0.008255
src/Mod/CAM/Gui/CMakeFiles/PathGui.dir/qrc_Path.cpp.o,0.786,0.737804,0.724361,0.006344,0,0,0,0.002435,0.002662
src/3rdParty/coin/src/nodes/CMakeFiles/nodes.dir/SoSpotLight.cpp.o,0.785,0.734857,0.710177,0.020049,0.003105,0.070885,0.042184,0.00815,0.01052
src/3rdParty/OndselSolver/OndselSolver/CMakeFiles/OndselSolver.dir/DistxyIecJec.cpp.o,0.785,0.73127,0.686689,0.039821,0.554133,0.126066,0.091788,0.0238,0.014544
src/3rdParty/OndselSolver/OndselSolver/CMakeFiles/OndselSolver.dir/OrbitAngleZIecJec.cpp.o,0.785,0.736418,0.698255,0.033139,0.416523,0.124471,0.093142,0.017264,0.014281
src/3rdParty/coin/src/elements/GL/CMakeFiles/glelements.dir/SoGLDisplayList.cpp.o,0.784,0.733846,0.710612,0.018384,0.000652,0.072853,0.039458,0.007112,0.009802
src/3rdParty/coin/src/vrml97/CMakeFiles/vrml97.dir/Color.cpp.o,0.784,0.729519,0.705571,0.018637,0.000278,0.071933,0.03869,0.007576,0.009554
src/3rdParty/coin/src/draggers/CMakeFiles/draggers.dir/SoJackDragger.cpp.o,0.783,0.722443,0.655935,0.061635,0.000386,0.073552,0.037807,0.020956,0.039259
src/3rdParty/coin/src/vrml97/CMakeFiles/vrml97.dir/Switch.cpp.o,0.783,0.732987,0.67349,0.054634,0.00027,0.072847,0.039578,0.024728,0.028289
src/3rdParty/coin/src/nodes/CMakeFiles/nodes.dir/SoDirectionalLight.cpp.o,0.782,0.729119,0.706579,0.017615,0.003057,0.0708,0.038829,0.007433,0.008776
src/3rdParty/coin/src/navigation/CMakeFiles/navigation.dir/SoCameraUtils.cpp.o,0.781,0.727629,0.672204,0.050791,0.000758,0.076986,0.040284,0.022376,0.027034
src/3rdParty/coin/src/draggers/CMakeFiles/draggers.dir/SoDirectionalLightDragger.cpp.o,0.78,0.727154,0.669023,0.053803,0.000369,0.073629,0.040558,0.018315,0.034076
src/3rdParty/coin/src/manips/CMakeFiles/manips.dir/SoTransformManip.cpp.o,0.78,0.729468,0.667377,0.057541,0.000264,0.071195,0.038838,0.023306,0.032844
src/3rdParty/coin/src/vrml97/CMakeFiles/vrml97.dir/Cone.cpp.o,0.78,0.730099,0.697561,0.027817,0.000431,0.070341,0.038405,0.011249,0.01503
src/3rdParty/coin/src/vrml97/CMakeFiles/vrml97.dir/Coordinate.cpp.o,0.78,0.723507,0.69786,0.020886,0.00028,0.068798,0.037996,0.00803,0.011613
src/3rdParty/coin/src/draggers/CMakeFiles/draggers.dir/SoRotateCylindricalDragger.cpp.o,0.779,0.72295,0.662284,0.055475,0.000569,0.074882,0.037569,0.019843,0.034233
src/3rdParty/FastSignals/libfastsignals/CMakeFiles/libfastsignals.dir/src/connection.cpp.o,0.778,0.732141,0.623041,0.104811,0.56802,0.06588,0.085879,0.061067,0.042207
src/3rdParty/coin/src/manips/CMakeFiles/manips.dir/SoTabBoxManip.cpp.o,0.778,0.728353,0.71035,0.013474,0.0003,0.073096,0.0446,0.005081,0.007074
src/3rdParty/coin/src/nodekits/CMakeFiles/nodekits.dir/SoSeparatorKit.cpp.o,0.778,0.725611,0.679459,0.041564,0.000318,0.073432,0.044888,0.012973,0.027124
src/3rdParty/coin/src/navigation/CMakeFiles/navigation.dir/SoScXMLDollyTarget.cpp.o,0.778,0.725777,0.674617,0.046392,0.35558,0.077173,0.048881,0.022713,0.022253
src/3rdParty/coin/src/vrml97/CMakeFiles/vrml97.dir/Transform.cpp.o,0.777,0.72414,0.66814,0.051449,0.000288,0.06908,0.0403,0.01817,0.03183
src/3rdParty/coin/src/draggers/CMakeFiles/draggers.dir/SoTranslate2Dragger.cpp.o,0.776,0.725377,0.642357,0.078186,0.000462,0.072592,0.036966,0.028764,0.048067
src/3rdParty/coin/src/nodes/CMakeFiles/nodes.dir/SoTextureCoordinateObject.cpp.o,0.776,0.722179,0.696219,0.021386,0.000405,0.069431,0.038857,0.008454,0.011575
src/3rdParty/coin/src/vrml97/CMakeFiles/vrml97.dir/Init.cpp.o,0.776,0.724181,0.715695,0.004014,0.202136,0.073429,0.04026,0.001208,0.001476
src/3rdParty/coin/src/manips/CMakeFiles/manips.dir/SoClipPlaneManip.cpp.o,0.775,0.727672,0.660498,0.062491,0.000249,0.070503,0.039872,0.027291,0.033758
src/3rdParty/coin/src/nodes/CMakeFiles/nodes.dir/SoBumpMapTransform.cpp.o,0.775,0.726045,0.692245,0.029085,0.000395,0.077441,0.046027,0.010567,0.017063
src/3rdParty/coin/src/hardcopy/CMakeFiles/hardcopy.dir/VectorizeAction.cpp.o,0.775,0.728146,0.677096,0.047005,0.000362,0.070268,0.039307,0.019327,0.026336
src/3rdParty/OndselSolver/OndselSolver/CMakeFiles/OndselSolver.dir/DirectionCosineIecJec.cpp.o,0.775,0.724409,0.678095,0.041839,0.541051,0.127613,0.096895,0.02518,0.015284
src/3rdParty/coin/src/manips/CMakeFiles/manips.dir/SoDirectionalLightManip.cpp.o,0.774,0.727746,0.674246,0.049257,0.000296,0.071441,0.04381,0.020864,0.027033
src/3rdParty/coin/src/vrml97/CMakeFiles/vrml97.dir/Box.cpp.o,0.774,0.722107,0.697056,0.020538,0.000436,0.069329,0.038882,0.008148,0.01092
src/3rdParty/coin/src/manips/CMakeFiles/manips.dir/SoPointLightManip.cpp.o,0.773,0.725319,0.670981,0.049555,0.000246,0.071121,0.039611,0.02109,0.027029
src/3rdParty/coin/src/nodes/CMakeFiles/nodes.dir/SoClipPlane.cpp.o,0.773,0.71381,0.686376,0.022269,4.1e-05,0.072852,0.042581,0.007553,0.013294
src/3rdParty/OndselSolver/OndselSolver/CMakeFiles/OndselSolver.dir/CartesianFrame.cpp.o,0.773,0.72147,0.704496,0.012589,0.569183,0.134831,0.093852,0.007291,0.003751
src/3rdParty/coin/src/misc/CMakeFiles/misc.dir/CoinResources.cpp.o,0.772,0.719177,0.655675,0.058976,0.556686,0.087293,0.052567,0.042664,0.014938
src/3rdParty/coin/src/vrml97/CMakeFiles/vrml97.dir/PointLight.cpp.o,0.772,0.724499,0.701856,0.017907,0.003053,0.070236,0.038823,0.006994,0.009551
src/3rdParty/coin/src/manips/CMakeFiles/manips.dir/SoSpotLightManip.cpp.o,0.771,0.725727,0.66597,0.055533,0.00029,0.071333,0.04031,0.022884,0.031354
src/3rdParty/coin/src/misc/CMakeFiles/misc.dir/SoNormalGenerator.cpp.o,0.771,0.717697,0.599652,0.114138,0.000321,0.069792,0.037765,0.063893,0.048881
src/3rdParty/salomesmesh/CMakeFiles/SMDS.dir/src/SMDS/SMDS_SpacePosition.cpp.o,0.771,0.717166,0.706552,0.006032,0,0.056975,0.072677,0.002248,0.002465
src/3rdParty/coin/src/elements/CMakeFiles/elements.dir/SoMultiTextureImageElement.cpp.o,0.769,0.71649,0.626356,0.085694,0.186149,0.071483,0.038119,0.042682,0.041506
src/3rdParty/coin/src/rendering/CMakeFiles/rendering.dir/SoGLCubeMapImage.cpp.o,0.769,0.720077,0.673336,0.041975,0.002465,0.071631,0.037772,0.024352,0.016295
src/3rdParty/coin/src/nodes/CMakeFiles/nodes.dir/SoFile.cpp.o,0.769,0.721214,0.672045,0.044866,0.000381,0.072069,0.042092,0.019584,0.023925
src/3rdParty/coin/src/misc/CMakeFiles/misc.dir/SoGenerate.cpp.o,0.768,0.720024,0.639417,0.076648,0,0.078262,0.040778,0.038015,0.037244
src/3rdParty/coin/src/nodes/CMakeFiles/nodes.dir/SoLevelOfDetail.cpp.o,0.768,0.717367,0.674539,0.038208,0.00028,0.072117,0.04087,0.015885,0.020849
src/3rdParty/OndselSolver/OndselSolver/CMakeFiles/OndselSolver.dir/DispCompIecJecKec.cpp.o,0.767,0.718334,0.688062,0.025819,0.557659,0.127489,0.092281,0.014852,0.009537
src/Gui/CMakeFiles/FreeCADGui.dir/Inventor/SmSwitchboard.cpp.o,0.766,0.716437,0.686421,0.025342,0,0.071436,0.039575,0.011431,0.012474
src/3rdParty/coin/src/navigation/CMakeFiles/navigation.dir/SoScXMLSpinTarget.cpp.o,0.765,0.714912,0.675503,0.034843,0.003477,0.072282,0.04127,0.015889,0.017656
src/3rdParty/coin/src/navigation/CMakeFiles/navigation.dir/SoScXMLZoomTarget.cpp.o,0.765,0.715052,0.668098,0.042694,0.183648,0.070629,0.038338,0.019622,0.021803
src/3rdParty/coin/src/actions/CMakeFiles/actions.dir/SoBoxHighlightRenderAction.cpp.o,0.764,0.713852,0.661745,0.047255,0.000145,0.074754,0.039535,0.020454,0.025323
src/3rdParty/coin/src/elements/GL/CMakeFiles/glelements.dir/SoGLShapeHintsElement.cpp.o,0.764,0.71397,0.694987,0.014179,0.000258,0.07732,0.040496,0.004571,0.007944
src/3rdParty/coin/src/nodes/CMakeFiles/nodes.dir/SoCallback.cpp.o,0.764,0.712613,0.688644,0.019268,3.8e-05,0.073123,0.042164,0.006887,0.010854
src/3rdParty/OndselSolver/OndselSolver/CMakeFiles/OndselSolver.dir/DistxyIeqctJeqc.cpp.o,0.764,0.718719,0.712533,0.001633,0.58957,0.125851,0.092904,0.000111,0.000136
src/3rdParty/OndselSolver/OndselSolver/CMakeFiles/OndselSolver.dir/DispCompIecJecO.cpp.o,0.763,0.711131,0.684178,0.022594,0.550978,0.130033,0.091813,0.013082,0.008004
src/3rdParty/OndselSolver/OndselSolver/CMakeFiles/OndselSolver.dir/EulerParametersDot.cpp.o,0.763,0.715181,0.709491,0.001547,0.52468,0.187334,0.123581,0.00012,0.000119
src/3rdParty/coin/src/base/CMakeFiles/base.dir/SbGLUTessellator.cpp.o,0.762,0.713025,0.681925,0.026464,0,0.071983,0.040699,0.014674,0.010413
src/3rdParty/coin/src/nodekits/CMakeFiles/nodekits.dir/SoAppearanceKit.cpp.o,0.762,0.711411,0.678088,0.029053,0.000301,0.074376,0.042159,0.007925,0.019719
src/3rdParty/coin/src/scxml/CMakeFiles/scxml.dir/ScXMLSendElt.cpp.o,0.762,0.711618,0.59888,0.108471,0.229411,0.078008,0.056834,0.061989,0.04502
src/3rdParty/coin/src/navigation/CMakeFiles/navigation.dir/SoScXMLSeekTarget.cpp.o,0.761,0.709755,0.664135,0.041018,0.000838,0.082758,0.04176,0.017206,0.022496
src/Mod/Sketcher/Gui/CMakeFiles/SketcherGui.dir/SoZoomTranslation.cpp.o,0.761,0.706089,0.674968,0.026538,0.000984,0.071783,0.039946,0.011336,0.013774
src/Gui/CMakeFiles/FreeCADGui.dir/Inventor/SoAutoZoomTranslation.cpp.o,0.759,0.706443,0.680455,0.020835,0.000329,0.072545,0.041181,0.007405,0.012059
src/3rdParty/OndselSolver/OndselSolver/CMakeFiles/OndselSolver.dir/StateData.cpp.o,0.759,0.708054,0.692759,0.010499,0.569363,0.12321,0.091429,0.006419,0.002775
src/3rdParty/coin/src/nodes/CMakeFiles/nodes.dir/SoLinearProfile.cpp.o,0.758,0.711698,0.646029,0.061833,0.000468,0.071558,0.038804,0.030744,0.029761
src/3rdParty/coin/src/caches/CMakeFiles/caches.dir/SoGLRenderCache.cpp.o,0.757,0.707825,0.677907,0.025402,0.005893,0.072293,0.042264,0.013829,0.010177
src/3rdParty/coin/src/draggers/CMakeFiles/draggers.dir/SoSpotLightDragger.cpp.o,0.757,0.709912,0.621517,0.084087,0.000294,0.070207,0.035895,0.029263,0.05347
src/3rdParty/coin/src/fields/CMakeFiles/fields.dir/SoMFRotation.cpp.o,0.757,0.705129,0.649631,0.050758,1.5e-05,0.075432,0.040449,0.022887,0.026452
src/3rdParty/coin/src/navigation/CMakeFiles/navigation.dir/SoScXMLNavigation.cpp.o,0.757,0.706271,0.691404,0.009614,0.351876,0.077251,0.04074,0.003187,0.004385
src/3rdParty/coin/src/nodes/CMakeFiles/nodes.dir/SoFont.cpp.o,0.757,0.707769,0.684653,0.018681,5.1e-05,0.070339,0.039331,0.007383,0.009935
src/3rdParty/OndselSolver/OndselSolver/CMakeFiles/OndselSolver.dir/ItemIJ.cpp.o,0.757,0.707106,0.678964,0.023741,0.553423,0.122241,0.090592,0.014884,0.007498
src/3rdParty/coin/src/nodes/CMakeFiles/nodes.dir/SoDrawStyle.cpp.o,0.756,0.706228,0.678696,0.022842,5e-05,0.07636,0.042268,0.009147,0.012201
src/3rdParty/coin/src/base/CMakeFiles/base.dir/SbXfBox3f.cpp.o,0.754,0.704793,0.617476,0.083014,0.000496,0.06888,0.038827,0.039064,0.042541
src/3rdParty/coin/src/nodes/CMakeFiles/nodes.dir/SoBumpMapCoordinate.cpp.o,0.754,0.699393,0.676631,0.017625,4.5e-05,0.074558,0.039838,0.006738,0.009404
src/3rdParty/coin/src/nodes/CMakeFiles/nodes.dir/SoSelection.cpp.o,0.754,0.704529,0.64552,0.054366,3.8e-05,0.074897,0.041543,0.020304,0.032473
src/3rdParty/coin/src/geo/CMakeFiles/geo.dir/SoGeoOrigin.cpp.o,0.754,0.703517,0.681309,0.017707,4.8e-05,0.084297,0.042862,0.006233,0.010129
src/3rdParty/coin/src/draggers/CMakeFiles/draggers.dir/SoRotateDiscDragger.cpp.o,0.753,0.703145,0.645164,0.053071,0.000523,0.072451,0.038185,0.018307,0.033361
src/3rdParty/coin/src/elements/GL/CMakeFiles/glelements.dir/SoGLModelMatrixElement.cpp.o,0.753,0.70214,0.677765,0.019469,0.000204,0.070733,0.038747,0.006743,0.011224
src/3rdParty/coin/src/manips/CMakeFiles/manips.dir/SoTrackballManip.cpp.o,0.753,0.703981,0.685578,0.013981,0.000257,0.076307,0.039338,0.005233,0.007388
src/3rdParty/coin/src/elements/CMakeFiles/elements.dir/SoShapeStyleElement.cpp.o,0.752,0.697438,0.646637,0.04652,4.1e-05,0.075288,0.040573,0.020528,0.024441
src/3rdParty/coin/src/fields/CMakeFiles/fields.dir/SoMFColor.cpp.o,0.752,0.702281,0.633005,0.064867,5.2e-05,0.07705,0.038581,0.028837,0.034205
src/3rdParty/OndselSolver/OndselSolver/CMakeFiles/OndselSolver.dir/EigenDecomposition.cpp.o,0.752,0.700152,0.694055,0.001574,0.574744,0.121987,0.088172,0.000109,0.000127
src/3rdParty/coin/src/draggers/CMakeFiles/draggers.dir/SoScaleUniformDragger.cpp.o,0.751,0.701295,0.646889,0.049951,0.000301,0.073695,0.037471,0.017728,0.03084
src/3rdParty/coin/src/navigation/CMakeFiles/navigation.dir/SoScXMLPanTarget.cpp.o,0.751,0.702433,0.654047,0.043401,0.000945,0.078709,0.043329,0.01853,0.023474
src/3rdParty/OndselSolver/OndselSolver/CMakeFiles/OndselSolver.dir/EulerParametersDDot.cpp.o,0.751,0.704492,0.698639,0.001592,0.517233,0.183716,0.122219,0.000117,0.000125
src/3rdParty/coin/src/draggers/CMakeFiles/draggers.dir/SoScale2Dragger.cpp.o,0.75,0.700846,0.646556,0.049776,0.0003,0.072769,0.037893,0.017757,0.030542
src/Mod/Fem/Gui/CMakeFiles/FemGui.dir/FemGuiTools.cpp.o,0.75,0.697365,0.667856,0.024225,0.000235,0.076988,0.040493,0.007414,0.015382
src/3rdParty/coin/src/manips/CMakeFiles/manips.dir/SoTransformerManip.cpp.o,0.749,0.700276,0.680494,0.01551,0.00025,0.070916,0.040061,0.005686,0.008525
src/3rdParty/coin/src/profiler/CMakeFiles/profiler.dir/SoProfilerTopKit.cpp.o,0.749,0.701256,0.650163,0.046453,0.002654,0.072216,0.041223,0.016173,0.028539
src/3rdParty/coin/src/base/CMakeFiles/base.dir/SbBox3d.cpp.o,0.748,0.697261,0.648975,0.04422,0,0.073776,0.041801,0.024999,0.0178
src/3rdParty/coin/src/elements/CMakeFiles/elements.dir/SoMultiTextureCoordinateElement.cpp.o,0.748,0.70042,0.624175,0.072181,0.192371,0.071154,0.039886,0.039256,0.031511
src/3rdParty/coin/src/nodes/CMakeFiles/nodes.dir/SoMaterialBinding.cpp.o,0.748,0.695831,0.673775,0.017566,6.4e-05,0.081684,0.038667,0.006068,0.009919
src/3rdParty/coin/src/geo/CMakeFiles/geo.dir/SoGeoCoordinate.cpp.o,0.748,0.69968,0.653205,0.042048,3.8e-05,0.075249,0.040003,0.021252,0.019341
src/3rdParty/coin/src/collision/CMakeFiles/collision.dir/SbTri3f.cpp.o,0.747,0.696967,0.612142,0.080748,0.005615,0.070781,0.038317,0.037053,0.042302
src/3rdParty/coin/src/lists/CMakeFiles/lists.dir/SoPickedPointList.cpp.o,0.746,0.696527,0.678386,0.013824,0,0.07846,0.046821,0.007514,0.004588
src/3rdParty/OndselSolver/OndselSolver/CMakeFiles/OndselSolver.dir/SparseMatrix.cpp.o,0.746,0.695273,0.689088,0.001659,0.561125,0.130171,0.088362,0.000123,0.000144
src/3rdParty/coin/src/elements/GL/CMakeFiles/glelements.dir/SoGLEnvironmentElement.cpp.o,0.745,0.69646,0.676047,0.015554,0.003275,0.071684,0.037648,0.005809,0.008358
src/3rdParty/coin/src/misc/CMakeFiles/misc.dir/SoSceneManagerP.cpp.o,0.745,0.694415,0.683413,0.006225,0.000358,0.070614,0.03859,0.002042,0.002774
src/3rdParty/coin/src/draggers/CMakeFiles/draggers.dir/SoRotateSphericalDragger.cpp.o,0.744,0.695693,0.63661,0.054706,0.000459,0.073209,0.037536,0.018153,0.035011
src/Gui/CMakeFiles/FreeCADGui.dir/Inventor/SoFCTransform.cpp.o,0.744,0.692705,0.672555,0.01581,0.004717,0.072334,0.038794,0.005812,0.008629
src/3rdParty/OndselSolver/OndselSolver/CMakeFiles/OndselSolver.dir/DistIeqctJeqc.cpp.o,0.744,0.691951,0.686044,0.001601,0.565648,0.122791,0.091516,0.000109,0.000138
src/3rdParty/coin/src/draggers/CMakeFiles/draggers.dir/SoScale2UniformDragger.cpp.o,0.743,0.692473,0.638839,0.049537,0.000368,0.073078,0.038472,0.017469,0.030721
src/3rdParty/coin/src/nodekits/CMakeFiles/nodekits.dir/SoWrapperKit.cpp.o,0.743,0.690399,0.665006,0.019934,0.000328,0.075198,0.040426,0.006275,0.012142
src/3rdParty/coin/src/navigation/CMakeFiles/navigation.dir/SoScXMLFlightControlTarget.cpp.o,0.743,0.692714,0.654068,0.033727,0.000435,0.072998,0.040512,0.012856,0.019171
src/3rdParty/coin/src/draggers/CMakeFiles/draggers.dir/SoPointLightDragger.cpp.o,0.742,0.689748,0.645591,0.039609,0.000295,0.075212,0.040607,0.015437,0.022856
src/3rdParty/coin/src/draggers/CMakeFiles/draggers.dir/SoTranslate1Dragger.cpp.o,0.742,0.692906,0.631821,0.056686,0.000317,0.072926,0.036721,0.020949,0.034365
src/3rdParty/coin/src/misc/CMakeFiles/misc.dir/SoPick.cpp.o,0.742,0.683788,0.629815,0.049541,0,0.075958,0.040912,0.025109,0.022973
src/3rdParty/coin/src/nodes/CMakeFiles/nodes.dir/SoComplexity.cpp.o,0.742,0.687696,0.662464,0.020437,4.4e-05,0.080657,0.037438,0.007347,0.011763
src/3rdParty/coin/src/nodes/CMakeFiles/nodes.dir/SoSwitch.cpp.o,0.742,0.69326,0.65251,0.036435,0.000359,0.069325,0.038528,0.016225,0.018838
src/3rdParty/coin/src/vrml97/CMakeFiles/vrml97.dir/CoordinateInterpolator.cpp.o,0.742,0.691065,0.650542,0.035836,0.000253,0.069956,0.039924,0.020329,0.013692
src/3rdParty/OndselSolver/OndselSolver/CMakeFiles/OndselSolver.dir/ConstraintIJ.cpp.o,0.742,0.690871,0.671442,0.015143,0.542176,0.127512,0.089941,0.009959,0.003847
src/3rdParty/coin/src/draggers/CMakeFiles/draggers.dir/SoScale1Dragger.cpp.o,0.741,0.68795,0.633776,0.049407,0.000552,0.072635,0.03831,0.017418,0.030614
src/3rdParty/coin/src/nodekits/CMakeFiles/nodekits.dir/SoCameraKit.cpp.o,0.741,0.682087,0.654966,0.022326,0.000305,0.074822,0.043633,0.006886,0.013869
src/3rdParty/coin/src/nodes/CMakeFiles/nodes.dir/SoEnvironment.cpp.o,0.741,0.690167,0.662358,0.023343,4.2e-05,0.075829,0.041552,0.008181,0.013667
src/Gui/CMakeFiles/FreeCADGui.dir/TranslateManip.cpp.o,0.74,0.682546,0.666106,0.011883,0.005329,0.073168,0.042797,0.00379,0.006733
src/3rdParty/coin/src/profiler/CMakeFiles/profiler.dir/SoProfilerVisualizeKit.cpp.o,0.739,0.691553,0.643793,0.043284,0.31883,0.077951,0.048638,0.017378,0.024462
src/3rdParty/coin/src/bundles/CMakeFiles/bundles.dir/SoMaterialBundle.cpp.o,0.738,0.688702,0.674521,0.009547,0.00021,0.068685,0.03792,0.003764,0.004672
src/3rdParty/coin/src/navigation/CMakeFiles/navigation.dir/SoScXMLMiscTarget.cpp.o,0.738,0.684512,0.6557,0.024451,0.000785,0.071275,0.038273,0.008679,0.014448
src/3rdParty/coin/src/geo/CMakeFiles/geo.dir/SoGeo.cpp.o,0.738,0.684439,0.650673,0.028313,0.00034,0.073346,0.039072,0.012711,0.013996
src/Gui/CMakeFiles/FreeCADGui.dir/Inventor/SoFCScreenSpaceGroup.cpp.o,0.738,0.685778,0.651795,0.029579,0.011151,0.07203,0.037476,0.01144,0.016463
src/Gui/CMakeFiles/FreeCADGui.dir/GLBuffer.cpp.o,0.738,0.686043,0.603336,0.078446,0.211994,0.087669,0.045668,0.051817,0.025179
src/3rdParty/coin/src/base/CMakeFiles/base.dir/SbBox3i32.cpp.o,0.737,0.689194,0.629975,0.054853,0,0.071882,0.038133,0.030512,0.022896
src/3rdParty/coin/src/elements/GL/CMakeFiles/glelements.dir/SoGLColorIndexElement.cpp.o,0.737,0.685221,0.668908,0.011962,0.000251,0.070897,0.03883,0.003999,0.006671
src/3rdParty/coin/src/nodes/CMakeFiles/nodes.dir/SoPathSwitch.cpp.o,0.737,0.687583,0.655541,0.027581,6.3e-05,0.071321,0.040562,0.01113,0.014986
src/3rdParty/coin/src/nodes/CMakeFiles/nodes.dir/SoTransformSeparator.cpp.o,0.736,0.686683,0.660911,0.021443,4.6e-05,0.071537,0.040044,0.006403,0.013519
src/3rdParty/coin/src/elements/GL/CMakeFiles/glelements.dir/SoGLCoordinateElement.cpp.o,0.735,0.68685,0.671491,0.010911,0.00026,0.072508,0.040346,0.003602,0.005868
src/3rdParty/coin/src/nodes/CMakeFiles/nodes.dir/SoBlinker.cpp.o,0.735,0.681143,0.647228,0.029094,0.00037,0.07308,0.040147,0.011318,0.016316
src/3rdParty/coin/src/nodes/CMakeFiles/nodes.dir/SoShapeHints.cpp.o,0.734,0.683107,0.65483,0.02336,4.7e-05,0.071859,0.039077,0.008865,0.013095
src/3rdParty/coin/src/nodes/CMakeFiles/nodes.dir/SoUnits.cpp.o,0.734,0.68313,0.656709,0.021678,3.7e-05,0.070503,0.039482,0.007839,0.012461
src/3rdParty/coin/src/vrml97/CMakeFiles/vrml97.dir/IndexedLine.cpp.o,0.734,0.684987,0.660718,0.020023,0.000443,0.072259,0.042079,0.009505,0.009112
src/3rdParty/coin/src/elements/GL/CMakeFiles/glelements.dir/SoGLClipPlaneElement.cpp.o,0.733,0.684517,0.665361,0.014731,0.000216,0.069675,0.038543,0.005661,0.007449
src/3rdParty/coin/src/nodes/CMakeFiles/nodes.dir/SoProfileCoordinate2.cpp.o,0.733,0.681998,0.658782,0.018881,3.8e-05,0.069911,0.039323,0.006545,0.011
src/3rdParty/coin/src/nodes/CMakeFiles/nodes.dir/SoTransform.cpp.o,0.733,0.683043,0.631224,0.047367,4e-05,0.070587,0.039135,0.016703,0.029201
src/3rdParty/coin/src/vrml97/CMakeFiles/vrml97.dir/NormalInterpolator.cpp.o,0.733,0.681326,0.642386,0.034624,0.000238,0.072382,0.042084,0.01934,0.013891
src/3rdParty/salomesmesh/CMakeFiles/MEFISTO2.dir/src/MEFISTO2/trte.c.o,0.733,0.686302,0.056614,0.627815,0,0,0,0.35654,0.269834
src/3rdParty/OndselSolver/OndselSolver/CMakeFiles/OndselSolver.dir/LDUSpMatParPv.cpp.o,0.733,0.686919,0.681134,0.001573,0.554422,0.128936,0.097394,0.000121,0.000126
src/3rdParty/OndselSolver/OndselSolver/CMakeFiles/OndselSolver.dir/VelICKineSolver.cpp.o,0.733,0.686413,0.680564,0.001579,0.562313,0.120186,0.090181,0.000117,0.000131
src/3rdParty/coin/src/geo/CMakeFiles/geo.dir/SoGeoLocation.cpp.o,0.732,0.679201,0.64726,0.027445,5.1e-05,0.074025,0.040857,0.01002,0.015798
src/3rdParty/coin/src/vrml97/CMakeFiles/vrml97.dir/PixelTexture.cpp.o,0.732,0.682368,0.651362,0.026707,0.000317,0.069668,0.039103,0.011514,0.013761
src/3rdParty/coin/src/actions/CMakeFiles/actions.dir/SoHandleEventAction.cpp.o,0.731,0.683436,0.645677,0.03332,0,0.0737,0.039495,0.014175,0.017702
src/3rdParty/coin/src/engines/CMakeFiles/engines.dir/SoHeightMapToNormalMap.cpp.o,0.731,0.681274,0.644798,0.032232,0.333917,0.078549,0.050248,0.016124,0.014779
src/Mod/Measure/Gui/CMakeFiles/MeasureGui.dir/SoScreenSpaceScale.cpp.o,0.731,0.681145,0.652261,0.024113,0.000311,0.070426,0.038634,0.009149,0.013579
src/3rdParty/coin/src/engines/CMakeFiles/engines.dir/SoComposeMatrix.cpp.o,0.73,0.678799,0.643765,0.030288,0,0.07438,0.044005,0.014173,0.01448
src/Mod/Fem/Gui/CMakeFiles/FemGui.dir/qrc_Fem.cpp.o,0.73,0.682849,0.669759,0.006792,0,0,0,0.002691,0.002861
src/3rdParty/coin/src/elements/GL/CMakeFiles/glelements.dir/SoGLNormalElement.cpp.o,0.729,0.679229,0.663765,0.010697,0.000244,0.069134,0.037699,0.003387,0.005869
src/3rdParty/coin/src/fields/CMakeFiles/fields.dir/SoMFVec3s.cpp.o,0.729,0.682551,0.625205,0.053124,4.7e-05,0.07053,0.039165,0.025568,0.026208
src/3rdParty/coin/src/manips/CMakeFiles/manips.dir/commoncode.cpp.o,0.729,0.680574,0.645769,0.03021,0.000258,0.07109,0.039533,0.010792,0.018117
src/3rdParty/coin/src/nodes/CMakeFiles/nodes.dir/SoEventCallback.cpp.o,0.729,0.678124,0.640216,0.03354,4.3e-05,0.074125,0.040797,0.01689,0.015153
src/3rdParty/coin/src/nodes/CMakeFiles/nodes.dir/SoFontStyle.cpp.o,0.729,0.679823,0.651946,0.023701,4.3e-05,0.070907,0.039982,0.010023,0.012303
src/3rdParty/coin/src/nodes/CMakeFiles/nodes.dir/SoLocateHighlight.cpp.o,0.729,0.679716,0.650047,0.025386,0.000261,0.074695,0.041764,0.009391,0.014532
src/3rdParty/coin/src/actions/CMakeFiles/actions.dir/SoGetBoundingBoxAction.cpp.o,0.728,0.680108,0.644366,0.031392,0,0.073601,0.038771,0.012011,0.017958
src/3rdParty/coin/src/base/CMakeFiles/base.dir/SbTesselator.cpp.o,0.728,0.678508,0.603204,0.071165,0.000525,0.070561,0.039472,0.041924,0.027918
src/3rdParty/coin/src/fields/CMakeFiles/fields.dir/SoMFColorRGBA.cpp.o,0.728,0.67793,0.606023,0.066862,5.1e-05,0.073437,0.039308,0.031325,0.034017
src/3rdParty/coin/src/fields/CMakeFiles/fields.dir/SoMFPlane.cpp.o,0.728,0.675881,0.628125,0.043143,1.7e-05,0.072983,0.039561,0.02004,0.021685
src/3rdParty/coin/src/nodes/CMakeFiles/nodes.dir/SoProfileCoordinate3.cpp.o,0.728,0.68236,0.658044,0.019741,4.5e-05,0.071085,0.041497,0.007308,0.011071
src/3rdParty/coin/src/nodes/CMakeFiles/nodes.dir/SoWWWAnchor.cpp.o,0.728,0.672914,0.638998,0.029299,0.000349,0.072044,0.038321,0.011181,0.016615
src/3rdParty/coin/src/vrml97/CMakeFiles/vrml97.dir/IndexedShape.cpp.o,0.728,0.676279,0.646178,0.025819,0.000455,0.075935,0.040179,0.01132,0.0131
src/3rdParty/coin/src/nodes/CMakeFiles/nodes.dir/SoLight.cpp.o,0.726,0.676774,0.65892,0.01344,4e-05,0.071085,0.041055,0.004045,0.008041
src/3rdParty/coin/src/nodes/CMakeFiles/nodes.dir/SoTransformation.cpp.o,0.726,0.674259,0.657902,0.011838,4.6e-05,0.071498,0.038572,0.004048,0.006296
src/3rdParty/coin/src/base/CMakeFiles/base.dir/SbImage.cpp.o,0.725,0.677276,0.60955,0.063717,0.000355,0.069532,0.038011,0.033612,0.028845
src/3rdParty/coin/src/engines/CMakeFiles/engines.dir/SoComposeVec3f.cpp.o,0.725,0.674283,0.648039,0.021994,0,0.072556,0.040319,0.009103,0.011484
src/3rdParty/coin/src/fields/CMakeFiles/fields.dir/SoMFVec3f.cpp.o,0.725,0.675069,0.617848,0.053107,4.5e-05,0.069323,0.038506,0.025025,0.026687
src/3rdParty/coin/src/nodes/CMakeFiles/nodes.dir/SoPolygonOffset.cpp.o,0.725,0.676797,0.65501,0.017396,4.2e-05,0.072118,0.041752,0.006188,0.009825
src/3rdParty/coin/src/nodes/CMakeFiles/nodes.dir/SoTextureCoordinateBinding.cpp.o,0.725,0.670631,0.647017,0.019085,3.8e-05,0.070082,0.039807,0.006855,0.010756
src/3rdParty/coin/src/nodes/CMakeFiles/nodes.dir/SoMultipleCopy.cpp.o,0.724,0.674906,0.64213,0.028538,4.8e-05,0.072472,0.039996,0.012261,0.014732
src/3rdParty/coin/src/engines/CMakeFiles/engines.dir/SoComposeRotation.cpp.o,0.723,0.672956,0.647414,0.020963,0,0.078563,0.044057,0.008393,0.011104
src/3rdParty/coin/src/nodes/CMakeFiles/nodes.dir/SoOrthographicCamera.cpp.o,0.723,0.671163,0.645644,0.021351,4e-05,0.069044,0.040769,0.009252,0.010709
src/3rdParty/coin/src/nodes/CMakeFiles/nodes.dir/SoSurroundScale.cpp.o,0.721,0.666709,0.624835,0.037071,4.4e-05,0.069797,0.038305,0.017206,0.018405
src/3rdParty/coin/src/nodes/CMakeFiles/nodes.dir/SoUnknownNode.cpp.o,0.721,0.67252,0.635789,0.032502,0,0.069037,0.039167,0.013984,0.017176
src/3rdParty/coin/src/vrml97/CMakeFiles/vrml97.dir/SphereSensor.cpp.o,0.721,0.668936,0.642313,0.021752,0.000276,0.0754,0.039145,0.008281,0.011677
src/3rdParty/coin/src/xml/CMakeFiles/xml.dir/document.cpp.o,0.72,0.670847,0.607562,0.059129,0.322433,0.077822,0.048288,0.032526,0.025209
src/3rdParty/coin/src/manips/CMakeFiles/manips.dir/SoTransformBoxManip.cpp.o,0.72,0.671459,0.65465,0.01258,0.000253,0.070322,0.038994,0.004729,0.006654
src/3rdParty/coin/src/shapenodes/CMakeFiles/shapenodes.dir/SoNonIndexedShape.cpp.o,0.72,0.664721,0.63411,0.025439,4.1e-05,0.070458,0.038839,0.011546,0.012512
src/3rdParty/coin/src/shadows/CMakeFiles/shadows.dir/SoShadowDirectionalLight.cpp.o,0.72,0.669775,0.645229,0.020282,4.8e-05,0.075202,0.04114,0.006784,0.011715
src/Gui/CMakeFiles/FreeCADGui.dir/Inventor/SoMouseWheelEvent.cpp.o,0.72,0.666158,0.655806,0.00585,0,0.07396,0.039194,0.002266,0.002264
src/3rdParty/coin/src/shapenodes/CMakeFiles/shapenodes.dir/SoIndexedShape.cpp.o,0.719,0.668731,0.6329,0.031093,0.000394,0.06898,0.037829,0.014338,0.015504
src/3rdParty/coin/src/shapenodes/CMakeFiles/shapenodes.dir/SoVertexShape.cpp.o,0.719,0.667483,0.640416,0.022914,0.000252,0.069536,0.038558,0.008834,0.012771
src/3rdParty/coin/src/soscxml/CMakeFiles/soscxml.dir/SoScXMLEvent.cpp.o,0.719,0.666321,0.634304,0.027668,3.8e-05,0.07049,0.04188,0.009314,0.016928
src/3rdParty/OndselSolver/OndselSolver/CMakeFiles/OndselSolver.dir/MatrixGaussElimination.cpp.o,0.719,0.668967,0.6634,0.001485,0.548687,0.117129,0.084402,0.000107,0.0001
src/3rdParty/coin/src/base/CMakeFiles/base.dir/SbBox3f.cpp.o,0.718,0.666948,0.615059,0.047437,0,0.070056,0.038351,0.02687,0.019176
src/3rdParty/coin/src/engines/CMakeFiles/engines.dir/SoComputeBoundingBox.cpp.o,0.718,0.665872,0.627243,0.034293,0,0.072258,0.037542,0.016034,0.01682
src/3rdParty/coin/src/vrml97/CMakeFiles/vrml97.dir/TextureTransform.cpp.o,0.718,0.66727,0.635476,0.027677,0.000287,0.069001,0.038396,0.010213,0.016133
src/3rdParty/coin/src/engines/CMakeFiles/engines.dir/SoEngine.cpp.o,0.717,0.670107,0.630443,0.035332,8.3e-05,0.071341,0.037841,0.017586,0.016388
src/3rdParty/coin/src/nodes/CMakeFiles/nodes.dir/SoListener.cpp.o,0.717,0.668162,0.645781,0.018361,0.000259,0.072252,0.041014,0.006736,0.010271
src/3rdParty/coin/src/nodes/CMakeFiles/nodes.dir/SoNormalBinding.cpp.o,0.717,0.670177,0.648277,0.017899,3.8e-05,0.070835,0.040052,0.006507,0.010008
src/3rdParty/OndselSolver/OndselSolver/CMakeFiles/OndselSolver.dir/ForceTorqueItem.cpp.o,0.717,0.667645,0.661794,0.001627,0.542132,0.122071,0.088635,0.000117,0.000132
src/3rdParty/coin/src/nodes/CMakeFiles/nodes.dir/SoCacheHint.cpp.o,0.716,0.664897,0.644456,0.016081,4.3e-05,0.070464,0.040009,0.005739,0.008952
src/3rdParty/coin/src/actions/CMakeFiles/actions.dir/SoLineHighlightRenderAction.cpp.o,0.715,0.666949,0.630807,0.031562,4.1e-05,0.070657,0.038924,0.012931,0.017222
src/3rdParty/coin/src/base/CMakeFiles/base.dir/SbBox3s.cpp.o,0.715,0.66378,0.6349,0.024338,3.9e-05,0.070317,0.038485,0.013745,0.009228
src/3rdParty/coin/src/vrml97/CMakeFiles/vrml97.dir/CylinderSensor.cpp.o,0.715,0.665077,0.635951,0.02476,0.000276,0.069883,0.039094,0.010425,0.013013
src/3rdParty/coin/src/nodes/CMakeFiles/nodes.dir/SoTransparencyType.cpp.o,0.714,0.663445,0.643278,0.01597,5.1e-05,0.070989,0.040074,0.005624,0.008992
src/3rdParty/coin/src/nodes/CMakeFiles/nodes.dir/SoVertexAttributeBinding.cpp.o,0.714,0.662673,0.638022,0.020342,4.1e-05,0.070162,0.039029,0.006649,0.012206
src/3rdParty/coin/src/actions/CMakeFiles/actions.dir/SoAudioRenderAction.cpp.o,0.713,0.663494,0.640282,0.019024,0.000214,0.072274,0.040347,0.00999,0.007785
src/3rdParty/coin/src/elements/CMakeFiles/elements.dir/SoViewVolumeElement.cpp.o,0.713,0.663586,0.643476,0.015703,4.3e-05,0.07388,0.039753,0.007023,0.007253
src/3rdParty/coin/src/nodes/CMakeFiles/nodes.dir/SoAntiSquish.cpp.o,0.713,0.666374,0.632095,0.030411,4.4e-05,0.07068,0.0395,0.013277,0.015838
src/3rdParty/coin/src/nodes/CMakeFiles/nodes.dir/SoMatrixTransform.cpp.o,0.713,0.663986,0.637169,0.02236,4.1e-05,0.072567,0.039291,0.009408,0.01123
src/3rdParty/coin/src/nodes/CMakeFiles/nodes.dir/SoShuttle.cpp.o,0.713,0.659835,0.633033,0.022547,4.1e-05,0.069723,0.040179,0.007689,0.013479
src/3rdParty/coin/src/vrml97/CMakeFiles/vrml97.dir/VertexShape.cpp.o,0.713,0.662103,0.629478,0.028454,0.000276,0.071791,0.039057,0.010979,0.016097
src/3rdParty/OndselSolver/OndselSolver/CMakeFiles/OndselSolver.dir/EulerParameters.cpp.o,0.713,0.667159,0.66153,0.00158,0.48355,0.180169,0.115735,0.00012,0.000126
src/3rdParty/coin/src/engines/CMakeFiles/engines.dir/SoDecomposeMatrix.cpp.o,0.712,0.661573,0.630127,0.027383,0,0.070396,0.040277,0.011352,0.014692
src/3rdParty/coin/src/fields/CMakeFiles/fields.dir/SoSFImage.cpp.o,0.712,0.662227,0.615332,0.042585,0.00032,0.073341,0.039232,0.019454,0.021603
src/3rdParty/coin/src/manips/CMakeFiles/manips.dir/SoJackManip.cpp.o,0.712,0.664299,0.641415,0.018152,0.000281,0.069984,0.037913,0.007322,0.009008
src/3rdParty/coin/src/vrml97/CMakeFiles/vrml97.dir/TouchSensor.cpp.o,0.712,0.660123,0.631817,0.023667,0.00028,0.069705,0.038496,0.009251,0.013041
src/3rdParty/coin/src/base/CMakeFiles/base.dir/SbClip.cpp.o,0.711,0.663819,0.615707,0.044001,3.2e-05,0.07285,0.038789,0.025605,0.017038
src/3rdParty/coin/src/base/CMakeFiles/base.dir/SbRotation.cpp.o,0.711,0.664207,0.61006,0.05001,0.000512,0.070912,0.040353,0.022853,0.025797
src/3rdParty/coin/src/engines/CMakeFiles/engines.dir/SoComposeRotationFromTo.cpp.o,0.711,0.658079,0.630752,0.022968,0,0.074797,0.041183,0.008349,0.013252
src/3rdParty/coin/src/nodes/CMakeFiles/nodes.dir/SoRotationXYZ.cpp.o,0.711,0.659947,0.62595,0.029514,3.9e-05,0.071993,0.038377,0.011094,0.016895
src/3rdParty/coin/src/manips/CMakeFiles/manips.dir/SoHandleBoxManip.cpp.o,0.71,0.658882,0.637635,0.015874,0.000241,0.079903,0.040936,0.006167,0.00809
src/3rdParty/coin/src/nodes/CMakeFiles/nodes.dir/SoProfile.cpp.o,0.71,0.657032,0.636423,0.016028,4.8e-05,0.071519,0.039132,0.005305,0.009292
src/3rdParty/coin/src/nodes/CMakeFiles/nodes.dir/SoTextureCoordinateDefault.cpp.o,0.71,0.65404,0.635913,0.013436,5.4e-05,0.072114,0.042241,0.004515,0.007572
src/3rdParty/coin/src/vrml97/CMakeFiles/vrml97.dir/VertexPoint.cpp.o,0.71,0.659292,0.630384,0.024607,0.000496,0.070006,0.038084,0.011491,0.011684
src/3rdParty/coin/src/elements/CMakeFiles/elements.dir/SoEnvironmentElement.cpp.o,0.708,0.657599,0.626896,0.026599,3e-05,0.083088,0.039097,0.011207,0.014148
src/3rdParty/coin/src/elements/CMakeFiles/elements.dir/SoShapeHintsElement.cpp.o,0.708,0.655993,0.62216,0.029492,3.6e-05,0.074697,0.040929,0.013687,0.014345
src/3rdParty/coin/src/engines/CMakeFiles/engines.dir/SoDecomposeVec3f.cpp.o,0.708,0.657135,0.629843,0.022919,0,0.069573,0.039189,0.009228,0.012348
src/3rdParty/coin/src/engines/CMakeFiles/engines.dir/SoTransformVec3f.cpp.o,0.708,0.656503,0.625948,0.026337,0,0.071176,0.039918,0.010706,0.014237
src/3rdParty/coin/src/fields/CMakeFiles/fields.dir/SoSFImage3.cpp.o,0.708,0.658767,0.621453,0.033376,1.7e-05,0.069208,0.037746,0.014915,0.017086
src/3rdParty/coin/src/nodes/CMakeFiles/nodes.dir/SoPendulum.cpp.o,0.708,0.656932,0.628639,0.023551,3.8e-05,0.072242,0.038073,0.008013,0.01402
src/3rdParty/coin/src/vrml97/CMakeFiles/vrml97.dir/Geometry.cpp.o,0.708,0.656986,0.63147,0.021118,0.000306,0.073319,0.039846,0.008481,0.011129
src/3rdParty/coin/src/nodes/CMakeFiles/nodes.dir/SoTranslation.cpp.o,0.707,0.656971,0.628694,0.024128,5.4e-05,0.07083,0.039766,0.009666,0.013086
src/3rdParty/coin/src/vrml97/CMakeFiles/vrml97.dir/VisibilitySensor.cpp.o,0.707,0.654048,0.62266,0.026859,0.000273,0.073081,0.039994,0.010742,0.01438
src/3rdParty/coin/src/nodes/CMakeFiles/nodes.dir/SoRotation.cpp.o,0.706,0.657058,0.631911,0.020295,3.9e-05,0.070545,0.039046,0.007261,0.011706
src/3rdParty/coin/src/elements/CMakeFiles/elements.dir/SoModelMatrixElement.cpp.o,0.705,0.654742,0.612468,0.037733,0.183067,0.071159,0.03875,0.015407,0.020882
src/3rdParty/coin/src/vrml97/CMakeFiles/vrml97.dir/MovieTexture.cpp.o,0.705,0.655706,0.634816,0.01666,0.000465,0.071794,0.044261,0.004712,0.010454
src/3rdParty/coin/src/fields/CMakeFiles/fields.dir/SoSFBox3f.cpp.o,0.704,0.651618,0.617778,0.029499,1.8e-05,0.071402,0.038575,0.014642,0.013371
src/Mod/TechDraw/Gui/CMakeFiles/TechDrawGui.dir/qrc_TechDraw.cpp.o,0.704,0.656309,0.64352,0.00609,0,0,0,0.002387,0.002469
src/3rdParty/coin/src/engines/CMakeFiles/engines.dir/SoInterpolateRotation.cpp.o,0.703,0.656695,0.629959,0.022258,0,0.073954,0.041519,0.009035,0.011845
src/3rdParty/coin/src/fields/CMakeFiles/fields.dir/SoSFBox3i32.cpp.o,0.703,0.653377,0.623446,0.025642,2.7e-05,0.071944,0.038483,0.011397,0.012789
src/3rdParty/coin/src/elements/CMakeFiles/elements.dir/SoClipPlaneElement.cpp.o,0.702,0.650753,0.612688,0.033821,0,0.074179,0.041556,0.018502,0.013933
src/3rdParty/coin/src/elements/CMakeFiles/elements.dir/SoCullElement.cpp.o,0.702,0.652032,0.606495,0.041528,0.000342,0.071877,0.039012,0.021867,0.018244
src/3rdParty/coin/src/nodes/CMakeFiles/nodes.dir/SoPickStyle.cpp.o,0.702,0.651843,0.631631,0.015912,3.9e-05,0.0705,0.039158,0.005714,0.008812
src/3rdParty/coin/src/vrml97/CMakeFiles/vrml97.dir/ProximitySensor.cpp.o,0.702,0.651644,0.617828,0.029424,0.000483,0.070573,0.037874,0.01305,0.015022
src/3rdParty/coin/src/actions/CMakeFiles/actions.dir/SoActionP.cpp.o,0.701,0.651867,0.638957,0.007793,0,0.07341,0.042412,0.002552,0.003818
src/3rdParty/coin/src/engines/CMakeFiles/engines.dir/SoInterpolateVec3f.cpp.o,0.701,0.648851,0.620581,0.023688,0,0.070838,0.041007,0.010693,0.011608
src/3rdParty/coin/src/vrml97/CMakeFiles/vrml97.dir/DragSensor.cpp.o,0.701,0.653979,0.630798,0.018736,0.000327,0.069499,0.038971,0.007031,0.010415
src/3rdParty/coin/src/vrml97/CMakeFiles/vrml97.dir/PlaneSensor.cpp.o,0.7,0.649741,0.62224,0.023652,0.000276,0.073076,0.040101,0.010915,0.011358
src/3rdParty/coin/src/actions/CMakeFiles/actions.dir/SoPickAction.cpp.o,0.699,0.651003,0.632123,0.014785,0,0.073702,0.040516,0.00547,0.007892
src/3rdParty/coin/src/nodes/CMakeFiles/nodes.dir/SoFrustumCamera.cpp.o,0.699,0.652558,0.619616,0.028853,3.9e-05,0.07021,0.038047,0.013167,0.014317
src/3rdParty/coin/src/nodes/CMakeFiles/nodes.dir/SoPerspectiveCamera.cpp.o,0.699,0.648988,0.619047,0.025064,7.6e-05,0.072089,0.037913,0.011481,0.012214
src/3rdParty/coin/src/nodes/CMakeFiles/nodes.dir/SoResetTransform.cpp.o,0.699,0.648907,0.623059,0.021736,4.2e-05,0.069287,0.0389,0.007643,0.01269
src/3rdParty/coin/src/elements/CMakeFiles/elements.dir/SoLightElement.cpp.o,0.698,0.64771,0.608206,0.035286,3.4e-05,0.072241,0.038702,0.018904,0.015022
src/3rdParty/coin/src/misc/CMakeFiles/misc.dir/SoPickedPoint.cpp.o,0.698,0.649884,0.609912,0.03589,3.7e-05,0.070059,0.038486,0.015706,0.018901
src/3rdParty/coin/src/nodes/CMakeFiles/nodes.dir/SoReversePerspectiveCamera.cpp.o,0.697,0.646507,0.629842,0.012422,7.1e-05,0.071992,0.038127,0.0044,0.006683
src/3rdParty/coin/src/nodes/CMakeFiles/nodes.dir/SoScale.cpp.o,0.697,0.64805,0.62311,0.020352,3.9e-05,0.072587,0.039559,0.007281,0.011614
src/3rdParty/coin/src/vrml97/CMakeFiles/vrml97.dir/Fog.cpp.o,0.697,0.650117,0.622296,0.023619,0.000293,0.071388,0.038658,0.008591,0.01368
src/3rdParty/coin/src/vrml97/CMakeFiles/vrml97.dir/Light.cpp.o,0.697,0.645925,0.628766,0.012842,0.000432,0.072141,0.04131,0.004154,0.007324
src/3rdParty/coin/src/vrml97/CMakeFiles/vrml97.dir/Viewpoint.cpp.o,0.697,0.644059,0.623312,0.015518,0.000467,0.070091,0.041618,0.004652,0.009531
src/3rdParty/coin/src/nodes/CMakeFiles/nodes.dir/SoRotor.cpp.o,0.696,0.648526,0.618996,0.024904,0.000364,0.078064,0.039563,0.009731,0.013677
src/3rdParty/coin/src/vrml97/CMakeFiles/vrml97.dir/VertexLine.cpp.o,0.696,0.645837,0.624947,0.016576,0.000297,0.069645,0.038299,0.006193,0.009044
src/3rdParty/coin/src/projectors/CMakeFiles/projectors.dir/SbCylinderSheetProjector.cpp.o,0.695,0.647377,0.625673,0.017661,0.000453,0.068854,0.037903,0.007833,0.008538
src/Base/CMakeFiles/FreeCADBase.dir/Tools2D.cpp.o,0.694,0.647337,0.520141,0.123138,0.451534,0.06134,0.045405,0.082393,0.039348
src/3rdParty/coin/src/elements/CMakeFiles/elements.dir/SoSpecularColorElement.cpp.o,0.694,0.642179,0.620853,0.01723,0.000591,0.073448,0.040462,0.005695,0.01003
src/3rdParty/coin/src/scxml/CMakeFiles/scxml.dir/SbStringConvert.cpp.o,0.694,0.641414,0.630875,0.006035,0,0.07068,0.03877,0.002412,0.002262
src/3rdParty/coin/src/base/CMakeFiles/base.dir/SbVec3d.cpp.o,0.693,0.64316,0.606777,0.032076,2.9e-05,0.072464,0.038863,0.016817,0.013832
src/3rdParty/coin/src/engines/CMakeFiles/engines.dir/SoDecomposeRotation.cpp.o,0.693,0.643953,0.619037,0.020332,0,0.071067,0.040693,0.008279,0.010721
src/3rdParty/coin/src/events/CMakeFiles/events.dir/SoEvent.cpp.o,0.693,0.644569,0.62287,0.017559,3.4e-05,0.073698,0.037744,0.007558,0.008598
src/3rdParty/coin/src/base/CMakeFiles/base.dir/SbVec3f.cpp.o,0.692,0.647143,0.613093,0.029949,3.3e-05,0.070219,0.036995,0.017037,0.011303
src/3rdParty/coin/src/hardcopy/CMakeFiles/hardcopy.dir/HardCopy.cpp.o,0.692,0.642771,0.634352,0.00441,0,0.069518,0.036939,0.001295,0.001795
src/3rdParty/coin/src/fields/CMakeFiles/fields.dir/SoSFPlane.cpp.o,0.691,0.640285,0.620458,0.015706,2e-05,0.070879,0.038507,0.005856,0.008447
src/Base/CMakeFiles/FreeCADBase.dir/NumericInput.cpp.o,0.688,0.64373,0.522004,0.118224,0.351414,0.088442,0.059515,0.073711,0.043028
src/3rdParty/coin/src/base/CMakeFiles/base.dir/SbByteBuffer.cpp.o,0.688,0.637854,0.59276,0.041224,0,0.072212,0.040995,0.023352,0.016584
src/3rdParty/coin/src/base/CMakeFiles/base.dir/SbVec3s.cpp.o,0.688,0.635745,0.617481,0.013947,3.3e-05,0.071422,0.038055,0.00637,0.006076
src/3rdParty/coin/src/fields/CMakeFiles/fields.dir/SoSFRotation.cpp.o,0.688,0.639055,0.617309,0.017622,1.4e-05,0.072136,0.040589,0.006393,0.009907
src/3rdParty/coin/src/projectors/CMakeFiles/projectors.dir/SbSphereSheetProjector.cpp.o,0.688,0.633669,0.610947,0.018523,3.2e-05,0.070805,0.038504,0.008943,0.008273
src/3rdParty/coin/src/vrml97/CMakeFiles/vrml97.dir/Anchor.cpp.o,0.688,0.638503,0.612832,0.020432,0.000282,0.069918,0.038575,0.008049,0.010796
src/3rdParty/coin/src/elements/CMakeFiles/elements.dir/SoLightAttenuationElement.cpp.o,0.687,0.63133,0.604949,0.021956,3.4e-05,0.073277,0.040315,0.010088,0.010467
src/3rdParty/coin/src/elements/CMakeFiles/elements.dir/SoShininessElement.cpp.o,0.687,0.637084,0.61844,0.014305,0.000516,0.073508,0.040021,0.005586,0.007265
src/3rdParty/coin/src/vrml97/CMakeFiles/vrml97.dir/OrientationInterpolator.cpp.o,0.687,0.635752,0.613553,0.01828,0.000236,0.069891,0.038216,0.007119,0.009857
src/3rdParty/OndselSolver/OndselSolver/CMakeFiles/OndselSolver.dir/SparseRow.cpp.o,0.687,0.638336,0.633042,0.001597,0.538472,0.096689,0.069795,0.000116,0.000129
src/3rdParty/coin/src/base/CMakeFiles/base.dir/SbVec4f.cpp.o,0.686,0.636028,0.620141,0.011869,0.000478,0.070248,0.03922,0.005969,0.004505
src/3rdParty/coin/src/caches/CMakeFiles/caches.dir/SoBoundingBoxCache.cpp.o,0.686,0.636249,0.619559,0.012553,0,0.070914,0.038533,0.005513,0.0057
src/3rdParty/coin/src/projectors/CMakeFiles/projectors.dir/SbProjector.cpp.o,0.686,0.640061,0.619554,0.01647,0.000365,0.072337,0.0415,0.006905,0.008271
src/3rdParty/coin/src/projectors/CMakeFiles/projectors.dir/SbPlaneProjector.cpp.o,0.685,0.635743,0.604345,0.027028,0,0.070678,0.038677,0.012034,0.013647
src/3rdParty/coin/src/vrml97/CMakeFiles/vrml97.dir/PositionInterpolator.cpp.o,0.685,0.633075,0.606917,0.021859,0.000247,0.071789,0.038221,0.009457,0.010984
src/3rdParty/OndselSolver/OndselSolver/CMakeFiles/OndselSolver.dir/LinearMultiStepMethod.cpp.o,0.685,0.634806,0.575303,0.055487,0.483537,0.084253,0.059951,0.03269,0.021407
src/3rdParty/coin/src/base/CMakeFiles/base.dir/SbColor4f.cpp.o,0.684,0.637515,0.606045,0.027245,0.548962,0.071152,0.039357,0.010452,0.015087
src/3rdParty/coin/src/projectors/CMakeFiles/projectors.dir/SbCylinderProjector.cpp.o,0.684,0.632961,0.610506,0.018337,0,0.070629,0.038847,0.007134,0.009796
src/3rdParty/coin/src/shadows/CMakeFiles/shadows.dir/SoShadowSpotLight.cpp.o,0.684,0.633485,0.616817,0.012504,4.1e-05,0.070732,0.039321,0.004012,0.00716
src/3rdParty/coin/src/elements/CMakeFiles/elements.dir/SoLightModelElement.cpp.o,0.683,0.633814,0.616783,0.012957,0.173997,0.075683,0.046788,0.005084,0.006544
src/3rdParty/coin/src/projectors/CMakeFiles/projectors.dir/SbLineProjector.cpp.o,0.683,0.626552,0.59726,0.023422,3.6e-05,0.069067,0.038194,0.010941,0.011199
src/3rdParty/coin/src/projectors/CMakeFiles/projectors.dir/SbCylinderPlaneProjector.cpp.o,0.682,0.628594,0.601142,0.023162,0.000464,0.069468,0.037423,0.010483,0.011329
src/3rdParty/coin/src/projectors/CMakeFiles/projectors.dir/SbSphereSectionProjector.cpp.o,0.682,0.629695,0.60491,0.020699,0,0.074587,0.037558,0.009571,0.009786
src/3rdParty/coin/src/actions/CMakeFiles/actions.dir/SoGetMatrixAction.cpp.o,0.681,0.632224,0.612961,0.015123,3.3e-05,0.070022,0.037519,0.005446,0.008385
src/3rdParty/coin/src/io/CMakeFiles/io.dir/SoInput_FileInfo.cpp.o,0.681,0.631634,0.451252,0.176754,7.1e-05,0.066015,0.027959,0.104538,0.070881
src/3rdParty/coin/src/elements/CMakeFiles/elements.dir/SoDiffuseColorElement.cpp.o,0.68,0.63115,0.609328,0.017276,3.1e-05,0.076442,0.040716,0.006587,0.009207
src/3rdParty/coin/src/projectors/CMakeFiles/projectors.dir/SbCylinderSectionProjector.cpp.o,0.679,0.62964,0.601659,0.023833,0.000487,0.069866,0.037931,0.010875,0.011591
src/3rdParty/coin/src/vrml97/CMakeFiles/vrml97.dir/ColorInterpolator.cpp.o,0.679,0.628778,0.604052,0.020262,0.000243,0.069023,0.037755,0.009321,0.009674
src/3rdParty/coin/src/elements/CMakeFiles/elements.dir/SoListenerPositionElement.cpp.o,0.678,0.627494,0.607893,0.015552,0.000327,0.070488,0.03766,0.007223,0.007126
src/Base/CMakeFiles/FreeCADBase.dir/BindingManager.cpp.o,0.677,0.625594,0.56583,0.055628,0.494874,0.073741,0.075458,0.04145,0.012835
src/3rdParty/coin/src/fields/CMakeFiles/fields.dir/SoSFColor.cpp.o,0.677,0.62686,0.601291,0.02052,1.8e-05,0.071081,0.039481,0.008485,0.010547
src/3rdParty/coin/src/projectors/CMakeFiles/projectors.dir/SbSpherePlaneProjector.cpp.o,0.677,0.630961,0.60791,0.018903,0,0.071241,0.039216,0.008904,0.00863
src/3rdParty/coin/src/base/CMakeFiles/base.dir/SbPlane.cpp.o,0.676,0.626232,0.597597,0.024462,0.018878,0.068303,0.037883,0.011762,0.011383
src/3rdParty/coin/src/elements/CMakeFiles/elements.dir/SoAmbientColorElement.cpp.o,0.676,0.627878,0.611049,0.012433,0.000357,0.072193,0.039531,0.004757,0.006275
src/3rdParty/coin/src/elements/CMakeFiles/elements.dir/SoProfileCoordinateElement.cpp.o,0.676,0.625442,0.599409,0.021805,3.5e-05,0.072831,0.038391,0.00957,0.010846
src/3rdParty/coin/src/elements/CMakeFiles/elements.dir/SoListenerDopplerElement.cpp.o,0.676,0.625887,0.604297,0.017561,0.000316,0.070608,0.03851,0.008,0.008297
src/3rdParty/coin/src/base/CMakeFiles/base.dir/SbVec3ui32.cpp.o,0.675,0.62176,0.610048,0.007432,0,0.070912,0.038549,0.002978,0.003103
src/3rdParty/coin/src/events/CMakeFiles/events.dir/SoMotion3Event.cpp.o,0.675,0.626153,0.611854,0.01012,3.6e-05,0.071304,0.03998,0.003664,0.005131
src/3rdParty/coin/src/fields/CMakeFiles/fields.dir/SoSFBox3s.cpp.o,0.673,0.622525,0.592719,0.025312,1.7e-05,0.070007,0.036512,0.011205,0.012602
src/3rdParty/coin/src/fields/CMakeFiles/fields.dir/SoSFColorRGBA.cpp.o,0.672,0.622602,0.599849,0.018716,1.8e-05,0.070513,0.038836,0.007038,0.010257
src/3rdParty/coin/src/misc/CMakeFiles/misc.dir/SoInteraction.cpp.o,0.672,0.626154,0.618199,0.003596,0.000222,0.070682,0.037866,0.001055,0.001358
src/3rdParty/coin/src/caches/CMakeFiles/caches.dir/SoGlyphCache.cpp.o,0.671,0.625206,0.59307,0.027879,0.000903,0.070867,0.038089,0.015978,0.010576
src/3rdParty/coin/src/elements/CMakeFiles/elements.dir/SoCoordinateElement.cpp.o,0.671,0.622317,0.593795,0.024517,2.8e-05,0.069918,0.036988,0.010516,0.012692
src/3rdParty/coin/src/elements/CMakeFiles/elements.dir/SoPickRayElement.cpp.o,0.671,0.621669,0.601739,0.015572,0,0.070692,0.03859,0.006918,0.007352
src/3rdParty/coin/src/projectors/CMakeFiles/projectors.dir/SbSphereProjector.cpp.o,0.671,0.622624,0.601218,0.017117,0,0.069532,0.037254,0.007021,0.00872
src/3rdParty/coin/src/base/CMakeFiles/base.dir/SbVec3b.cpp.o,0.67,0.619904,0.608999,0.006689,0,0.069445,0.038506,0.002857,0.002548
src/3rdParty/coin/src/elements/CMakeFiles/elements.dir/SoTransparencyElement.cpp.o,0.669,0.617016,0.597852,0.014769,3.7e-05,0.072178,0.037208,0.005689,0.007731
src/3rdParty/coin/src/caches/CMakeFiles/caches.dir/SoTextureCoordinateCache.cpp.o,0.668,0.617889,0.58875,0.025021,0.001869,0.069351,0.036739,0.015974,0.007736
src/3rdParty/coin/src/fields/CMakeFiles/fields.dir/SoSFVec3s.cpp.o,0.668,0.621104,0.597375,0.019731,1.7e-05,0.069599,0.038056,0.008326,0.010002
src/3rdParty/coin/src/bundles/CMakeFiles/bundles.dir/SoNormalBundle.cpp.o,0.667,0.620677,0.602023,0.013542,2.6e-05,0.068733,0.040496,0.00491,0.007281
src/3rdParty/coin/src/elements/CMakeFiles/elements.dir/SoEmissiveColorElement.cpp.o,0.667,0.623026,0.606357,0.01296,0.000319,0.070596,0.04083,0.005087,0.006542
src/3rdParty/coin/src/lists/CMakeFiles/lists.dir/SbVec3fList.cpp.o,0.666,0.615759,0.605875,0.005427,0,0.072436,0.040673,0.002969,0.001318
src/3rdParty/coin/src/elements/CMakeFiles/elements.dir/SoListenerOrientationElement.cpp.o,0.665,0.618655,0.598041,0.016649,0.000322,0.069407,0.038178,0.007375,0.007918
src/3rdParty/coin/src/fields/CMakeFiles/fields.dir/SoSFVec3f.cpp.o,0.663,0.615653,0.592736,0.018328,1.7e-05,0.069561,0.037418,0.007806,0.009167
src/3rdParty/coin/src/elements/CMakeFiles/elements.dir/SoNormalElement.cpp.o,0.66,0.612025,0.591217,0.016615,2.8e-05,0.06961,0.037744,0.007332,0.007948
src/3rdParty/coin/src/base/CMakeFiles/base.dir/SbSphere.cpp.o,0.659,0.612758,0.592021,0.016548,0.005103,0.070087,0.038506,0.008381,0.006829
src/3rdParty/coin/src/base/CMakeFiles/base.dir/SbVec3ub.cpp.o,0.657,0.610408,0.599537,0.006636,0,0.069746,0.037894,0.002647,0.002569
src/3rdParty/coin/src/manips/CMakeFiles/manips.dir/SoCenterballManip.cpp.o,0.657,0.613192,0.594381,0.014679,0.000379,0.067724,0.035657,0.005429,0.007864
src/Mod/Spreadsheet/Gui/CMakeFiles/SpreadsheetGui.dir/qrc_Spreadsheet_translation.cpp.o,0.657,0.607962,0.594853,0.006455,0,0,0,0.002536,0.002667
src/3rdParty/coin/src/base/CMakeFiles/base.dir/SbVec3i32.cpp.o,0.656,0.608404,0.596482,0.0079,0,0.070288,0.037462,0.003528,0.002993
src/3rdParty/coin/src/misc/CMakeFiles/misc.dir/SoPrimitiveVertex.cpp.o,0.648,0.600704,0.589298,0.006812,0,0.071478,0.038563,0.002971,0.002455
src/3rdParty/coin/src/base/CMakeFiles/base.dir/SbLine.cpp.o,0.647,0.599689,0.582408,0.013285,0.00479,0.068498,0.036226,0.006405,0.005556
src/3rdParty/coin/src/base/CMakeFiles/base.dir/SbColor.cpp.o,0.645,0.596946,0.576504,0.016627,0,0.068019,0.037294,0.007616,0.007598
src/3rdParty/coin/src/base/CMakeFiles/base.dir/SbVec3us.cpp.o,0.644,0.595678,0.584845,0.006901,0,0.06737,0.037114,0.00282,0.00281
src/3rdParty/OndselSolver/OndselSolver/CMakeFiles/OndselSolver.dir/FullMatrix.cpp.o,0.644,0.59591,0.590063,0.001675,0.509537,0.083784,0.062475,0.000111,0.000191
src/Gui/CMakeFiles/FreeCADGui.dir/WorkbenchManipulator.cpp.o,0.638,0.586167,0.530971,0.051302,0.468706,0.063487,0.049679,0.036185,0.013818
src/3rdParty/coin/src/profiler/CMakeFiles/profiler.dir/SoProfilingReportGenerator.cpp.o,0.628,0.5807,0.421602,0.155582,0.137783,0.032152,0.027895,0.084186,0.069991
src/3rdParty/coin/src/base/CMakeFiles/base.dir/SbCylinder.cpp.o,0.627,0.583785,0.562736,0.01714,0.004778,0.067503,0.036891,0.007863,0.007976
src/3rdParty/OndselSolver/OndselSolver/CMakeFiles/OndselSolver.dir/DiagonalMatrix.cpp.o,0.626,0.575642,0.570334,0.001513,0.486349,0.086237,0.058532,0.000118,0.000125
src/3rdParty/OndselSolver/OndselSolver/CMakeFiles/OndselSolver.dir/EulerAnglesDot.cpp.o,0.626,0.575731,0.569441,0.001718,0.483597,0.087963,0.058948,0.000124,0.000164
src/3rdParty/OndselSolver/OndselSolver/CMakeFiles/OndselSolver.dir/EulerAngleszxz.cpp.o,0.619,0.567617,0.561936,0.001612,0.485352,0.078956,0.054182,0.000108,0.000149
src/Mod/Robot/App/CMakeFiles/Robot.dir/kdl_cp/chain.cpp.o,0.617,0.571995,0.517256,0.05115,0.450474,0.079892,0.056942,0.039281,0.010462
src/3rdParty/OndselSolver/OndselSolver/CMakeFiles/OndselSolver.dir/EulerAnglesDDot.cpp.o,0.607,0.557723,0.552049,0.001675,0.472143,0.082094,0.05818,0.000119,0.000148
src/Mod/Robot/App/CMakeFiles/Robot.dir/kdl_cp/segment.cpp.o,0.604,0.555517,0.494702,0.057277,0.438664,0.068809,0.048695,0.037055,0.0189
src/3rdParty/OndselSolver/OndselSolver/CMakeFiles/OndselSolver.dir/EulerAngleszxzDDot.cpp.o,0.6,0.551746,0.546277,0.001579,0.470218,0.078382,0.056249,0.000112,0.000139
src/3rdParty/coin/src/scxml/CMakeFiles/scxml.dir/ScXMLOnEntryElt.cpp.o,0.597,0.549094,0.484936,0.060355,0.194555,0.043287,0.032606,0.04091,0.017964
src/Mod/CAM/PathSimulator/AppGL/CMakeFiles/CAMSimulator.dir/GCodeParser.cpp.o,0.595,0.544895,0.481388,0.059518,0.416084,0.072944,0.05339,0.039975,0.018224
src/3rdParty/OndselSolver/OndselSolver/CMakeFiles/OndselSolver.dir/EulerAngleszxzDot.cpp.o,0.593,0.542502,0.536917,0.001648,0.459993,0.079202,0.051381,0.0001,0.00014
src/Mod/Sketcher/App/CMakeFiles/Sketcher.dir/GeoEnum.cpp.o,0.588,0.534669,0.472707,0.058185,0.433452,0.052952,0.065692,0.039876,0.016882
src/Mod/Material/Gui/CMakeFiles/MatGui.dir/qrc_Material_translation.cpp.o,0.581,0.52776,0.513802,0.007109,0,0,0,0.002653,0.003088
src/3rdParty/coin/src/scxml/CMakeFiles/scxml.dir/ScXMLP.cpp.o,0.58,0.532169,0.426482,0.10259,0.004908,0.062512,0.03553,0.073669,0.027569
src/3rdParty/coin/src/scxml/CMakeFiles/scxml.dir/ScXMLOnExitElt.cpp.o,0.579,0.53067,0.473519,0.053253,0.203243,0.038406,0.031328,0.035204,0.016626
src/3rdParty/coin/src/scxml/CMakeFiles/scxml.dir/ScXMLDataModelElt.cpp.o,0.578,0.526871,0.46624,0.056864,0.128608,0.040336,0.0316,0.034624,0.020844
src/3rdParty/OndselSolver/OndselSolver/CMakeFiles/OndselSolver.dir/FullRow.cpp.o,0.578,0.53114,0.525321,0.001588,0.461979,0.065999,0.039001,9.3e-05,0.00011
src/3rdParty/OndselSolver/OndselSolver/CMakeFiles/OndselSolver.dir/SparseVector.cpp.o,0.567,0.516262,0.510319,0.001653,0.439507,0.072612,0.050905,0.000132,0.000132
src/3rdParty/coin/src/scxml/CMakeFiles/scxml.dir/ScXMLAbstractStateElt.cpp.o,0.564,0.513971,0.494199,0.01631,0.000459,0.028683,0.0259,0.00769,0.007265
src/Gui/CMakeFiles/FreeCADGui.dir/StyleParameters/ColorShading.cpp.o,0.564,0.512421,0.49324,0.014182,0.432106,0.068237,0.032464,0.008068,0.004439
src/3rdParty/OndselSolver/OndselSolver/CMakeFiles/OndselSolver.dir/FullColumn.cpp.o,0.563,0.514702,0.509376,0.001796,0.44974,0.061356,0.04005,0.000152,0.000161
src/Base/CMakeFiles/FreeCADBase.dir/OkLch.cpp.o,0.56,0.51017,0.487574,0.018995,0.433294,0.064978,0.029525,0.009823,0.007815
src/3rdParty/OndselSolver/OndselSolver/CMakeFiles/OndselSolver.dir/EulerArray.cpp.o,0.56,0.510892,0.505136,0.001604,0.445366,0.061949,0.039816,9.7e-05,0.000148
src/3rdParty/OndselSolver/OndselSolver/CMakeFiles/OndselSolver.dir/SingularMatrixError.cpp.o,0.56,0.512673,0.507067,0.001716,0.446269,0.063119,0.045853,0.000122,0.000155
src/3rdParty/coin/src/io/CMakeFiles/io.dir/SoOutput.cpp.o,0.559,0.516913,0.269009,0.245152,0.004896,0.025207,0.002949,0.128712,0.115171
src/3rdParty/coin/src/base/CMakeFiles/base.dir/SbDPMatrix.cpp.o,0.555,0.505973,0.267466,0.23581,0.001391,0.021218,0.002425,0.150843,0.08364
src/3rdParty/OndselSolver/OndselSolver/CMakeFiles/OndselSolver.dir/SparseColumn.cpp.o,0.55,0.505404,0.499702,0.001826,0.431668,0.07014,0.048795,0.000114,0.000169
src/3rdParty/coin/src/misc/CMakeFiles/misc.dir/SoProto.cpp.o,0.543,0.495217,0.298819,0.193195,0.003837,0.024911,0.003661,0.099607,0.092069
src/3rdParty/coin/src/scxml/CMakeFiles/scxml.dir/ScXMLParamElt.cpp.o,0.542,0.49045,0.460768,0.025039,0.000548,0.02797,0.025792,0.010905,0.012682
src/3rdParty/coin/src/scxml/CMakeFiles/scxml.dir/ScXMLLogElt.cpp.o,0.541,0.490549,0.448027,0.038217,0.000446,0.026787,0.024753,0.01823,0.018595
src/3rdParty/coin/src/scxml/CMakeFiles/scxml.dir/ScXMLAnchorElt.cpp.o,0.541,0.488092,0.460631,0.023877,0.000466,0.028001,0.02601,0.010353,0.012111
src/3rdParty/coin/src/scxml/CMakeFiles/scxml.dir/ScXMLValidateElt.cpp.o,0.536,0.487018,0.455348,0.027923,0.000432,0.030057,0.026807,0.01397,0.012607
src/3rdParty/OndselSolver/OndselSolver/CMakeFiles/OndselSolver.dir/Array.cpp.o,0.535,0.487138,0.479437,0.002087,0.434455,0.047271,0.029623,0.000133,0.000157
src/3rdParty/coin/src/scxml/CMakeFiles/scxml.dir/ScXMLElseElt.cpp.o,0.532,0.482195,0.46227,0.016409,0.000517,0.027427,0.026557,0.007528,0.007535
src/Base/CMakeFiles/FreeCADBase.dir/ViewProj.cpp.o,0.53,0.485338,0.434847,0.047025,0.376219,0.067621,0.03112,0.023696,0.021986
src/3rdParty/coin/src/io/CMakeFiles/io.dir/SoInputP.cpp.o,0.526,0.476837,0.451182,0.022225,0.000241,0.063645,0.029768,0.010963,0.009958
src/3rdParty/coin/src/misc/CMakeFiles/misc.dir/SoBase.cpp.o,0.526,0.479074,0.293018,0.182894,0.000109,0.027295,0.00381,0.105328,0.076234
src/3rdParty/coin/src/scxml/CMakeFiles/scxml.dir/ScXMLEventElt.cpp.o,0.525,0.474679,0.448587,0.022527,0.000447,0.025931,0.025305,0.009735,0.011577
src/Mod/Robot/App/CMakeFiles/Robot.dir/kdl_cp/joint.cpp.o,0.524,0.481709,0.428995,0.049234,0.372146,0.064321,0.028005,0.030671,0.017207
src/3rdParty/coin/src/fields/CMakeFiles/fields.dir/SoFieldData.cpp.o,0.523,0.476393,0.281994,0.191572,0.001058,0.02425,0.00312,0.102971,0.087236
src/3rdParty/OndselSolver/OndselSolver/CMakeFiles/OndselSolver.dir/FullVector.cpp.o,0.523,0.475696,0.470408,0.00165,0.425789,0.046835,0.028941,0.000129,0.00014
src/3rdParty/coin/src/scxml/CMakeFiles/scxml.dir/ScXMLElseIfElt.cpp.o,0.522,0.477212,0.45244,0.021199,0.000456,0.025466,0.024904,0.009515,0.010353
src/3rdParty/OndselSolver/OndselSolver/CMakeFiles/OndselSolver.dir/RowTypeMatrix.cpp.o,0.518,0.466443,0.460921,0.001712,0.417125,0.045934,0.027932,0.000139,0.000148
src/3rdParty/coin/src/scxml/CMakeFiles/scxml.dir/ScXMLFinalizeElt.cpp.o,0.512,0.459187,0.438756,0.016284,0.000441,0.026234,0.025028,0.007346,0.007601
src/Base/CMakeFiles/FreeCADBase.dir/ServiceProvider.cpp.o,0.511,0.463945,0.428554,0.031976,0.391835,0.046672,0.039351,0.021528,0.009101
src/3rdParty/coin/src/scxml/CMakeFiles/scxml.dir/ScXMLDataElt.cpp.o,0.509,0.462942,0.432824,0.026679,0.124393,0.025906,0.02391,0.011643,0.013688
src/3rdParty/coin/src/scxml/CMakeFiles/scxml.dir/ScXMLContentElt.cpp.o,0.507,0.458409,0.440084,0.014811,0.000767,0.025797,0.02506,0.006677,0.006977
src/3rdParty/coin/src/rendering/CMakeFiles/rendering.dir/SoVertexArrayIndexer.cpp.o,0.505,0.458883,0.338724,0.116805,0.010837,0.023554,0.002902,0.060673,0.05473
src/3rdParty/coin/src/xml/CMakeFiles/xml.dir/element.cpp.o,0.499,0.455197,0.259054,0.19317,0.004337,0.02288,0.00264,0.102717,0.089144
src/3rdParty/coin/src/nodekits/CMakeFiles/nodekits.dir/SoNodekitCatalog.cpp.o,0.493,0.441422,0.280002,0.158056,0.000256,0.024107,0.003024,0.085737,0.070677
src/3rdParty/coin/src/scxml/CMakeFiles/scxml.dir/ScXMLElt.cpp.o,0.487,0.439536,0.376822,0.059569,0.095326,0.049801,0.021701,0.039351,0.018906
src/Base/CMakeFiles/FreeCADBase.dir/Translation.cpp.o,0.482,0.436603,0.414356,0.018531,0.376101,0.050607,0.055089,0.013102,0.0041
src/3rdParty/coin/src/fonts/CMakeFiles/fonts.dir/freetype.cpp.o,0.481,0.436505,0.357902,0.075429,0.185639,0.021597,0.00262,0.035755,0.038387
src/3rdParty/coin/src/events/CMakeFiles/events.dir/SoKeyboardEvent.cpp.o,0.475,0.431411,0.258342,0.170076,0.009833,0.023571,0.002652,0.098471,0.070215
src/3rdParty/coin/src/scxml/CMakeFiles/scxml.dir/ScXMLEvent.cpp.o,0.475,0.427722,0.35934,0.06515,0.088678,0.042465,0.018038,0.043027,0.020834
src/3rdParty/coin/src/shaders/CMakeFiles/shaders.dir/SoGLSLShaderProgram.cpp.o,0.472,0.423724,0.332173,0.088314,0,0.024224,0.002938,0.055021,0.032013
src/App/CMakeFiles/FreeCADApp.dir/Path.cpp.o,0.471,0.422742,0.40676,0.011882,0.369912,0.052276,0.055931,0.008031,0.002569
src/Base/CMakeFiles/FreeCADBase.dir/Axis.cpp.o,0.462,0.415034,0.403688,0.008151,0.353586,0.062194,0.028882,0.002551,0.004319
src/3rdParty/coin/src/misc/CMakeFiles/misc.dir/SoContextHandler.cpp.o,0.457,0.40824,0.338955,0.066192,0.013023,0.024148,0.003029,0.04109,0.023876
src/3rdParty/coin/src/elements/GL/CMakeFiles/glelements.dir/SoGLCacheContextElement.cpp.o,0.456,0.410539,0.330596,0.076319,0.181883,0.022883,0.002956,0.041452,0.033556
src/3rdParty/coin/src/vrml97/CMakeFiles/vrml97.dir/AudioClip.cpp.o,0.453,0.404056,0.290922,0.110078,0.000408,0.022508,0.003222,0.053204,0.055605
src/3rdParty/coin/src/elements/CMakeFiles/elements.dir/SoVertexAttributeElement.cpp.o,0.449,0.399726,0.342093,0.053923,0.002755,0.023875,0.003163,0.030538,0.022086
src/3rdParty/coin/src/io/CMakeFiles/io.dir/SoWriterefCounter.cpp.o,0.445,0.400771,0.275,0.123126,0.01094,0.024969,0.002893,0.071745,0.05009
src/3rdParty/coin/src/sensors/CMakeFiles/sensors.dir/SoSensorManager.cpp.o,0.443,0.399739,0.262687,0.134213,0.013647,0.024955,0.003214,0.079359,0.053601
src/3rdParty/coin/src/shaders/CMakeFiles/shaders.dir/SoGLShaderProgram.cpp.o,0.442,0.390705,0.346506,0.040759,3.4e-05,0.022577,0.003315,0.019735,0.019721
src/3rdParty/coin/src/misc/CMakeFiles/misc.dir/SoPath.cpp.o,0.44,0.39886,0.259568,0.136528,0.000625,0.022284,0.003127,0.072679,0.062545
src/Mod/PartDesign/Gui/CMakeFiles/PartDesignGui.dir/qrc_PartDesign.cpp.o,0.436,0.388137,0.377323,0.006384,0,0,0,0.002441,0.002662
src/Mod/Assembly/Gui/CMakeFiles/AssemblyGui.dir/qrc_Assembly.cpp.o,0.435,0.386975,0.37584,0.006663,0,0,0,0.002522,0.002839
src/3rdParty/coin/src/glue/CMakeFiles/glue.dir/gl_glx.cpp.o,0.434,0.384822,0.332866,0.04491,0.011361,0.02143,0.002879,0.021188,0.022456
src/3rdParty/coin/src/shaders/CMakeFiles/shaders.dir/SoGLShaderProgramElement.cpp.o,0.429,0.379544,0.329944,0.046247,2.7e-05,0.023845,0.002789,0.024803,0.020059
src/3rdParty/coin/src/vrml97/CMakeFiles/vrml97.dir/Script.cpp.o,0.428,0.383875,0.262704,0.118336,0.000434,0.021783,0.003077,0.05537,0.061449
src/3rdParty/coin/src/nodes/CMakeFiles/nodes.dir/SoAnnotation.cpp.o,0.427,0.377586,0.359459,0.014797,0.000256,0.022024,0.003829,0.005536,0.007917
src/3rdParty/coin/src/3ds/CMakeFiles/3ds.dir/SoStream.cpp.o,0.422,0.373886,0.260862,0.11028,0.000436,0.0215,0.002564,0.051092,0.0578
src/Mod/Robot/Gui/CMakeFiles/RobotGui.dir/qrc_Robot_translation.cpp.o,0.422,0.3744,0.363429,0.00646,0,0,0,0.002581,0.002612
src/3rdParty/OndselSolver/OndselSolver/CMakeFiles/OndselSolver.dir/Numeric.cpp.o,0.421,0.370836,0.361845,0.005856,0.1601,0.048625,0.021261,0.00187,0.002528
src/Mod/Points/Gui/CMakeFiles/PointsGui.dir/qrc_Points_translation.cpp.o,0.421,0.372189,0.361344,0.006107,0,0,0,0.002209,0.002609
src/3rdParty/coin/src/nodes/CMakeFiles/nodes.dir/SoDepthBuffer.cpp.o,0.418,0.370216,0.346733,0.020143,5.8e-05,0.023977,0.002856,0.008668,0.010075
src/3rdParty/coin/src/elements/GL/CMakeFiles/glelements.dir/SoGLVBOElement.cpp.o,0.417,0.367349,0.325514,0.038435,0.000915,0.0218,0.002633,0.019021,0.018064
src/3rdParty/coin/src/shaders/CMakeFiles/shaders.dir/SoShaderProgram.cpp.o,0.417,0.364784,0.340039,0.021562,0.000391,0.021023,0.003029,0.008872,0.011412
src/3rdParty/coin/src/elements/GL/CMakeFiles/glelements.dir/SoGLMultiTextureMatrixElement.cpp.o,0.415,0.365224,0.345621,0.016441,0.000259,0.022256,0.002831,0.006264,0.008885
src/3rdParty/coin/src/shadows/CMakeFiles/shadows.dir/SoShadowStyle.cpp.o,0.415,0.365984,0.347665,0.014759,3.8e-05,0.022299,0.003093,0.00539,0.008087
src/3rdParty/coin/src/shadows/CMakeFiles/shadows.dir/SoShadowCulling.cpp.o,0.414,0.3658,0.347715,0.014289,4.1e-05,0.021434,0.003277,0.005222,0.007794
src/3rdParty/coin/src/rendering/CMakeFiles/rendering.dir/CoinOffscreenGLCanvas.cpp.o,0.413,0.367398,0.318727,0.045414,0.000285,0.022138,0.002351,0.023857,0.020114
src/Base/CMakeFiles/FreeCADBase.dir/__/3rdParty/PyCXX/CXX/IndirectPythonInterface.cxx.o,0.408,0.360339,0.319833,0.037217,0.292207,0.022381,0.002949,0.013681,0.022103
src/Base/CMakeFiles/FreeCADBase.dir/Base64.cpp.o,0.408,0.361064,0.33217,0.025292,0.29449,0.048871,0.034179,0.014066,0.009822
src/3rdParty/coin/src/shaders/CMakeFiles/shaders.dir/SoGeometryShader.cpp.o,0.408,0.362586,0.340098,0.019015,3.9e-05,0.020885,0.002952,0.006957,0.010767
src/Base/CMakeFiles/FreeCADBase.dir/NumericInputLocale.cpp.o,0.406,0.361558,0.345087,0.013244,0.31245,0.042768,0.032618,0.007092,0.004852
src/3rdParty/coin/src/glue/CMakeFiles/glue.dir/dl.cpp.o,0.406,0.358267,0.331838,0.02305,0.015124,0.020934,0.002457,0.010328,0.011492
src/3rdParty/coin/src/misc/CMakeFiles/misc.dir/SoState.cpp.o,0.406,0.358108,0.314619,0.04037,0.001164,0.02222,0.002571,0.02362,0.01503
src/3rdParty/coin/src/shaders/CMakeFiles/shaders.dir/SoGLSLShaderParameter.cpp.o,0.406,0.356112,0.321839,0.030867,0,0.021409,0.002606,0.011958,0.017599
src/3rdParty/coin/src/scxml/CMakeFiles/scxml.dir/ScXMLObject.cpp.o,0.404,0.354766,0.331899,0.019667,0.093607,0.026501,0.010493,0.011428,0.006854
src/3rdParty/FastSignals/libfastsignals/CMakeFiles/libfastsignals.dir/src/function_detail.cpp.o,0.403,0.359932,0.338064,0.018395,0.333312,0.007288,0.040417,0.007838,0.009161
src/3rdParty/coin/src/caches/CMakeFiles/caches.dir/SoVBOCache.cpp.o,0.403,0.354781,0.31919,0.029363,0,0.023191,0.002862,0.016883,0.011063
src/Mod/Start/Gui/CMakeFiles/StartGui.dir/qrc_Start_translation.cpp.o,0.403,0.354378,0.34427,0.005854,0,0,0,0.002134,0.002411
src/3rdParty/coin/src/elements/GL/CMakeFiles/glelements.dir/SoGLViewingMatrixElement.cpp.o,0.402,0.355254,0.328986,0.022826,0.188277,0.021868,0.002724,0.007402,0.014022
src/3rdParty/coin/src/fields/CMakeFiles/fields.dir/SoMFPath.cpp.o,0.401,0.351263,0.267816,0.079639,0.000479,0.023172,0.003059,0.043673,0.034577
src/3rdParty/coin/src/glue/CMakeFiles/glue.dir/gl_egl.cpp.o,0.4,0.355878,0.310358,0.042557,0.000869,0.02122,0.002707,0.021147,0.020166
src/3rdParty/coin/src/scxml/CMakeFiles/scxml.dir/eval-minimum.cpp.o,0.4,0.354423,0.265636,0.085638,0.01157,0.024542,0.003015,0.049094,0.03524
src/3rdParty/coin/src/fields/CMakeFiles/fields.dir/SoMFNode.cpp.o,0.398,0.352081,0.283212,0.065762,1.2e-05,0.024719,0.002885,0.033991,0.030394
src/3rdParty/coin/src/glue/CMakeFiles/glue.dir/normalization_cubemap.cpp.o,0.398,0.351683,0.293603,0.055002,0.00023,0.021157,0.002485,0.019799,0.033822
src/3rdParty/coin/src/profiler/CMakeFiles/profiler.dir/SoProfilerTopEngine.cpp.o,0.398,0.350273,0.273961,0.073212,0,0.021404,0.002899,0.03454,0.037339
src/3rdParty/coin/src/elements/GL/CMakeFiles/glelements.dir/SoGLUpdateAreaElement.cpp.o,0.394,0.346253,0.314483,0.02826,0.00022,0.024206,0.002745,0.01226,0.014665
src/3rdParty/coin/src/shaders/CMakeFiles/shaders.dir/SoGLCgShaderParameter.cpp.o,0.394,0.345733,0.314874,0.027514,0.000184,0.021246,0.002425,0.011604,0.014569
src/3rdParty/coin/src/elements/GL/CMakeFiles/glelements.dir/SoGLMultiTextureEnabledElement.cpp.o,0.393,0.342554,0.321741,0.017653,0.000405,0.021021,0.002721,0.007171,0.009191
src/3rdParty/OndselSolver/OndselSolver/CMakeFiles/OndselSolver.dir/Solver.cpp.o,0.392,0.344619,0.313828,0.027623,0.286691,0.025087,0.023691,0.014601,0.011762
src/3rdParty/coin/src/vrml97/CMakeFiles/vrml97.dir/Parent.cpp.o,0.391,0.343609,0.269644,0.071269,0.000278,0.023257,0.003348,0.033065,0.036593
src/3rdParty/coin/src/shaders/CMakeFiles/shaders.dir/SoFragmentShader.cpp.o,0.388,0.341767,0.325913,0.012733,3.7e-05,0.021311,0.002655,0.004312,0.00713
src/3rdParty/coin/src/misc/CMakeFiles/misc.dir/SoGlyph.cpp.o,0.386,0.34147,0.27382,0.064786,0.001214,0.022234,0.002507,0.034303,0.02917
src/3rdParty/coin/src/elements/CMakeFiles/elements.dir/SoMultiTextureEnabledElement.cpp.o,0.385,0.339224,0.244827,0.09117,0.000909,0.023521,0.002734,0.051307,0.03847
src/3rdParty/coin/src/shaders/CMakeFiles/shaders.dir/SoVertexShader.cpp.o,0.385,0.337094,0.320998,0.012726,3.7e-05,0.021501,0.002587,0.0044,0.007063
src/3rdParty/OndselSolver/OndselSolver/CMakeFiles/OndselSolver.dir/BasicQuasiIntegrator.cpp.o,0.385,0.339006,0.318854,0.016974,0.291264,0.026914,0.025759,0.008937,0.006795
src/3rdParty/coin/src/nodekits/CMakeFiles/nodekits.dir/SoNodeKitPath.cpp.o,0.383,0.328594,0.2795,0.045523,0.000231,0.022756,0.003236,0.021263,0.022874
src/3rdParty/coin/src/soscxml/CMakeFiles/soscxml.dir/eval-coin.cpp.o,0.382,0.335806,0.247976,0.085069,0.010924,0.02157,0.00263,0.048369,0.035283
src/3rdParty/coin/src/elements/CMakeFiles/elements.dir/SoOverrideElement.cpp.o,0.381,0.334126,0.245893,0.085442,2.7e-05,0.021223,0.002645,0.035924,0.04816
src/Mod/Part/Gui/CMakeFiles/PartGui.dir/qrc_Part.cpp.o,0.38,0.334991,0.324854,0.006225,0,0,0,0.00241,0.002578
src/Base/CMakeFiles/FreeCADBase.dir/__/3rdParty/zipios++/filepath.cpp.o,0.379,0.331759,0.308754,0.019323,0.27312,0.046232,0.027802,0.014339,0.003749
src/Gui/CMakeFiles/FreeCADGui.dir/SoFCInteractiveElement.cpp.o,0.379,0.326098,0.275685,0.047265,0.031792,0.022243,0.00338,0.01613,0.029745
src/3rdParty/coin/src/glue/CMakeFiles/glue.dir/GLUWrapper.cpp.o,0.378,0.333579,0.306138,0.024423,0.187496,0.020742,0.002546,0.011816,0.011372
src/App/CMakeFiles/FreeCADApp.dir/CleanupProcess.cpp.o,0.378,0.332561,0.308581,0.020946,0.293805,0.013726,0.041682,0.015787,0.003826
src/3rdParty/coin/src/CMakeFiles/Coin.dir/tidbits.cpp.o,0.377,0.331599,0.266809,0.061573,0.014016,0.021614,0.002522,0.030179,0.030148
src/3rdParty/coin/src/fields/CMakeFiles/fields.dir/SoMFEngine.cpp.o,0.376,0.326195,0.265137,0.05797,1.2e-05,0.025285,0.003114,0.028967,0.027484
src/3rdParty/coin/src/elements/GL/CMakeFiles/glelements.dir/SoGLLightIdElement.cpp.o,0.375,0.328871,0.309232,0.016586,0.000251,0.022761,0.002411,0.006304,0.009003
src/3rdParty/coin/src/base/CMakeFiles/base.dir/SbXfBox3d.cpp.o,0.373,0.32774,0.245907,0.078952,0,0.020976,0.002418,0.039353,0.038275
src/3rdParty/coin/src/misc/CMakeFiles/misc.dir/SoDebug.cpp.o,0.373,0.323225,0.275373,0.045151,0.016722,0.022867,0.003024,0.026681,0.017211
src/3rdParty/coin/src/nodekits/CMakeFiles/nodekits.dir/SoSceneKit.cpp.o,0.373,0.323713,0.293233,0.027452,0.000312,0.027208,0.003262,0.007932,0.018147
src/3rdParty/coin/src/fields/CMakeFiles/fields.dir/SoMFName.cpp.o,0.372,0.322672,0.263549,0.056203,4.8e-05,0.023925,0.00267,0.027264,0.027427
src/3rdParty/coin/src/elements/GL/CMakeFiles/glelements.dir/SoGLPolygonOffsetElement.cpp.o,0.371,0.326313,0.307714,0.015594,0.000441,0.021173,0.002507,0.005422,0.008849
src/3rdParty/coin/src/misc/CMakeFiles/misc.dir/SoBaseP.cpp.o,0.371,0.322771,0.260528,0.059483,0,0.022794,0.003443,0.030949,0.027224
src/3rdParty/coin/src/elements/GL/CMakeFiles/glelements.dir/SoGLPointSizeElement.cpp.o,0.37,0.322829,0.303849,0.015882,0.000865,0.021565,0.002472,0.005816,0.008702
src/3rdParty/coin/src/shaders/CMakeFiles/shaders.dir/SoGLARBShaderProgram.cpp.o,0.37,0.324569,0.314961,0.006438,0.000423,0.021555,0.002353,0.00238,0.002846
src/3rdParty/coin/src/shaders/CMakeFiles/shaders.dir/SoGLCgShaderProgram.cpp.o,0.37,0.321921,0.311726,0.006862,0.004764,0.021029,0.002434,0.002506,0.002968
src/3rdParty/coin/src/shaders/CMakeFiles/shaders.dir/SoGLShaderObject.cpp.o,0.37,0.319387,0.306664,0.009491,0.000331,0.021415,0.002506,0.003257,0.004892
src/3rdParty/coin/src/elements/GL/CMakeFiles/glelements.dir/SoGLLineWidthElement.cpp.o,0.369,0.322307,0.303823,0.015516,0.000983,0.021495,0.002395,0.005586,0.008722
src/3rdParty/coin/src/engines/CMakeFiles/engines.dir/SoTimeCounter.cpp.o,0.369,0.320587,0.251054,0.066569,0.000428,0.022836,0.002962,0.032974,0.03222
src/3rdParty/coin/src/base/CMakeFiles/base.dir/SbTime.cpp.o,0.368,0.322833,0.255463,0.064411,0.000442,0.021845,0.002359,0.027722,0.035403
src/3rdParty/coin/src/elements/GL/CMakeFiles/glelements.dir/SoGLDepthBufferElement.cpp.o,0.368,0.322155,0.302677,0.016443,0.000324,0.021009,0.002462,0.006885,0.0083
src/3rdParty/coin/src/elements/GL/CMakeFiles/glelements.dir/SoGLViewportRegionElement.cpp.o,0.367,0.319706,0.302509,0.014134,0.000269,0.021153,0.002438,0.005194,0.00759
src/3rdParty/coin/src/foreignfiles/CMakeFiles/foreignfiles.dir/SoForeignFileKit.cpp.o,0.366,0.321616,0.267843,0.050946,0.004085,0.022312,0.003232,0.023745,0.025918
src/3rdParty/coin/src/shaders/CMakeFiles/shaders.dir/SoGLARBShaderParameter.cpp.o,0.365,0.31772,0.302563,0.012064,0.000327,0.021304,0.002425,0.004487,0.006288
src/3rdParty/coin/src/shaders/CMakeFiles/shaders.dir/SoGLARBShaderObject.cpp.o,0.365,0.317092,0.304627,0.00925,0,0.02106,0.002602,0.003303,0.004742
src/3rdParty/coin/src/shaders/CMakeFiles/shaders.dir/SoGLCgShaderObject.cpp.o,0.363,0.316741,0.297375,0.016083,4.5e-05,0.021472,0.002426,0.006082,0.008658
src/3rdParty/coin/src/fields/CMakeFiles/fields.dir/SoMFVec2f.cpp.o,0.362,0.315702,0.257483,0.055549,5.6e-05,0.022455,0.002669,0.027066,0.027112
src/3rdParty/coin/src/fields/CMakeFiles/fields.dir/SoMFVec4us.cpp.o,0.362,0.313706,0.252974,0.057922,5.8e-05,0.022469,0.003062,0.028872,0.027558
src/3rdParty/coin/src/fields/CMakeFiles/fields.dir/SoSFPath.cpp.o,0.362,0.31667,0.277342,0.036472,0.000346,0.023021,0.003002,0.015962,0.019171
src/3rdParty/coin/src/shadows/CMakeFiles/shadows.dir/SoGLShadowCullingElement.cpp.o,0.362,0.314375,0.299871,0.011378,0.000351,0.020899,0.002448,0.003861,0.006287
src/3rdParty/coin/src/elements/GL/CMakeFiles/glelements.dir/SoGLDrawStyleElement.cpp.o,0.36,0.317123,0.300302,0.013526,0.000441,0.022278,0.002513,0.005467,0.006743
src/3rdParty/coin/src/misc/CMakeFiles/misc.dir/SoProtoInstance.cpp.o,0.36,0.315496,0.271736,0.040953,0.003707,0.024073,0.003127,0.021893,0.017709
src/Mod/ReverseEngineering/Gui/CMakeFiles/ReverseEngineeringGui.dir/qrc_ReverseEngineering_translation.cpp.o,0.36,0.312782,0.302204,0.006553,0,0,0,0.002671,0.002579
src/3rdParty/coin/src/fields/CMakeFiles/fields.dir/SoMFVec2d.cpp.o,0.359,0.311003,0.253936,0.053982,5e-05,0.021763,0.002589,0.026132,0.026406
src/3rdParty/OndselSolver/OndselSolver/CMakeFiles/OndselSolver.dir/TooSmallStepSizeError.cpp.o,0.359,0.312228,0.300834,0.008353,0.278055,0.024454,0.022739,0.002593,0.004186
src/3rdParty/coin/src/glue/CMakeFiles/glue.dir/gl_wgl.cpp.o,0.358,0.311011,0.302626,0.005316,0.000836,0.022307,0.002905,0.001801,0.00229
src/3rdParty/OndselSolver/OndselSolver/CMakeFiles/OndselSolver.dir/SyntaxError.cpp.o,0.358,0.312288,0.302355,0.006937,0.276777,0.026693,0.021844,0.002669,0.00294
src/3rdParty/coin/src/fields/CMakeFiles/fields.dir/SoMFVec3i32.cpp.o,0.357,0.310904,0.254545,0.053381,5e-05,0.021315,0.002769,0.026062,0.026022
src/3rdParty/coin/src/fields/CMakeFiles/fields.dir/SoMFVec2b.cpp.o,0.356,0.310206,0.252476,0.055006,5.3e-05,0.022631,0.002628,0.02646,0.027233
src/3rdParty/coin/src/fields/CMakeFiles/fields.dir/SoMFVec3b.cpp.o,0.356,0.305971,0.249552,0.053638,4.5e-05,0.021111,0.002902,0.025698,0.026638
src/3rdParty/coin/src/fields/CMakeFiles/fields.dir/SoMFVec4ui32.cpp.o,0.356,0.308631,0.251967,0.054014,8.1e-05,0.021852,0.002661,0.026977,0.025706
src/3rdParty/coin/src/elements/GL/CMakeFiles/glelements.dir/SoGLLinePatternElement.cpp.o,0.355,0.308394,0.291622,0.013572,0.000433,0.021278,0.002407,0.005014,0.007243
src/3rdParty/coin/src/fields/CMakeFiles/fields.dir/SoMFEnum.cpp.o,0.355,0.312106,0.238021,0.071378,4e-05,0.0232,0.002686,0.030218,0.039635
src/3rdParty/coin/src/shaders/CMakeFiles/shaders.dir/SoGLShaderParameter.cpp.o,0.355,0.306719,0.299092,0.004048,0.000456,0.021486,0.002509,0.001138,0.001511
src/3rdParty/coin/src/fields/CMakeFiles/fields.dir/SoMFMatrix.cpp.o,0.354,0.305069,0.253909,0.048008,5.4e-05,0.021613,0.002673,0.022266,0.024249
src/3rdParty/coin/src/fields/CMakeFiles/fields.dir/SoMFString.cpp.o,0.354,0.304935,0.247934,0.054169,4.4e-05,0.02164,0.002765,0.025146,0.02738
src/3rdParty/coin/src/fonts/CMakeFiles/fonts.dir/fontlib_wrapper.cpp.o,0.354,0.308994,0.245061,0.061012,0.185833,0.021703,0.002431,0.03093,0.028813
src/3rdParty/OndselSolver/OndselSolver/CMakeFiles/OndselSolver.dir/DiscontinuityError.cpp.o,0.354,0.306877,0.30206,0.001602,0.279821,0.024498,0.024371,0.000133,0.000135
src/3rdParty/OndselSolver/OndselSolver/CMakeFiles/OndselSolver.dir/MaximumIterationError.cpp.o,0.354,0.307832,0.29824,0.006533,0.271144,0.028331,0.021906,0.002514,0.002717
src/3rdParty/coin/src/elements/GL/CMakeFiles/glelements.dir/SoGLProjectionMatrixElement.cpp.o,0.353,0.305247,0.290891,0.011395,0.000483,0.021148,0.002406,0.003953,0.006085
src/3rdParty/coin/src/fields/CMakeFiles/fields.dir/SoMFVec3d.cpp.o,0.353,0.305737,0.248624,0.054477,1.2e-05,0.020796,0.002467,0.02593,0.026895
src/3rdParty/coin/src/engines/CMakeFiles/engines.dir/SoEngineOutput.cpp.o,0.352,0.301137,0.24839,0.049846,0,0.023279,0.002971,0.028011,0.020565
src/3rdParty/coin/src/vrml97/CMakeFiles/vrml97.dir/TimeSensor.cpp.o,0.352,0.30829,0.270919,0.034668,0.000228,0.023952,0.002997,0.013429,0.019898
src/Mod/Part/App/CMakeFiles/Part.dir/FuzzyHelper.cpp.o,0.352,0.304472,0.296328,0.005188,0.294612,0.007237,0.036891,0.002048,0.001802
src/3rdParty/coin/src/fields/CMakeFiles/fields.dir/SoMFVec2s.cpp.o,0.351,0.30428,0.247421,0.053962,4.9e-05,0.024183,0.002694,0.026224,0.026475
src/3rdParty/coin/src/fields/CMakeFiles/fields.dir/SoMFVec4ub.cpp.o,0.351,0.301132,0.242632,0.055543,5.2e-05,0.021384,0.00258,0.027088,0.027124
src/3rdParty/coin/src/misc/CMakeFiles/misc.dir/SoJavaScriptEngine.cpp.o,0.351,0.307636,0.247455,0.057556,0.000353,0.021959,0.002507,0.027191,0.029127
src/3rdParty/coin/src/fields/CMakeFiles/fields.dir/SoMFVec4f.cpp.o,0.35,0.302791,0.245926,0.054029,4.9e-05,0.021535,0.002569,0.026829,0.025862
src/3rdParty/OndselSolver/OndselSolver/CMakeFiles/OndselSolver.dir/NotKinematicError.cpp.o,0.35,0.307558,0.298156,0.006421,0.274934,0.024558,0.02154,0.002415,0.002719
src/3rdParty/OndselSolver/OndselSolver/CMakeFiles/OndselSolver.dir/SimulationStoppingError.cpp.o,0.35,0.302466,0.29302,0.006277,0.26948,0.024893,0.021097,0.002453,0.002588
src/3rdParty/coin/src/fields/CMakeFiles/fields.dir/SoMFVec2i32.cpp.o,0.349,0.302183,0.244865,0.05455,5.1e-05,0.021334,0.002811,0.026139,0.027187
src/3rdParty/coin/src/fields/CMakeFiles/fields.dir/SoMFVec4b.cpp.o,0.349,0.299717,0.241652,0.054926,5.8e-05,0.0213,0.002782,0.026971,0.026684
src/3rdParty/coin/src/fields/CMakeFiles/fields.dir/SoMField.cpp.o,0.349,0.302748,0.257798,0.042224,0.000573,0.02108,0.002742,0.01948,0.021456
src/3rdParty/OndselSolver/OndselSolver/CMakeFiles/OndselSolver.dir/Integrator.cpp.o,0.349,0.304786,0.296202,0.004962,0.27163,0.025919,0.020684,0.00175,0.001588
src/3rdParty/coin/src/base/CMakeFiles/base.dir/string.cpp.o,0.348,0.301713,0.244886,0.054271,0.01065,0.021039,0.002456,0.027335,0.02577
src/Gui/CMakeFiles/FreeCADGui.dir/SoDevicePixelRatioElement.cpp.o,0.348,0.295053,0.281288,0.010723,0,0.025468,0.002808,0.003823,0.005572
src/3rdParty/coin/src/fields/CMakeFiles/fields.dir/SoMFVec4i32.cpp.o,0.347,0.298955,0.241655,0.054675,4.7e-05,0.021771,0.002562,0.02709,0.026203
src/3rdParty/coin/src/glue/CMakeFiles/glue.dir/freetype.cpp.o,0.347,0.300256,0.273643,0.023804,0.018529,0.020815,0.002601,0.009821,0.012702
src/3rdParty/coin/src/nodekits/CMakeFiles/nodekits.dir/SoNodeKit.cpp.o,0.347,0.298331,0.290118,0.004702,0.000291,0.022013,0.003791,0.00159,0.001679
src/3rdParty/coin/src/fields/CMakeFiles/fields.dir/SoMFVec4s.cpp.o,0.346,0.299849,0.240256,0.056694,4.4e-05,0.022212,0.002569,0.028437,0.027015
src/3rdParty/coin/src/io/CMakeFiles/io.dir/gzmemio.cpp.o,0.346,0.302236,0.236705,0.062883,0.186556,0.023162,0.002449,0.034616,0.026953
src/3rdParty/OndselSolver/OndselSolver/CMakeFiles/OndselSolver.dir/NewtonRaphsonError.cpp.o,0.346,0.301364,0.291894,0.006547,0.268782,0.024286,0.020646,0.00242,0.002651
src/3rdParty/coin/src/actions/CMakeFiles/actions.dir/SoGetPrimitiveCountAction.cpp.o,0.343,0.297218,0.26557,0.028692,0,0.023395,0.002719,0.011888,0.015497
src/3rdParty/coin/src/fields/CMakeFiles/fields.dir/SoMFUShort.cpp.o,0.343,0.294064,0.249242,0.041659,4.8e-05,0.02142,0.003768,0.018059,0.022308
src/3rdParty/coin/src/fields/CMakeFiles/fields.dir/SoMFVec4d.cpp.o,0.343,0.298153,0.240525,0.054923,4.6e-05,0.021518,0.002551,0.027158,0.026407
src/3rdParty/coin/src/glue/CMakeFiles/glue.dir/gl_cgl.cpp.o,0.343,0.301814,0.294296,0.00431,0.00086,0.021086,0.002437,0.001268,0.001767
src/Mod/Measure/Gui/CMakeFiles/MeasureGui.dir/qrc_Measure_translation.cpp.o,0.343,0.296692,0.286765,0.006327,0,0,0,0.002465,0.002608
src/3rdParty/coin/src/errors/CMakeFiles/errors.dir/SoDebugError.cpp.o,0.342,0.296859,0.272597,0.020849,0.001252,0.021378,0.002916,0.007579,0.012
src/3rdParty/coin/src/fields/CMakeFiles/fields.dir/SoMFTime.cpp.o,0.342,0.29439,0.242927,0.048753,4.5e-05,0.021632,0.002433,0.022099,0.025368
src/3rdParty/coin/src/elements/CMakeFiles/elements.dir/SoMultiTextureMatrixElement.cpp.o,0.341,0.296183,0.245757,0.04761,0,0.023451,0.002767,0.025928,0.020426
src/3rdParty/coin/src/engines/CMakeFiles/engines.dir/SoOutputData.cpp.o,0.341,0.296292,0.249349,0.044069,0.000301,0.022128,0.002919,0.023965,0.018733
src/3rdParty/coin/src/fields/CMakeFiles/fields.dir/SoMFUInt32.cpp.o,0.341,0.291715,0.248996,0.039668,4.6e-05,0.022097,0.002581,0.01764,0.020626
src/3rdParty/coin/src/base/CMakeFiles/base.dir/SbBox2d.cpp.o,0.34,0.29055,0.254369,0.033663,0,0.021104,0.002892,0.020256,0.012052
src/3rdParty/coin/src/misc/CMakeFiles/misc.dir/SoChildList.cpp.o,0.34,0.29205,0.241312,0.048002,0,0.023182,0.002657,0.02711,0.019588
src/3rdParty/coin/src/nodes/CMakeFiles/nodes.dir/SoColorIndex.cpp.o,0.34,0.284109,0.266426,0.01433,0.00027,0.022853,0.003023,0.005663,0.007386
src/Base/CMakeFiles/FreeCADBase.dir/PyExport.cpp.o,0.339,0.290683,0.286194,0.001506,0.265153,0.021302,0.002426,0.000115,0.000133
src/3rdParty/coin/src/engines/CMakeFiles/engines.dir/SoBoolOperation.cpp.o,0.339,0.291623,0.257158,0.031264,0,0.022309,0.002909,0.013533,0.016267
src/3rdParty/coin/src/fields/CMakeFiles/fields.dir/SoMFInt32.cpp.o,0.339,0.290324,0.242969,0.044486,5e-05,0.022845,0.002779,0.019261,0.023814
src/3rdParty/coin/src/fields/CMakeFiles/fields.dir/SoSFEnum.cpp.o,0.339,0.291903,0.241591,0.047602,1.3e-05,0.02201,0.002701,0.021507,0.024721
src/3rdParty/coin/src/glue/CMakeFiles/glue.dir/cg.cpp.o,0.339,0.299543,0.248288,0.048689,0.189659,0.021086,0.002435,0.019776,0.027674
src/3rdParty/OndselSolver/OndselSolver/CMakeFiles/OndselSolver.dir/TooManyTriesError.cpp.o,0.337,0.291512,0.282093,0.006401,0.259915,0.023209,0.02049,0.002446,0.002669
src/3rdParty/coin/src/engines/CMakeFiles/engines.dir/SoElapsedTime.cpp.o,0.336,0.291112,0.259182,0.028961,0,0.021572,0.003011,0.012142,0.015494
src/3rdParty/coin/src/fields/CMakeFiles/fields.dir/SoSFVec4ub.cpp.o,0.336,0.288859,0.267987,0.018243,1.2e-05,0.02098,0.002856,0.008065,0.0089
src/3rdParty/coin/src/fields/CMakeFiles/fields.dir/SoSFVec4s.cpp.o,0.336,0.294022,0.271776,0.019646,1.2e-05,0.022372,0.002507,0.008858,0.009438
src/3rdParty/coin/src/glue/CMakeFiles/glue.dir/gl_agl.cpp.o,0.336,0.290428,0.283106,0.004341,0.000805,0.021455,0.002442,0.001326,0.001749
src/Gui/CMakeFiles/FreeCADGui.dir/Inventor/SoToggleSwitch.cpp.o,0.336,0.285674,0.266813,0.015869,0,0.021327,0.002728,0.005722,0.008808
src/3rdParty/coin/src/fields/CMakeFiles/fields.dir/SoSFEngine.cpp.o,0.335,0.285902,0.250395,0.032793,1.1e-05,0.023349,0.002772,0.015426,0.016073
src/3rdParty/coin/src/fields/CMakeFiles/fields.dir/SoSFNode.cpp.o,0.335,0.288888,0.251603,0.0345,2.4e-05,0.02298,0.002866,0.016189,0.016755
src/3rdParty/coin/src/elements/CMakeFiles/elements.dir/SoViewportRegionElement.cpp.o,0.334,0.282712,0.261048,0.018707,3e-05,0.022323,0.002882,0.008203,0.009232
src/3rdParty/coin/src/engines/CMakeFiles/engines.dir/SoCounter.cpp.o,0.334,0.287377,0.257054,0.0272,0,0.02362,0.003021,0.010418,0.015484
src/3rdParty/coin/src/engines/CMakeFiles/engines.dir/SoGate.cpp.o,0.334,0.290057,0.257585,0.029647,2.7e-05,0.021757,0.003271,0.011939,0.01637
src/3rdParty/coin/src/fonts/CMakeFiles/fonts.dir/win32.cpp.o,0.333,0.287057,0.278171,0.005867,0.178001,0.021575,0.002459,0.00186,0.002744
src/3rdParty/coin/src/fields/CMakeFiles/fields.dir/SoMFDouble.cpp.o,0.332,0.28438,0.241371,0.040345,7.1e-05,0.022449,0.002565,0.017877,0.021142
src/3rdParty/coin/src/fields/CMakeFiles/fields.dir/SoSFBox2d.cpp.o,0.332,0.285487,0.2578,0.025019,1.3e-05,0.023177,0.002631,0.010805,0.012837
src/3rdParty/coin/src/upgraders/CMakeFiles/upgraders.dir/SoUpgrader.cpp.o,0.332,0.289473,0.250935,0.035859,0.000413,0.022573,0.002888,0.019285,0.015423
src/3rdParty/coin/src/elements/CMakeFiles/elements.dir/SoCacheElement.cpp.o,0.331,0.285775,0.253886,0.029181,0.000269,0.022647,0.002577,0.01414,0.01371
src/3rdParty/coin/src/engines/CMakeFiles/engines.dir/SoDecomposeVec2f.cpp.o,0.331,0.280268,0.255276,0.022098,0,0.021468,0.002949,0.009173,0.011341
src/3rdParty/coin/src/engines/CMakeFiles/engines.dir/SoOneShot.cpp.o,0.331,0.282789,0.249958,0.030041,0,0.020735,0.003293,0.011509,0.017242
src/3rdParty/coin/src/fields/CMakeFiles/fields.dir/SoGlobalField.cpp.o,0.331,0.286002,0.250383,0.032709,0.000373,0.021599,0.00275,0.013321,0.018032
src/3rdParty/coin/src/fonts/CMakeFiles/fonts.dir/coretext.cpp.o,0.331,0.28949,0.284899,0.001379,0.000221,0.022264,0.002621,9.7e-05,0.000101
src/3rdParty/coin/src/details/CMakeFiles/details.dir/SoNodeKitDetail.cpp.o,0.33,0.284653,0.267676,0.014021,0.000218,0.024415,0.002957,0.005319,0.007347
src/3rdParty/coin/src/engines/CMakeFiles/engines.dir/SoComposeVec4f.cpp.o,0.33,0.281091,0.255626,0.022257,0,0.024504,0.003346,0.00945,0.011557
src/3rdParty/coin/src/io/CMakeFiles/io.dir/SoInput_Reader.cpp.o,0.329,0.284918,0.2498,0.032381,0.000281,0.021545,0.002365,0.013782,0.017294
src/3rdParty/coin/src/scxml/CMakeFiles/scxml.dir/ScXMLScriptElt.cpp.o,0.329,0.280024,0.260098,0.017104,0.000787,0.022287,0.003402,0.008038,0.00774
src/3rdParty/coin/src/xml/CMakeFiles/xml.dir/path.cpp.o,0.328,0.28277,0.236515,0.043553,0.01106,0.021534,0.002597,0.021745,0.020573
src/3rdParty/coin/src/base/CMakeFiles/base.dir/rbptree.cpp.o,0.328,0.286239,0.242981,0.04058,0.010447,0.021231,0.002495,0.024319,0.015009
src/3rdParty/coin/src/misc/CMakeFiles/misc.dir/SoConfigSettings.cpp.o,0.328,0.280596,0.241419,0.036184,0.189686,0.022469,0.002804,0.021349,0.013558
src/3rdParty/coin/src/lists/CMakeFiles/lists.dir/SoBaseList.cpp.o,0.328,0.280274,0.252588,0.024735,3.8e-05,0.024167,0.002934,0.012706,0.010599
src/3rdParty/coin/src/nodes/CMakeFiles/nodes.dir/SoTextureScalePolicy.cpp.o,0.328,0.277628,0.258663,0.01596,3.3e-05,0.021277,0.002812,0.006209,0.008448
src/3rdParty/coin/src/base/CMakeFiles/base.dir/SbDPRotation.cpp.o,0.327,0.281804,0.237427,0.041688,0.000575,0.021445,0.00242,0.017273,0.023082
src/3rdParty/coin/src/base/CMakeFiles/base.dir/SbVec2s.cpp.o,0.327,0.283219,0.267897,0.012568,3.3e-05,0.021311,0.002465,0.006266,0.005186
src/3rdParty/coin/src/elements/CMakeFiles/elements.dir/SoProfileElement.cpp.o,0.327,0.278573,0.25577,0.019966,0,0.022194,0.002809,0.009658,0.008986
src/3rdParty/coin/src/fields/CMakeFiles/fields.dir/SoMFShort.cpp.o,0.327,0.280595,0.23618,0.041539,4.4e-05,0.021276,0.002742,0.01846,0.021756
src/3rdParty/coin/src/base/CMakeFiles/base.dir/SbHeap.cpp.o,0.326,0.280916,0.226843,0.051385,0.010632,0.021899,0.002682,0.028942,0.021241
src/3rdParty/coin/src/fields/CMakeFiles/fields.dir/SoMFFloat.cpp.o,0.326,0.279655,0.236227,0.040714,4.8e-05,0.02351,0.00252,0.018125,0.021184
src/3rdParty/coin/src/base/CMakeFiles/base.dir/SbBox2s.cpp.o,0.325,0.277348,0.26095,0.013609,4e-05,0.022672,0.002536,0.007938,0.004434
src/3rdParty/coin/src/base/CMakeFiles/base.dir/SbBox2f.cpp.o,0.325,0.280165,0.256145,0.020815,0,0.023093,0.002534,0.012335,0.007227
src/3rdParty/coin/src/engines/CMakeFiles/engines.dir/SoDecomposeVec4f.cpp.o,0.325,0.278202,0.249204,0.025838,0,0.021262,0.003157,0.011034,0.013528
src/3rdParty/coin/src/engines/CMakeFiles/engines.dir/SoInterpolateVec4f.cpp.o,0.325,0.278694,0.252851,0.022947,0,0.022457,0.00327,0.010776,0.010873
src/3rdParty/coin/src/misc/CMakeFiles/misc.dir/SoDBP.cpp.o,0.325,0.280029,0.251911,0.025393,7.7e-05,0.022483,0.002863,0.012426,0.011675
src/Mod/Robot/App/CMakeFiles/Robot.dir/kdl_cp/frames.cpp.o,0.325,0.278984,0.227423,0.048528,0.19726,0.021378,0.002438,0.022979,0.024216
src/3rdParty/coin/src/errors/CMakeFiles/errors.dir/SoError.cpp.o,0.324,0.277782,0.250095,0.024999,0.000451,0.022325,0.003003,0.008641,0.015022
src/3rdParty/coin/src/fields/CMakeFiles/fields.dir/SoSFBox2i32.cpp.o,0.324,0.272938,0.245795,0.024389,2.6e-05,0.022009,0.002545,0.011017,0.012036
src/3rdParty/coin/src/lists/CMakeFiles/lists.dir/SbPList.cpp.o,0.323,0.275359,0.211763,0.060893,0,0.021185,0.002439,0.028503,0.031115
src/3rdParty/coin/src/vrml97/CMakeFiles/vrml97.dir/Interpolator.cpp.o,0.323,0.278694,0.255031,0.020619,0.000245,0.022523,0.003209,0.00949,0.009658
src/3rdParty/coin/src/elements/CMakeFiles/elements.dir/SoBumpMapCoordinateElement.cpp.o,0.322,0.275485,0.256911,0.016024,4e-05,0.022019,0.002492,0.007555,0.007274
src/3rdParty/coin/src/engines/CMakeFiles/engines.dir/SoInterpolateVec2f.cpp.o,0.322,0.272957,0.248394,0.021788,0,0.021308,0.002911,0.010461,0.010059
src/3rdParty/coin/src/fields/CMakeFiles/fields.dir/SoSFVec2f.cpp.o,0.322,0.273143,0.252382,0.018177,1.3e-05,0.021468,0.003016,0.007939,0.008987
src/3rdParty/coin/src/glue/CMakeFiles/glue.dir/bzip2.cpp.o,0.322,0.276429,0.25963,0.014148,0.00145,0.020846,0.002423,0.006006,0.006865
src/3rdParty/coin/src/base/CMakeFiles/base.dir/SbViewportRegion.cpp.o,0.321,0.275189,0.245717,0.026772,0.005025,0.021678,0.002399,0.012341,0.013084
src/3rdParty/coin/src/engines/CMakeFiles/engines.dir/SoComposeVec2f.cpp.o,0.321,0.27517,0.251347,0.021041,0,0.021087,0.003159,0.0088,0.010888
src/3rdParty/coin/src/fields/CMakeFiles/fields.dir/SoSFBox3d.cpp.o,0.321,0.269299,0.241963,0.024693,1.6e-05,0.021176,0.002575,0.011102,0.01228
src/3rdParty/coin/src/fields/CMakeFiles/fields.dir/SoSFTime.cpp.o,0.321,0.2705,0.251515,0.015507,1.7e-05,0.02339,0.0028,0.00593,0.008298
src/3rdParty/coin/src/fields/CMakeFiles/fields.dir/SoSFVec2b.cpp.o,0.321,0.277355,0.257854,0.016756,1.4e-05,0.022115,0.00291,0.00706,0.008352
src/3rdParty/coin/src/elements/CMakeFiles/elements.dir/SoAccumulatedElement.cpp.o,0.32,0.277452,0.221384,0.053698,2.6e-05,0.021774,0.002477,0.029462,0.022932
src/3rdParty/coin/src/events/CMakeFiles/events.dir/SoMouseButtonEvent.cpp.o,0.32,0.275041,0.258278,0.01411,3e-05,0.02126,0.002691,0.006226,0.006641
src/3rdParty/coin/src/fields/CMakeFiles/fields.dir/SoMFBool.cpp.o,0.32,0.276757,0.23448,0.039605,4.6e-05,0.021075,0.002389,0.017602,0.020749
src/3rdParty/coin/src/fields/CMakeFiles/fields.dir/SoSFBox2s.cpp.o,0.32,0.270942,0.24459,0.023623,1.6e-05,0.02248,0.002546,0.010988,0.01124
src/3rdParty/coin/src/lists/CMakeFiles/lists.dir/SoAuditorList.cpp.o,0.32,0.273984,0.246206,0.024846,0.00022,0.02181,0.002753,0.012176,0.011185
src/3rdParty/coin/src/base/CMakeFiles/base.dir/SbBox2i32.cpp.o,0.319,0.27327,0.254095,0.016326,3.8e-05,0.02207,0.002437,0.008686,0.006243
src/3rdParty/coin/src/elements/GL/CMakeFiles/glelements.dir/SoResetMatrixElement.cpp.o,0.319,0.271387,0.253731,0.014652,0.207371,0.023462,0.002793,0.005579,0.007784
src/3rdParty/coin/src/fields/CMakeFiles/fields.dir/SoSFVec3b.cpp.o,0.319,0.271219,0.250078,0.018378,1.4e-05,0.025598,0.002649,0.007717,0.009399
src/3rdParty/coin/src/threads/CMakeFiles/threads.dir/thread.cpp.o,0.319,0.265776,0.254896,0.007889,0.000679,0.021182,0.002442,0.003687,0.002911
src/3rdParty/coin/src/vrml97/CMakeFiles/vrml97.dir/Texture.cpp.o,0.319,0.269518,0.254923,0.011778,0.000452,0.021563,0.002914,0.004123,0.006327
src/3rdParty/coin/src/glue/CMakeFiles/glue.dir/spidermonkey.cpp.o,0.318,0.270069,0.249205,0.01818,0.015358,0.021447,0.002591,0.008165,0.008792
src/3rdParty/coin/src/vrml97/CMakeFiles/vrml97.dir/FontStyle.cpp.o,0.318,0.270288,0.249528,0.017859,0.00042,0.024453,0.002657,0.006632,0.009876
src/3rdParty/coin/src/actions/CMakeFiles/actions.dir/SoSearchAction.cpp.o,0.317,0.268198,0.242586,0.022979,0,0.021131,0.002891,0.008672,0.013036
src/3rdParty/coin/src/elements/CMakeFiles/elements.dir/SoFontNameElement.cpp.o,0.317,0.272861,0.246942,0.023163,3e-05,0.026639,0.00252,0.010505,0.011002
src/3rdParty/coin/src/elements/CMakeFiles/elements.dir/SoInt32Element.cpp.o,0.317,0.267582,0.245139,0.01982,2.6e-05,0.021151,0.002754,0.008853,0.009726
src/3rdParty/coin/src/fields/CMakeFiles/fields.dir/SoSFBitMask.cpp.o,0.317,0.268026,0.238897,0.026384,1.3e-05,0.021008,0.002513,0.011341,0.013806
src/3rdParty/coin/src/fields/CMakeFiles/fields.dir/SoSFMatrix.cpp.o,0.317,0.27234,0.242322,0.026622,1.4e-05,0.038953,0.002501,0.01272,0.011909
src/3rdParty/coin/src/fields/CMakeFiles/fields.dir/SoSFUShort.cpp.o,0.317,0.269597,0.251991,0.014794,1.3e-05,0.022821,0.002681,0.005725,0.007799
src/3rdParty/coin/src/lists/CMakeFiles/lists.dir/SoActionMethodList.cpp.o,0.317,0.269242,0.22848,0.037703,0.00106,0.022328,0.002809,0.021685,0.014589
src/3rdParty/coin/src/base/CMakeFiles/base.dir/SbString.cpp.o,0.316,0.26993,0.227363,0.039851,0.002396,0.02089,0.00253,0.023288,0.015296
src/3rdParty/coin/src/elements/CMakeFiles/elements.dir/SoTextureOverrideElement.cpp.o,0.316,0.270875,0.242344,0.025578,0.000366,0.022214,0.002912,0.011701,0.012589
src/3rdParty/coin/src/fields/CMakeFiles/fields.dir/SoSFShort.cpp.o,0.316,0.271047,0.253717,0.014713,1.3e-05,0.02109,0.002937,0.005656,0.007802
src/3rdParty/coin/src/fields/CMakeFiles/fields.dir/SoSFVec2i32.cpp.o,0.316,0.266392,0.244479,0.019148,1.3e-05,0.021289,0.002612,0.008639,0.009242
src/3rdParty/coin/src/geo/CMakeFiles/geo.dir/SbUTMProjection.cpp.o,0.316,0.264407,0.241293,0.019522,0.009905,0.020943,0.003545,0.006553,0.011636
src/3rdParty/OndselSolver/OndselSolver/CMakeFiles/OndselSolver.dir/Units.cpp.o,0.316,0.268191,0.25915,0.006181,0.235212,0.024751,0.022054,0.002443,0.002486
src/3rdParty/coin/src/elements/CMakeFiles/elements.dir/SoSoundElement.cpp.o,0.315,0.270656,0.242995,0.024848,0.00034,0.022408,0.002695,0.011421,0.012144
src/3rdParty/coin/src/fields/CMakeFiles/fields.dir/SoSFString.cpp.o,0.315,0.270725,0.251142,0.017041,1.5e-05,0.02072,0.002744,0.007062,0.008832
src/3rdParty/coin/src/glue/CMakeFiles/glue.dir/openal_wrapper.cpp.o,0.315,0.268842,0.255351,0.010745,0.19353,0.021194,0.002776,0.004805,0.004703
src/3rdParty/coin/src/vrml97/CMakeFiles/vrml97.dir/NavigationInfo.cpp.o,0.315,0.267495,0.247563,0.017157,0.000415,0.021571,0.00262,0.005894,0.009965
src/3rdParty/coin/src/base/CMakeFiles/base.dir/SbVec2f.cpp.o,0.314,0.270002,0.251333,0.016015,2.9e-05,0.021862,0.002633,0.008373,0.006322
src/3rdParty/coin/src/base/CMakeFiles/base.dir/SbVec4d.cpp.o,0.314,0.269163,0.25403,0.012197,0.000419,0.02574,0.002477,0.00584,0.005096
src/3rdParty/coin/src/elements/CMakeFiles/elements.dir/SoDepthBufferElement.cpp.o,0.314,0.266351,0.241268,0.022344,0.00034,0.021344,0.002557,0.010203,0.010884
src/3rdParty/coin/src/elements/CMakeFiles/elements.dir/SoLocalBBoxMatrixElement.cpp.o,0.314,0.269388,0.234167,0.032596,0,0.022343,0.002654,0.013739,0.017582
src/3rdParty/coin/src/fields/CMakeFiles/fields.dir/SoSFBox2f.cpp.o,0.314,0.270901,0.244812,0.023367,1.7e-05,0.022148,0.003579,0.010155,0.012039
src/3rdParty/coin/src/misc/CMakeFiles/misc.dir/AudioTools.cpp.o,0.314,0.267736,0.258429,0.006677,0.010743,0.023067,0.00262,0.002742,0.002665
src/3rdParty/coin/src/misc/CMakeFiles/misc.dir/SoCompactPathList.cpp.o,0.314,0.267836,0.233917,0.031298,3.4e-05,0.021471,0.002514,0.018321,0.011753
src/3rdParty/coin/src/upgraders/CMakeFiles/upgraders.dir/SoShapeHintsV10.cpp.o,0.314,0.267712,0.247127,0.017813,4.1e-05,0.020903,0.002659,0.007965,0.008682
src/3rdParty/coin/src/fields/CMakeFiles/fields.dir/SoSFVec2s.cpp.o,0.313,0.268385,0.247403,0.0183,1.7e-05,0.022159,0.002791,0.007841,0.009131
src/3rdParty/coin/src/fields/CMakeFiles/fields.dir/SoSFVec2d.cpp.o,0.313,0.266711,0.245128,0.018741,1.2e-05,0.02135,0.00267,0.00832,0.009109
src/3rdParty/coin/src/soscxml/CMakeFiles/soscxml.dir/eval-coin-tab.cpp.o,0.313,0.263818,0.238211,0.022955,0.017657,0.021253,0.002872,0.011356,0.01032
src/3rdParty/coin/src/actions/CMakeFiles/actions.dir/SoWriteAction.cpp.o,0.312,0.264952,0.244352,0.017726,0.000348,0.023562,0.002676,0.007366,0.009
src/3rdParty/coin/src/events/CMakeFiles/events.dir/SoLocation2Event.cpp.o,0.312,0.263158,0.252028,0.008,3.3e-05,0.023671,0.002479,0.002593,0.004089
src/3rdParty/coin/src/glue/CMakeFiles/glue.dir/zlib.cpp.o,0.312,0.269295,0.241346,0.025261,0.177258,0.021555,0.002434,0.009569,0.014254
src/3rdParty/coin/src/misc/CMakeFiles/misc.dir/SoAudioDevice.cpp.o,0.312,0.271994,0.244677,0.024486,0.00023,0.021453,0.0027,0.009646,0.013556
src/3rdParty/coin/src/lists/CMakeFiles/lists.dir/SoPathList.cpp.o,0.312,0.262963,0.244511,0.015456,4.3e-05,0.022649,0.002574,0.007073,0.006903
src/3rdParty/coin/src/base/CMakeFiles/base.dir/hash.cpp.o,0.311,0.266881,0.237695,0.026712,0.011708,0.022282,0.002826,0.014422,0.011058
src/3rdParty/coin/src/base/CMakeFiles/base.dir/heap.cpp.o,0.311,0.265973,0.234269,0.029019,0.000362,0.023359,0.002527,0.014779,0.012962
src/3rdParty/coin/src/caches/CMakeFiles/caches.dir/SoCache.cpp.o,0.311,0.26497,0.233948,0.028305,0.001714,0.021746,0.002514,0.016063,0.010961
src/3rdParty/coin/src/errors/CMakeFiles/errors.dir/SoReadError.cpp.o,0.311,0.26246,0.244463,0.014931,0,0.021356,0.002643,0.005821,0.007761
src/3rdParty/coin/src/fields/CMakeFiles/fields.dir/SoMFBitMask.cpp.o,0.311,0.265514,0.235778,0.026497,5.3e-05,0.022134,0.002449,0.010869,0.013665
src/3rdParty/coin/src/scxml/CMakeFiles/scxml.dir/ScXMLXPathEvaluator.cpp.o,0.311,0.261695,0.24555,0.013513,0.000809,0.0428,0.002702,0.004214,0.007865
src/3rdParty/coin/src/elements/CMakeFiles/elements.dir/SoProjectionMatrixElement.cpp.o,0.31,0.261697,0.24317,0.015627,3.4e-05,0.022971,0.002637,0.007079,0.00728
src/3rdParty/coin/src/fields/CMakeFiles/fields.dir/SoSFVec4d.cpp.o,0.31,0.263822,0.24129,0.019828,2.3e-05,0.022235,0.002579,0.008763,0.00981
src/3rdParty/coin/src/fonts/CMakeFiles/fonts.dir/glyph2d.cpp.o,0.31,0.257417,0.240465,0.014009,0.010617,0.021567,0.002413,0.006436,0.006359
src/3rdParty/coin/src/fonts/CMakeFiles/fonts.dir/glyph3d.cpp.o,0.31,0.265825,0.237087,0.025918,0.010635,0.021159,0.002433,0.01297,0.011513
src/3rdParty/coin/src/threads/CMakeFiles/threads.dir/rwmutex.cpp.o,0.31,0.255864,0.235702,0.017063,0.000472,0.021682,0.002506,0.006886,0.008855
src/3rdParty/coin/src/elements/CMakeFiles/elements.dir/SoBumpMapMatrixElement.cpp.o,0.309,0.263871,0.232261,0.02838,0.000319,0.023137,0.002617,0.01226,0.014846
src/3rdParty/coin/src/elements/CMakeFiles/elements.dir/SoTextureCoordinateBindingElement.cpp.o,0.309,0.262924,0.24844,0.011873,3.7e-05,0.0235,0.002945,0.004239,0.00638
src/3rdParty/coin/src/elements/CMakeFiles/elements.dir/SoViewingMatrixElement.cpp.o,0.309,0.262484,0.244182,0.01552,3.2e-05,0.022203,0.002591,0.006931,0.007254
src/3rdParty/coin/src/fields/CMakeFiles/fields.dir/SoSFName.cpp.o,0.309,0.264948,0.243266,0.018912,1.6e-05,0.021652,0.002602,0.007531,0.010129
src/3rdParty/coin/src/vrml97/CMakeFiles/vrml97.dir/ScalarInterpolator.cpp.o,0.309,0.26152,0.240924,0.017827,0.000231,0.020975,0.002779,0.007151,0.009447
src/3rdParty/coin/src/base/CMakeFiles/base.dir/list.cpp.o,0.308,0.264809,0.21345,0.048904,0.000877,0.021455,0.002623,0.022604,0.024728
src/3rdParty/coin/src/engines/CMakeFiles/engines.dir/SoNodeEngine.cpp.o,0.307,0.263422,0.238541,0.021999,0.000359,0.023958,0.00269,0.010401,0.010287
src/3rdParty/coin/src/engines/CMakeFiles/engines.dir/SoTexture2Convert.cpp.o,0.307,0.25906,0.24327,0.01306,0,0.021823,0.003145,0.004462,0.007338
src/3rdParty/coin/src/fields/CMakeFiles/fields.dir/SoSFUInt32.cpp.o,0.307,0.25945,0.238565,0.018118,1.6e-05,0.021308,0.002556,0.007467,0.009249
src/3rdParty/coin/src/elements/CMakeFiles/elements.dir/SoTextureUnitElement.cpp.o,0.306,0.257849,0.242339,0.012211,2.8e-05,0.02178,0.002608,0.004158,0.006385
src/3rdParty/coin/src/io/CMakeFiles/io.dir/SoOutput_Writer.cpp.o,0.306,0.268586,0.238379,0.027726,0.000415,0.020834,0.002392,0.011488,0.015023
src/3rdParty/coin/src/misc/CMakeFiles/misc.dir/SoLightPath.cpp.o,0.306,0.262088,0.222126,0.037449,0,0.021822,0.002695,0.021601,0.014587
src/3rdParty/coin/src/lists/CMakeFiles/lists.dir/SoEnabledElementsList.cpp.o,0.306,0.25146,0.233348,0.015068,0.000261,0.021517,0.002949,0.007239,0.006562
src/3rdParty/coin/src/errors/CMakeFiles/errors.dir/SoMemoryError.cpp.o,0.305,0.258116,0.243143,0.012219,0,0.022664,0.002773,0.004853,0.006031
src/3rdParty/coin/src/glue/CMakeFiles/glue.dir/simage_wrapper.cpp.o,0.305,0.257634,0.237525,0.017379,0.189089,0.02106,0.002471,0.007938,0.008215
src/3rdParty/coin/src/geo/CMakeFiles/geo.dir/SoGeoElement.cpp.o,0.305,0.256767,0.240279,0.013616,2.7e-05,0.021051,0.002571,0.005124,0.00703
src/3rdParty/coin/src/threads/CMakeFiles/threads.dir/mutex.cpp.o,0.305,0.25964,0.240882,0.016087,0.000953,0.021463,0.002495,0.007244,0.007687
src/3rdParty/coin/src/threads/CMakeFiles/threads.dir/condvar.cpp.o,0.305,0.251328,0.239387,0.008917,0.000458,0.020861,0.002546,0.004156,0.003539
src/3rdParty/coin/src/base/CMakeFiles/base.dir/SbDPPlane.cpp.o,0.304,0.259058,0.232018,0.024551,0.017781,0.021333,0.002337,0.011268,0.012002
src/3rdParty/coin/src/elements/CMakeFiles/elements.dir/SoBBoxModelMatrixElement.cpp.o,0.304,0.258292,0.238509,0.01667,0,0.021504,0.002844,0.006239,0.009223
src/3rdParty/coin/src/fields/CMakeFiles/fields.dir/SoSFVec4ui32.cpp.o,0.304,0.260633,0.239308,0.018541,2.2e-05,0.022135,0.002532,0.008263,0.009123
src/3rdParty/coin/src/fonts/CMakeFiles/fonts.dir/fontspec.cpp.o,0.304,0.259489,0.247133,0.009648,0,0.022743,0.002626,0.004232,0.004117
src/3rdParty/coin/src/lists/CMakeFiles/lists.dir/SoCallbackList.cpp.o,0.304,0.251173,0.23276,0.015334,0,0.024464,0.002806,0.006898,0.006779
src/3rdParty/coin/src/sensors/CMakeFiles/sensors.dir/SoAlarmSensor.cpp.o,0.304,0.254718,0.244135,0.007727,3.5e-05,0.02169,0.002464,0.003004,0.003437
src/3rdParty/coin/src/scxml/CMakeFiles/scxml.dir/ScXMLExecutableElt.cpp.o,0.304,0.256979,0.242377,0.011829,0.000455,0.022477,0.002635,0.005671,0.004666
src/3rdParty/coin/src/base/CMakeFiles/base.dir/namemap.cpp.o,0.303,0.259052,0.242587,0.013685,0.000634,0.023489,0.002422,0.006798,0.005564
src/3rdParty/coin/src/engines/CMakeFiles/engines.dir/SoOnOff.cpp.o,0.303,0.256744,0.236621,0.017308,0,0.021628,0.002889,0.006289,0.009759
src/3rdParty/coin/src/events/CMakeFiles/events.dir/SoSpaceballButtonEvent.cpp.o,0.303,0.256189,0.237534,0.015918,3.3e-05,0.022118,0.002651,0.007616,0.006957
src/3rdParty/coin/src/lists/CMakeFiles/lists.dir/SoDetailList.cpp.o,0.303,0.249945,0.227013,0.01856,0,0.023818,0.002849,0.009461,0.007614
src/3rdParty/coin/src/nodes/CMakeFiles/nodes.dir/SoInfo.cpp.o,0.303,0.258042,0.243997,0.011185,3.6e-05,0.021163,0.002558,0.003607,0.006319
src/3rdParty/coin/src/sensors/CMakeFiles/sensors.dir/SoDataSensor.cpp.o,0.303,0.255779,0.236774,0.016191,0,0.021004,0.002581,0.006686,0.00823
src/3rdParty/coin/src/upgraders/CMakeFiles/upgraders.dir/SoPackedColorV20.cpp.o,0.303,0.25878,0.237256,0.018749,3.2e-05,0.022207,0.002681,0.007624,0.009888
src/3rdParty/coin/src/threads/CMakeFiles/threads.dir/recmutex.cpp.o,0.303,0.255642,0.232194,0.020758,0.000439,0.022397,0.002443,0.009148,0.010283
src/3rdParty/coin/src/elements/CMakeFiles/elements.dir/SoFloatElement.cpp.o,0.302,0.25551,0.229317,0.02314,0.177679,0.023785,0.002553,0.009503,0.011963
src/3rdParty/coin/src/elements/CMakeFiles/elements.dir/SoFontSizeElement.cpp.o,0.302,0.248428,0.234286,0.011282,2.8e-05,0.020985,0.002435,0.003741,0.006255
src/3rdParty/coin/src/elements/CMakeFiles/elements.dir/SoTextureScaleQualityElement.cpp.o,0.302,0.254999,0.24121,0.011009,2.9e-05,0.024244,0.002631,0.003669,0.00599
src/3rdParty/coin/src/elements/CMakeFiles/elements.dir/SoWindowElement.cpp.o,0.302,0.253057,0.231814,0.018395,2.6e-05,0.021885,0.002498,0.008301,0.008604
src/3rdParty/coin/src/engines/CMakeFiles/engines.dir/SoInterpolate.cpp.o,0.302,0.253581,0.238983,0.011778,0,0.022877,0.003155,0.00389,0.006657
src/3rdParty/coin/src/engines/CMakeFiles/engines.dir/SoInterpolateFloat.cpp.o,0.302,0.255767,0.23188,0.021134,0,0.022485,0.002771,0.008397,0.011478
src/3rdParty/coin/src/events/CMakeFiles/events.dir/SoButtonEvent.cpp.o,0.302,0.25666,0.243748,0.010069,3.4e-05,0.022893,0.002517,0.003666,0.005056
src/3rdParty/coin/src/fields/CMakeFiles/fields.dir/SoSFVec4us.cpp.o,0.302,0.255151,0.23402,0.018476,1.5e-05,0.021421,0.002575,0.008224,0.009064
src/3rdParty/coin/src/shadows/CMakeFiles/shadows.dir/SoShadowStyleElement.cpp.o,0.302,0.251685,0.237536,0.011319,3.3e-05,0.024395,0.00251,0.003556,0.006509
src/3rdParty/coin/src/vrml97/CMakeFiles/vrml97.dir/WorldInfo.cpp.o,0.302,0.254898,0.239156,0.012916,0.000266,0.020878,0.002569,0.004207,0.007415
src/3rdParty/coin/src/details/CMakeFiles/details.dir/SoFaceDetail.cpp.o,0.301,0.253403,0.230007,0.02072,0,0.02316,0.002449,0.009384,0.010119
src/3rdParty/coin/src/elements/CMakeFiles/elements.dir/SoCacheHintElement.cpp.o,0.301,0.258149,0.23541,0.020064,2.7e-05,0.023363,0.002652,0.009362,0.009365
src/3rdParty/coin/src/elements/CMakeFiles/elements.dir/SoFocalDistanceElement.cpp.o,0.301,0.256835,0.243081,0.011075,4.1e-05,0.023222,0.002394,0.003685,0.006136
src/3rdParty/coin/src/elements/CMakeFiles/elements.dir/SoPolygonOffsetElement.cpp.o,0.301,0.25417,0.235236,0.016052,3.7e-05,0.021109,0.002531,0.007314,0.007466
src/3rdParty/coin/src/elements/CMakeFiles/elements.dir/SoTextOutlineEnabledElement.cpp.o,0.301,0.256488,0.241616,0.012045,2.9e-05,0.021712,0.002708,0.003972,0.006759
src/3rdParty/coin/src/elements/CMakeFiles/elements.dir/SoTextureQualityElement.cpp.o,0.301,0.252552,0.237068,0.012578,3.3e-05,0.024439,0.002543,0.004153,0.007083
src/3rdParty/coin/src/engines/CMakeFiles/engines.dir/SoFieldConverter.cpp.o,0.301,0.251572,0.235207,0.013486,0.000358,0.021883,0.002871,0.005522,0.006762
src/3rdParty/coin/src/fields/CMakeFiles/fields.dir/SoSFFloat.cpp.o,0.301,0.254051,0.235381,0.015679,1.6e-05,0.022806,0.002583,0.006179,0.008121
src/3rdParty/coin/src/fields/CMakeFiles/fields.dir/SoSFVec3i32.cpp.o,0.301,0.25769,0.236107,0.018793,1.3e-05,0.021144,0.002493,0.008261,0.00925
src/3rdParty/coin/src/fields/CMakeFiles/fields.dir/SoSFVec4i32.cpp.o,0.301,0.254698,0.232855,0.019162,1.6e-05,0.021783,0.00254,0.008519,0.009393
src/3rdParty/coin/src/actions/CMakeFiles/actions.dir/SoSimplifyAction.cpp.o,0.3,0.254689,0.23886,0.013081,0.000321,0.02148,0.002734,0.004841,0.00697
src/3rdParty/coin/src/base/CMakeFiles/base.dir/SbVec4s.cpp.o,0.3,0.256564,0.245313,0.008666,0,0.021664,0.002722,0.00402,0.003348
src/3rdParty/coin/src/errors/CMakeFiles/errors.dir/error.cpp.o,0.3,0.252439,0.236745,0.012971,0.011042,0.023624,0.002597,0.004527,0.007095
src/3rdParty/coin/src/vrml97/CMakeFiles/vrml97.dir/Sensor.cpp.o,0.3,0.253022,0.238511,0.011786,0.000277,0.021585,0.002644,0.004312,0.006177
src/3rdParty/coin/src/base/CMakeFiles/base.dir/SbVec2i32.cpp.o,0.299,0.257275,0.247539,0.007046,0.000434,0.023435,0.002379,0.003223,0.002648
src/3rdParty/coin/src/base/CMakeFiles/base.dir/SbVec4i32.cpp.o,0.299,0.252476,0.241271,0.008694,0,0.022006,0.002947,0.004385,0.002993
src/3rdParty/coin/src/elements/CMakeFiles/elements.dir/SoReplacedElement.cpp.o,0.299,0.25273,0.231842,0.018131,2.9e-05,0.023493,0.002449,0.00835,0.008409
src/3rdParty/coin/src/fields/CMakeFiles/fields.dir/SoSFDouble.cpp.o,0.299,0.255454,0.237832,0.015071,1.4e-05,0.020779,0.002586,0.005894,0.007878
src/3rdParty/coin/src/fields/CMakeFiles/fields.dir/SoSFVec3d.cpp.o,0.299,0.25737,0.237536,0.017305,1.7e-05,0.02111,0.002511,0.00734,0.008776
src/3rdParty/coin/src/nodes/CMakeFiles/nodes.dir/SoTexture.cpp.o,0.299,0.251285,0.237338,0.010902,0,0.02119,0.002651,0.00371,0.005992
src/3rdParty/coin/src/profiler/CMakeFiles/profiler.dir/SoProfilerElement.cpp.o,0.299,0.25631,0.239777,0.013772,3.6e-05,0.021741,0.002792,0.005121,0.007409
src/3rdParty/coin/src/scxml/CMakeFiles/scxml.dir/eval-minimum-tab.cpp.o,0.299,0.253048,0.231968,0.018067,0.017652,0.023759,0.002685,0.009598,0.007088
src/3rdParty/coin/src/base/CMakeFiles/base.dir/dict.cpp.o,0.298,0.253817,0.225541,0.025612,0.011241,0.021316,0.003556,0.013385,0.010989
src/3rdParty/coin/src/details/CMakeFiles/details.dir/SoLineDetail.cpp.o,0.298,0.246873,0.229394,0.014853,0,0.024101,0.002711,0.006714,0.006909
src/3rdParty/coin/src/details/CMakeFiles/details.dir/SoTextDetail.cpp.o,0.298,0.257222,0.242809,0.011652,0,0.024536,0.002751,0.004338,0.005871
src/3rdParty/coin/src/elements/CMakeFiles/elements.dir/SoTextureScalePolicyElement.cpp.o,0.298,0.25434,0.240927,0.010736,3.2e-05,0.022602,0.003001,0.00349,0.005939
src/3rdParty/coin/src/fields/CMakeFiles/fields.dir/SoSFBool.cpp.o,0.298,0.253616,0.233829,0.016484,1.3e-05,0.022188,0.002544,0.006468,0.008681
src/3rdParty/coin/src/fields/CMakeFiles/fields.dir/SoSFInt32.cpp.o,0.298,0.249617,0.231083,0.015726,1.5e-05,0.020951,0.002529,0.006217,0.008255
src/3rdParty/coin/src/rendering/CMakeFiles/rendering.dir/SoOffscreenGLXData.cpp.o,0.298,0.25461,0.244885,0.006902,0.000212,0.021553,0.002598,0.003006,0.002652
src/3rdParty/coin/src/fields/CMakeFiles/fields.dir/SoSFVec4b.cpp.o,0.297,0.253772,0.23259,0.018444,1.2e-05,0.021529,0.002523,0.008142,0.008946
src/3rdParty/coin/src/nodes/CMakeFiles/nodes.dir/SoTextureCoordinateFunction.cpp.o,0.297,0.248127,0.234922,0.010568,3.2e-05,0.021225,0.002633,0.003712,0.005534
src/3rdParty/coin/src/threads/CMakeFiles/threads.dir/barrier.cpp.o,0.297,0.245392,0.236979,0.005752,0.010978,0.021897,0.002756,0.002123,0.002335
src/3rdParty/coin/src/elements/CMakeFiles/elements.dir/SoBumpMapElement.cpp.o,0.296,0.252361,0.235,0.014618,2.9e-05,0.022491,0.002443,0.007012,0.006447
src/3rdParty/coin/src/engines/CMakeFiles/engines.dir/SoTriggerAny.cpp.o,0.296,0.251358,0.230817,0.017775,0,0.02296,0.002772,0.006078,0.010475
src/3rdParty/coin/src/fields/CMakeFiles/fields.dir/SoSFVec4f.cpp.o,0.296,0.255062,0.232887,0.019443,1.2e-05,0.021784,0.002566,0.008365,0.009778
src/3rdParty/coin/src/scxml/CMakeFiles/scxml.dir/ScXMLECMAScriptEvaluator.cpp.o,0.296,0.248843,0.235694,0.010473,0.000854,0.022971,0.002668,0.004106,0.005014
src/3rdParty/coin/src/base/CMakeFiles/base.dir/SbVec2b.cpp.o,0.295,0.249987,0.240223,0.006902,0,0.020748,0.002418,0.003036,0.002612
src/3rdParty/coin/src/geo/CMakeFiles/geo.dir/SbPolarStereographic.cpp.o,0.295,0.240267,0.221729,0.015619,0.009769,0.021983,0.002461,0.005603,0.008703
src/3rdParty/coin/src/base/CMakeFiles/base.dir/SbName.cpp.o,0.294,0.24889,0.230914,0.015269,0.001455,0.020862,0.002427,0.006009,0.00804
src/3rdParty/coin/src/base/CMakeFiles/base.dir/SbVec2d.cpp.o,0.294,0.248754,0.237627,0.008592,0.000421,0.020998,0.002629,0.00423,0.003219
src/3rdParty/coin/src/caches/CMakeFiles/caches.dir/SoShaderProgramCache.cpp.o,0.294,0.249113,0.238256,0.007765,0,0.021944,0.00238,0.003392,0.003119
src/3rdParty/coin/src/errors/CMakeFiles/errors.dir/debugerror.cpp.o,0.294,0.248813,0.233739,0.011395,0.000239,0.022524,0.002436,0.003537,0.006475
src/3rdParty/coin/src/misc/CMakeFiles/misc.dir/SoShaderGenerator.cpp.o,0.294,0.248196,0.228776,0.016676,0,0.021225,0.002446,0.006577,0.008823
src/3rdParty/coin/src/sensors/CMakeFiles/sensors.dir/SoPathSensor.cpp.o,0.294,0.250135,0.232125,0.015371,0,0.020923,0.002889,0.006313,0.007797
src/Mod/Robot/App/CMakeFiles/Robot.dir/kdl_cp/frameacc.cpp.o,0.294,0.246717,0.242445,0.001612,0.22094,0.021601,0.002888,0.000129,0.000134
src/3rdParty/coin/src/geo/CMakeFiles/geo.dir/SbGeoEllipsoid.cpp.o,0.293,0.244982,0.229061,0.012808,0,0.021744,0.002384,0.004459,0.006939
src/3rdParty/coin/src/threads/CMakeFiles/threads.dir/sched.cpp.o,0.293,0.245835,0.226951,0.016355,0.000673,0.021193,0.002404,0.007138,0.007945
src/3rdParty/coin/src/threads/CMakeFiles/threads.dir/fifo.cpp.o,0.293,0.247559,0.226102,0.018868,0.000443,0.022127,0.002496,0.009293,0.008244
src/3rdParty/coin/src/base/CMakeFiles/base.dir/SbVec2us.cpp.o,0.292,0.249154,0.239354,0.007071,0,0.020888,0.002614,0.003073,0.002681
src/3rdParty/coin/src/misc/CMakeFiles/misc.dir/SoTempPath.cpp.o,0.292,0.2472,0.231326,0.013211,0,0.021488,0.002592,0.007209,0.00481
src/3rdParty/coin/src/nodes/CMakeFiles/nodes.dir/SoLabel.cpp.o,0.292,0.24762,0.234217,0.010709,3.6e-05,0.021028,0.002629,0.003697,0.005813
src/3rdParty/coin/src/sensors/CMakeFiles/sensors.dir/SoSensor.cpp.o,0.292,0.244656,0.233023,0.008915,0.031161,0.021016,0.002615,0.003666,0.003995
src/3rdParty/coin/src/base/CMakeFiles/base.dir/memalloc.cpp.o,0.291,0.24394,0.229401,0.012018,0.011189,0.02122,0.002482,0.005984,0.004782
src/3rdParty/coin/src/base/CMakeFiles/base.dir/SbDPLine.cpp.o,0.291,0.246979,0.231223,0.013119,0.006813,0.021032,0.003128,0.00661,0.005281
src/3rdParty/coin/src/base/CMakeFiles/base.dir/SbVec4ui32.cpp.o,0.291,0.241319,0.230347,0.008355,0,0.022073,0.002491,0.003216,0.003907
src/3rdParty/coin/src/misc/CMakeFiles/misc.dir/SoNotification.cpp.o,0.291,0.247149,0.23378,0.01073,0.00184,0.021197,0.002446,0.003961,0.005516
src/App/CMakeFiles/FreeCADApp.dir/qrc_App_translation.cpp.o,0.291,0.247431,0.237823,0.005792,0,0,0,0.002125,0.002385
src/3rdParty/coin/src/bundles/CMakeFiles/bundles.dir/SoBundle.cpp.o,0.29,0.243737,0.237141,0.003924,0,0.024008,0.002675,0.001356,0.001256
src/3rdParty/coin/src/elements/CMakeFiles/elements.dir/SoComplexityTypeElement.cpp.o,0.29,0.243407,0.229954,0.010698,2.6e-05,0.021407,0.002477,0.003654,0.005949
src/3rdParty/coin/src/sensors/CMakeFiles/sensors.dir/SoTimerSensor.cpp.o,0.29,0.244883,0.229287,0.013,3.2e-05,0.02126,0.002474,0.004871,0.006843
src/3rdParty/coin/src/fields/CMakeFiles/fields.dir/SoSFTrigger.cpp.o,0.289,0.242793,0.225874,0.013876,0.000344,0.021418,0.002458,0.004935,0.007555
src/3rdParty/coin/src/misc/CMakeFiles/misc.dir/SoLockManager.cpp.o,0.289,0.242767,0.233155,0.006881,0,0.023921,0.002429,0.003182,0.002373
src/3rdParty/coin/src/geo/CMakeFiles/geo.dir/SbGeoProjection.cpp.o,0.288,0.239284,0.23096,0.005396,0,0.021575,0.002621,0.001884,0.00215
src/3rdParty/coin/src/base/CMakeFiles/base.dir/SbVec4b.cpp.o,0.287,0.242591,0.232562,0.007226,0,0.021735,0.002476,0.003298,0.002783
src/3rdParty/coin/src/elements/CMakeFiles/elements.dir/SoAnnoText3CharOrientElement.cpp.o,0.287,0.243698,0.231129,0.010073,2.9e-05,0.022194,0.002793,0.003236,0.005604
src/3rdParty/coin/src/elements/CMakeFiles/elements.dir/SoDrawStyleElement.cpp.o,0.287,0.239803,0.224605,0.012618,3.8e-05,0.023832,0.002468,0.004721,0.006467
src/3rdParty/coin/src/elements/CMakeFiles/elements.dir/SoLinePatternElement.cpp.o,0.287,0.243532,0.228316,0.012624,2.8e-05,0.021635,0.002443,0.004384,0.006851
src/3rdParty/coin/src/sensors/CMakeFiles/sensors.dir/SoDelayQueueSensor.cpp.o,0.287,0.241024,0.227192,0.011057,0.005435,0.021297,0.00261,0.004512,0.005268
src/3rdParty/coin/src/geo/CMakeFiles/geo.dir/SbGeoAngle.cpp.o,0.287,0.240938,0.216242,0.021932,0.000547,0.023356,0.002432,0.007657,0.012882
src/3rdParty/coin/src/base/CMakeFiles/base.dir/SbDict.cpp.o,0.286,0.242332,0.227388,0.012263,0.000478,0.02206,0.002474,0.004985,0.006069
src/3rdParty/coin/src/elements/CMakeFiles/elements.dir/SoCreaseAngleElement.cpp.o,0.286,0.239411,0.223859,0.012608,3e-05,0.021657,0.002442,0.00421,0.007103
src/3rdParty/coin/src/elements/CMakeFiles/elements.dir/SoVertexAttributeBindingElement.cpp.o,0.286,0.242429,0.228045,0.011545,3.4e-05,0.022351,0.00251,0.003647,0.00658
src/3rdParty/coin/src/elements/CMakeFiles/elements.dir/SoNormalBindingElement.cpp.o,0.286,0.239075,0.224871,0.011297,5.1e-05,0.022706,0.002516,0.003654,0.006325
src/3rdParty/coin/src/elements/CMakeFiles/elements.dir/SoSwitchElement.cpp.o,0.286,0.240624,0.226163,0.011734,3e-05,0.021829,0.002736,0.004011,0.00641
src/3rdParty/coin/src/misc/CMakeFiles/misc.dir/SoNotRec.cpp.o,0.286,0.238652,0.226789,0.009121,3.4e-05,0.021103,0.002442,0.003216,0.004677
src/3rdParty/coin/src/threads/CMakeFiles/threads.dir/sync.cpp.o,0.285,0.240338,0.230124,0.007525,0.000322,0.021351,0.00238,0.002499,0.003835
src/3rdParty/coin/src/foreignfiles/CMakeFiles/foreignfiles.dir/steel-wrapper.cpp.o,0.285,0.239801,0.075817,0.162052,0.000209,0,0,0.083524,0.077023
src/3rdParty/coin/src/fields/CMakeFiles/fields.dir/SoSField.cpp.o,0.284,0.239156,0.229051,0.007579,0.000465,0.0216,0.002431,0.00256,0.003694
src/3rdParty/coin/src/lists/CMakeFiles/lists.dir/SoEngineList.cpp.o,0.284,0.234763,0.226919,0.00519,0,0.02212,0.003121,0.001697,0.002231
src/3rdParty/coin/src/sensors/CMakeFiles/sensors.dir/SoTimerQueueSensor.cpp.o,0.284,0.239223,0.226317,0.010382,3.2e-05,0.021156,0.002533,0.004038,0.005117
src/Mod/Robot/App/CMakeFiles/Robot.dir/kdl_cp/framevel.cpp.o,0.284,0.233598,0.229462,0.001557,0.208116,0.021441,0.00248,0.000122,0.000134
src/3rdParty/coin/src/elements/CMakeFiles/elements.dir/SoAnnoText3RenderPrintElement.cpp.o,0.283,0.235316,0.221545,0.011205,2.9e-05,0.021323,0.002435,0.003932,0.006013
src/3rdParty/coin/src/elements/GL/CMakeFiles/glelements.dir/SoGLRenderPassElement.cpp.o,0.283,0.237024,0.221846,0.012604,0,0.021715,0.002416,0.004925,0.006463
src/3rdParty/coin/src/fonts/CMakeFiles/fonts.dir/glyph.cpp.o,0.283,0.239188,0.230134,0.006381,0.000772,0.022873,0.002485,0.002695,0.002461
src/3rdParty/coin/src/sensors/CMakeFiles/sensors.dir/SoNodeSensor.cpp.o,0.283,0.237557,0.226025,0.008851,0,0.021027,0.002533,0.003469,0.004183
src/3rdParty/OndselSolver/OndselSolver/CMakeFiles/OndselSolver.dir/MbDMath.cpp.o,0.283,0.238531,0.209007,0.02704,0.182922,0.024202,0.019238,0.019911,0.005895
src/3rdParty/coin/src/xml/CMakeFiles/xml.dir/attribute.cpp.o,0.282,0.237337,0.223652,0.010988,0.000692,0.022187,0.002625,0.004605,0.005143
src/3rdParty/coin/src/base/CMakeFiles/base.dir/SbVec4ub.cpp.o,0.282,0.237953,0.227533,0.007791,0,0.030626,0.00242,0.003536,0.002939
src/3rdParty/coin/src/bundles/CMakeFiles/bundles.dir/SoVertexAttributeBundle.cpp.o,0.282,0.236541,0.228857,0.005005,2.8e-05,0.022168,0.002708,0.001769,0.002018
src/3rdParty/coin/src/elements/CMakeFiles/elements.dir/SoDecimationTypeElement.cpp.o,0.282,0.236436,0.222996,0.010985,2.8e-05,0.02108,0.002555,0.003581,0.006149
src/3rdParty/coin/src/elements/CMakeFiles/elements.dir/SoLineWidthElement.cpp.o,0.282,0.237165,0.222061,0.011544,3.1e-05,0.021926,0.00264,0.003896,0.006335
src/3rdParty/coin/src/elements/CMakeFiles/elements.dir/SoPointSizeElement.cpp.o,0.282,0.23804,0.223988,0.011125,3.1e-05,0.022469,0.00245,0.003658,0.006185
src/3rdParty/coin/src/elements/CMakeFiles/elements.dir/SoUnitsElement.cpp.o,0.282,0.236053,0.222036,0.011118,2.9e-05,0.021405,0.002573,0.003662,0.006221
src/3rdParty/coin/src/lists/CMakeFiles/lists.dir/SoTypeList.cpp.o,0.282,0.236285,0.225061,0.008438,0,0.023976,0.002521,0.003877,0.003094
src/3rdParty/coin/src/elements/CMakeFiles/elements.dir/SoListenerGainElement.cpp.o,0.281,0.235447,0.221779,0.010979,2.8e-05,0.020893,0.0024,0.003744,0.005952
src/Base/CMakeFiles/FreeCADBase.dir/DualQuaternion.cpp.o,0.28,0.230533,0.203009,0.024608,0.177089,0.020706,0.002438,0.01335,0.01003
src/3rdParty/coin/src/details/CMakeFiles/details.dir/SoPointDetail.cpp.o,0.28,0.234615,0.219712,0.012035,0,0.02243,0.002443,0.004136,0.006539
src/3rdParty/coin/src/xml/CMakeFiles/xml.dir/utils.cpp.o,0.279,0.234607,0.221998,0.009845,0.011351,0.021647,0.002697,0.004899,0.003604
src/3rdParty/coin/src/lists/CMakeFiles/lists.dir/SoEngineOutputList.cpp.o,0.279,0.230291,0.225843,0.001637,0,0.023021,0.002791,0.00012,0.000144
src/3rdParty/coin/src/hardcopy/CMakeFiles/hardcopy.dir/VectorOutput.cpp.o,0.279,0.231729,0.220507,0.008557,0,0.022126,0.00252,0.003641,0.003572
src/3rdParty/coin/src/threads/CMakeFiles/threads.dir/worker.cpp.o,0.279,0.231816,0.217145,0.011605,0.000431,0.020944,0.002485,0.005528,0.004878
src/3rdParty/coin/src/elements/CMakeFiles/elements.dir/SoComplexityElement.cpp.o,0.278,0.232554,0.219304,0.010653,2.9e-05,0.021354,0.002449,0.003573,0.005858
src/3rdParty/coin/src/elements/CMakeFiles/elements.dir/SoPickStyleElement.cpp.o,0.278,0.231242,0.218055,0.010566,2.9e-05,0.020691,0.002418,0.003573,0.005726
src/3rdParty/coin/src/misc/CMakeFiles/misc.dir/CoinStaticObjectInDLL.cpp.o,0.278,0.234721,0.226724,0.005047,0.000204,0.022,0.002471,0.001916,0.001829
src/3rdParty/coin/src/misc/CMakeFiles/misc.dir/SoFullPath.cpp.o,0.278,0.234221,0.224155,0.007114,2.7e-05,0.021412,0.002578,0.002898,0.002922
src/3rdParty/coin/src/hardcopy/CMakeFiles/hardcopy.dir/PSVectorOutput.cpp.o,0.278,0.232877,0.224284,0.005995,0,0.021959,0.002434,0.001997,0.0027
src/3rdParty/coin/src/lists/CMakeFiles/lists.dir/SoFieldList.cpp.o,0.277,0.22505,0.220024,0.001717,0,0.026388,0.002476,0.000134,0.000133
src/3rdParty/coin/src/elements/CMakeFiles/elements.dir/SoDecimationPercentageElement.cpp.o,0.275,0.231511,0.217763,0.011252,2.6e-05,0.020829,0.002482,0.003857,0.006121
src/3rdParty/coin/src/threads/CMakeFiles/threads.dir/wpool.cpp.o,0.275,0.233422,0.213621,0.017346,0.000475,0.020921,0.002455,0.008937,0.00724
src/3rdParty/coin/src/base/CMakeFiles/base.dir/SbVec2ui32.cpp.o,0.274,0.228898,0.218873,0.007372,0,0.021264,0.002406,0.003119,0.002885
src/3rdParty/coin/src/details/CMakeFiles/details.dir/SoCylinderDetail.cpp.o,0.274,0.231878,0.220793,0.008222,0,0.021538,0.002454,0.00286,0.004213
src/3rdParty/coin/src/base/CMakeFiles/base.dir/SbVec4us.cpp.o,0.273,0.227391,0.217187,0.00777,0,0.021131,0.002441,0.003334,0.003197
src/3rdParty/coin/src/details/CMakeFiles/details.dir/SoCubeDetail.cpp.o,0.273,0.225326,0.211803,0.010324,0,0.022568,0.002458,0.003681,0.005055
src/3rdParty/coin/src/elements/CMakeFiles/elements.dir/SoMaterialBindingElement.cpp.o,0.273,0.233097,0.220339,0.010375,2.7e-05,0.021123,0.002478,0.003529,0.005666
src/3rdParty/coin/src/lists/CMakeFiles/lists.dir/SoNodeList.cpp.o,0.273,0.227092,0.215598,0.008502,0,0.027163,0.002442,0.002381,0.004442
src/3rdParty/coin/src/base/CMakeFiles/base.dir/time.cpp.o,0.272,0.226432,0.218456,0.005312,0.005619,0.02087,0.002366,0.002352,0.001783
src/3rdParty/coin/src/sensors/CMakeFiles/sensors.dir/SoFieldSensor.cpp.o,0.272,0.229871,0.215582,0.011725,0,0.020794,0.002452,0.00479,0.005854
src/3rdParty/coin/src/threads/CMakeFiles/threads.dir/storage.cpp.o,0.272,0.224603,0.212098,0.009997,0.000817,0.021545,0.002454,0.003688,0.004914
src/3rdParty/coin/src/elements/CMakeFiles/elements.dir/SoAnnoText3FontSizeHintElement.cpp.o,0.271,0.227459,0.213949,0.010904,2.7e-05,0.020731,0.002475,0.003703,0.005965
src/3rdParty/coin/src/base/CMakeFiles/base.dir/SbVec2ub.cpp.o,0.27,0.223562,0.214619,0.006257,0,0.020856,0.002477,0.002517,0.002283
src/3rdParty/coin/src/io/CMakeFiles/io.dir/SoByteStream.cpp.o,0.269,0.223271,0.214958,0.0056,0.000332,0.029575,0.002708,0.001839,0.002547
src/3rdParty/coin/src/rendering/CMakeFiles/rendering.dir/SoOffscreenCGData.cpp.o,0.269,0.224285,0.21832,0.003476,0.000214,0.020633,0.002524,0.001523,0.000688
src/3rdParty/coin/src/base/CMakeFiles/base.dir/dynarray.cpp.o,0.268,0.222293,0.207416,0.012421,0,0.02104,0.002455,0.005449,0.005739
src/3rdParty/coin/src/sensors/CMakeFiles/sensors.dir/SoIdleSensor.cpp.o,0.267,0.218166,0.210339,0.005315,0.000444,0.02076,0.002889,0.001752,0.002294
src/3rdParty/coin/src/navigation/CMakeFiles/navigation.dir/SoScXMLMotionTarget.cpp.o,0.265,0.220352,0.206811,0.010667,0.000749,0.021662,0.002631,0.003783,0.005625
src/3rdParty/coin/src/details/CMakeFiles/details.dir/SoConeDetail.cpp.o,0.263,0.219326,0.208494,0.008228,0,0.021202,0.002422,0.002715,0.004304
src/3rdParty/coin/src/fonts/CMakeFiles/fonts.dir/common.cpp.o,0.263,0.220196,0.212843,0.004803,0,0.025263,0.002444,0.001872,0.001472
src/3rdParty/coin/src/threads/CMakeFiles/threads.dir/common.cpp.o,0.262,0.214068,0.208441,0.002913,0.000315,0.022883,0.002457,0.001013,0.000637
src/3rdParty/coin/src/details/CMakeFiles/details.dir/SoDetail.cpp.o,0.261,0.214959,0.205213,0.007163,0.000218,0.02095,0.002475,0.002353,0.003594
src/Mod/CAM/PathSimulator/AppGL/CMakeFiles/CAMSimulator.dir/GlUtils.cpp.o,0.26,0.212427,0.2082,0.001591,0.187883,0.020474,0.00241,0.000119,0.000158
src/3rdParty/coin/src/lists/CMakeFiles/lists.dir/SbStringList.cpp.o,0.256,0.206597,0.202161,0.001774,0,0.020716,0.002466,0.000172,0.000138
src/3rdParty/coin/src/xml/CMakeFiles/xml.dir/entity.cpp.o,0.255,0.211148,0.203932,0.004723,0.000636,0.021189,0.002459,0.001741,0.001772
src/3rdParty/coin/src/sensors/CMakeFiles/sensors.dir/SoOneShotSensor.cpp.o,0.255,0.209193,0.201863,0.004621,0.00047,0.021012,0.002697,0.001565,0.001841
src/Mod/Test/Gui/CMakeFiles/QtUnitGui.dir/qrc_Test_translation.cpp.o,0.252,0.21107,0.202222,0.005646,0,0,0,0.00208,0.002281
src/3rdParty/salomesmesh/CMakeFiles/SMESH.dir/src/SMESH/libmesh.c.o,0.251,0.203062,0.055752,0.145522,0.002731,0,0,0.079373,0.064841
src/3rdParty/coin/src/io/CMakeFiles/io.dir/SoTranSender.cpp.o,0.249,0.207396,0.199929,0.004851,0.000346,0.020807,0.002363,0.001712,0.001904
src/3rdParty/coin/src/engines/CMakeFiles/engines.dir/evaluator_tab.c.o,0.247,0.204963,0.068995,0.13416,0.013577,0,0,0.079987,0.052694
src/3rdParty/coin/src/io/CMakeFiles/io.dir/SoTranReceiver.cpp.o,0.246,0.205568,0.199318,0.003557,0.00033,0.021066,0.002462,0.001244,0.001106
src/Mod/Robot/App/CMakeFiles/Robot.dir/kdl_cp/utilities/utility.cxx.o,0.24,0.196814,0.192814,0.001553,0.17244,0.020524,0.002413,0.000123,0.000158
src/Mod/Mesh/Gui/CMakeFiles/MeshGui.dir/qrc_Mesh.cpp.o,0.227,0.176399,0.167108,0.006461,0,0,0,0.002529,0.002662
src/Base/CMakeFiles/FreeCADBase.dir/Version.cpp.o,0.207,0.162921,0.152965,0.007349,0.144327,0.004991,0.005729,0.003039,0.003075
src/Base/CMakeFiles/FreeCADBase.dir/PyTools.c.o,0.204,0.159987,0.111117,0.046963,0.000281,0,0,0.019636,0.026137
src/3rdParty/coin/src/fonts/CMakeFiles/fonts.dir/default2dfont.cpp.o,0.204,0.162727,0.154515,0.006157,0,0,0,0.001848,0.003095
src/Mod/Start/Gui/CMakeFiles/StartGui.dir/qrc_Start.cpp.o,0.177,0.132577,0.12392,0.006136,0,0,0,0.002459,0.002411
src/Mod/Inspection/Gui/CMakeFiles/InspectionGui.dir/qrc_Inspection.cpp.o,0.176,0.129899,0.120929,0.006179,0,0,0,0.002397,0.002462
src/Base/CMakeFiles/FreeCADBase.dir/__/3rdParty/PyCXX/CXX/cxxextensions.c.o,0.162,0.121558,0.118064,0.001711,0,0,0,0.000142,0.000149
src/Mod/Robot/Gui/CMakeFiles/RobotGui.dir/qrc_Robot.cpp.o,0.143,0.095297,0.086214,0.006262,0,0,0,0.002381,0.002563
src/Mod/Spreadsheet/Gui/CMakeFiles/SpreadsheetGui.dir/qrc_Spreadsheet.cpp.o,0.116,0.067983,0.059562,0.006022,0,0,0,0.002256,0.002503
src/3rdParty/coin/src/engines/CMakeFiles/engines.dir/evaluator.c.o,0.112,0.068425,0.039182,0.027335,0.016891,0,0,0.012013,0.01397
src/Mod/Material/Gui/CMakeFiles/MatGui.dir/qrc_Material.cpp.o,0.106,0.06208,0.053256,0.006556,0,0,0,0.002854,0.002363
src/Mod/MeshPart/Gui/CMakeFiles/MeshPartGui.dir/qrc_MeshPart.cpp.o,0.106,0.033631,0.021578,0.009788,0,0,0,0.003951,0.004013
src/Mod/Measure/Gui/CMakeFiles/MeasureGui.dir/qrc_Measure.cpp.o,0.102,0.055407,0.046946,0.006301,0,0,0,0.002487,0.002538
src/Mod/MeshPart/Gui/CMakeFiles/MeshPartGui.dir/MeshPartGui_autogen/mocs_compilation.cpp.o,0.097,0.010118,0.001384,0.004057,0,0,0,0.000431,0.000394
src/Mod/Surface/Gui/CMakeFiles/SurfaceGui.dir/qrc_Surface.cpp.o,0.095,0.046367,0.038347,0.005951,0,0,0,0.002423,0.002258
src/Main/CMakeFiles/FreeCADMain.dir/FreeCADMain_autogen/mocs_compilation.cpp.o,0.091,0.004959,0.000818,0.002071,0,0,0,0.000185,0.000183
src/Main/CMakeFiles/FreeCADMainCmd.dir/FreeCADMainCmd_autogen/mocs_compilation.cpp.o,0.091,0.007648,0.000998,0.003292,0,0,0,0.00027,0.000276
src/3rdParty/coin/src/fonts/CMakeFiles/fonts.dir/default3dfont.cpp.o,0.088,0.045889,0.037587,0.006008,0,0,0,0.001857,0.002994
src/Mod/Material/App/CMakeFiles/Materials.dir/Materials_autogen/mocs_compilation.cpp.o,0.082,0.007937,0.001256,0.003043,0,0,0,0.000273,0.000284
src/Mod/Points/Gui/CMakeFiles/PointsGui.dir/qrc_Points.cpp.o,0.072,0.032765,0.02475,0.006142,0,0,0,0.002495,0.002433
src/Mod/ReverseEngineering/Gui/CMakeFiles/ReverseEngineeringGui.dir/qrc_ReverseEngineering.cpp.o,0.062,0.017507,0.008653,0.006901,0,0,0,0.003008,0.002639
src/3rdParty/salomesmesh/CMakeFiles/SMDS.dir/src/SMDS/SMDS_MeshObject.cpp.o,0.059,0.012219,0.008827,0.001596,0,0,0,0.000122,0.00015
src/3rdParty/coin/src/lists/CMakeFiles/lists.dir/SbList.cpp.o,0.058,0.00578,0.000637,0.002506,0,0,0,0.000165,0.00022
src/Base/CMakeFiles/FreeCADBase.dir/Swap.cpp.o,0.057,0.014458,0.002652,0.01017,0.000545,0,0,0.006335,0.002665
src/Mod/Test/Gui/CMakeFiles/QtUnitGui.dir/qrc_Test.cpp.o,0.056,0.012696,0.00401,0.006809,0,0,0,0.003094,0.002508
src/3rdParty/coin/src/xml/CMakeFiles/xml.dir/xml_autogen/mocs_compilation.cpp.o,0.054,0.00485,0.000633,0.00199,0,0,0,0.000155,0.000184
src/Mod/Robot/App/CMakeFiles/Robot.dir/Robot_autogen/mocs_compilation.cpp.o,0.054,0.00435,0.000566,0.001607,0,0,0,0.000128,0.000142
src/3rdParty/coin/src/projectors/CMakeFiles/projectors.dir/projectors_autogen/mocs_compilation.cpp.o,0.053,0.003751,0.000458,0.001578,0,0,0,0.000117,0.000147
src/3rdParty/WildMagic4/CMakeFiles/WildMagic4.dir/Wm4FoundationPCH.cpp.o,0.053,0.005444,0.000894,0.002237,0.000257,0,0,0.000148,0.000194
src/Mod/Assembly/App/CMakeFiles/Assembly.dir/Assembly_autogen/mocs_compilation.cpp.o,0.053,0.004528,0.000577,0.001751,0,0,0,0.000138,0.000137
src/Mod/CAM/App/CMakeFiles/Path.dir/Path_autogen/mocs_compilation.cpp.o,0.052,0.00466,0.000788,0.001621,0,0,0,0.00013,0.00015
src/Mod/Surface/App/CMakeFiles/Surface.dir/Surface_autogen/mocs_compilation.cpp.o,0.052,0.006217,0.000898,0.003142,0,0,0,0.000233,0.000385
src/3rdParty/coin/src/lists/CMakeFiles/lists.dir/SbIntList.cpp.o,0.051,0.003897,0.000406,0.001664,0,0,0,0.000139,0.000155
src/3rdParty/coin/src/navigation/CMakeFiles/navigation.dir/navigation_autogen/mocs_compilation.cpp.o,0.051,0.004658,0.000473,0.002256,0,0,0,0.000168,0.000232
src/3rdParty/WildMagic4/CMakeFiles/WildMagic4.dir/Wm4Memory.cpp.o,0.051,0.004039,0.000594,0.001629,0.000148,0,0,0.000137,0.000151
src/3rdParty/libE57Format/CMakeFiles/E57Format.dir/E57Format_autogen/mocs_compilation.cpp.o,0.051,0.004101,0.00047,0.001927,0,0,0,0.000171,0.000147
src/Mod/CAM/libarea/CMakeFiles/area-native.dir/area-native_autogen/mocs_compilation.cpp.o,0.051,0.004103,0.0005,0.001648,0,0,0,0.000123,0.000157
src/Mod/TechDraw/App/CMakeFiles/TechDraw.dir/TechDraw_autogen/mocs_compilation.cpp.o,0.051,0.003981,0.000466,0.001707,0,0,0,0.000117,0.000149
src/Mod/Inspection/Gui/CMakeFiles/InspectionGui.dir/InspectionGui_autogen/mocs_compilation.cpp.o,0.051,0.004356,0.000555,0.001762,0,0,0,0.000131,0.00016
src/Mod/Test/Gui/CMakeFiles/QtUnitGui.dir/QtUnitGui_autogen/mocs_compilation.cpp.o,0.051,0.003916,0.000472,0.001625,0,0,0,0.000134,0.000141
src/3rdParty/coin/src/actions/CMakeFiles/actions.dir/actions_autogen/mocs_compilation.cpp.o,0.05,0.005809,0.000664,0.002535,0,0,0,0.000195,0.00023
src/3rdParty/coin/src/soscxml/CMakeFiles/soscxml.dir/soscxml_autogen/mocs_compilation.cpp.o,0.05,0.004222,0.00053,0.001815,0,0,0,0.000161,0.00019
src/Mod/Points/App/CMakeFiles/Points.dir/Points_autogen/mocs_compilation.cpp.o,0.05,0.003929,0.000504,0.001646,0,0,0,0.000122,0.000151
src/Mod/MeshPart/App/CMakeFiles/MeshPart.dir/MeshPart_autogen/mocs_compilation.cpp.o,0.05,0.004139,0.000502,0.001748,0,0,0,0.000147,0.00015
src/Mod/Assembly/Gui/CMakeFiles/AssemblyGui.dir/AssemblyGui_autogen/mocs_compilation.cpp.o,0.05,0.004585,0.000565,0.001925,0,0,0,0.00018,0.000158
tests/src/Gui/CMakeFiles/TranslatorLocale_Tests_run.dir/TranslatorLocale_Tests_run_autogen/mocs_compilation.cpp.o,0.05,0.004181,0.000476,0.001651,0,0,0,0.000129,0.000134
tests/src/Gui/CMakeFiles/QuantitySpinBox_Tests_run.dir/QuantitySpinBox_Tests_run_autogen/mocs_compilation.cpp.o,0.05,0.004085,0.000505,0.001676,0,0,0,0.000121,0.000157
src/3rdParty/coin/src/events/CMakeFiles/events.dir/events_autogen/mocs_compilation.cpp.o,0.049,0.005185,0.001536,0.001897,0,0,0,0.000136,0.000172
src/Mod/Import/App/CMakeFiles/Import.dir/Import_autogen/mocs_compilation.cpp.o,0.049,0.004138,0.000515,0.001712,0,0,0,0.00012,0.000143
src/Mod/Spreadsheet/App/CMakeFiles/Spreadsheet.dir/Spreadsheet_autogen/mocs_compilation.cpp.o,0.049,0.004306,0.000508,0.001991,0,0,0,0.000143,0.000165
src/Mod/Mesh/Gui/CMakeFiles/MeshGui.dir/MeshGui_autogen/mocs_compilation.cpp.o,0.049,0.004153,0.000599,0.001771,0,0,0,0.000142,0.000147
src/Mod/ReverseEngineering/App/CMakeFiles/ReverseEngineering.dir/ReverseEngineering_autogen/mocs_compilation.cpp.o,0.049,0.004029,0.0005,0.00164,0,0,0,0.00013,0.000142
src/Mod/Inspection/App/CMakeFiles/Inspection.dir/Inspection_autogen/mocs_compilation.cpp.o,0.049,0.004114,0.000561,0.001666,0,0,0,0.000142,0.000147
src/Mod/Points/Gui/CMakeFiles/PointsGui.dir/PointsGui_autogen/mocs_compilation.cpp.o,0.049,0.003928,0.000484,0.001638,0,0,0,0.000125,0.000171
src/Mod/Robot/Gui/CMakeFiles/RobotGui.dir/RobotGui_autogen/mocs_compilation.cpp.o,0.049,0.003934,0.000478,0.001599,0,0,0,0.000136,0.000144
tests/src/Gui/CMakeFiles/ObjectSelection_Tests_run.dir/ObjectSelection_Tests_run_autogen/mocs_compilation.cpp.o,0.049,0.004117,0.000479,0.001827,0,0,0,0.000181,0.000149
tests/src/Mod/Measure/App/CMakeFiles/Measure_tests_run.dir/Measure_tests_run_autogen/mocs_compilation.cpp.o,0.049,0.004135,0.000469,0.002031,0,0,0,0.00013,0.000195
src/3rdParty/coin/src/engines/CMakeFiles/engines.dir/engines_autogen/mocs_compilation.cpp.o,0.048,0.00466,0.000625,0.00187,0,0,0,0.000158,0.000155
src/3rdParty/coin/src/glue/CMakeFiles/glue.dir/win32api.cpp.o,0.048,0.004117,0.000704,0.001669,0.000243,0,0,0.000126,0.000157
src/3rdParty/coin/src/shadows/CMakeFiles/shadows.dir/shadows_autogen/mocs_compilation.cpp.o,0.048,0.004765,0.000566,0.002032,0,0,0,0.000195,0.000186
src/Mod/Sketcher/App/CMakeFiles/Sketcher.dir/Sketcher_autogen/mocs_compilation.cpp.o,0.048,0.004095,0.000501,0.001682,0,0,0,0.000128,0.000151
src/Mod/Measure/App/CMakeFiles/Measure.dir/Measure_autogen/mocs_compilation.cpp.o,0.048,0.003975,0.000484,0.001618,0,0,0,0.000137,0.000144
src/Main/CMakeFiles/FreeCADMainPy.dir/FreeCADMainPy_autogen/mocs_compilation.cpp.o,0.048,0.003941,0.000505,0.001609,0,0,0,0.000119,0.000153
src/Mod/Import/Gui/CMakeFiles/ImportGui.dir/ImportGui_autogen/mocs_compilation.cpp.o,0.048,0.004455,0.000526,0.001623,0,0,0,0.000132,0.000141
src/Mod/MeshPart/App/CMakeFiles/flatmesh.dir/flatmesh_autogen/mocs_compilation.cpp.o,0.048,0.004302,0.000479,0.001939,0,0,0,0.00017,0.000164
src/Mod/PartDesign/Gui/CMakeFiles/PartDesignGui.dir/PartDesignGui_autogen/mocs_compilation.cpp.o,0.048,0.004419,0.000577,0.001773,0,0,0,0.000135,0.000142
src/Mod/CAM/Gui/CMakeFiles/PathGui.dir/PathGui_autogen/mocs_compilation.cpp.o,0.048,0.003724,0.000502,0.001561,0,0,0,0.000121,0.000142
src/Mod/ReverseEngineering/Gui/CMakeFiles/ReverseEngineeringGui.dir/ReverseEngineeringGui_autogen/mocs_compilation.cpp.o,0.048,0.003812,0.000474,0.001602,0,0,0,0.000136,0.000145
tests/src/Gui/Dialogs/CMakeFiles/DlgVersionMigrator_Tests_run.dir/DlgVersionMigrator_Tests_run_autogen/mocs_compilation.cpp.o,0.048,0.00401,0.00052,0.001611,0,0,0,0.000122,0.00014
tests/src/Mod/PartDesign/App/CMakeFiles/PartDesign_tests_run.dir/PartDesign_tests_run_autogen/mocs_compilation.cpp.o,0.048,0.004005,0.000496,0.001654,0,0,0,0.000137,0.000166
tests/src/Mod/Points/App/CMakeFiles/Points_tests_run.dir/Points_tests_run_autogen/mocs_compilation.cpp.o,0.048,0.004353,0.000485,0.00176,0,0,0,0.000138,0.000143
src/3rdParty/coin/src/bundles/CMakeFiles/bundles.dir/bundles_autogen/mocs_compilation.cpp.o,0.047,0.003734,0.000467,0.001625,0,0,0,0.000134,0.000155
src/3rdParty/coin/src/elements/CMakeFiles/elements.dir/SoBumpMappingPropertyElement.cpp.o,0.047,0.003592,0.000371,0.001565,0,0,0,0.000124,0.000136
src/3rdParty/coin/src/fields/CMakeFiles/fields.dir/fields_autogen/mocs_compilation.cpp.o,0.047,0.003719,0.000468,0.001618,0,0,0,0.000138,0.000162
src/3rdParty/coin/src/rendering/CMakeFiles/rendering.dir/rendering_autogen/mocs_compilation.cpp.o,0.047,0.004006,0.000498,0.001736,0,0,0,0.000154,0.000153
src/3rdParty/coin/src/upgraders/CMakeFiles/upgraders.dir/upgraders_autogen/mocs_compilation.cpp.o,0.047,0.004082,0.000503,0.001668,0,0,0,0.000137,0.000144
src/3rdParty/coin/src/geo/CMakeFiles/geo.dir/geo_autogen/mocs_compilation.cpp.o,0.047,0.003916,0.000472,0.001629,0,0,0,0.000169,0.000143
src/3rdParty/coin/src/scxml/CMakeFiles/scxml.dir/scxml_autogen/mocs_compilation.cpp.o,0.047,0.00387,0.000479,0.001649,0,0,0,0.000124,0.000143
src/Mod/CAM/libarea/CMakeFiles/area.dir/area_autogen/mocs_compilation.cpp.o,0.047,0.00378,0.000438,0.001575,0,0,0,0.000133,0.000138
tests/src/Gui/CMakeFiles/InputField_Tests_run.dir/InputField_Tests_run_autogen/mocs_compilation.cpp.o,0.047,0.003986,0.000519,0.001616,0,0,0,0.000123,0.000157
tests/src/Mod/Assembly/App/CMakeFiles/Assembly_tests_run.dir/Assembly_tests_run_autogen/mocs_compilation.cpp.o,0.047,0.00436,0.000709,0.001659,0,0,0,0.000134,0.000145
tests/src/Mod/Material/App/CMakeFiles/Material_tests_run.dir/Material_tests_run_autogen/mocs_compilation.cpp.o,0.047,0.004224,0.000462,0.001805,0,0,0,0.000178,0.000158
tests/src/Mod/MeshPart/App/CMakeFiles/MeshPart_tests_run.dir/MeshPart_tests_run_autogen/mocs_compilation.cpp.o,0.047,0.004568,0.000699,0.001778,0,0,0,0.000141,0.000157
tests/src/Mod/Sketcher/App/CMakeFiles/Sketcher_tests_run.dir/Sketcher_tests_run_autogen/mocs_compilation.cpp.o,0.047,0.00389,0.00048,0.001635,0,0,0,0.000133,0.000143
src/Base/CMakeFiles/FreeCADBase.dir/FreeCADBase_autogen/mocs_compilation.cpp.o,0.046,0.003948,0.000506,0.001598,0,0,0,0.000135,0.000152
src/3rdParty/coin/src/details/CMakeFiles/details.dir/details_autogen/mocs_compilation.cpp.o,0.046,0.003567,0.000438,0.001556,0,0,0,0.000126,0.000139
src/3rdParty/coin/src/io/CMakeFiles/io.dir/io_autogen/mocs_compilation.cpp.o,0.046,0.003946,0.000487,0.001711,0,0,0,0.000143,0.000188
src/3rdParty/coin/src/nodekits/CMakeFiles/nodekits.dir/nodekits_autogen/mocs_compilation.cpp.o,0.046,0.00371,0.000472,0.001614,0,0,0,0.000128,0.000159
src/3rdParty/coin/src/sensors/CMakeFiles/sensors.dir/sensors_autogen/mocs_compilation.cpp.o,0.046,0.00387,0.000498,0.001668,0,0,0,0.000154,0.000164
src/3rdParty/coin/src/3ds/CMakeFiles/3ds.dir/3ds_autogen/mocs_compilation.cpp.o,0.046,0.003762,0.000474,0.00161,0,0,0,0.000136,0.000155
src/3rdParty/coin/src/hardcopy/CMakeFiles/hardcopy.dir/hardcopy_autogen/mocs_compilation.cpp.o,0.046,0.003636,0.000431,0.00153,0,0,0,0.000117,0.000145
src/3rdParty/coin/src/threads/CMakeFiles/threads.dir/threads_autogen/mocs_compilation.cpp.o,0.046,0.004047,0.000463,0.001874,0,0,0,0.000142,0.000225
src/3rdParty/coin/src/vrml97/CMakeFiles/vrml97.dir/vrml97_autogen/mocs_compilation.cpp.o,0.046,0.003587,0.000457,0.001582,0,0,0,0.000133,0.000149
src/Mod/Part/App/CMakeFiles/Part.dir/Part_autogen/mocs_compilation.cpp.o,0.046,0.003969,0.000468,0.001774,0,0,0,0.000178,0.00015
src/Mod/PartDesign/App/CMakeFiles/PartDesign.dir/PartDesign_autogen/mocs_compilation.cpp.o,0.046,0.003791,0.000471,0.00159,0,0,0,0.00013,0.000136
src/Mod/Fem/App/CMakeFiles/Fem.dir/Fem_autogen/mocs_compilation.cpp.o,0.046,0.003865,0.000467,0.001619,0,0,0,0.000125,0.000142
src/Mod/Web/App/CMakeFiles/Web.dir/Web_autogen/mocs_compilation.cpp.o,0.046,0.003769,0.000484,0.001576,0,0,0,0.000134,0.00014
tests/src/Gui/propertyeditor/CMakeFiles/PropertyItem_Tests_run.dir/PropertyItem_Tests_run_autogen/mocs_compilation.cpp.o,0.046,0.00369,0.000449,0.001556,0,0,0,0.000129,0.000146
tests/src/Mod/CAM/App/CMakeFiles/CAM_tests_run.dir/CAM_tests_run_autogen/mocs_compilation.cpp.o,0.046,0.003836,0.000563,0.001493,0,0,0,0.000115,0.000133
src/3rdParty/coin/src/caches/CMakeFiles/caches.dir/caches_autogen/mocs_compilation.cpp.o,0.045,0.003736,0.000493,0.001549,0,0,0,0.000121,0.000144
src/3rdParty/coin/src/draggers/CMakeFiles/draggers.dir/draggers_autogen/mocs_compilation.cpp.o,0.045,0.004217,0.000669,0.001891,0,0,0,0.000127,0.000164
src/3rdParty/coin/src/glue/CMakeFiles/glue.dir/glue_autogen/mocs_compilation.cpp.o,0.045,0.003869,0.000472,0.001668,0,0,0,0.000121,0.000136
src/3rdParty/coin/src/manips/CMakeFiles/manips.dir/manips_autogen/mocs_compilation.cpp.o,0.045,0.003532,0.00045,0.00153,0,0,0,0.000117,0.00014
src/3rdParty/coin/src/shapenodes/CMakeFiles/shapenodes.dir/shapenodes_autogen/mocs_compilation.cpp.o,0.045,0.003606,0.000492,0.001582,0,0,0,0.000133,0.000138
src/3rdParty/coin/src/shaders/CMakeFiles/shaders.dir/shaders_autogen/mocs_compilation.cpp.o,0.045,0.003614,0.000464,0.001493,0,0,0,0.000126,0.000122
src/3rdParty/coin/src/profiler/CMakeFiles/profiler.dir/profiler_autogen/mocs_compilation.cpp.o,0.045,0.003588,0.000445,0.001577,0,0,0,0.000123,0.000146
src/3rdParty/coin/src/foreignfiles/CMakeFiles/foreignfiles.dir/foreignfiles_autogen/mocs_compilation.cpp.o,0.045,0.003709,0.000478,0.001636,0,0,0,0.000137,0.000147
src/Main/CMakeFiles/FreeCADGuiPy.dir/FreeCADGuiPy_autogen/mocs_compilation.cpp.o,0.045,0.003921,0.000508,0.001695,0,0,0,0.000139,0.000145
src/Mod/Draft/App/CMakeFiles/DraftUtils.dir/DraftUtils_autogen/mocs_compilation.cpp.o,0.045,0.003758,0.000536,0.001597,0,0,0,0.000134,0.000141
tests/src/Base/CMakeFiles/Base_tests_run.dir/Base_tests_run_autogen/mocs_compilation.cpp.o,0.045,0.003732,0.000471,0.001599,0,0,0,0.000139,0.000147
tests/src/Base/CMakeFiles/InventorBuilder_Tests_run.dir/InventorBuilder_Tests_run_autogen/mocs_compilation.cpp.o,0.045,0.003823,0.000502,0.001532,0,0,0,0.000122,0.00013
tests/src/Gui/CMakeFiles/Gui_tests_run.dir/Gui_tests_run_autogen/mocs_compilation.cpp.o,0.045,0.003835,0.00046,0.00159,0,0,0,0.000124,0.000149
tests/src/Gui/CMakeFiles/NumericLocaleConsumers_Tests_run.dir/NumericLocaleConsumers_Tests_run_autogen/mocs_compilation.cpp.o,0.045,0.003938,0.000514,0.001593,0,0,0,0.000127,0.000135
tests/src/Mod/Spreadsheet/App/CMakeFiles/Spreadsheet_tests_run.dir/Spreadsheet_tests_run_autogen/mocs_compilation.cpp.o,0.045,0.003656,0.000461,0.001552,0,0,0,0.000128,0.000149
tests/src/Mod/TechDraw/App/CMakeFiles/TechDraw_tests_run.dir/TechDraw_tests_run_autogen/mocs_compilation.cpp.o,0.045,0.003603,0.000447,0.001539,0,0,0,0.000129,0.000133
src/3rdParty/FastSignals/libfastsignals/CMakeFiles/libfastsignals.dir/libfastsignals_autogen/mocs_compilation.cpp.o,0.044,0.004069,0.00055,0.001704,0,0,0,0.000162,0.000146
src/3rdParty/coin/src/elements/GL/CMakeFiles/glelements.dir/glelements_autogen/mocs_compilation.cpp.o,0.044,0.003547,0.000429,0.001549,0,0,0,0.000126,0.000137
src/3rdParty/coin/src/errors/CMakeFiles/errors.dir/errors_autogen/mocs_compilation.cpp.o,0.044,0.003384,0.000421,0.001502,0,0,0,0.000117,0.000132
src/3rdParty/coin/src/fonts/CMakeFiles/fonts.dir/fonts_autogen/mocs_compilation.cpp.o,0.044,0.003915,0.000461,0.001507,0,0,0,0.000113,0.000129
src/3rdParty/coin/src/lists/CMakeFiles/lists.dir/lists_autogen/mocs_compilation.cpp.o,0.044,0.00391,0.000467,0.001653,0,0,0,0.000131,0.000156
src/3rdParty/coin/src/nodes/CMakeFiles/nodes.dir/nodes_autogen/mocs_compilation.cpp.o,0.044,0.004041,0.000476,0.0019,0,0,0,0.000143,0.000177
src/3rdParty/WildMagic4/CMakeFiles/WildMagic4.dir/WildMagic4_autogen/mocs_compilation.cpp.o,0.044,0.003947,0.00048,0.001759,0,0,0,0.000144,0.000153
src/3rdParty/OndselSolver/OndselSolver/CMakeFiles/OndselSolver.dir/OndselSolver_autogen/mocs_compilation.cpp.o,0.044,0.003856,0.00044,0.001686,0,0,0,0.000135,0.000145
src/App/CMakeFiles/FreeCADApp.dir/FreeCADApp_autogen/mocs_compilation.cpp.o,0.044,0.003752,0.000479,0.001656,0,0,0,0.000131,0.000154
src/Mod/Mesh/App/CMakeFiles/Mesh.dir/Mesh_autogen/mocs_compilation.cpp.o,0.044,0.003718,0.000467,0.0016,0,0,0,0.000136,0.000138
src/Mod/ReverseEngineering/App/CMakeFiles/ReverseEngineering.dir/BSplineFitting.cpp.o,0.044,0.003793,0.000429,0.001591,0,0,0,0.000135,0.000141
src/Mod/CAM/PathSimulator/App/CMakeFiles/PathSimulator.dir/PathSimulator_autogen/mocs_compilation.cpp.o,0.044,0.003907,0.000459,0.001623,0,0,0,0.000132,0.000159
src/Mod/CAM/App/CMakeFiles/tsp_solver.dir/tsp_solver_autogen/mocs_compilation.cpp.o,0.044,0.003754,0.000469,0.001587,0,0,0,0.000132,0.000149
src/Mod/CAM/App/CMakeFiles/surface_generator.dir/surface_generator_autogen/mocs_compilation.cpp.o,0.044,0.004154,0.000538,0.001718,0,0,0,0.000138,0.000134
tests/src/App/CMakeFiles/App_tests_run.dir/App_tests_run_autogen/mocs_compilation.cpp.o,0.044,0.003618,0.000457,0.00152,0,0,0,0.00012,0.000137
tests/src/Mod/Mesh/App/CMakeFiles/Mesh_tests_run.dir/Mesh_tests_run_autogen/mocs_compilation.cpp.o,0.044,0.003761,0.000475,0.001592,0,0,0,0.000133,0.000143
tests/src/Mod/Part/App/CMakeFiles/Part_tests_run.dir/Part_tests_run_autogen/mocs_compilation.cpp.o,0.044,0.003767,0.000496,0.001594,0,0,0,0.000124,0.000136
tests/src/zipios++/CMakeFiles/Zipios_tests_run.dir/Zipios_tests_run_autogen/mocs_compilation.cpp.o,0.044,0.003651,0.00046,0.001575,0,0,0,0.00012,0.000139
src/3rdParty/coin/src/CMakeFiles/Coin.dir/Coin_autogen/mocs_compilation.cpp.o,0.043,0.004109,0.000544,0.001729,0,0,0,0.000129,0.000151
src/3rdParty/coin/src/base/CMakeFiles/base.dir/base_autogen/mocs_compilation.cpp.o,0.043,0.003509,0.000501,0.001496,0,0,0,0.000116,0.000137
src/3rdParty/coin/src/misc/CMakeFiles/misc.dir/misc_autogen/mocs_compilation.cpp.o,0.043,0.003803,0.000473,0.001681,0,0,0,0.000142,0.000167
src/3rdParty/coin/src/collision/CMakeFiles/collision.dir/collision_autogen/mocs_compilation.cpp.o,0.043,0.003481,0.000423,0.001494,0,0,0,0.000107,0.000126
tests/src/Mod/Start/App/CMakeFiles/Start_tests_run.dir/Start_tests_run_autogen/mocs_compilation.cpp.o,0.043,0.003617,0.000467,0.001532,0,0,0,0.000128,0.000136
src/3rdParty/coin/src/elements/CMakeFiles/elements.dir/elements_autogen/mocs_compilation.cpp.o,0.041,0.003605,0.00045,0.001612,0,0,0,0.000133,0.000147
src/3rdParty/coin/src/rendering/CMakeFiles/rendering.dir/SoOffscreenWGLData.cpp.o,0.04,0.004122,0.000939,0.001548,0.000329,0,0,0.000125,0.00014
