In file included from /home/user/dev/FreeCAD/src/3rdParty/coin/src/xml/element.cpp:37:
/home/user/dev/FreeCAD/build/clang-profile/src/3rdParty/coin/src/config.h:137:9: warning: 'HAVE_FREETYPE' macro redefined [-Wmacro-redefined]
  137 | #define HAVE_FREETYPE
      |         ^
<command line>:9:9: note: previous definition is here
    9 | #define HAVE_FREETYPE 1
      |         ^
/home/user/dev/FreeCAD/src/3rdParty/coin/src/xml/element.cpp:504:13: warning: unused variable 'numchildren' [-Wunused-variable]
  504 |   const int numchildren = elt->children.getLength();
      |             ^~~~~~~~~~~
/home/user/dev/FreeCAD/src/3rdParty/coin/src/xml/element.cpp:1125:16: warning: unused variable 'assumed' [-Wunused-variable]
 1125 |   const size_t assumed = cc_xml_elt_calculate_size(elt, indent, indentincrement);
      |                ^~~~~~~
3 warnings generated.
In file included from /home/user/dev/FreeCAD/src/3rdParty/coin/src/tidbits.cpp:42:
/home/user/dev/FreeCAD/build/clang-profile/src/3rdParty/coin/src/config.h:137:9: warning: 'HAVE_FREETYPE' macro redefined [-Wmacro-redefined]
  137 | #define HAVE_FREETYPE
      |         ^
<command line>:10:9: note: previous definition is here
   10 | #define HAVE_FREETYPE 1
      |         ^
/home/user/dev/FreeCAD/src/3rdParty/coin/src/tidbits.cpp:1389:16: warning: variable 'loc' set but not used [-Wunused-but-set-variable]
 1389 |   const char * loc;
      |                ^
/home/user/dev/FreeCAD/src/3rdParty/coin/src/tidbits.cpp:1407:16: warning: unused variable 'l' [-Wunused-variable]
 1407 |   const char * l = setlocale(LC_NUMERIC, cc_string_get_text(storedold));
      |                ^
3 warnings generated.
In file included from /home/user/dev/FreeCAD/src/3rdParty/coin/src/xml/document.cpp:37:
/home/user/dev/FreeCAD/build/clang-profile/src/3rdParty/coin/src/config.h:137:9: warning: 'HAVE_FREETYPE' macro redefined [-Wmacro-redefined]
  137 | #define HAVE_FREETYPE
      |         ^
<command line>:9:9: note: previous definition is here
    9 | #define HAVE_FREETYPE 1
      |         ^
/home/user/dev/FreeCAD/src/3rdParty/coin/src/xml/document.cpp:640:44: warning: unused parameter 'doc' [-Wunused-parameter]
  640 | cc_xml_doc_strip_whitespace_x(cc_xml_doc * doc)
      |                                            ^
/home/user/dev/FreeCAD/src/3rdParty/coin/src/xml/document.cpp:762:16: warning: unused variable 'bytes' [-Wunused-variable]
  762 |   const size_t bytes = strlen(buffer.get());
      |                ^~~~~
3 warnings generated.
In file included from /home/user/dev/FreeCAD/src/3rdParty/coin/src/xml/attribute.cpp:36:
/home/user/dev/FreeCAD/build/clang-profile/src/3rdParty/coin/src/config.h:137:9: warning: 'HAVE_FREETYPE' macro redefined [-Wmacro-redefined]
  137 | #define HAVE_FREETYPE
      |         ^
<command line>:9:9: note: previous definition is here
    9 | #define HAVE_FREETYPE 1
      |         ^
/home/user/dev/FreeCAD/src/3rdParty/coin/src/xml/attribute.cpp:182:16: warning: unused variable 'assumed' [-Wunused-variable]
  182 |   const size_t assumed = cc_xml_attr_calculate_size(attr);
      |                ^~~~~~~
/home/user/dev/FreeCAD/src/3rdParty/coin/src/xml/attribute.cpp:176:77: warning: unused parameter 'bufsize' [-Wunused-parameter]
  176 | cc_xml_attr_write_to_buffer(const cc_xml_attr * attr, char * buffer, size_t bufsize)
      |                                                                             ^
3 warnings generated.
In file included from /home/user/dev/FreeCAD/src/3rdParty/coin/src/xml/entity.cpp:36:
/home/user/dev/FreeCAD/build/clang-profile/src/3rdParty/coin/src/config.h:137:9: warning: 'HAVE_FREETYPE' macro redefined [-Wmacro-redefined]
  137 | #define HAVE_FREETYPE
      |         ^
<command line>:9:9: note: previous definition is here
    9 | #define HAVE_FREETYPE 1
      |         ^
1 warning generated.
/home/user/dev/FreeCAD/src/3rdParty/coin/src/xml/utils.cpp:53:15: warning: comparison of integers of different signs: 'size_t' (aka 'unsigned long') and 'const long' [-Wsign-compare]
   53 |   while ( pos != bufsize ) {
      |           ~~~ ^  ~~~~~~~
1 warning generated.
In file included from /home/user/dev/FreeCAD/src/3rdParty/coin/src/xml/path.cpp:36:
/home/user/dev/FreeCAD/build/clang-profile/src/3rdParty/coin/src/config.h:137:9: warning: 'HAVE_FREETYPE' macro redefined [-Wmacro-redefined]
  137 | #define HAVE_FREETYPE
      |         ^
<command line>:9:9: note: previous definition is here
    9 | #define HAVE_FREETYPE 1
      |         ^
/home/user/dev/FreeCAD/src/3rdParty/coin/src/xml/path.cpp:83:1: warning: unused function 'path_node_delete' [-Wunused-function]
   83 | path_node_delete(path_node * node)
      | ^~~~~~~~~~~~~~~~
2 warnings generated.
In file included from /home/user/dev/FreeCAD/src/3rdParty/coin/src/actions/SoActionP.cpp:36:
In file included from /home/user/dev/FreeCAD/src/3rdParty/coin/src/actions/SoActionP.h:41:
/home/user/dev/FreeCAD/build/clang-profile/src/3rdParty/coin/src/config.h:137:9: warning: 'HAVE_FREETYPE' macro redefined [-Wmacro-redefined]
  137 | #define HAVE_FREETYPE
      |         ^
<command line>:9:9: note: previous definition is here
    9 | #define HAVE_FREETYPE 1
      |         ^
1 warning generated.
In file included from /home/user/dev/FreeCAD/src/3rdParty/coin/src/actions/SoBoxHighlightRenderAction.cpp:66:
In file included from /home/user/dev/FreeCAD/src/3rdParty/coin/src/SbBasicP.h:119:
In file included from /home/user/dev/FreeCAD/src/3rdParty/coin/src/coindefs.h:47:
/home/user/dev/FreeCAD/build/clang-profile/src/3rdParty/coin/src/config.h:137:9: warning: 'HAVE_FREETYPE' macro redefined [-Wmacro-redefined]
  137 | #define HAVE_FREETYPE
      |         ^
<command line>:9:9: note: previous definition is here
    9 | #define HAVE_FREETYPE 1
      |         ^
1 warning generated.
In file included from /home/user/dev/FreeCAD/src/3rdParty/coin/src/actions/SoAction.cpp:210:
/home/user/dev/FreeCAD/build/clang-profile/src/3rdParty/coin/src/config.h:137:9: warning: 'HAVE_FREETYPE' macro redefined [-Wmacro-redefined]
  137 | #define HAVE_FREETYPE
      |         ^
<command line>:9:9: note: previous definition is here
    9 | #define HAVE_FREETYPE 1
      |         ^
1 warning generated.
In file included from /home/user/dev/FreeCAD/src/3rdParty/coin/src/actions/SoGetPrimitiveCountAction.cpp:61:
In file included from /home/user/dev/FreeCAD/src/3rdParty/coin/include/Inventor/elements/SoViewportRegionElement.h:37:
/home/user/dev/FreeCAD/src/3rdParty/coin/include/Inventor/SbViewportRegion.h:45:3: warning: definition of implicit copy assignment operator for 'SbViewportRegion' is deprecated because it has a user-provided copy constructor [-Wdeprecated-copy-with-user-provided-copy]
   45 |   SbViewportRegion(const SbViewportRegion & vpReg);
      |   ^
/home/user/dev/FreeCAD/src/3rdParty/coin/src/actions/SoGetPrimitiveCountAction.cpp:110:25: note: in implicit copy assignment operator for 'SbViewportRegion' first required here
  110 |   this->pimpl->viewport = vp;
      |                         ^
1 warning generated.
In file included from /home/user/dev/FreeCAD/src/3rdParty/coin/src/actions/SoCallbackAction.cpp:222:
In file included from /home/user/dev/FreeCAD/src/3rdParty/coin/src/SbBasicP.h:119:
In file included from /home/user/dev/FreeCAD/src/3rdParty/coin/src/coindefs.h:47:
/home/user/dev/FreeCAD/build/clang-profile/src/3rdParty/coin/src/config.h:137:9: warning: 'HAVE_FREETYPE' macro redefined [-Wmacro-redefined]
  137 | #define HAVE_FREETYPE
      |         ^
<command line>:9:9: note: previous definition is here
    9 | #define HAVE_FREETYPE 1
      |         ^
In file included from /home/user/dev/FreeCAD/src/3rdParty/coin/src/actions/SoCallbackAction.cpp:212:
In file included from /home/user/dev/FreeCAD/src/3rdParty/coin/include/Inventor/elements/SoViewportRegionElement.h:37:
/home/user/dev/FreeCAD/src/3rdParty/coin/include/Inventor/SbViewportRegion.h:45:3: warning: definition of implicit copy assignment operator for 'SbViewportRegion' is deprecated because it has a user-provided copy constructor [-Wdeprecated-copy-with-user-provided-copy]
   45 |   SbViewportRegion(const SbViewportRegion & vpReg);
      |   ^
/home/user/dev/FreeCAD/src/3rdParty/coin/src/actions/SoCallbackAction.cpp:432:27: note: in implicit copy assignment operator for 'SbViewportRegion' first required here
  432 |   PRIVATE(this)->viewport = vp;
      |                           ^
2 warnings generated.
In file included from /home/user/dev/FreeCAD/src/3rdParty/coin/src/actions/SoGetBoundingBoxAction.cpp:97:
In file included from /home/user/dev/FreeCAD/src/3rdParty/coin/src/SbBasicP.h:119:
In file included from /home/user/dev/FreeCAD/src/3rdParty/coin/src/coindefs.h:47:
/home/user/dev/FreeCAD/build/clang-profile/src/3rdParty/coin/src/config.h:137:9: warning: 'HAVE_FREETYPE' macro redefined [-Wmacro-redefined]
  137 | #define HAVE_FREETYPE
      |         ^
<command line>:9:9: note: previous definition is here
    9 | #define HAVE_FREETYPE 1
      |         ^
In file included from /home/user/dev/FreeCAD/src/3rdParty/coin/src/actions/SoGetBoundingBoxAction.cpp:82:
In file included from /home/user/dev/FreeCAD/src/3rdParty/coin/include/Inventor/actions/SoGetBoundingBoxAction.h:39:
/home/user/dev/FreeCAD/src/3rdParty/coin/include/Inventor/SbViewportRegion.h:45:3: warning: definition of implicit copy assignment operator for 'SbViewportRegion' is deprecated because it has a user-provided copy constructor [-Wdeprecated-copy-with-user-provided-copy]
   45 |   SbViewportRegion(const SbViewportRegion & vpReg);
      |   ^
/home/user/dev/FreeCAD/src/3rdParty/coin/src/actions/SoGetBoundingBoxAction.cpp:307:18: note: in implicit copy assignment operator for 'SbViewportRegion' first required here
  307 |   this->vpregion = newregion;
      |                  ^
2 warnings generated.
In file included from /home/user/dev/FreeCAD/src/3rdParty/coin/src/actions/SoGetMatrixAction.cpp:92:
In file included from /home/user/dev/FreeCAD/src/3rdParty/coin/include/Inventor/actions/SoGetMatrixAction.h:39:
/home/user/dev/FreeCAD/src/3rdParty/coin/include/Inventor/SbViewportRegion.h:45:3: warning: definition of implicit copy assignment operator for 'SbViewportRegion' is deprecated because it has a user-provided copy constructor [-Wdeprecated-copy-with-user-provided-copy]
   45 |   SbViewportRegion(const SbViewportRegion & vpReg);
      |   ^
/home/user/dev/FreeCAD/src/3rdParty/coin/src/actions/SoGetMatrixAction.cpp:147:24: note: in implicit copy assignment operator for 'SbViewportRegion' first required here
  147 |   this->viewportregion = region;
      |                        ^
1 warning generated.
In file included from /home/user/dev/FreeCAD/src/3rdParty/coin/src/actions/SoGLRenderAction.cpp:64:
/home/user/dev/FreeCAD/build/clang-profile/src/3rdParty/coin/src/config.h:137:9: warning: 'HAVE_FREETYPE' macro redefined [-Wmacro-redefined]
  137 | #define HAVE_FREETYPE
      |         ^
<command line>:9:9: note: previous definition is here
    9 | #define HAVE_FREETYPE 1
      |         ^
In file included from /home/user/dev/FreeCAD/src/3rdParty/coin/src/actions/SoGLRenderAction.cpp:61:
In file included from /home/user/dev/FreeCAD/src/3rdParty/coin/include/Inventor/actions/SoGLRenderAction.h:39:
/home/user/dev/FreeCAD/src/3rdParty/coin/include/Inventor/SbViewportRegion.h:45:3: warning: definition of implicit copy assignment operator for 'SbViewportRegion' is deprecated because it has a user-provided copy constructor [-Wdeprecated-copy-with-user-provided-copy]
   45 |   SbViewportRegion(const SbViewportRegion & vpReg);
      |   ^
/home/user/dev/FreeCAD/src/3rdParty/coin/src/actions/SoGLRenderAction.cpp:705:27: note: in implicit copy assignment operator for 'SbViewportRegion' first required here
  705 |   PRIVATE(this)->viewport = viewportregion;
      |                           ^
2 warnings generated.
In file included from /home/user/dev/FreeCAD/src/3rdParty/coin/src/actions/SoHandleEventAction.cpp:52:
/home/user/dev/FreeCAD/src/3rdParty/coin/include/Inventor/SbViewportRegion.h:45:3: warning: definition of implicit copy assignment operator for 'SbViewportRegion' is deprecated because it has a user-provided copy constructor [-Wdeprecated-copy-with-user-provided-copy]
   45 |   SbViewportRegion(const SbViewportRegion & vpReg);
      |   ^
/home/user/dev/FreeCAD/src/3rdParty/coin/src/actions/SoHandleEventAction.cpp:134:27: note: in implicit copy assignment operator for 'SbViewportRegion' first required here
  134 |   PRIVATE(this)->viewport = viewportregion;
      |                           ^
1 warning generated.
In file included from /home/user/dev/FreeCAD/src/3rdParty/coin/src/actions/SoLineHighlightRenderAction.cpp:80:
In file included from /home/user/dev/FreeCAD/src/3rdParty/coin/src/SbBasicP.h:119:
In file included from /home/user/dev/FreeCAD/src/3rdParty/coin/src/coindefs.h:47:
/home/user/dev/FreeCAD/build/clang-profile/src/3rdParty/coin/src/config.h:137:9: warning: 'HAVE_FREETYPE' macro redefined [-Wmacro-redefined]
  137 | #define HAVE_FREETYPE
      |         ^
<command line>:9:9: note: previous definition is here
    9 | #define HAVE_FREETYPE 1
      |         ^
1 warning generated.
In file included from /home/user/dev/FreeCAD/src/3rdParty/coin/src/actions/SoPickAction.cpp:57:
In file included from /home/user/dev/FreeCAD/src/3rdParty/coin/include/Inventor/actions/SoPickAction.h:39:
/home/user/dev/FreeCAD/src/3rdParty/coin/include/Inventor/SbViewportRegion.h:45:3: warning: definition of implicit copy assignment operator for 'SbViewportRegion' is deprecated because it has a user-provided copy constructor [-Wdeprecated-copy-with-user-provided-copy]
   45 |   SbViewportRegion(const SbViewportRegion & vpReg);
      |   ^
/home/user/dev/FreeCAD/src/3rdParty/coin/src/actions/SoPickAction.cpp:121:18: note: in implicit copy assignment operator for 'SbViewportRegion' first required here
  121 |   this->vpRegion = newregion;
      |                  ^
1 warning generated.
In file included from /home/user/dev/FreeCAD/src/3rdParty/coin/src/actions/SoSimplifyAction.cpp:43:
In file included from /home/user/dev/FreeCAD/src/3rdParty/coin/src/coindefs.h:47:
/home/user/dev/FreeCAD/build/clang-profile/src/3rdParty/coin/src/config.h:137:9: warning: 'HAVE_FREETYPE' macro redefined [-Wmacro-redefined]
  137 | #define HAVE_FREETYPE
      |         ^
<command line>:9:9: note: previous definition is here
    9 | #define HAVE_FREETYPE 1
      |         ^
1 warning generated.
In file included from /home/user/dev/FreeCAD/src/3rdParty/coin/src/actions/SoWriteAction.cpp:117:
In file included from /home/user/dev/FreeCAD/src/3rdParty/coin/src/coindefs.h:47:
/home/user/dev/FreeCAD/build/clang-profile/src/3rdParty/coin/src/config.h:137:9: warning: 'HAVE_FREETYPE' macro redefined [-Wmacro-redefined]
  137 | #define HAVE_FREETYPE
      |         ^
<command line>:9:9: note: previous definition is here
    9 | #define HAVE_FREETYPE 1
      |         ^
1 warning generated.
In file included from /home/user/dev/FreeCAD/src/3rdParty/coin/src/base/dict.cpp:45:
In file included from /home/user/dev/FreeCAD/src/3rdParty/coin/src/coindefs.h:47:
/home/user/dev/FreeCAD/build/clang-profile/src/3rdParty/coin/src/config.h:137:9: warning: 'HAVE_FREETYPE' macro redefined [-Wmacro-redefined]
  137 | #define HAVE_FREETYPE
      |         ^
<command line>:9:9: note: previous definition is here
    9 | #define HAVE_FREETYPE 1
      |         ^
1 warning generated.
In file included from /home/user/dev/FreeCAD/src/3rdParty/coin/src/actions/SoReorganizeAction.cpp:254:
/home/user/dev/FreeCAD/build/clang-profile/src/3rdParty/coin/src/config.h:137:9: warning: 'HAVE_FREETYPE' macro redefined [-Wmacro-redefined]
  137 | #define HAVE_FREETYPE
      |         ^
<command line>:9:9: note: previous definition is here
    9 | #define HAVE_FREETYPE 1
      |         ^
1 warning generated.
In file included from /home/user/dev/FreeCAD/src/3rdParty/coin/src/base/hash.cpp:53:
In file included from /home/user/dev/FreeCAD/src/3rdParty/coin/src/coindefs.h:47:
/home/user/dev/FreeCAD/build/clang-profile/src/3rdParty/coin/src/config.h:137:9: warning: 'HAVE_FREETYPE' macro redefined [-Wmacro-redefined]
  137 | #define HAVE_FREETYPE
      |         ^
<command line>:9:9: note: previous definition is here
    9 | #define HAVE_FREETYPE 1
      |         ^
1 warning generated.
In file included from /home/user/dev/FreeCAD/src/3rdParty/coin/src/base/heap.cpp:41:
In file included from /home/user/dev/FreeCAD/src/3rdParty/coin/src/coindefs.h:47:
/home/user/dev/FreeCAD/build/clang-profile/src/3rdParty/coin/src/config.h:137:9: warning: 'HAVE_FREETYPE' macro redefined [-Wmacro-redefined]
  137 | #define HAVE_FREETYPE
      |         ^
<command line>:9:9: note: previous definition is here
    9 | #define HAVE_FREETYPE 1
      |         ^
1 warning generated.
In file included from /home/user/dev/FreeCAD/src/3rdParty/coin/src/base/list.cpp:39:
In file included from /home/user/dev/FreeCAD/src/3rdParty/coin/src/coindefs.h:47:
/home/user/dev/FreeCAD/build/clang-profile/src/3rdParty/coin/src/config.h:137:9: warning: 'HAVE_FREETYPE' macro redefined [-Wmacro-redefined]
  137 | #define HAVE_FREETYPE
      |         ^
<command line>:9:9: note: previous definition is here
    9 | #define HAVE_FREETYPE 1
      |         ^
1 warning generated.
In file included from /home/user/dev/FreeCAD/src/3rdParty/coin/src/base/memalloc.cpp:40:
In file included from /home/user/dev/FreeCAD/src/3rdParty/coin/src/coindefs.h:47:
/home/user/dev/FreeCAD/build/clang-profile/src/3rdParty/coin/src/config.h:137:9: warning: 'HAVE_FREETYPE' macro redefined [-Wmacro-redefined]
  137 | #define HAVE_FREETYPE
      |         ^
<command line>:9:9: note: previous definition is here
    9 | #define HAVE_FREETYPE 1
      |         ^
1 warning generated.
In file included from /home/user/dev/FreeCAD/src/3rdParty/coin/src/actions/SoAudioRenderAction.cpp:48:
/home/user/dev/FreeCAD/build/clang-profile/src/3rdParty/coin/src/config.h:137:9: warning: 'HAVE_FREETYPE' macro redefined [-Wmacro-redefined]
  137 | #define HAVE_FREETYPE
      |         ^
<command line>:9:9: note: previous definition is here
    9 | #define HAVE_FREETYPE 1
      |         ^
1 warning generated.
In file included from /home/user/dev/FreeCAD/src/3rdParty/coin/src/base/time.cpp:34:
/home/user/dev/FreeCAD/build/clang-profile/src/3rdParty/coin/src/config.h:137:9: warning: 'HAVE_FREETYPE' macro redefined [-Wmacro-redefined]
  137 | #define HAVE_FREETYPE
      |         ^
<command line>:9:9: note: previous definition is here
    9 | #define HAVE_FREETYPE 1
      |         ^
/home/user/dev/FreeCAD/src/3rdParty/coin/src/base/time.cpp:142:29: warning: unused parameter 't' [-Wunused-parameter]
  142 | cc_internal_ftime(cc_time * t)
      |                             ^
2 warnings generated.
In file included from /home/user/dev/FreeCAD/src/3rdParty/coin/src/base/rbptree.cpp:50:
In file included from /home/user/dev/FreeCAD/src/3rdParty/coin/src/coindefs.h:47:
/home/user/dev/FreeCAD/build/clang-profile/src/3rdParty/coin/src/config.h:137:9: warning: 'HAVE_FREETYPE' macro redefined [-Wmacro-redefined]
  137 | #define HAVE_FREETYPE
      |         ^
<command line>:9:9: note: previous definition is here
    9 | #define HAVE_FREETYPE 1
      |         ^
/home/user/dev/FreeCAD/src/3rdParty/coin/src/base/rbptree.cpp:269:26: warning: variable 'nil' set but not used [-Wunused-but-set-variable]
  269 |   cc_rbptree_node * w, * nil;
      |                          ^
2 warnings generated.
In file included from /home/user/dev/FreeCAD/src/3rdParty/coin/src/base/string.cpp:44:
In file included from /home/user/dev/FreeCAD/src/3rdParty/coin/src/coindefs.h:47:
/home/user/dev/FreeCAD/build/clang-profile/src/3rdParty/coin/src/config.h:137:9: warning: 'HAVE_FREETYPE' macro redefined [-Wmacro-redefined]
  137 | #define HAVE_FREETYPE
      |         ^
<command line>:9:9: note: previous definition is here
    9 | #define HAVE_FREETYPE 1
      |         ^
1 warning generated.
In file included from /home/user/dev/FreeCAD/src/3rdParty/coin/src/base/namemap.cpp:39:
In file included from /home/user/dev/FreeCAD/src/3rdParty/coin/src/threads/threadsutilp.h:41:
/home/user/dev/FreeCAD/build/clang-profile/src/3rdParty/coin/src/config.h:137:9: warning: 'HAVE_FREETYPE' macro redefined [-Wmacro-redefined]
  137 | #define HAVE_FREETYPE
      |         ^
<command line>:9:9: note: previous definition is here
    9 | #define HAVE_FREETYPE 1
      |         ^
1 warning generated.
In file included from /home/user/dev/FreeCAD/src/3rdParty/coin/src/actions/SoToVRMLAction.cpp:59:
/home/user/dev/FreeCAD/build/clang-profile/src/3rdParty/coin/src/config.h:137:9: warning: 'HAVE_FREETYPE' macro redefined [-Wmacro-redefined]
  137 | #define HAVE_FREETYPE
      |         ^
<command line>:9:9: note: previous definition is here
    9 | #define HAVE_FREETYPE 1
      |         ^
1 warning generated.
In file included from /home/user/dev/FreeCAD/src/3rdParty/coin/src/actions/SoToVRML2Action.cpp:130:
/home/user/dev/FreeCAD/build/clang-profile/src/3rdParty/coin/src/config.h:137:9: warning: 'HAVE_FREETYPE' macro redefined [-Wmacro-redefined]
  137 | #define HAVE_FREETYPE
      |         ^
<command line>:9:9: note: previous definition is here
    9 | #define HAVE_FREETYPE 1
      |         ^
1 warning generated.
In file included from /home/user/dev/FreeCAD/src/3rdParty/coin/src/base/SbBSPTree.cpp:40:
In file included from /home/user/dev/FreeCAD/src/3rdParty/coin/src/coindefs.h:47:
/home/user/dev/FreeCAD/build/clang-profile/src/3rdParty/coin/src/config.h:137:9: warning: 'HAVE_FREETYPE' macro redefined [-Wmacro-redefined]
  137 | #define HAVE_FREETYPE
      |         ^
<command line>:9:9: note: previous definition is here
    9 | #define HAVE_FREETYPE 1
      |         ^
/home/user/dev/FreeCAD/src/3rdParty/coin/src/base/SbBSPTree.cpp:273:9: warning: unused variable 'mid' [-Wunused-variable]
  273 |   float mid = (box.getMin()[dim] + box.getMax()[dim]) / 2.0f;
      |         ^~~
2 warnings generated.
In file included from /home/user/dev/FreeCAD/src/Base/SystemHandler.cpp:78:
/home/user/dev/FreeCAD/build/clang-profile/config.h:12:9: warning: 'HAVE_DLFCN_H' macro redefined [-Wmacro-redefined]
   12 | #define HAVE_DLFCN_H
      |         ^
/nix/store/h3l4z7p6wny3phbckwwhy1i2g52pdnj4-python3-3.13.15/include/python3.13/pyconfig.h:304:9: note: previous definition is here
  304 | #define HAVE_DLFCN_H 1
      |         ^
In file included from /home/user/dev/FreeCAD/src/Base/SystemHandler.cpp:78:
/home/user/dev/FreeCAD/build/clang-profile/config.h:81:9: warning: 'HAVE_STDINT_H' macro redefined [-Wmacro-redefined]
   81 | #define HAVE_STDINT_H
      |         ^
/nix/store/h3l4z7p6wny3phbckwwhy1i2g52pdnj4-python3-3.13.15/include/python3.13/pyconfig.h:1275:9: note: previous definition is here
 1275 | #define HAVE_STDINT_H 1
      |         ^
In file included from /home/user/dev/FreeCAD/src/Base/SystemHandler.cpp:78:
/home/user/dev/FreeCAD/build/clang-profile/config.h:108:9: warning: 'HAVE_SYS_STAT_H' macro redefined [-Wmacro-redefined]
  108 | #define HAVE_SYS_STAT_H
      |         ^
/nix/store/h3l4z7p6wny3phbckwwhy1i2g52pdnj4-python3-3.13.15/include/python3.13/pyconfig.h:1445:9: note: previous definition is here
 1445 | #define HAVE_SYS_STAT_H 1
      |         ^
In file included from /home/user/dev/FreeCAD/src/Base/SystemHandler.cpp:78:
/home/user/dev/FreeCAD/build/clang-profile/config.h:111:9: warning: 'HAVE_SYS_TYPES_H' macro redefined [-Wmacro-redefined]
  111 | #define HAVE_SYS_TYPES_H
      |         ^
/nix/store/h3l4z7p6wny3phbckwwhy1i2g52pdnj4-python3-3.13.15/include/python3.13/pyconfig.h:1472:9: note: previous definition is here
 1472 | #define HAVE_SYS_TYPES_H 1
      |         ^
In file included from /home/user/dev/FreeCAD/src/Base/SystemHandler.cpp:78:
/home/user/dev/FreeCAD/build/clang-profile/config.h:114:9: warning: 'HAVE_UNISTD_H' macro redefined [-Wmacro-redefined]
  114 | #define HAVE_UNISTD_H
      |         ^
/nix/store/h3l4z7p6wny3phbckwwhy1i2g52pdnj4-python3-3.13.15/include/python3.13/pyconfig.h:1543:9: note: previous definition is here
 1543 | #define HAVE_UNISTD_H 1
      |         ^
In file included from /home/user/dev/FreeCAD/src/Base/SystemHandler.cpp:78:
/home/user/dev/FreeCAD/build/clang-profile/config.h:141:9: warning: 'STDC_HEADERS' macro redefined [-Wmacro-redefined]
  141 | #define STDC_HEADERS
      |         ^
/nix/store/h3l4z7p6wny3phbckwwhy1i2g52pdnj4-python3-3.13.15/include/python3.13/pyconfig.h:1802:9: note: previous definition is here
 1802 | #define STDC_HEADERS 1
      |         ^
6 warnings generated.
In file included from /home/user/dev/FreeCAD/src/3rdParty/zipios++/deflateoutputstreambuf.cpp:2:
In file included from /home/user/dev/FreeCAD/src/3rdParty/zipios++/zipios-config.h:56:
/home/user/dev/FreeCAD/build/clang-profile/config.h:12:9: warning: 'HAVE_DLFCN_H' macro redefined [-Wmacro-redefined]
   12 | #define HAVE_DLFCN_H
      |         ^
/nix/store/h3l4z7p6wny3phbckwwhy1i2g52pdnj4-python3-3.13.15/include/python3.13/pyconfig.h:304:9: note: previous definition is here
  304 | #define HAVE_DLFCN_H 1
      |         ^
In file included from /home/user/dev/FreeCAD/src/3rdParty/zipios++/deflateoutputstreambuf.cpp:2:
In file included from /home/user/dev/FreeCAD/src/3rdParty/zipios++/zipios-config.h:56:
/home/user/dev/FreeCAD/build/clang-profile/config.h:81:9: warning: 'HAVE_STDINT_H' macro redefined [-Wmacro-redefined]
   81 | #define HAVE_STDINT_H
      |         ^
/nix/store/h3l4z7p6wny3phbckwwhy1i2g52pdnj4-python3-3.13.15/include/python3.13/pyconfig.h:1275:9: note: previous definition is here
 1275 | #define HAVE_STDINT_H 1
      |         ^
In file included from /home/user/dev/FreeCAD/src/3rdParty/zipios++/deflateoutputstreambuf.cpp:2:
In file included from /home/user/dev/FreeCAD/src/3rdParty/zipios++/zipios-config.h:56:
/home/user/dev/FreeCAD/build/clang-profile/config.h:108:9: warning: 'HAVE_SYS_STAT_H' macro redefined [-Wmacro-redefined]
  108 | #define HAVE_SYS_STAT_H
      |         ^
/nix/store/h3l4z7p6wny3phbckwwhy1i2g52pdnj4-python3-3.13.15/include/python3.13/pyconfig.h:1445:9: note: previous definition is here
 1445 | #define HAVE_SYS_STAT_H 1
      |         ^
In file included from /home/user/dev/FreeCAD/src/3rdParty/zipios++/deflateoutputstreambuf.cpp:2:
In file included from /home/user/dev/FreeCAD/src/3rdParty/zipios++/zipios-config.h:56:
/home/user/dev/FreeCAD/build/clang-profile/config.h:111:9: warning: 'HAVE_SYS_TYPES_H' macro redefined [-Wmacro-redefined]
  111 | #define HAVE_SYS_TYPES_H
      |         ^
/nix/store/h3l4z7p6wny3phbckwwhy1i2g52pdnj4-python3-3.13.15/include/python3.13/pyconfig.h:1472:9: note: previous definition is here
 1472 | #define HAVE_SYS_TYPES_H 1
      |         ^
In file included from /home/user/dev/FreeCAD/src/3rdParty/zipios++/deflateoutputstreambuf.cpp:2:
In file included from /home/user/dev/FreeCAD/src/3rdParty/zipios++/zipios-config.h:56:
/home/user/dev/FreeCAD/build/clang-profile/config.h:114:9: warning: 'HAVE_UNISTD_H' macro redefined [-Wmacro-redefined]
  114 | #define HAVE_UNISTD_H
      |         ^
/nix/store/h3l4z7p6wny3phbckwwhy1i2g52pdnj4-python3-3.13.15/include/python3.13/pyconfig.h:1543:9: note: previous definition is here
 1543 | #define HAVE_UNISTD_H 1
      |         ^
In file included from /home/user/dev/FreeCAD/src/3rdParty/zipios++/deflateoutputstreambuf.cpp:2:
In file included from /home/user/dev/FreeCAD/src/3rdParty/zipios++/zipios-config.h:56:
/home/user/dev/FreeCAD/build/clang-profile/config.h:141:9: warning: 'STDC_HEADERS' macro redefined [-Wmacro-redefined]
  141 | #define STDC_HEADERS
      |         ^
/nix/store/h3l4z7p6wny3phbckwwhy1i2g52pdnj4-python3-3.13.15/include/python3.13/pyconfig.h:1802:9: note: previous definition is here
 1802 | #define STDC_HEADERS 1
      |         ^
6 warnings generated.
In file included from /home/user/dev/FreeCAD/src/3rdParty/zipios++/collcoll.cpp:2:
In file included from /home/user/dev/FreeCAD/src/3rdParty/zipios++/zipios-config.h:56:
/home/user/dev/FreeCAD/build/clang-profile/config.h:12:9: warning: 'HAVE_DLFCN_H' macro redefined [-Wmacro-redefined]
   12 | #define HAVE_DLFCN_H
      |         ^
/nix/store/h3l4z7p6wny3phbckwwhy1i2g52pdnj4-python3-3.13.15/include/python3.13/pyconfig.h:304:9: note: previous definition is here
  304 | #define HAVE_DLFCN_H 1
      |         ^
In file included from /home/user/dev/FreeCAD/src/3rdParty/zipios++/collcoll.cpp:2:
In file included from /home/user/dev/FreeCAD/src/3rdParty/zipios++/zipios-config.h:56:
/home/user/dev/FreeCAD/build/clang-profile/config.h:81:9: warning: 'HAVE_STDINT_H' macro redefined [-Wmacro-redefined]
   81 | #define HAVE_STDINT_H
      |         ^
/nix/store/h3l4z7p6wny3phbckwwhy1i2g52pdnj4-python3-3.13.15/include/python3.13/pyconfig.h:1275:9: note: previous definition is here
 1275 | #define HAVE_STDINT_H 1
      |         ^
In file included from /home/user/dev/FreeCAD/src/3rdParty/zipios++/collcoll.cpp:2:
In file included from /home/user/dev/FreeCAD/src/3rdParty/zipios++/zipios-config.h:56:
/home/user/dev/FreeCAD/build/clang-profile/config.h:108:9: warning: 'HAVE_SYS_STAT_H' macro redefined [-Wmacro-redefined]
  108 | #define HAVE_SYS_STAT_H
      |         ^
/nix/store/h3l4z7p6wny3phbckwwhy1i2g52pdnj4-python3-3.13.15/include/python3.13/pyconfig.h:1445:9: note: previous definition is here
 1445 | #define HAVE_SYS_STAT_H 1
      |         ^
In file included from /home/user/dev/FreeCAD/src/3rdParty/zipios++/collcoll.cpp:2:
In file included from /home/user/dev/FreeCAD/src/3rdParty/zipios++/zipios-config.h:56:
/home/user/dev/FreeCAD/build/clang-profile/config.h:111:9: warning: 'HAVE_SYS_TYPES_H' macro redefined [-Wmacro-redefined]
  111 | #define HAVE_SYS_TYPES_H
      |         ^
/nix/store/h3l4z7p6wny3phbckwwhy1i2g52pdnj4-python3-3.13.15/include/python3.13/pyconfig.h:1472:9: note: previous definition is here
 1472 | #define HAVE_SYS_TYPES_H 1
      |         ^
In file included from /home/user/dev/FreeCAD/src/3rdParty/zipios++/collcoll.cpp:2:
In file included from /home/user/dev/FreeCAD/src/3rdParty/zipios++/zipios-config.h:56:
/home/user/dev/FreeCAD/build/clang-profile/config.h:114:9: warning: 'HAVE_UNISTD_H' macro redefined [-Wmacro-redefined]
  114 | #define HAVE_UNISTD_H
      |         ^
/nix/store/h3l4z7p6wny3phbckwwhy1i2g52pdnj4-python3-3.13.15/include/python3.13/pyconfig.h:1543:9: note: previous definition is here
 1543 | #define HAVE_UNISTD_H 1
      |         ^
In file included from /home/user/dev/FreeCAD/src/3rdParty/zipios++/collcoll.cpp:2:
In file included from /home/user/dev/FreeCAD/src/3rdParty/zipios++/zipios-config.h:56:
/home/user/dev/FreeCAD/build/clang-profile/config.h:141:9: warning: 'STDC_HEADERS' macro redefined [-Wmacro-redefined]
  141 | #define STDC_HEADERS
      |         ^
/nix/store/h3l4z7p6wny3phbckwwhy1i2g52pdnj4-python3-3.13.15/include/python3.13/pyconfig.h:1802:9: note: previous definition is here
 1802 | #define STDC_HEADERS 1
      |         ^
6 warnings generated.
In file included from /home/user/dev/FreeCAD/src/3rdParty/zipios++/fileentry.cpp:2:
In file included from /home/user/dev/FreeCAD/src/3rdParty/zipios++/zipios-config.h:56:
/home/user/dev/FreeCAD/build/clang-profile/config.h:12:9: warning: 'HAVE_DLFCN_H' macro redefined [-Wmacro-redefined]
   12 | #define HAVE_DLFCN_H
      |         ^
/nix/store/h3l4z7p6wny3phbckwwhy1i2g52pdnj4-python3-3.13.15/include/python3.13/pyconfig.h:304:9: note: previous definition is here
  304 | #define HAVE_DLFCN_H 1
      |         ^
In file included from /home/user/dev/FreeCAD/src/3rdParty/zipios++/fileentry.cpp:2:
In file included from /home/user/dev/FreeCAD/src/3rdParty/zipios++/zipios-config.h:56:
/home/user/dev/FreeCAD/build/clang-profile/config.h:81:9: warning: 'HAVE_STDINT_H' macro redefined [-Wmacro-redefined]
   81 | #define HAVE_STDINT_H
      |         ^
/nix/store/h3l4z7p6wny3phbckwwhy1i2g52pdnj4-python3-3.13.15/include/python3.13/pyconfig.h:1275:9: note: previous definition is here
 1275 | #define HAVE_STDINT_H 1
      |         ^
In file included from /home/user/dev/FreeCAD/src/3rdParty/zipios++/fileentry.cpp:2:
In file included from /home/user/dev/FreeCAD/src/3rdParty/zipios++/zipios-config.h:56:
/home/user/dev/FreeCAD/build/clang-profile/config.h:108:9: warning: 'HAVE_SYS_STAT_H' macro redefined [-Wmacro-redefined]
  108 | #define HAVE_SYS_STAT_H
      |         ^
/nix/store/h3l4z7p6wny3phbckwwhy1i2g52pdnj4-python3-3.13.15/include/python3.13/pyconfig.h:1445:9: note: previous definition is here
 1445 | #define HAVE_SYS_STAT_H 1
      |         ^
In file included from /home/user/dev/FreeCAD/src/3rdParty/zipios++/fileentry.cpp:2:
In file included from /home/user/dev/FreeCAD/src/3rdParty/zipios++/zipios-config.h:56:
/home/user/dev/FreeCAD/build/clang-profile/config.h:111:9: warning: 'HAVE_SYS_TYPES_H' macro redefined [-Wmacro-redefined]
  111 | #define HAVE_SYS_TYPES_H
      |         ^
/nix/store/h3l4z7p6wny3phbckwwhy1i2g52pdnj4-python3-3.13.15/include/python3.13/pyconfig.h:1472:9: note: previous definition is here
 1472 | #define HAVE_SYS_TYPES_H 1
      |         ^
In file included from /home/user/dev/FreeCAD/src/3rdParty/zipios++/fileentry.cpp:2:
In file included from /home/user/dev/FreeCAD/src/3rdParty/zipios++/zipios-config.h:56:
/home/user/dev/FreeCAD/build/clang-profile/config.h:114:9: warning: 'HAVE_UNISTD_H' macro redefined [-Wmacro-redefined]
  114 | #define HAVE_UNISTD_H
      |         ^
/nix/store/h3l4z7p6wny3phbckwwhy1i2g52pdnj4-python3-3.13.15/include/python3.13/pyconfig.h:1543:9: note: previous definition is here
 1543 | #define HAVE_UNISTD_H 1
      |         ^
In file included from /home/user/dev/FreeCAD/src/3rdParty/zipios++/fileentry.cpp:2:
In file included from /home/user/dev/FreeCAD/src/3rdParty/zipios++/zipios-config.h:56:
/home/user/dev/FreeCAD/build/clang-profile/config.h:141:9: warning: 'STDC_HEADERS' macro redefined [-Wmacro-redefined]
  141 | #define STDC_HEADERS
      |         ^
/nix/store/h3l4z7p6wny3phbckwwhy1i2g52pdnj4-python3-3.13.15/include/python3.13/pyconfig.h:1802:9: note: previous definition is here
 1802 | #define STDC_HEADERS 1
      |         ^
6 warnings generated.
In file included from /home/user/dev/FreeCAD/src/3rdParty/zipios++/fcollexceptions.cpp:2:
In file included from /home/user/dev/FreeCAD/src/3rdParty/zipios++/zipios-config.h:56:
/home/user/dev/FreeCAD/build/clang-profile/config.h:12:9: warning: 'HAVE_DLFCN_H' macro redefined [-Wmacro-redefined]
   12 | #define HAVE_DLFCN_H
      |         ^
/nix/store/h3l4z7p6wny3phbckwwhy1i2g52pdnj4-python3-3.13.15/include/python3.13/pyconfig.h:304:9: note: previous definition is here
  304 | #define HAVE_DLFCN_H 1
      |         ^
In file included from /home/user/dev/FreeCAD/src/3rdParty/zipios++/fcollexceptions.cpp:2:
In file included from /home/user/dev/FreeCAD/src/3rdParty/zipios++/zipios-config.h:56:
/home/user/dev/FreeCAD/build/clang-profile/config.h:81:9: warning: 'HAVE_STDINT_H' macro redefined [-Wmacro-redefined]
   81 | #define HAVE_STDINT_H
      |         ^
/nix/store/h3l4z7p6wny3phbckwwhy1i2g52pdnj4-python3-3.13.15/include/python3.13/pyconfig.h:1275:9: note: previous definition is here
 1275 | #define HAVE_STDINT_H 1
      |         ^
In file included from /home/user/dev/FreeCAD/src/3rdParty/zipios++/fcollexceptions.cpp:2:
In file included from /home/user/dev/FreeCAD/src/3rdParty/zipios++/zipios-config.h:56:
/home/user/dev/FreeCAD/build/clang-profile/config.h:108:9: warning: 'HAVE_SYS_STAT_H' macro redefined [-Wmacro-redefined]
  108 | #define HAVE_SYS_STAT_H
      |         ^
/nix/store/h3l4z7p6wny3phbckwwhy1i2g52pdnj4-python3-3.13.15/include/python3.13/pyconfig.h:1445:9: note: previous definition is here
 1445 | #define HAVE_SYS_STAT_H 1
      |         ^
In file included from /home/user/dev/FreeCAD/src/3rdParty/zipios++/fcollexceptions.cpp:2:
In file included from /home/user/dev/FreeCAD/src/3rdParty/zipios++/zipios-config.h:56:
/home/user/dev/FreeCAD/build/clang-profile/config.h:111:9: warning: 'HAVE_SYS_TYPES_H' macro redefined [-Wmacro-redefined]
  111 | #define HAVE_SYS_TYPES_H
      |         ^
/nix/store/h3l4z7p6wny3phbckwwhy1i2g52pdnj4-python3-3.13.15/include/python3.13/pyconfig.h:1472:9: note: previous definition is here
 1472 | #define HAVE_SYS_TYPES_H 1
      |         ^
In file included from /home/user/dev/FreeCAD/src/3rdParty/zipios++/fcollexceptions.cpp:2:
In file included from /home/user/dev/FreeCAD/src/3rdParty/zipios++/zipios-config.h:56:
/home/user/dev/FreeCAD/build/clang-profile/config.h:114:9: warning: 'HAVE_UNISTD_H' macro redefined [-Wmacro-redefined]
  114 | #define HAVE_UNISTD_H
      |         ^
/nix/store/h3l4z7p6wny3phbckwwhy1i2g52pdnj4-python3-3.13.15/include/python3.13/pyconfig.h:1543:9: note: previous definition is here
 1543 | #define HAVE_UNISTD_H 1
      |         ^
In file included from /home/user/dev/FreeCAD/src/3rdParty/zipios++/fcollexceptions.cpp:2:
In file included from /home/user/dev/FreeCAD/src/3rdParty/zipios++/zipios-config.h:56:
/home/user/dev/FreeCAD/build/clang-profile/config.h:141:9: warning: 'STDC_HEADERS' macro redefined [-Wmacro-redefined]
  141 | #define STDC_HEADERS
      |         ^
/nix/store/h3l4z7p6wny3phbckwwhy1i2g52pdnj4-python3-3.13.15/include/python3.13/pyconfig.h:1802:9: note: previous definition is here
 1802 | #define STDC_HEADERS 1
      |         ^
6 warnings generated.
In file included from /home/user/dev/FreeCAD/src/3rdParty/zipios++/fcoll.cpp:2:
In file included from /home/user/dev/FreeCAD/src/3rdParty/zipios++/zipios-config.h:56:
/home/user/dev/FreeCAD/build/clang-profile/config.h:12:9: warning: 'HAVE_DLFCN_H' macro redefined [-Wmacro-redefined]
   12 | #define HAVE_DLFCN_H
      |         ^
/nix/store/h3l4z7p6wny3phbckwwhy1i2g52pdnj4-python3-3.13.15/include/python3.13/pyconfig.h:304:9: note: previous definition is here
  304 | #define HAVE_DLFCN_H 1
      |         ^
In file included from /home/user/dev/FreeCAD/src/3rdParty/zipios++/fcoll.cpp:2:
In file included from /home/user/dev/FreeCAD/src/3rdParty/zipios++/zipios-config.h:56:
/home/user/dev/FreeCAD/build/clang-profile/config.h:81:9: warning: 'HAVE_STDINT_H' macro redefined [-Wmacro-redefined]
   81 | #define HAVE_STDINT_H
      |         ^
/nix/store/h3l4z7p6wny3phbckwwhy1i2g52pdnj4-python3-3.13.15/include/python3.13/pyconfig.h:1275:9: note: previous definition is here
 1275 | #define HAVE_STDINT_H 1
      |         ^
In file included from /home/user/dev/FreeCAD/src/3rdParty/zipios++/fcoll.cpp:2:
In file included from /home/user/dev/FreeCAD/src/3rdParty/zipios++/zipios-config.h:56:
/home/user/dev/FreeCAD/build/clang-profile/config.h:108:9: warning: 'HAVE_SYS_STAT_H' macro redefined [-Wmacro-redefined]
  108 | #define HAVE_SYS_STAT_H
      |         ^
/nix/store/h3l4z7p6wny3phbckwwhy1i2g52pdnj4-python3-3.13.15/include/python3.13/pyconfig.h:1445:9: note: previous definition is here
 1445 | #define HAVE_SYS_STAT_H 1
      |         ^
In file included from /home/user/dev/FreeCAD/src/3rdParty/zipios++/fcoll.cpp:2:
In file included from /home/user/dev/FreeCAD/src/3rdParty/zipios++/zipios-config.h:56:
/home/user/dev/FreeCAD/build/clang-profile/config.h:111:9: warning: 'HAVE_SYS_TYPES_H' macro redefined [-Wmacro-redefined]
  111 | #define HAVE_SYS_TYPES_H
      |         ^
/nix/store/h3l4z7p6wny3phbckwwhy1i2g52pdnj4-python3-3.13.15/include/python3.13/pyconfig.h:1472:9: note: previous definition is here
 1472 | #define HAVE_SYS_TYPES_H 1
      |         ^
In file included from /home/user/dev/FreeCAD/src/3rdParty/zipios++/fcoll.cpp:2:
In file included from /home/user/dev/FreeCAD/src/3rdParty/zipios++/zipios-config.h:56:
/home/user/dev/FreeCAD/build/clang-profile/config.h:114:9: warning: 'HAVE_UNISTD_H' macro redefined [-Wmacro-redefined]
  114 | #define HAVE_UNISTD_H
      |         ^
/nix/store/h3l4z7p6wny3phbckwwhy1i2g52pdnj4-python3-3.13.15/include/python3.13/pyconfig.h:1543:9: note: previous definition is here
 1543 | #define HAVE_UNISTD_H 1
      |         ^
In file included from /home/user/dev/FreeCAD/src/3rdParty/zipios++/fcoll.cpp:2:
In file included from /home/user/dev/FreeCAD/src/3rdParty/zipios++/zipios-config.h:56:
/home/user/dev/FreeCAD/build/clang-profile/config.h:141:9: warning: 'STDC_HEADERS' macro redefined [-Wmacro-redefined]
  141 | #define STDC_HEADERS
      |         ^
/nix/store/h3l4z7p6wny3phbckwwhy1i2g52pdnj4-python3-3.13.15/include/python3.13/pyconfig.h:1802:9: note: previous definition is here
 1802 | #define STDC_HEADERS 1
      |         ^
6 warnings generated.
In file included from /home/user/dev/FreeCAD/src/3rdParty/zipios++/filepath.cpp:2:
In file included from /home/user/dev/FreeCAD/src/3rdParty/zipios++/zipios-config.h:56:
/home/user/dev/FreeCAD/build/clang-profile/config.h:12:9: warning: 'HAVE_DLFCN_H' macro redefined [-Wmacro-redefined]
   12 | #define HAVE_DLFCN_H
      |         ^
/nix/store/h3l4z7p6wny3phbckwwhy1i2g52pdnj4-python3-3.13.15/include/python3.13/pyconfig.h:304:9: note: previous definition is here
  304 | #define HAVE_DLFCN_H 1
      |         ^
In file included from /home/user/dev/FreeCAD/src/3rdParty/zipios++/filepath.cpp:2:
In file included from /home/user/dev/FreeCAD/src/3rdParty/zipios++/zipios-config.h:56:
/home/user/dev/FreeCAD/build/clang-profile/config.h:81:9: warning: 'HAVE_STDINT_H' macro redefined [-Wmacro-redefined]
   81 | #define HAVE_STDINT_H
      |         ^
/nix/store/h3l4z7p6wny3phbckwwhy1i2g52pdnj4-python3-3.13.15/include/python3.13/pyconfig.h:1275:9: note: previous definition is here
 1275 | #define HAVE_STDINT_H 1
      |         ^
In file included from /home/user/dev/FreeCAD/src/3rdParty/zipios++/filepath.cpp:2:
In file included from /home/user/dev/FreeCAD/src/3rdParty/zipios++/zipios-config.h:56:
/home/user/dev/FreeCAD/build/clang-profile/config.h:108:9: warning: 'HAVE_SYS_STAT_H' macro redefined [-Wmacro-redefined]
  108 | #define HAVE_SYS_STAT_H
      |         ^
/nix/store/h3l4z7p6wny3phbckwwhy1i2g52pdnj4-python3-3.13.15/include/python3.13/pyconfig.h:1445:9: note: previous definition is here
 1445 | #define HAVE_SYS_STAT_H 1
      |         ^
In file included from /home/user/dev/FreeCAD/src/3rdParty/zipios++/filepath.cpp:2:
In file included from /home/user/dev/FreeCAD/src/3rdParty/zipios++/zipios-config.h:56:
/home/user/dev/FreeCAD/build/clang-profile/config.h:111:9: warning: 'HAVE_SYS_TYPES_H' macro redefined [-Wmacro-redefined]
  111 | #define HAVE_SYS_TYPES_H
      |         ^
/nix/store/h3l4z7p6wny3phbckwwhy1i2g52pdnj4-python3-3.13.15/include/python3.13/pyconfig.h:1472:9: note: previous definition is here
 1472 | #define HAVE_SYS_TYPES_H 1
      |         ^
In file included from /home/user/dev/FreeCAD/src/3rdParty/zipios++/filepath.cpp:2:
In file included from /home/user/dev/FreeCAD/src/3rdParty/zipios++/zipios-config.h:56:
/home/user/dev/FreeCAD/build/clang-profile/config.h:114:9: warning: 'HAVE_UNISTD_H' macro redefined [-Wmacro-redefined]
  114 | #define HAVE_UNISTD_H
      |         ^
/nix/store/h3l4z7p6wny3phbckwwhy1i2g52pdnj4-python3-3.13.15/include/python3.13/pyconfig.h:1543:9: note: previous definition is here
 1543 | #define HAVE_UNISTD_H 1
      |         ^
In file included from /home/user/dev/FreeCAD/src/3rdParty/zipios++/filepath.cpp:2:
In file included from /home/user/dev/FreeCAD/src/3rdParty/zipios++/zipios-config.h:56:
/home/user/dev/FreeCAD/build/clang-profile/config.h:141:9: warning: 'STDC_HEADERS' macro redefined [-Wmacro-redefined]
  141 | #define STDC_HEADERS
      |         ^
/nix/store/h3l4z7p6wny3phbckwwhy1i2g52pdnj4-python3-3.13.15/include/python3.13/pyconfig.h:1802:9: note: previous definition is here
 1802 | #define STDC_HEADERS 1
      |         ^
6 warnings generated.
In file included from /home/user/dev/FreeCAD/src/3rdParty/zipios++/filterinputstreambuf.cpp:2:
In file included from /home/user/dev/FreeCAD/src/3rdParty/zipios++/zipios-config.h:56:
/home/user/dev/FreeCAD/build/clang-profile/config.h:12:9: warning: 'HAVE_DLFCN_H' macro redefined [-Wmacro-redefined]
   12 | #define HAVE_DLFCN_H
      |         ^
/nix/store/h3l4z7p6wny3phbckwwhy1i2g52pdnj4-python3-3.13.15/include/python3.13/pyconfig.h:304:9: note: previous definition is here
  304 | #define HAVE_DLFCN_H 1
      |         ^
In file included from /home/user/dev/FreeCAD/src/3rdParty/zipios++/filterinputstreambuf.cpp:2:
In file included from /home/user/dev/FreeCAD/src/3rdParty/zipios++/zipios-config.h:56:
/home/user/dev/FreeCAD/build/clang-profile/config.h:81:9: warning: 'HAVE_STDINT_H' macro redefined [-Wmacro-redefined]
   81 | #define HAVE_STDINT_H
      |         ^
/nix/store/h3l4z7p6wny3phbckwwhy1i2g52pdnj4-python3-3.13.15/include/python3.13/pyconfig.h:1275:9: note: previous definition is here
 1275 | #define HAVE_STDINT_H 1
      |         ^
In file included from /home/user/dev/FreeCAD/src/3rdParty/zipios++/filterinputstreambuf.cpp:2:
In file included from /home/user/dev/FreeCAD/src/3rdParty/zipios++/zipios-config.h:56:
/home/user/dev/FreeCAD/build/clang-profile/config.h:108:9: warning: 'HAVE_SYS_STAT_H' macro redefined [-Wmacro-redefined]
  108 | #define HAVE_SYS_STAT_H
      |         ^
/nix/store/h3l4z7p6wny3phbckwwhy1i2g52pdnj4-python3-3.13.15/include/python3.13/pyconfig.h:1445:9: note: previous definition is here
 1445 | #define HAVE_SYS_STAT_H 1
      |         ^
In file included from /home/user/dev/FreeCAD/src/3rdParty/zipios++/filterinputstreambuf.cpp:2:
In file included from /home/user/dev/FreeCAD/src/3rdParty/zipios++/zipios-config.h:56:
/home/user/dev/FreeCAD/build/clang-profile/config.h:111:9: warning: 'HAVE_SYS_TYPES_H' macro redefined [-Wmacro-redefined]
  111 | #define HAVE_SYS_TYPES_H
      |         ^
/nix/store/h3l4z7p6wny3phbckwwhy1i2g52pdnj4-python3-3.13.15/include/python3.13/pyconfig.h:1472:9: note: previous definition is here
 1472 | #define HAVE_SYS_TYPES_H 1
      |         ^
In file included from /home/user/dev/FreeCAD/src/3rdParty/zipios++/filterinputstreambuf.cpp:2:
In file included from /home/user/dev/FreeCAD/src/3rdParty/zipios++/zipios-config.h:56:
/home/user/dev/FreeCAD/build/clang-profile/config.h:114:9: warning: 'HAVE_UNISTD_H' macro redefined [-Wmacro-redefined]
  114 | #define HAVE_UNISTD_H
      |         ^
/nix/store/h3l4z7p6wny3phbckwwhy1i2g52pdnj4-python3-3.13.15/include/python3.13/pyconfig.h:1543:9: note: previous definition is here
 1543 | #define HAVE_UNISTD_H 1
      |         ^
In file included from /home/user/dev/FreeCAD/src/3rdParty/zipios++/filterinputstreambuf.cpp:2:
In file included from /home/user/dev/FreeCAD/src/3rdParty/zipios++/zipios-config.h:56:
/home/user/dev/FreeCAD/build/clang-profile/config.h:141:9: warning: 'STDC_HEADERS' macro redefined [-Wmacro-redefined]
  141 | #define STDC_HEADERS
      |         ^
/nix/store/h3l4z7p6wny3phbckwwhy1i2g52pdnj4-python3-3.13.15/include/python3.13/pyconfig.h:1802:9: note: previous definition is here
 1802 | #define STDC_HEADERS 1
      |         ^
6 warnings generated.
In file included from /home/user/dev/FreeCAD/src/3rdParty/zipios++/filteroutputstreambuf.cpp:2:
In file included from /home/user/dev/FreeCAD/src/3rdParty/zipios++/zipios-config.h:56:
/home/user/dev/FreeCAD/build/clang-profile/config.h:12:9: warning: 'HAVE_DLFCN_H' macro redefined [-Wmacro-redefined]
   12 | #define HAVE_DLFCN_H
      |         ^
/nix/store/h3l4z7p6wny3phbckwwhy1i2g52pdnj4-python3-3.13.15/include/python3.13/pyconfig.h:304:9: note: previous definition is here
  304 | #define HAVE_DLFCN_H 1
      |         ^
In file included from /home/user/dev/FreeCAD/src/3rdParty/zipios++/filteroutputstreambuf.cpp:2:
In file included from /home/user/dev/FreeCAD/src/3rdParty/zipios++/zipios-config.h:56:
/home/user/dev/FreeCAD/build/clang-profile/config.h:81:9: warning: 'HAVE_STDINT_H' macro redefined [-Wmacro-redefined]
   81 | #define HAVE_STDINT_H
      |         ^
/nix/store/h3l4z7p6wny3phbckwwhy1i2g52pdnj4-python3-3.13.15/include/python3.13/pyconfig.h:1275:9: note: previous definition is here
 1275 | #define HAVE_STDINT_H 1
      |         ^
In file included from /home/user/dev/FreeCAD/src/3rdParty/zipios++/filteroutputstreambuf.cpp:2:
In file included from /home/user/dev/FreeCAD/src/3rdParty/zipios++/zipios-config.h:56:
/home/user/dev/FreeCAD/build/clang-profile/config.h:108:9: warning: 'HAVE_SYS_STAT_H' macro redefined [-Wmacro-redefined]
  108 | #define HAVE_SYS_STAT_H
      |         ^
/nix/store/h3l4z7p6wny3phbckwwhy1i2g52pdnj4-python3-3.13.15/include/python3.13/pyconfig.h:1445:9: note: previous definition is here
 1445 | #define HAVE_SYS_STAT_H 1
      |         ^
In file included from /home/user/dev/FreeCAD/src/3rdParty/zipios++/filteroutputstreambuf.cpp:2:
In file included from /home/user/dev/FreeCAD/src/3rdParty/zipios++/zipios-config.h:56:
/home/user/dev/FreeCAD/build/clang-profile/config.h:111:9: warning: 'HAVE_SYS_TYPES_H' macro redefined [-Wmacro-redefined]
  111 | #define HAVE_SYS_TYPES_H
      |         ^
/nix/store/h3l4z7p6wny3phbckwwhy1i2g52pdnj4-python3-3.13.15/include/python3.13/pyconfig.h:1472:9: note: previous definition is here
 1472 | #define HAVE_SYS_TYPES_H 1
      |         ^
In file included from /home/user/dev/FreeCAD/src/3rdParty/zipios++/filteroutputstreambuf.cpp:2:
In file included from /home/user/dev/FreeCAD/src/3rdParty/zipios++/zipios-config.h:56:
/home/user/dev/FreeCAD/build/clang-profile/config.h:114:9: warning: 'HAVE_UNISTD_H' macro redefined [-Wmacro-redefined]
  114 | #define HAVE_UNISTD_H
      |         ^
/nix/store/h3l4z7p6wny3phbckwwhy1i2g52pdnj4-python3-3.13.15/include/python3.13/pyconfig.h:1543:9: note: previous definition is here
 1543 | #define HAVE_UNISTD_H 1
      |         ^
In file included from /home/user/dev/FreeCAD/src/3rdParty/zipios++/filteroutputstreambuf.cpp:2:
In file included from /home/user/dev/FreeCAD/src/3rdParty/zipios++/zipios-config.h:56:
/home/user/dev/FreeCAD/build/clang-profile/config.h:141:9: warning: 'STDC_HEADERS' macro redefined [-Wmacro-redefined]
  141 | #define STDC_HEADERS
      |         ^
/nix/store/h3l4z7p6wny3phbckwwhy1i2g52pdnj4-python3-3.13.15/include/python3.13/pyconfig.h:1802:9: note: previous definition is here
 1802 | #define STDC_HEADERS 1
      |         ^
6 warnings generated.
In file included from /home/user/dev/FreeCAD/src/3rdParty/zipios++/gzipoutputstream.cpp:2:
In file included from /home/user/dev/FreeCAD/src/3rdParty/zipios++/zipios-config.h:56:
/home/user/dev/FreeCAD/build/clang-profile/config.h:12:9: warning: 'HAVE_DLFCN_H' macro redefined [-Wmacro-redefined]
   12 | #define HAVE_DLFCN_H
      |         ^
/nix/store/h3l4z7p6wny3phbckwwhy1i2g52pdnj4-python3-3.13.15/include/python3.13/pyconfig.h:304:9: note: previous definition is here
  304 | #define HAVE_DLFCN_H 1
      |         ^
In file included from /home/user/dev/FreeCAD/src/3rdParty/zipios++/gzipoutputstream.cpp:2:
In file included from /home/user/dev/FreeCAD/src/3rdParty/zipios++/zipios-config.h:56:
/home/user/dev/FreeCAD/build/clang-profile/config.h:81:9: warning: 'HAVE_STDINT_H' macro redefined [-Wmacro-redefined]
   81 | #define HAVE_STDINT_H
      |         ^
/nix/store/h3l4z7p6wny3phbckwwhy1i2g52pdnj4-python3-3.13.15/include/python3.13/pyconfig.h:1275:9: note: previous definition is here
 1275 | #define HAVE_STDINT_H 1
      |         ^
In file included from /home/user/dev/FreeCAD/src/3rdParty/zipios++/gzipoutputstream.cpp:2:
In file included from /home/user/dev/FreeCAD/src/3rdParty/zipios++/zipios-config.h:56:
/home/user/dev/FreeCAD/build/clang-profile/config.h:108:9: warning: 'HAVE_SYS_STAT_H' macro redefined [-Wmacro-redefined]
  108 | #define HAVE_SYS_STAT_H
      |         ^
/nix/store/h3l4z7p6wny3phbckwwhy1i2g52pdnj4-python3-3.13.15/include/python3.13/pyconfig.h:1445:9: note: previous definition is here
 1445 | #define HAVE_SYS_STAT_H 1
      |         ^
In file included from /home/user/dev/FreeCAD/src/3rdParty/zipios++/gzipoutputstream.cpp:2:
In file included from /home/user/dev/FreeCAD/src/3rdParty/zipios++/zipios-config.h:56:
/home/user/dev/FreeCAD/build/clang-profile/config.h:111:9: warning: 'HAVE_SYS_TYPES_H' macro redefined [-Wmacro-redefined]
  111 | #define HAVE_SYS_TYPES_H
      |         ^
/nix/store/h3l4z7p6wny3phbckwwhy1i2g52pdnj4-python3-3.13.15/include/python3.13/pyconfig.h:1472:9: note: previous definition is here
 1472 | #define HAVE_SYS_TYPES_H 1
      |         ^
In file included from /home/user/dev/FreeCAD/src/3rdParty/zipios++/gzipoutputstream.cpp:2:
In file included from /home/user/dev/FreeCAD/src/3rdParty/zipios++/zipios-config.h:56:
/home/user/dev/FreeCAD/build/clang-profile/config.h:114:9: warning: 'HAVE_UNISTD_H' macro redefined [-Wmacro-redefined]
  114 | #define HAVE_UNISTD_H
      |         ^
/nix/store/h3l4z7p6wny3phbckwwhy1i2g52pdnj4-python3-3.13.15/include/python3.13/pyconfig.h:1543:9: note: previous definition is here
 1543 | #define HAVE_UNISTD_H 1
      |         ^
In file included from /home/user/dev/FreeCAD/src/3rdParty/zipios++/gzipoutputstream.cpp:2:
In file included from /home/user/dev/FreeCAD/src/3rdParty/zipios++/zipios-config.h:56:
/home/user/dev/FreeCAD/build/clang-profile/config.h:141:9: warning: 'STDC_HEADERS' macro redefined [-Wmacro-redefined]
  141 | #define STDC_HEADERS
      |         ^
/nix/store/h3l4z7p6wny3phbckwwhy1i2g52pdnj4-python3-3.13.15/include/python3.13/pyconfig.h:1802:9: note: previous definition is here
 1802 | #define STDC_HEADERS 1
      |         ^
6 warnings generated.
In file included from /home/user/dev/FreeCAD/src/3rdParty/zipios++/gzipoutputstreambuf.cpp:4:
In file included from /home/user/dev/FreeCAD/src/3rdParty/zipios++/zipios-config.h:56:
/home/user/dev/FreeCAD/build/clang-profile/config.h:12:9: warning: 'HAVE_DLFCN_H' macro redefined [-Wmacro-redefined]
   12 | #define HAVE_DLFCN_H
      |         ^
/nix/store/h3l4z7p6wny3phbckwwhy1i2g52pdnj4-python3-3.13.15/include/python3.13/pyconfig.h:304:9: note: previous definition is here
  304 | #define HAVE_DLFCN_H 1
      |         ^
In file included from /home/user/dev/FreeCAD/src/3rdParty/zipios++/gzipoutputstreambuf.cpp:4:
In file included from /home/user/dev/FreeCAD/src/3rdParty/zipios++/zipios-config.h:56:
/home/user/dev/FreeCAD/build/clang-profile/config.h:81:9: warning: 'HAVE_STDINT_H' macro redefined [-Wmacro-redefined]
   81 | #define HAVE_STDINT_H
      |         ^
/nix/store/h3l4z7p6wny3phbckwwhy1i2g52pdnj4-python3-3.13.15/include/python3.13/pyconfig.h:1275:9: note: previous definition is here
 1275 | #define HAVE_STDINT_H 1
      |         ^
In file included from /home/user/dev/FreeCAD/src/3rdParty/zipios++/gzipoutputstreambuf.cpp:4:
In file included from /home/user/dev/FreeCAD/src/3rdParty/zipios++/zipios-config.h:56:
/home/user/dev/FreeCAD/build/clang-profile/config.h:108:9: warning: 'HAVE_SYS_STAT_H' macro redefined [-Wmacro-redefined]
  108 | #define HAVE_SYS_STAT_H
      |         ^
/nix/store/h3l4z7p6wny3phbckwwhy1i2g52pdnj4-python3-3.13.15/include/python3.13/pyconfig.h:1445:9: note: previous definition is here
 1445 | #define HAVE_SYS_STAT_H 1
      |         ^
In file included from /home/user/dev/FreeCAD/src/3rdParty/zipios++/gzipoutputstreambuf.cpp:4:
In file included from /home/user/dev/FreeCAD/src/3rdParty/zipios++/zipios-config.h:56:
/home/user/dev/FreeCAD/build/clang-profile/config.h:111:9: warning: 'HAVE_SYS_TYPES_H' macro redefined [-Wmacro-redefined]
  111 | #define HAVE_SYS_TYPES_H
      |         ^
/nix/store/h3l4z7p6wny3phbckwwhy1i2g52pdnj4-python3-3.13.15/include/python3.13/pyconfig.h:1472:9: note: previous definition is here
 1472 | #define HAVE_SYS_TYPES_H 1
      |         ^
In file included from /home/user/dev/FreeCAD/src/3rdParty/zipios++/gzipoutputstreambuf.cpp:4:
In file included from /home/user/dev/FreeCAD/src/3rdParty/zipios++/zipios-config.h:56:
/home/user/dev/FreeCAD/build/clang-profile/config.h:114:9: warning: 'HAVE_UNISTD_H' macro redefined [-Wmacro-redefined]
  114 | #define HAVE_UNISTD_H
      |         ^
/nix/store/h3l4z7p6wny3phbckwwhy1i2g52pdnj4-python3-3.13.15/include/python3.13/pyconfig.h:1543:9: note: previous definition is here
 1543 | #define HAVE_UNISTD_H 1
      |         ^
In file included from /home/user/dev/FreeCAD/src/3rdParty/zipios++/gzipoutputstreambuf.cpp:4:
In file included from /home/user/dev/FreeCAD/src/3rdParty/zipios++/zipios-config.h:56:
/home/user/dev/FreeCAD/build/clang-profile/config.h:141:9: warning: 'STDC_HEADERS' macro redefined [-Wmacro-redefined]
  141 | #define STDC_HEADERS
      |         ^
/nix/store/h3l4z7p6wny3phbckwwhy1i2g52pdnj4-python3-3.13.15/include/python3.13/pyconfig.h:1802:9: note: previous definition is here
 1802 | #define STDC_HEADERS 1
      |         ^
6 warnings generated.
In file included from /home/user/dev/FreeCAD/src/3rdParty/zipios++/inflateinputstreambuf.cpp:2:
In file included from /home/user/dev/FreeCAD/src/3rdParty/zipios++/zipios-config.h:56:
/home/user/dev/FreeCAD/build/clang-profile/config.h:12:9: warning: 'HAVE_DLFCN_H' macro redefined [-Wmacro-redefined]
   12 | #define HAVE_DLFCN_H
      |         ^
/nix/store/h3l4z7p6wny3phbckwwhy1i2g52pdnj4-python3-3.13.15/include/python3.13/pyconfig.h:304:9: note: previous definition is here
  304 | #define HAVE_DLFCN_H 1
      |         ^
In file included from /home/user/dev/FreeCAD/src/3rdParty/zipios++/inflateinputstreambuf.cpp:2:
In file included from /home/user/dev/FreeCAD/src/3rdParty/zipios++/zipios-config.h:56:
/home/user/dev/FreeCAD/build/clang-profile/config.h:81:9: warning: 'HAVE_STDINT_H' macro redefined [-Wmacro-redefined]
   81 | #define HAVE_STDINT_H
      |         ^
/nix/store/h3l4z7p6wny3phbckwwhy1i2g52pdnj4-python3-3.13.15/include/python3.13/pyconfig.h:1275:9: note: previous definition is here
 1275 | #define HAVE_STDINT_H 1
      |         ^
In file included from /home/user/dev/FreeCAD/src/3rdParty/zipios++/inflateinputstreambuf.cpp:2:
In file included from /home/user/dev/FreeCAD/src/3rdParty/zipios++/zipios-config.h:56:
/home/user/dev/FreeCAD/build/clang-profile/config.h:108:9: warning: 'HAVE_SYS_STAT_H' macro redefined [-Wmacro-redefined]
  108 | #define HAVE_SYS_STAT_H
      |         ^
/nix/store/h3l4z7p6wny3phbckwwhy1i2g52pdnj4-python3-3.13.15/include/python3.13/pyconfig.h:1445:9: note: previous definition is here
 1445 | #define HAVE_SYS_STAT_H 1
      |         ^
In file included from /home/user/dev/FreeCAD/src/3rdParty/zipios++/inflateinputstreambuf.cpp:2:
In file included from /home/user/dev/FreeCAD/src/3rdParty/zipios++/zipios-config.h:56:
/home/user/dev/FreeCAD/build/clang-profile/config.h:111:9: warning: 'HAVE_SYS_TYPES_H' macro redefined [-Wmacro-redefined]
  111 | #define HAVE_SYS_TYPES_H
      |         ^
/nix/store/h3l4z7p6wny3phbckwwhy1i2g52pdnj4-python3-3.13.15/include/python3.13/pyconfig.h:1472:9: note: previous definition is here
 1472 | #define HAVE_SYS_TYPES_H 1
      |         ^
In file included from /home/user/dev/FreeCAD/src/3rdParty/zipios++/inflateinputstreambuf.cpp:2:
In file included from /home/user/dev/FreeCAD/src/3rdParty/zipios++/zipios-config.h:56:
/home/user/dev/FreeCAD/build/clang-profile/config.h:114:9: warning: 'HAVE_UNISTD_H' macro redefined [-Wmacro-redefined]
  114 | #define HAVE_UNISTD_H
      |         ^
/nix/store/h3l4z7p6wny3phbckwwhy1i2g52pdnj4-python3-3.13.15/include/python3.13/pyconfig.h:1543:9: note: previous definition is here
 1543 | #define HAVE_UNISTD_H 1
      |         ^
In file included from /home/user/dev/FreeCAD/src/3rdParty/zipios++/inflateinputstreambuf.cpp:2:
In file included from /home/user/dev/FreeCAD/src/3rdParty/zipios++/zipios-config.h:56:
/home/user/dev/FreeCAD/build/clang-profile/config.h:141:9: warning: 'STDC_HEADERS' macro redefined [-Wmacro-redefined]
  141 | #define STDC_HEADERS
      |         ^
/nix/store/h3l4z7p6wny3phbckwwhy1i2g52pdnj4-python3-3.13.15/include/python3.13/pyconfig.h:1802:9: note: previous definition is here
 1802 | #define STDC_HEADERS 1
      |         ^
6 warnings generated.
In file included from /home/user/dev/FreeCAD/src/3rdParty/zipios++/ziphead.cpp:2:
In file included from /home/user/dev/FreeCAD/src/3rdParty/zipios++/zipios-config.h:56:
/home/user/dev/FreeCAD/build/clang-profile/config.h:12:9: warning: 'HAVE_DLFCN_H' macro redefined [-Wmacro-redefined]
   12 | #define HAVE_DLFCN_H
      |         ^
/nix/store/h3l4z7p6wny3phbckwwhy1i2g52pdnj4-python3-3.13.15/include/python3.13/pyconfig.h:304:9: note: previous definition is here
  304 | #define HAVE_DLFCN_H 1
      |         ^
In file included from /home/user/dev/FreeCAD/src/3rdParty/zipios++/ziphead.cpp:2:
In file included from /home/user/dev/FreeCAD/src/3rdParty/zipios++/zipios-config.h:56:
/home/user/dev/FreeCAD/build/clang-profile/config.h:81:9: warning: 'HAVE_STDINT_H' macro redefined [-Wmacro-redefined]
   81 | #define HAVE_STDINT_H
      |         ^
/nix/store/h3l4z7p6wny3phbckwwhy1i2g52pdnj4-python3-3.13.15/include/python3.13/pyconfig.h:1275:9: note: previous definition is here
 1275 | #define HAVE_STDINT_H 1
      |         ^
In file included from /home/user/dev/FreeCAD/src/3rdParty/zipios++/ziphead.cpp:2:
In file included from /home/user/dev/FreeCAD/src/3rdParty/zipios++/zipios-config.h:56:
/home/user/dev/FreeCAD/build/clang-profile/config.h:108:9: warning: 'HAVE_SYS_STAT_H' macro redefined [-Wmacro-redefined]
  108 | #define HAVE_SYS_STAT_H
      |         ^
/nix/store/h3l4z7p6wny3phbckwwhy1i2g52pdnj4-python3-3.13.15/include/python3.13/pyconfig.h:1445:9: note: previous definition is here
 1445 | #define HAVE_SYS_STAT_H 1
      |         ^
In file included from /home/user/dev/FreeCAD/src/3rdParty/zipios++/ziphead.cpp:2:
In file included from /home/user/dev/FreeCAD/src/3rdParty/zipios++/zipios-config.h:56:
/home/user/dev/FreeCAD/build/clang-profile/config.h:111:9: warning: 'HAVE_SYS_TYPES_H' macro redefined [-Wmacro-redefined]
  111 | #define HAVE_SYS_TYPES_H
      |         ^
/nix/store/h3l4z7p6wny3phbckwwhy1i2g52pdnj4-python3-3.13.15/include/python3.13/pyconfig.h:1472:9: note: previous definition is here
 1472 | #define HAVE_SYS_TYPES_H 1
      |         ^
In file included from /home/user/dev/FreeCAD/src/3rdParty/zipios++/ziphead.cpp:2:
In file included from /home/user/dev/FreeCAD/src/3rdParty/zipios++/zipios-config.h:56:
/home/user/dev/FreeCAD/build/clang-profile/config.h:114:9: warning: 'HAVE_UNISTD_H' macro redefined [-Wmacro-redefined]
  114 | #define HAVE_UNISTD_H
      |         ^
/nix/store/h3l4z7p6wny3phbckwwhy1i2g52pdnj4-python3-3.13.15/include/python3.13/pyconfig.h:1543:9: note: previous definition is here
 1543 | #define HAVE_UNISTD_H 1
      |         ^
In file included from /home/user/dev/FreeCAD/src/3rdParty/zipios++/ziphead.cpp:2:
In file included from /home/user/dev/FreeCAD/src/3rdParty/zipios++/zipios-config.h:56:
/home/user/dev/FreeCAD/build/clang-profile/config.h:141:9: warning: 'STDC_HEADERS' macro redefined [-Wmacro-redefined]
  141 | #define STDC_HEADERS
      |         ^
/nix/store/h3l4z7p6wny3phbckwwhy1i2g52pdnj4-python3-3.13.15/include/python3.13/pyconfig.h:1802:9: note: previous definition is here
 1802 | #define STDC_HEADERS 1
      |         ^
6 warnings generated.
In file included from /home/user/dev/FreeCAD/src/3rdParty/zipios++/zipinputstream.cpp:2:
In file included from /home/user/dev/FreeCAD/src/3rdParty/zipios++/zipios-config.h:56:
/home/user/dev/FreeCAD/build/clang-profile/config.h:12:9: warning: 'HAVE_DLFCN_H' macro redefined [-Wmacro-redefined]
   12 | #define HAVE_DLFCN_H
      |         ^
/nix/store/h3l4z7p6wny3phbckwwhy1i2g52pdnj4-python3-3.13.15/include/python3.13/pyconfig.h:304:9: note: previous definition is here
  304 | #define HAVE_DLFCN_H 1
      |         ^
In file included from /home/user/dev/FreeCAD/src/3rdParty/zipios++/zipinputstream.cpp:2:
In file included from /home/user/dev/FreeCAD/src/3rdParty/zipios++/zipios-config.h:56:
/home/user/dev/FreeCAD/build/clang-profile/config.h:81:9: warning: 'HAVE_STDINT_H' macro redefined [-Wmacro-redefined]
   81 | #define HAVE_STDINT_H
      |         ^
/nix/store/h3l4z7p6wny3phbckwwhy1i2g52pdnj4-python3-3.13.15/include/python3.13/pyconfig.h:1275:9: note: previous definition is here
 1275 | #define HAVE_STDINT_H 1
      |         ^
In file included from /home/user/dev/FreeCAD/src/3rdParty/zipios++/zipinputstream.cpp:2:
In file included from /home/user/dev/FreeCAD/src/3rdParty/zipios++/zipios-config.h:56:
/home/user/dev/FreeCAD/build/clang-profile/config.h:108:9: warning: 'HAVE_SYS_STAT_H' macro redefined [-Wmacro-redefined]
  108 | #define HAVE_SYS_STAT_H
      |         ^
/nix/store/h3l4z7p6wny3phbckwwhy1i2g52pdnj4-python3-3.13.15/include/python3.13/pyconfig.h:1445:9: note: previous definition is here
 1445 | #define HAVE_SYS_STAT_H 1
      |         ^
In file included from /home/user/dev/FreeCAD/src/3rdParty/zipios++/zipinputstream.cpp:2:
In file included from /home/user/dev/FreeCAD/src/3rdParty/zipios++/zipios-config.h:56:
/home/user/dev/FreeCAD/build/clang-profile/config.h:111:9: warning: 'HAVE_SYS_TYPES_H' macro redefined [-Wmacro-redefined]
  111 | #define HAVE_SYS_TYPES_H
      |         ^
/nix/store/h3l4z7p6wny3phbckwwhy1i2g52pdnj4-python3-3.13.15/include/python3.13/pyconfig.h:1472:9: note: previous definition is here
 1472 | #define HAVE_SYS_TYPES_H 1
      |         ^
In file included from /home/user/dev/FreeCAD/src/3rdParty/zipios++/zipinputstream.cpp:2:
In file included from /home/user/dev/FreeCAD/src/3rdParty/zipios++/zipios-config.h:56:
/home/user/dev/FreeCAD/build/clang-profile/config.h:114:9: warning: 'HAVE_UNISTD_H' macro redefined [-Wmacro-redefined]
  114 | #define HAVE_UNISTD_H
      |         ^
/nix/store/h3l4z7p6wny3phbckwwhy1i2g52pdnj4-python3-3.13.15/include/python3.13/pyconfig.h:1543:9: note: previous definition is here
 1543 | #define HAVE_UNISTD_H 1
      |         ^
In file included from /home/user/dev/FreeCAD/src/3rdParty/zipios++/zipinputstream.cpp:2:
In file included from /home/user/dev/FreeCAD/src/3rdParty/zipios++/zipios-config.h:56:
/home/user/dev/FreeCAD/build/clang-profile/config.h:141:9: warning: 'STDC_HEADERS' macro redefined [-Wmacro-redefined]
  141 | #define STDC_HEADERS
      |         ^
/nix/store/h3l4z7p6wny3phbckwwhy1i2g52pdnj4-python3-3.13.15/include/python3.13/pyconfig.h:1802:9: note: previous definition is here
 1802 | #define STDC_HEADERS 1
      |         ^
6 warnings generated.
In file included from /home/user/dev/FreeCAD/src/3rdParty/zipios++/zipfile.cpp:2:
In file included from /home/user/dev/FreeCAD/src/3rdParty/zipios++/zipios-config.h:56:
/home/user/dev/FreeCAD/build/clang-profile/config.h:12:9: warning: 'HAVE_DLFCN_H' macro redefined [-Wmacro-redefined]
   12 | #define HAVE_DLFCN_H
      |         ^
/nix/store/h3l4z7p6wny3phbckwwhy1i2g52pdnj4-python3-3.13.15/include/python3.13/pyconfig.h:304:9: note: previous definition is here
  304 | #define HAVE_DLFCN_H 1
      |         ^
In file included from /home/user/dev/FreeCAD/src/3rdParty/zipios++/zipfile.cpp:2:
In file included from /home/user/dev/FreeCAD/src/3rdParty/zipios++/zipios-config.h:56:
/home/user/dev/FreeCAD/build/clang-profile/config.h:81:9: warning: 'HAVE_STDINT_H' macro redefined [-Wmacro-redefined]
   81 | #define HAVE_STDINT_H
      |         ^
/nix/store/h3l4z7p6wny3phbckwwhy1i2g52pdnj4-python3-3.13.15/include/python3.13/pyconfig.h:1275:9: note: previous definition is here
 1275 | #define HAVE_STDINT_H 1
      |         ^
In file included from /home/user/dev/FreeCAD/src/3rdParty/zipios++/zipfile.cpp:2:
In file included from /home/user/dev/FreeCAD/src/3rdParty/zipios++/zipios-config.h:56:
/home/user/dev/FreeCAD/build/clang-profile/config.h:108:9: warning: 'HAVE_SYS_STAT_H' macro redefined [-Wmacro-redefined]
  108 | #define HAVE_SYS_STAT_H
      |         ^
/nix/store/h3l4z7p6wny3phbckwwhy1i2g52pdnj4-python3-3.13.15/include/python3.13/pyconfig.h:1445:9: note: previous definition is here
 1445 | #define HAVE_SYS_STAT_H 1
      |         ^
In file included from /home/user/dev/FreeCAD/src/3rdParty/zipios++/zipfile.cpp:2:
In file included from /home/user/dev/FreeCAD/src/3rdParty/zipios++/zipios-config.h:56:
/home/user/dev/FreeCAD/build/clang-profile/config.h:111:9: warning: 'HAVE_SYS_TYPES_H' macro redefined [-Wmacro-redefined]
  111 | #define HAVE_SYS_TYPES_H
      |         ^
/nix/store/h3l4z7p6wny3phbckwwhy1i2g52pdnj4-python3-3.13.15/include/python3.13/pyconfig.h:1472:9: note: previous definition is here
 1472 | #define HAVE_SYS_TYPES_H 1
      |         ^
In file included from /home/user/dev/FreeCAD/src/3rdParty/zipios++/zipfile.cpp:2:
In file included from /home/user/dev/FreeCAD/src/3rdParty/zipios++/zipios-config.h:56:
/home/user/dev/FreeCAD/build/clang-profile/config.h:114:9: warning: 'HAVE_UNISTD_H' macro redefined [-Wmacro-redefined]
  114 | #define HAVE_UNISTD_H
      |         ^
/nix/store/h3l4z7p6wny3phbckwwhy1i2g52pdnj4-python3-3.13.15/include/python3.13/pyconfig.h:1543:9: note: previous definition is here
 1543 | #define HAVE_UNISTD_H 1
      |         ^
In file included from /home/user/dev/FreeCAD/src/3rdParty/zipios++/zipfile.cpp:2:
In file included from /home/user/dev/FreeCAD/src/3rdParty/zipios++/zipios-config.h:56:
/home/user/dev/FreeCAD/build/clang-profile/config.h:141:9: warning: 'STDC_HEADERS' macro redefined [-Wmacro-redefined]
  141 | #define STDC_HEADERS
      |         ^
/nix/store/h3l4z7p6wny3phbckwwhy1i2g52pdnj4-python3-3.13.15/include/python3.13/pyconfig.h:1802:9: note: previous definition is here
 1802 | #define STDC_HEADERS 1
      |         ^
6 warnings generated.
In file included from /home/user/dev/FreeCAD/src/3rdParty/zipios++/zipheadio.cpp:2:
In file included from /home/user/dev/FreeCAD/src/3rdParty/zipios++/zipios-config.h:56:
/home/user/dev/FreeCAD/build/clang-profile/config.h:12:9: warning: 'HAVE_DLFCN_H' macro redefined [-Wmacro-redefined]
   12 | #define HAVE_DLFCN_H
      |         ^
/nix/store/h3l4z7p6wny3phbckwwhy1i2g52pdnj4-python3-3.13.15/include/python3.13/pyconfig.h:304:9: note: previous definition is here
  304 | #define HAVE_DLFCN_H 1
      |         ^
In file included from /home/user/dev/FreeCAD/src/3rdParty/zipios++/zipheadio.cpp:2:
In file included from /home/user/dev/FreeCAD/src/3rdParty/zipios++/zipios-config.h:56:
/home/user/dev/FreeCAD/build/clang-profile/config.h:81:9: warning: 'HAVE_STDINT_H' macro redefined [-Wmacro-redefined]
   81 | #define HAVE_STDINT_H
      |         ^
/nix/store/h3l4z7p6wny3phbckwwhy1i2g52pdnj4-python3-3.13.15/include/python3.13/pyconfig.h:1275:9: note: previous definition is here
 1275 | #define HAVE_STDINT_H 1
      |         ^
In file included from /home/user/dev/FreeCAD/src/3rdParty/zipios++/zipheadio.cpp:2:
In file included from /home/user/dev/FreeCAD/src/3rdParty/zipios++/zipios-config.h:56:
/home/user/dev/FreeCAD/build/clang-profile/config.h:108:9: warning: 'HAVE_SYS_STAT_H' macro redefined [-Wmacro-redefined]
  108 | #define HAVE_SYS_STAT_H
      |         ^
/nix/store/h3l4z7p6wny3phbckwwhy1i2g52pdnj4-python3-3.13.15/include/python3.13/pyconfig.h:1445:9: note: previous definition is here
 1445 | #define HAVE_SYS_STAT_H 1
      |         ^
In file included from /home/user/dev/FreeCAD/src/3rdParty/zipios++/zipheadio.cpp:2:
In file included from /home/user/dev/FreeCAD/src/3rdParty/zipios++/zipios-config.h:56:
/home/user/dev/FreeCAD/build/clang-profile/config.h:111:9: warning: 'HAVE_SYS_TYPES_H' macro redefined [-Wmacro-redefined]
  111 | #define HAVE_SYS_TYPES_H
      |         ^
/nix/store/h3l4z7p6wny3phbckwwhy1i2g52pdnj4-python3-3.13.15/include/python3.13/pyconfig.h:1472:9: note: previous definition is here
 1472 | #define HAVE_SYS_TYPES_H 1
      |         ^
In file included from /home/user/dev/FreeCAD/src/3rdParty/zipios++/zipheadio.cpp:2:
In file included from /home/user/dev/FreeCAD/src/3rdParty/zipios++/zipios-config.h:56:
/home/user/dev/FreeCAD/build/clang-profile/config.h:114:9: warning: 'HAVE_UNISTD_H' macro redefined [-Wmacro-redefined]
  114 | #define HAVE_UNISTD_H
      |         ^
/nix/store/h3l4z7p6wny3phbckwwhy1i2g52pdnj4-python3-3.13.15/include/python3.13/pyconfig.h:1543:9: note: previous definition is here
 1543 | #define HAVE_UNISTD_H 1
      |         ^
In file included from /home/user/dev/FreeCAD/src/3rdParty/zipios++/zipheadio.cpp:2:
In file included from /home/user/dev/FreeCAD/src/3rdParty/zipios++/zipios-config.h:56:
/home/user/dev/FreeCAD/build/clang-profile/config.h:141:9: warning: 'STDC_HEADERS' macro redefined [-Wmacro-redefined]
  141 | #define STDC_HEADERS
      |         ^
/nix/store/h3l4z7p6wny3phbckwwhy1i2g52pdnj4-python3-3.13.15/include/python3.13/pyconfig.h:1802:9: note: previous definition is here
 1802 | #define STDC_HEADERS 1
      |         ^
6 warnings generated.
In file included from /home/user/dev/FreeCAD/src/3rdParty/zipios++/zipinputstreambuf.cpp:2:
In file included from /home/user/dev/FreeCAD/src/3rdParty/zipios++/zipios-config.h:56:
/home/user/dev/FreeCAD/build/clang-profile/config.h:12:9: warning: 'HAVE_DLFCN_H' macro redefined [-Wmacro-redefined]
   12 | #define HAVE_DLFCN_H
      |         ^
/nix/store/h3l4z7p6wny3phbckwwhy1i2g52pdnj4-python3-3.13.15/include/python3.13/pyconfig.h:304:9: note: previous definition is here
  304 | #define HAVE_DLFCN_H 1
      |         ^
In file included from /home/user/dev/FreeCAD/src/3rdParty/zipios++/zipinputstreambuf.cpp:2:
In file included from /home/user/dev/FreeCAD/src/3rdParty/zipios++/zipios-config.h:56:
/home/user/dev/FreeCAD/build/clang-profile/config.h:81:9: warning: 'HAVE_STDINT_H' macro redefined [-Wmacro-redefined]
   81 | #define HAVE_STDINT_H
      |         ^
/nix/store/h3l4z7p6wny3phbckwwhy1i2g52pdnj4-python3-3.13.15/include/python3.13/pyconfig.h:1275:9: note: previous definition is here
 1275 | #define HAVE_STDINT_H 1
      |         ^
In file included from /home/user/dev/FreeCAD/src/3rdParty/zipios++/zipinputstreambuf.cpp:2:
In file included from /home/user/dev/FreeCAD/src/3rdParty/zipios++/zipios-config.h:56:
/home/user/dev/FreeCAD/build/clang-profile/config.h:108:9: warning: 'HAVE_SYS_STAT_H' macro redefined [-Wmacro-redefined]
  108 | #define HAVE_SYS_STAT_H
      |         ^
/nix/store/h3l4z7p6wny3phbckwwhy1i2g52pdnj4-python3-3.13.15/include/python3.13/pyconfig.h:1445:9: note: previous definition is here
 1445 | #define HAVE_SYS_STAT_H 1
      |         ^
In file included from /home/user/dev/FreeCAD/src/3rdParty/zipios++/zipinputstreambuf.cpp:2:
In file included from /home/user/dev/FreeCAD/src/3rdParty/zipios++/zipios-config.h:56:
/home/user/dev/FreeCAD/build/clang-profile/config.h:111:9: warning: 'HAVE_SYS_TYPES_H' macro redefined [-Wmacro-redefined]
  111 | #define HAVE_SYS_TYPES_H
      |         ^
/nix/store/h3l4z7p6wny3phbckwwhy1i2g52pdnj4-python3-3.13.15/include/python3.13/pyconfig.h:1472:9: note: previous definition is here
 1472 | #define HAVE_SYS_TYPES_H 1
      |         ^
In file included from /home/user/dev/FreeCAD/src/3rdParty/zipios++/zipinputstreambuf.cpp:2:
In file included from /home/user/dev/FreeCAD/src/3rdParty/zipios++/zipios-config.h:56:
/home/user/dev/FreeCAD/build/clang-profile/config.h:114:9: warning: 'HAVE_UNISTD_H' macro redefined [-Wmacro-redefined]
  114 | #define HAVE_UNISTD_H
      |         ^
/nix/store/h3l4z7p6wny3phbckwwhy1i2g52pdnj4-python3-3.13.15/include/python3.13/pyconfig.h:1543:9: note: previous definition is here
 1543 | #define HAVE_UNISTD_H 1
      |         ^
In file included from /home/user/dev/FreeCAD/src/3rdParty/zipios++/zipinputstreambuf.cpp:2:
In file included from /home/user/dev/FreeCAD/src/3rdParty/zipios++/zipios-config.h:56:
/home/user/dev/FreeCAD/build/clang-profile/config.h:141:9: warning: 'STDC_HEADERS' macro redefined [-Wmacro-redefined]
  141 | #define STDC_HEADERS
      |         ^
/nix/store/h3l4z7p6wny3phbckwwhy1i2g52pdnj4-python3-3.13.15/include/python3.13/pyconfig.h:1802:9: note: previous definition is here
 1802 | #define STDC_HEADERS 1
      |         ^
6 warnings generated.
In file included from /home/user/dev/FreeCAD/src/Base/CrashReporter/Writer.cpp:56:
/home/user/dev/FreeCAD/build/clang-profile/config.h:12:9: warning: 'HAVE_DLFCN_H' macro redefined [-Wmacro-redefined]
   12 | #define HAVE_DLFCN_H
      |         ^
/nix/store/h3l4z7p6wny3phbckwwhy1i2g52pdnj4-python3-3.13.15/include/python3.13/pyconfig.h:304:9: note: previous definition is here
  304 | #define HAVE_DLFCN_H 1
      |         ^
In file included from /home/user/dev/FreeCAD/src/Base/CrashReporter/Writer.cpp:56:
/home/user/dev/FreeCAD/build/clang-profile/config.h:81:9: warning: 'HAVE_STDINT_H' macro redefined [-Wmacro-redefined]
   81 | #define HAVE_STDINT_H
      |         ^
/nix/store/h3l4z7p6wny3phbckwwhy1i2g52pdnj4-python3-3.13.15/include/python3.13/pyconfig.h:1275:9: note: previous definition is here
 1275 | #define HAVE_STDINT_H 1
      |         ^
In file included from /home/user/dev/FreeCAD/src/Base/CrashReporter/Writer.cpp:56:
/home/user/dev/FreeCAD/build/clang-profile/config.h:108:9: warning: 'HAVE_SYS_STAT_H' macro redefined [-Wmacro-redefined]
  108 | #define HAVE_SYS_STAT_H
      |         ^
/nix/store/h3l4z7p6wny3phbckwwhy1i2g52pdnj4-python3-3.13.15/include/python3.13/pyconfig.h:1445:9: note: previous definition is here
 1445 | #define HAVE_SYS_STAT_H 1
      |         ^
In file included from /home/user/dev/FreeCAD/src/Base/CrashReporter/Writer.cpp:56:
/home/user/dev/FreeCAD/build/clang-profile/config.h:111:9: warning: 'HAVE_SYS_TYPES_H' macro redefined [-Wmacro-redefined]
  111 | #define HAVE_SYS_TYPES_H
      |         ^
/nix/store/h3l4z7p6wny3phbckwwhy1i2g52pdnj4-python3-3.13.15/include/python3.13/pyconfig.h:1472:9: note: previous definition is here
 1472 | #define HAVE_SYS_TYPES_H 1
      |         ^
In file included from /home/user/dev/FreeCAD/src/Base/CrashReporter/Writer.cpp:56:
/home/user/dev/FreeCAD/build/clang-profile/config.h:114:9: warning: 'HAVE_UNISTD_H' macro redefined [-Wmacro-redefined]
  114 | #define HAVE_UNISTD_H
      |         ^
/nix/store/h3l4z7p6wny3phbckwwhy1i2g52pdnj4-python3-3.13.15/include/python3.13/pyconfig.h:1543:9: note: previous definition is here
 1543 | #define HAVE_UNISTD_H 1
      |         ^
In file included from /home/user/dev/FreeCAD/src/Base/CrashReporter/Writer.cpp:56:
/home/user/dev/FreeCAD/build/clang-profile/config.h:141:9: warning: 'STDC_HEADERS' macro redefined [-Wmacro-redefined]
  141 | #define STDC_HEADERS
      |         ^
/nix/store/h3l4z7p6wny3phbckwwhy1i2g52pdnj4-python3-3.13.15/include/python3.13/pyconfig.h:1802:9: note: previous definition is here
 1802 | #define STDC_HEADERS 1
      |         ^
6 warnings generated.
In file included from /home/user/dev/FreeCAD/src/3rdParty/zipios++/zipoutputstream.cpp:2:
In file included from /home/user/dev/FreeCAD/src/3rdParty/zipios++/zipios-config.h:56:
/home/user/dev/FreeCAD/build/clang-profile/config.h:12:9: warning: 'HAVE_DLFCN_H' macro redefined [-Wmacro-redefined]
   12 | #define HAVE_DLFCN_H
      |         ^
/nix/store/h3l4z7p6wny3phbckwwhy1i2g52pdnj4-python3-3.13.15/include/python3.13/pyconfig.h:304:9: note: previous definition is here
  304 | #define HAVE_DLFCN_H 1
      |         ^
In file included from /home/user/dev/FreeCAD/src/3rdParty/zipios++/zipoutputstream.cpp:2:
In file included from /home/user/dev/FreeCAD/src/3rdParty/zipios++/zipios-config.h:56:
/home/user/dev/FreeCAD/build/clang-profile/config.h:81:9: warning: 'HAVE_STDINT_H' macro redefined [-Wmacro-redefined]
   81 | #define HAVE_STDINT_H
      |         ^
/nix/store/h3l4z7p6wny3phbckwwhy1i2g52pdnj4-python3-3.13.15/include/python3.13/pyconfig.h:1275:9: note: previous definition is here
 1275 | #define HAVE_STDINT_H 1
      |         ^
In file included from /home/user/dev/FreeCAD/src/3rdParty/zipios++/zipoutputstream.cpp:2:
In file included from /home/user/dev/FreeCAD/src/3rdParty/zipios++/zipios-config.h:56:
/home/user/dev/FreeCAD/build/clang-profile/config.h:108:9: warning: 'HAVE_SYS_STAT_H' macro redefined [-Wmacro-redefined]
  108 | #define HAVE_SYS_STAT_H
      |         ^
/nix/store/h3l4z7p6wny3phbckwwhy1i2g52pdnj4-python3-3.13.15/include/python3.13/pyconfig.h:1445:9: note: previous definition is here
 1445 | #define HAVE_SYS_STAT_H 1
      |         ^
In file included from /home/user/dev/FreeCAD/src/3rdParty/zipios++/zipoutputstream.cpp:2:
In file included from /home/user/dev/FreeCAD/src/3rdParty/zipios++/zipios-config.h:56:
/home/user/dev/FreeCAD/build/clang-profile/config.h:111:9: warning: 'HAVE_SYS_TYPES_H' macro redefined [-Wmacro-redefined]
  111 | #define HAVE_SYS_TYPES_H
      |         ^
/nix/store/h3l4z7p6wny3phbckwwhy1i2g52pdnj4-python3-3.13.15/include/python3.13/pyconfig.h:1472:9: note: previous definition is here
 1472 | #define HAVE_SYS_TYPES_H 1
      |         ^
In file included from /home/user/dev/FreeCAD/src/3rdParty/zipios++/zipoutputstream.cpp:2:
In file included from /home/user/dev/FreeCAD/src/3rdParty/zipios++/zipios-config.h:56:
/home/user/dev/FreeCAD/build/clang-profile/config.h:114:9: warning: 'HAVE_UNISTD_H' macro redefined [-Wmacro-redefined]
  114 | #define HAVE_UNISTD_H
      |         ^
/nix/store/h3l4z7p6wny3phbckwwhy1i2g52pdnj4-python3-3.13.15/include/python3.13/pyconfig.h:1543:9: note: previous definition is here
 1543 | #define HAVE_UNISTD_H 1
      |         ^
In file included from /home/user/dev/FreeCAD/src/3rdParty/zipios++/zipoutputstream.cpp:2:
In file included from /home/user/dev/FreeCAD/src/3rdParty/zipios++/zipios-config.h:56:
/home/user/dev/FreeCAD/build/clang-profile/config.h:141:9: warning: 'STDC_HEADERS' macro redefined [-Wmacro-redefined]
  141 | #define STDC_HEADERS
      |         ^
/nix/store/h3l4z7p6wny3phbckwwhy1i2g52pdnj4-python3-3.13.15/include/python3.13/pyconfig.h:1802:9: note: previous definition is here
 1802 | #define STDC_HEADERS 1
      |         ^
6 warnings generated.
In file included from /home/user/dev/FreeCAD/src/3rdParty/zipios++/zipoutputstreambuf.cpp:2:
In file included from /home/user/dev/FreeCAD/src/3rdParty/zipios++/zipios-config.h:56:
/home/user/dev/FreeCAD/build/clang-profile/config.h:12:9: warning: 'HAVE_DLFCN_H' macro redefined [-Wmacro-redefined]
   12 | #define HAVE_DLFCN_H
      |         ^
/nix/store/h3l4z7p6wny3phbckwwhy1i2g52pdnj4-python3-3.13.15/include/python3.13/pyconfig.h:304:9: note: previous definition is here
  304 | #define HAVE_DLFCN_H 1
      |         ^
In file included from /home/user/dev/FreeCAD/src/3rdParty/zipios++/zipoutputstreambuf.cpp:2:
In file included from /home/user/dev/FreeCAD/src/3rdParty/zipios++/zipios-config.h:56:
/home/user/dev/FreeCAD/build/clang-profile/config.h:81:9: warning: 'HAVE_STDINT_H' macro redefined [-Wmacro-redefined]
   81 | #define HAVE_STDINT_H
      |         ^
/nix/store/h3l4z7p6wny3phbckwwhy1i2g52pdnj4-python3-3.13.15/include/python3.13/pyconfig.h:1275:9: note: previous definition is here
 1275 | #define HAVE_STDINT_H 1
      |         ^
In file included from /home/user/dev/FreeCAD/src/3rdParty/zipios++/zipoutputstreambuf.cpp:2:
In file included from /home/user/dev/FreeCAD/src/3rdParty/zipios++/zipios-config.h:56:
/home/user/dev/FreeCAD/build/clang-profile/config.h:108:9: warning: 'HAVE_SYS_STAT_H' macro redefined [-Wmacro-redefined]
  108 | #define HAVE_SYS_STAT_H
      |         ^
/nix/store/h3l4z7p6wny3phbckwwhy1i2g52pdnj4-python3-3.13.15/include/python3.13/pyconfig.h:1445:9: note: previous definition is here
 1445 | #define HAVE_SYS_STAT_H 1
      |         ^
In file included from /home/user/dev/FreeCAD/src/3rdParty/zipios++/zipoutputstreambuf.cpp:2:
In file included from /home/user/dev/FreeCAD/src/3rdParty/zipios++/zipios-config.h:56:
/home/user/dev/FreeCAD/build/clang-profile/config.h:111:9: warning: 'HAVE_SYS_TYPES_H' macro redefined [-Wmacro-redefined]
  111 | #define HAVE_SYS_TYPES_H
      |         ^
/nix/store/h3l4z7p6wny3phbckwwhy1i2g52pdnj4-python3-3.13.15/include/python3.13/pyconfig.h:1472:9: note: previous definition is here
 1472 | #define HAVE_SYS_TYPES_H 1
      |         ^
In file included from /home/user/dev/FreeCAD/src/3rdParty/zipios++/zipoutputstreambuf.cpp:2:
In file included from /home/user/dev/FreeCAD/src/3rdParty/zipios++/zipios-config.h:56:
/home/user/dev/FreeCAD/build/clang-profile/config.h:114:9: warning: 'HAVE_UNISTD_H' macro redefined [-Wmacro-redefined]
  114 | #define HAVE_UNISTD_H
      |         ^
/nix/store/h3l4z7p6wny3phbckwwhy1i2g52pdnj4-python3-3.13.15/include/python3.13/pyconfig.h:1543:9: note: previous definition is here
 1543 | #define HAVE_UNISTD_H 1
      |         ^
In file included from /home/user/dev/FreeCAD/src/3rdParty/zipios++/zipoutputstreambuf.cpp:2:
In file included from /home/user/dev/FreeCAD/src/3rdParty/zipios++/zipios-config.h:56:
/home/user/dev/FreeCAD/build/clang-profile/config.h:141:9: warning: 'STDC_HEADERS' macro redefined [-Wmacro-redefined]
  141 | #define STDC_HEADERS
      |         ^
/nix/store/h3l4z7p6wny3phbckwwhy1i2g52pdnj4-python3-3.13.15/include/python3.13/pyconfig.h:1802:9: note: previous definition is here
 1802 | #define STDC_HEADERS 1
      |         ^
6 warnings generated.
/home/user/dev/FreeCAD/src/3rdParty/coin/src/base/SbBox3f.cpp:460:23: warning: unused parameter 'fp' [-Wunused-parameter]
  460 | SbBox3f::print(FILE * fp) const
      |                       ^
1 warning generated.
/home/user/dev/FreeCAD/src/3rdParty/coin/src/base/SbBox3d.cpp:460:23: warning: unused parameter 'fp' [-Wunused-parameter]
  460 | SbBox3d::print(FILE * fp) const
      |                       ^
1 warning generated.
In file included from /home/user/dev/FreeCAD/src/3rdParty/coin/src/base/SbDict.cpp:83:
In file included from /home/user/dev/FreeCAD/src/3rdParty/coin/src/SbBasicP.h:119:
In file included from /home/user/dev/FreeCAD/src/3rdParty/coin/src/coindefs.h:47:
/home/user/dev/FreeCAD/build/clang-profile/src/3rdParty/coin/src/config.h:137:9: warning: 'HAVE_FREETYPE' macro redefined [-Wmacro-redefined]
  137 | #define HAVE_FREETYPE
      |         ^
<command line>:9:9: note: previous definition is here
    9 | #define HAVE_FREETYPE 1
      |         ^
1 warning generated.
/home/user/dev/FreeCAD/src/3rdParty/coin/src/base/SbDPLine.cpp:359:24: warning: unused parameter 'fp' [-Wunused-parameter]
  359 | SbDPLine::print(FILE * fp) const
      |                        ^
1 warning generated.
/home/user/dev/FreeCAD/src/3rdParty/coin/src/base/SbDPPlane.cpp:373:25: warning: unused parameter 'fp' [-Wunused-parameter]
  373 | SbDPPlane::print(FILE * fp) const
      |                         ^
1 warning generated.
/home/user/dev/FreeCAD/src/3rdParty/coin/src/base/SbCylinder.cpp:265:26: warning: unused parameter 'fp' [-Wunused-parameter]
  265 | SbCylinder::print(FILE * fp) const
      |                          ^
1 warning generated.
/home/user/dev/FreeCAD/src/3rdParty/coin/src/base/SbDPRotation.cpp:636:28: warning: unused parameter 'fp' [-Wunused-parameter]
  636 | SbDPRotation::print(FILE * fp) const
      |                            ^
1 warning generated.
In file included from /home/user/dev/FreeCAD/src/3rdParty/coin/src/base/SbDPMatrix.cpp:72:
In file included from /home/user/dev/FreeCAD/src/3rdParty/coin/src/coindefs.h:47:
/home/user/dev/FreeCAD/build/clang-profile/src/3rdParty/coin/src/config.h:137:9: warning: 'HAVE_FREETYPE' macro redefined [-Wmacro-redefined]
  137 | #define HAVE_FREETYPE
      |         ^
<command line>:9:9: note: previous definition is here
    9 | #define HAVE_FREETYPE 1
      |         ^
1 warning generated.
In file included from /home/user/dev/FreeCAD/src/3rdParty/coin/src/base/SbName.cpp:76:
In file included from /home/user/dev/FreeCAD/src/3rdParty/coin/src/coindefs.h:47:
/home/user/dev/FreeCAD/build/clang-profile/src/3rdParty/coin/src/config.h:137:9: warning: 'HAVE_FREETYPE' macro redefined [-Wmacro-redefined]
  137 | #define HAVE_FREETYPE
      |         ^
<command line>:9:9: note: previous definition is here
    9 | #define HAVE_FREETYPE 1
      |         ^
1 warning generated.
/home/user/dev/FreeCAD/src/3rdParty/coin/src/base/SbLine.cpp:412:22: warning: unused parameter 'fp' [-Wunused-parameter]
  412 | SbLine::print(FILE * fp) const
      |                      ^
1 warning generated.
In file included from /home/user/dev/FreeCAD/src/3rdParty/coin/src/base/SbImage.cpp:77:
/home/user/dev/FreeCAD/build/clang-profile/src/3rdParty/coin/src/config.h:137:9: warning: 'HAVE_FREETYPE' macro redefined [-Wmacro-redefined]
  137 | #define HAVE_FREETYPE
      |         ^
<command line>:9:9: note: previous definition is here
    9 | #define HAVE_FREETYPE 1
      |         ^
1 warning generated.
In file included from /home/user/dev/FreeCAD/src/3rdParty/coin/src/base/SbString.cpp:54:
In file included from /home/user/dev/FreeCAD/src/3rdParty/coin/src/coindefs.h:47:
/home/user/dev/FreeCAD/build/clang-profile/src/3rdParty/coin/src/config.h:137:9: warning: 'HAVE_FREETYPE' macro redefined [-Wmacro-redefined]
  137 | #define HAVE_FREETYPE
      |         ^
<command line>:9:9: note: previous definition is here
    9 | #define HAVE_FREETYPE 1
      |         ^
/home/user/dev/FreeCAD/src/3rdParty/coin/src/base/SbString.cpp:217:29: warning: unused parameter 'fp' [-Wunused-parameter]
  217 | SbString::print(std::FILE * fp) const
      |                             ^
2 warnings generated.
In file included from /home/user/dev/FreeCAD/src/3rdParty/coin/src/base/SbMatrix.cpp:135:
In file included from /home/user/dev/FreeCAD/src/3rdParty/coin/src/coindefs.h:47:
/home/user/dev/FreeCAD/build/clang-profile/src/3rdParty/coin/src/config.h:137:9: warning: 'HAVE_FREETYPE' macro redefined [-Wmacro-redefined]
  137 | #define HAVE_FREETYPE
      |         ^
<command line>:9:9: note: previous definition is here
    9 | #define HAVE_FREETYPE 1
      |         ^
1 warning generated.
/home/user/dev/FreeCAD/src/3rdParty/coin/src/base/SbPlane.cpp:378:23: warning: unused parameter 'fp' [-Wunused-parameter]
  378 | SbPlane::print(FILE * fp) const
      |                       ^
1 warning generated.
/home/user/dev/FreeCAD/src/3rdParty/coin/src/base/SbRotation.cpp:733:26: warning: unused parameter 'fp' [-Wunused-parameter]
  733 | SbRotation::print(FILE * fp) const
      |                          ^
1 warning generated.
/home/user/dev/FreeCAD/src/3rdParty/coin/src/base/SbSphere.cpp:230:24: warning: unused parameter 'fp' [-Wunused-parameter]
  230 | SbSphere::print(FILE * fp) const
      |                        ^
1 warning generated.
In file included from /home/user/dev/FreeCAD/src/3rdParty/coin/src/base/SbTime.cpp:55:
/home/user/dev/FreeCAD/build/clang-profile/src/3rdParty/coin/src/config.h:137:9: warning: 'HAVE_FREETYPE' macro redefined [-Wmacro-redefined]
  137 | #define HAVE_FREETYPE
      |         ^
<command line>:9:9: note: previous definition is here
    9 | #define HAVE_FREETYPE 1
      |         ^
/home/user/dev/FreeCAD/src/3rdParty/coin/src/base/SbTime.cpp:1069:22: warning: unused parameter 'fp' [-Wunused-parameter]
 1069 | SbTime::print(FILE * fp) const
      |                      ^
2 warnings generated.
/home/user/dev/FreeCAD/src/3rdParty/coin/src/base/SbVec2s.cpp:419:23: warning: unused parameter 'fp' [-Wunused-parameter]
  419 | SbVec2s::print(FILE * fp) const
      |                       ^
1 warning generated.
/home/user/dev/FreeCAD/src/3rdParty/coin/src/base/SbVec2i32.cpp:378:25: warning: unused parameter 'fp' [-Wunused-parameter]
  378 | SbVec2i32::print(FILE * fp) const
      |                         ^
1 warning generated.
In file included from /home/user/dev/FreeCAD/src/3rdParty/coin/src/base/SbGLUTessellator.cpp:33:
In file included from /home/user/dev/FreeCAD/src/3rdParty/coin/src/base/SbGLUTessellator.h:45:
In file included from /home/user/dev/FreeCAD/src/3rdParty/coin/src/glue/GLUWrapper.h:41:
/home/user/dev/FreeCAD/build/clang-profile/src/3rdParty/coin/src/config.h:137:9: warning: 'HAVE_FREETYPE' macro redefined [-Wmacro-redefined]
  137 | #define HAVE_FREETYPE
      |         ^
<command line>:9:9: note: previous definition is here
    9 | #define HAVE_FREETYPE 1
      |         ^
1 warning generated.
/home/user/dev/FreeCAD/src/3rdParty/coin/src/base/SbVec2f.cpp:418:23: warning: unused parameter 'fp' [-Wunused-parameter]
  418 | SbVec2f::print(FILE * fp) const
      |                       ^
1 warning generated.
/home/user/dev/FreeCAD/src/3rdParty/coin/src/base/SbVec2d.cpp:393:23: warning: unused parameter 'fp' [-Wunused-parameter]
  393 | SbVec2d::print(FILE * fp) const
      |                       ^
1 warning generated.
/home/user/dev/FreeCAD/src/3rdParty/coin/src/base/SbVec3s.cpp:427:23: warning: unused parameter 'fp' [-Wunused-parameter]
  427 | SbVec3s::print(FILE * fp) const
      |                       ^
1 warning generated.
/home/user/dev/FreeCAD/src/3rdParty/coin/src/base/SbVec3f.cpp:619:23: warning: unused parameter 'fp' [-Wunused-parameter]
  619 | SbVec3f::print(FILE * fp) const
      |                       ^
1 warning generated.
/home/user/dev/FreeCAD/src/3rdParty/coin/src/base/SbVec3d.cpp:556:23: warning: unused parameter 'fp' [-Wunused-parameter]
  556 | SbVec3d::print(FILE * fp) const
      |                       ^
1 warning generated.
/home/user/dev/FreeCAD/src/3rdParty/coin/src/base/SbVec4d.cpp:407:23: warning: unused parameter 'fp' [-Wunused-parameter]
  407 | SbVec4d::print(FILE * fp) const
      |                       ^
1 warning generated.
In file included from /home/user/dev/FreeCAD/src/3rdParty/coin/src/base/SbViewportRegion.cpp:134:
/home/user/dev/FreeCAD/src/3rdParty/coin/include/Inventor/SbViewportRegion.h:45:3: warning: definition of implicit copy assignment operator for 'SbViewportRegion' is deprecated because it has a user-provided copy constructor [-Wdeprecated-copy-with-user-provided-copy]
   45 |   SbViewportRegion(const SbViewportRegion & vpReg);
      |   ^
/home/user/dev/FreeCAD/src/3rdParty/coin/src/base/SbViewportRegion.cpp:211:9: note: in implicit copy assignment operator for 'SbViewportRegion' first required here
  211 |   *this = vpReg;
      |         ^
/home/user/dev/FreeCAD/src/3rdParty/coin/src/base/SbViewportRegion.cpp:594:32: warning: unused parameter 'fp' [-Wunused-parameter]
  594 | SbViewportRegion::print(FILE * fp) const
      |                                ^
2 warnings generated.
/home/user/dev/FreeCAD/src/3rdParty/coin/src/base/SbVec4f.cpp:416:23: warning: unused parameter 'fp' [-Wunused-parameter]
  416 | SbVec4f::print(FILE * fp) const
      |                       ^
1 warning generated.
In file included from /home/user/dev/FreeCAD/src/3rdParty/coin/src/bundles/SoVertexAttributeBundle.cpp:44:
In file included from /home/user/dev/FreeCAD/src/3rdParty/coin/src/SbBasicP.h:119:
In file included from /home/user/dev/FreeCAD/src/3rdParty/coin/src/coindefs.h:47:
/home/user/dev/FreeCAD/build/clang-profile/src/3rdParty/coin/src/config.h:137:9: warning: 'HAVE_FREETYPE' macro redefined [-Wmacro-redefined]
  137 | #define HAVE_FREETYPE
      |         ^
<command line>:9:9: note: previous definition is here
    9 | #define HAVE_FREETYPE 1
      |         ^
1 warning generated.
In file included from /home/user/dev/FreeCAD/src/3rdParty/coin/src/base/SbViewVolume.cpp:75:
In file included from /home/user/dev/FreeCAD/src/3rdParty/coin/src/coindefs.h:47:
/home/user/dev/FreeCAD/build/clang-profile/src/3rdParty/coin/src/config.h:137:9: warning: 'HAVE_FREETYPE' macro redefined [-Wmacro-redefined]
  137 | #define HAVE_FREETYPE
      |         ^
<command line>:9:9: note: previous definition is here
    9 | #define HAVE_FREETYPE 1
      |         ^
/home/user/dev/FreeCAD/src/3rdParty/coin/src/base/SbViewVolume.cpp:677:28: warning: unused parameter 'fp' [-Wunused-parameter]
  677 | SbViewVolume::print(FILE * fp) const
      |                            ^
2 warnings generated.
In file included from /home/user/dev/FreeCAD/src/3rdParty/coin/src/base/SbDPViewVolume.cpp:65:
In file included from /home/user/dev/FreeCAD/src/3rdParty/coin/src/coindefs.h:47:
/home/user/dev/FreeCAD/build/clang-profile/src/3rdParty/coin/src/config.h:137:9: warning: 'HAVE_FREETYPE' macro redefined [-Wmacro-redefined]
  137 | #define HAVE_FREETYPE
      |         ^
<command line>:9:9: note: previous definition is here
    9 | #define HAVE_FREETYPE 1
      |         ^
/home/user/dev/FreeCAD/src/3rdParty/coin/src/base/SbDPViewVolume.cpp:621:12: warning: unused variable 'result' [-Wunused-variable]
  621 |     SbBool result = p.intersect(tl, tangentpt);
      |            ^~~~~~
/home/user/dev/FreeCAD/src/3rdParty/coin/src/base/SbDPViewVolume.cpp:1162:30: warning: unused parameter 'fp' [-Wunused-parameter]
 1162 | SbDPViewVolume::print(FILE * fp) const
      |                              ^
3 warnings generated.
/home/user/dev/FreeCAD/src/3rdParty/coin/src/base/SbXfBox3f.cpp:761:25: warning: unused parameter 'fp' [-Wunused-parameter]
  761 | SbXfBox3f::print(FILE * fp) const
      |                         ^
1 warning generated.
In file included from /home/user/dev/FreeCAD/src/3rdParty/coin/src/bundles/SoMaterialBundle.cpp:49:
/home/user/dev/FreeCAD/build/clang-profile/src/3rdParty/coin/src/config.h:137:9: warning: 'HAVE_FREETYPE' macro redefined [-Wmacro-redefined]
  137 | #define HAVE_FREETYPE
      |         ^
<command line>:9:9: note: previous definition is here
    9 | #define HAVE_FREETYPE 1
      |         ^
1 warning generated.
In file included from /home/user/dev/FreeCAD/src/3rdParty/coin/src/bundles/SoNormalBundle.cpp:49:
In file included from /home/user/dev/FreeCAD/src/3rdParty/coin/src/SbBasicP.h:119:
In file included from /home/user/dev/FreeCAD/src/3rdParty/coin/src/coindefs.h:47:
/home/user/dev/FreeCAD/build/clang-profile/src/3rdParty/coin/src/config.h:137:9: warning: 'HAVE_FREETYPE' macro redefined [-Wmacro-redefined]
  137 | #define HAVE_FREETYPE
      |         ^
<command line>:9:9: note: previous definition is here
    9 | #define HAVE_FREETYPE 1
      |         ^
/home/user/dev/FreeCAD/src/3rdParty/coin/src/bundles/SoNormalBundle.cpp:155:30: warning: unused parameter 'startindex' [-Wunused-parameter]
  155 | SoNormalBundle::generate(int startindex, SbBool addtostate)
      |                              ^
In file included from /home/user/dev/FreeCAD/src/3rdParty/coin/src/bundles/SoNormalBundle.cpp:43:
/home/user/dev/FreeCAD/src/3rdParty/coin/include/Inventor/bundles/SoNormalBundle.h:70:21: warning: private field 'pimpl' is not used [-Wunused-private-field]
   70 |   SoNormalBundleP * pimpl; // for future use
      |                     ^
3 warnings generated.
In file included from /home/user/dev/FreeCAD/src/3rdParty/coin/src/caches/SoCache.cpp:129:
In file included from /home/user/dev/FreeCAD/src/3rdParty/coin/src/coindefs.h:47:
/home/user/dev/FreeCAD/build/clang-profile/src/3rdParty/coin/src/config.h:137:9: warning: 'HAVE_FREETYPE' macro redefined [-Wmacro-redefined]
  137 | #define HAVE_FREETYPE
      |         ^
<command line>:9:9: note: previous definition is here
    9 | #define HAVE_FREETYPE 1
      |         ^
1 warning generated.
In file included from /home/user/dev/FreeCAD/src/3rdParty/coin/src/bundles/SoTextureCoordinateBundle.cpp:61:
/home/user/dev/FreeCAD/build/clang-profile/src/3rdParty/coin/src/config.h:137:9: warning: 'HAVE_FREETYPE' macro redefined [-Wmacro-redefined]
  137 | #define HAVE_FREETYPE
      |         ^
<command line>:9:9: note: previous definition is here
    9 | #define HAVE_FREETYPE 1
      |         ^
1 warning generated.
In file included from /home/user/dev/FreeCAD/src/3rdParty/coin/src/caches/SoConvexDataCache.cpp:60:
In file included from /home/user/dev/FreeCAD/src/3rdParty/coin/src/base/SbGLUTessellator.h:45:
In file included from /home/user/dev/FreeCAD/src/3rdParty/coin/src/glue/GLUWrapper.h:41:
/home/user/dev/FreeCAD/build/clang-profile/src/3rdParty/coin/src/config.h:137:9: warning: 'HAVE_FREETYPE' macro redefined [-Wmacro-redefined]
  137 | #define HAVE_FREETYPE
      |         ^
<command line>:9:9: note: previous definition is here
    9 | #define HAVE_FREETYPE 1
      |         ^
1 warning generated.
In file included from /home/user/dev/FreeCAD/src/3rdParty/coin/src/caches/SoGLCacheList.cpp:43:
/home/user/dev/FreeCAD/build/clang-profile/src/3rdParty/coin/src/config.h:137:9: warning: 'HAVE_FREETYPE' macro redefined [-Wmacro-redefined]
  137 | #define HAVE_FREETYPE
      |         ^
<command line>:9:9: note: previous definition is here
    9 | #define HAVE_FREETYPE 1
      |         ^
1 warning generated.
In file included from /home/user/dev/FreeCAD/src/3rdParty/coin/src/details/SoDetail.cpp:49:
/home/user/dev/FreeCAD/build/clang-profile/src/3rdParty/coin/src/config.h:137:9: warning: 'HAVE_FREETYPE' macro redefined [-Wmacro-redefined]
  137 | #define HAVE_FREETYPE
      |         ^
<command line>:9:9: note: previous definition is here
    9 | #define HAVE_FREETYPE 1
      |         ^
1 warning generated.
In file included from /home/user/dev/FreeCAD/src/3rdParty/coin/src/caches/SoVBOCache.cpp:41:
In file included from /home/user/dev/FreeCAD/src/3rdParty/coin/src/rendering/SoVBO.h:43:
In file included from /home/user/dev/FreeCAD/src/3rdParty/coin/src/misc/SbHash.h:59:
In file included from /home/user/dev/FreeCAD/src/3rdParty/coin/src/coindefs.h:47:
/home/user/dev/FreeCAD/build/clang-profile/src/3rdParty/coin/src/config.h:137:9: warning: 'HAVE_FREETYPE' macro redefined [-Wmacro-redefined]
  137 | #define HAVE_FREETYPE
      |         ^
<command line>:9:9: note: previous definition is here
    9 | #define HAVE_FREETYPE 1
      |         ^
1 warning generated.
/home/user/dev/FreeCAD/src/3rdParty/coin/src/caches/SoNormalCache.cpp:467:19: warning: unused variable 'cstart' [-Wunused-variable]
  467 |   const int32_t * cstart = cind;
      |                   ^~~~~~
/home/user/dev/FreeCAD/src/3rdParty/coin/src/caches/SoNormalCache.cpp:622:19: warning: unused variable 'cstart' [-Wunused-variable]
  622 |   const int32_t * cstart = cind;
      |                   ^~~~~~
/home/user/dev/FreeCAD/src/3rdParty/coin/src/caches/SoNormalCache.cpp:781:19: warning: unused variable 'cstart' [-Wunused-variable]
  781 |   const int32_t * cstart = cind;
      |                   ^~~~~~
3 warnings generated.
In file included from /home/user/dev/FreeCAD/src/3rdParty/coin/src/caches/SoPrimitiveVertexCache.cpp:80:
In file included from /home/user/dev/FreeCAD/src/3rdParty/coin/src/misc/SbHash.h:59:
In file included from /home/user/dev/FreeCAD/src/3rdParty/coin/src/coindefs.h:47:
/home/user/dev/FreeCAD/build/clang-profile/src/3rdParty/coin/src/config.h:137:9: warning: 'HAVE_FREETYPE' macro redefined [-Wmacro-redefined]
  137 | #define HAVE_FREETYPE
      |         ^
<command line>:9:9: note: previous definition is here
    9 | #define HAVE_FREETYPE 1
      |         ^
1 warning generated.
In file included from /home/user/dev/FreeCAD/src/3rdParty/coin/src/details/SoNodeKitDetail.cpp:34:
/home/user/dev/FreeCAD/build/clang-profile/src/3rdParty/coin/src/config.h:137:9: warning: 'HAVE_FREETYPE' macro redefined [-Wmacro-redefined]
  137 | #define HAVE_FREETYPE
      |         ^
<command line>:9:9: note: previous definition is here
    9 | #define HAVE_FREETYPE 1
      |         ^
1 warning generated.
In file included from /home/user/dev/FreeCAD/src/3rdParty/coin/src/draggers/SoDirectionalLightDragger.cpp:34:
/home/user/dev/FreeCAD/build/clang-profile/src/3rdParty/coin/src/config.h:137:9: warning: 'HAVE_FREETYPE' macro redefined [-Wmacro-redefined]
  137 | #define HAVE_FREETYPE
      |         ^
<command line>:9:9: note: previous definition is here
    9 | #define HAVE_FREETYPE 1
      |         ^
/home/user/dev/FreeCAD/src/3rdParty/coin/src/draggers/SoDirectionalLightDragger.cpp:202:14: warning: unused variable 'pdragger' [-Wunused-variable]
  202 |   SoDragger *pdragger = SO_GET_ANY_PART(this, "translator", SoDragPointDragger);
      |              ^~~~~~~~
/home/user/dev/FreeCAD/src/3rdParty/coin/src/draggers/SoDirectionalLightDragger.cpp:204:14: warning: unused variable 'sdragger' [-Wunused-variable]
  204 |   SoDragger *sdragger = SO_GET_ANY_PART(this, "rotator", SoDragPointDragger);
      |              ^~~~~~~~
3 warnings generated.
In file included from /home/user/dev/FreeCAD/src/3rdParty/coin/src/draggers/SoDragger.cpp:34:
/home/user/dev/FreeCAD/build/clang-profile/src/3rdParty/coin/src/config.h:137:9: warning: 'HAVE_FREETYPE' macro redefined [-Wmacro-redefined]
  137 | #define HAVE_FREETYPE
      |         ^
<command line>:9:9: note: previous definition is here
    9 | #define HAVE_FREETYPE 1
      |         ^
In file included from /home/user/dev/FreeCAD/src/3rdParty/coin/src/draggers/SoDragger.cpp:206:
In file included from /home/user/dev/FreeCAD/src/3rdParty/coin/include/Inventor/draggers/SoDragger.h:44:
/home/user/dev/FreeCAD/src/3rdParty/coin/include/Inventor/SbViewportRegion.h:45:3: warning: definition of implicit copy assignment operator for 'SbViewportRegion' is deprecated because it has a user-provided copy constructor [-Wdeprecated-copy-with-user-provided-copy]
   45 |   SbViewportRegion(const SbViewportRegion & vpReg);
      |   ^
/home/user/dev/FreeCAD/src/3rdParty/coin/src/draggers/SoDragger.cpp:1153:27: note: in implicit copy assignment operator for 'SbViewportRegion' first required here
 1153 |   PRIVATE(this)->viewport = vp;
      |                           ^
2 warnings generated.
In file included from /home/user/dev/FreeCAD/src/3rdParty/coin/src/draggers/SoCenterballDragger.cpp:34:
/home/user/dev/FreeCAD/build/clang-profile/src/3rdParty/coin/src/config.h:137:9: warning: 'HAVE_FREETYPE' macro redefined [-Wmacro-redefined]
  137 | #define HAVE_FREETYPE
      |         ^
<command line>:9:9: note: previous definition is here
    9 | #define HAVE_FREETYPE 1
      |         ^
1 warning generated.
In file included from /home/user/dev/FreeCAD/src/3rdParty/coin/src/draggers/SoRotateCylindricalDragger.cpp:34:
/home/user/dev/FreeCAD/build/clang-profile/src/3rdParty/coin/src/config.h:137:9: warning: 'HAVE_FREETYPE' macro redefined [-Wmacro-redefined]
  137 | #define HAVE_FREETYPE
      |         ^
<command line>:9:9: note: previous definition is here
    9 | #define HAVE_FREETYPE 1
      |         ^
1 warning generated.
In file included from /home/user/dev/FreeCAD/src/3rdParty/coin/src/draggers/SoJackDragger.cpp:34:
/home/user/dev/FreeCAD/build/clang-profile/src/3rdParty/coin/src/config.h:137:9: warning: 'HAVE_FREETYPE' macro redefined [-Wmacro-redefined]
  137 | #define HAVE_FREETYPE
      |         ^
<command line>:9:9: note: previous definition is here
    9 | #define HAVE_FREETYPE 1
      |         ^
1 warning generated.
In file included from /home/user/dev/FreeCAD/src/3rdParty/coin/src/draggers/SoPointLightDragger.cpp:34:
/home/user/dev/FreeCAD/build/clang-profile/src/3rdParty/coin/src/config.h:137:9: warning: 'HAVE_FREETYPE' macro redefined [-Wmacro-redefined]
  137 | #define HAVE_FREETYPE
      |         ^
<command line>:9:9: note: previous definition is here
    9 | #define HAVE_FREETYPE 1
      |         ^
/home/user/dev/FreeCAD/src/3rdParty/coin/src/draggers/SoPointLightDragger.cpp:157:14: warning: unused variable 'pdragger' [-Wunused-variable]
  157 |   SoDragger *pdragger = SO_GET_ANY_PART(this, "translator", SoDragPointDragger);
      |              ^~~~~~~~
2 warnings generated.
In file included from /home/user/dev/FreeCAD/src/3rdParty/coin/src/draggers/SoDragPointDragger.cpp:34:
/home/user/dev/FreeCAD/build/clang-profile/src/3rdParty/coin/src/config.h:137:9: warning: 'HAVE_FREETYPE' macro redefined [-Wmacro-redefined]
  137 | #define HAVE_FREETYPE
      |         ^
<command line>:9:9: note: previous definition is here
    9 | #define HAVE_FREETYPE 1
      |         ^
1 warning generated.
In file included from /home/user/dev/FreeCAD/src/3rdParty/coin/src/draggers/SoHandleBoxDragger.cpp:34:
/home/user/dev/FreeCAD/build/clang-profile/src/3rdParty/coin/src/config.h:137:9: warning: 'HAVE_FREETYPE' macro redefined [-Wmacro-redefined]
  137 | #define HAVE_FREETYPE
      |         ^
<command line>:9:9: note: previous definition is here
    9 | #define HAVE_FREETYPE 1
      |         ^
1 warning generated.
In file included from /home/user/dev/FreeCAD/src/3rdParty/coin/src/draggers/SoRotateDiscDragger.cpp:34:
/home/user/dev/FreeCAD/build/clang-profile/src/3rdParty/coin/src/config.h:137:9: warning: 'HAVE_FREETYPE' macro redefined [-Wmacro-redefined]
  137 | #define HAVE_FREETYPE
      |         ^
<command line>:9:9: note: previous definition is here
    9 | #define HAVE_FREETYPE 1
      |         ^
1 warning generated.
In file included from /home/user/dev/FreeCAD/src/3rdParty/coin/src/draggers/SoScale1Dragger.cpp:34:
/home/user/dev/FreeCAD/build/clang-profile/src/3rdParty/coin/src/config.h:137:9: warning: 'HAVE_FREETYPE' macro redefined [-Wmacro-redefined]
  137 | #define HAVE_FREETYPE
      |         ^
<command line>:9:9: note: previous definition is here
    9 | #define HAVE_FREETYPE 1
      |         ^
1 warning generated.
In file included from /home/user/dev/FreeCAD/src/3rdParty/coin/src/draggers/SoRotateSphericalDragger.cpp:34:
/home/user/dev/FreeCAD/build/clang-profile/src/3rdParty/coin/src/config.h:137:9: warning: 'HAVE_FREETYPE' macro redefined [-Wmacro-redefined]
  137 | #define HAVE_FREETYPE
      |         ^
<command line>:9:9: note: previous definition is here
    9 | #define HAVE_FREETYPE 1
      |         ^
1 warning generated.
In file included from /home/user/dev/FreeCAD/src/3rdParty/coin/src/draggers/SoScale2Dragger.cpp:34:
/home/user/dev/FreeCAD/build/clang-profile/src/3rdParty/coin/src/config.h:137:9: warning: 'HAVE_FREETYPE' macro redefined [-Wmacro-redefined]
  137 | #define HAVE_FREETYPE
      |         ^
<command line>:9:9: note: previous definition is here
    9 | #define HAVE_FREETYPE 1
      |         ^
1 warning generated.
In file included from /home/user/dev/FreeCAD/src/3rdParty/coin/src/draggers/SoScale2UniformDragger.cpp:34:
/home/user/dev/FreeCAD/build/clang-profile/src/3rdParty/coin/src/config.h:137:9: warning: 'HAVE_FREETYPE' macro redefined [-Wmacro-redefined]
  137 | #define HAVE_FREETYPE
      |         ^
<command line>:9:9: note: previous definition is here
    9 | #define HAVE_FREETYPE 1
      |         ^
1 warning generated.
In file included from /home/user/dev/FreeCAD/src/3rdParty/coin/src/draggers/SoScaleUniformDragger.cpp:34:
/home/user/dev/FreeCAD/build/clang-profile/src/3rdParty/coin/src/config.h:137:9: warning: 'HAVE_FREETYPE' macro redefined [-Wmacro-redefined]
  137 | #define HAVE_FREETYPE
      |         ^
<command line>:9:9: note: previous definition is here
    9 | #define HAVE_FREETYPE 1
      |         ^
1 warning generated.
In file included from /home/user/dev/FreeCAD/src/3rdParty/coin/src/draggers/SoSpotLightDragger.cpp:34:
/home/user/dev/FreeCAD/build/clang-profile/src/3rdParty/coin/src/config.h:137:9: warning: 'HAVE_FREETYPE' macro redefined [-Wmacro-redefined]
  137 | #define HAVE_FREETYPE
      |         ^
<command line>:9:9: note: previous definition is here
    9 | #define HAVE_FREETYPE 1
      |         ^
/home/user/dev/FreeCAD/src/3rdParty/coin/src/draggers/SoSpotLightDragger.cpp:234:14: warning: unused variable 'pdragger' [-Wunused-variable]
  234 |   SoDragger *pdragger = SO_GET_ANY_PART(this, "translator", SoDragPointDragger);
      |              ^~~~~~~~
/home/user/dev/FreeCAD/src/3rdParty/coin/src/draggers/SoSpotLightDragger.cpp:236:14: warning: unused variable 'sdragger' [-Wunused-variable]
  236 |   SoDragger *sdragger = SO_GET_ANY_PART(this, "rotator", SoDragPointDragger);
      |              ^~~~~~~~
3 warnings generated.
In file included from /home/user/dev/FreeCAD/src/3rdParty/coin/src/draggers/SoTabBoxDragger.cpp:34:
/home/user/dev/FreeCAD/build/clang-profile/src/3rdParty/coin/src/config.h:137:9: warning: 'HAVE_FREETYPE' macro redefined [-Wmacro-redefined]
  137 | #define HAVE_FREETYPE
      |         ^
<command line>:9:9: note: previous definition is here
    9 | #define HAVE_FREETYPE 1
      |         ^
1 warning generated.
In file included from /home/user/dev/FreeCAD/src/3rdParty/coin/src/elements/SoAccumulatedElement.cpp:53:
In file included from /home/user/dev/FreeCAD/src/3rdParty/coin/src/SbBasicP.h:119:
In file included from /home/user/dev/FreeCAD/src/3rdParty/coin/src/coindefs.h:47:
/home/user/dev/FreeCAD/build/clang-profile/src/3rdParty/coin/src/config.h:137:9: warning: 'HAVE_FREETYPE' macro redefined [-Wmacro-redefined]
  137 | #define HAVE_FREETYPE
      |         ^
<command line>:9:9: note: previous definition is here
    9 | #define HAVE_FREETYPE 1
      |         ^
1 warning generated.
In file included from /home/user/dev/FreeCAD/src/3rdParty/coin/src/draggers/SoTranslate1Dragger.cpp:34:
/home/user/dev/FreeCAD/build/clang-profile/src/3rdParty/coin/src/config.h:137:9: warning: 'HAVE_FREETYPE' macro redefined [-Wmacro-redefined]
  137 | #define HAVE_FREETYPE
      |         ^
<command line>:9:9: note: previous definition is here
    9 | #define HAVE_FREETYPE 1
      |         ^
1 warning generated.
In file included from /home/user/dev/FreeCAD/src/3rdParty/coin/src/draggers/SoTranslate2Dragger.cpp:34:
/home/user/dev/FreeCAD/build/clang-profile/src/3rdParty/coin/src/config.h:137:9: warning: 'HAVE_FREETYPE' macro redefined [-Wmacro-redefined]
  137 | #define HAVE_FREETYPE
      |         ^
<command line>:9:9: note: previous definition is here
    9 | #define HAVE_FREETYPE 1
      |         ^
1 warning generated.
In file included from /home/user/dev/FreeCAD/src/3rdParty/coin/src/draggers/SoTrackballDragger.cpp:34:
/home/user/dev/FreeCAD/build/clang-profile/src/3rdParty/coin/src/config.h:137:9: warning: 'HAVE_FREETYPE' macro redefined [-Wmacro-redefined]
  137 | #define HAVE_FREETYPE
      |         ^
<command line>:9:9: note: previous definition is here
    9 | #define HAVE_FREETYPE 1
      |         ^
1 warning generated.
In file included from /home/user/dev/FreeCAD/src/3rdParty/coin/src/draggers/SoTabPlaneDragger.cpp:34:
/home/user/dev/FreeCAD/build/clang-profile/src/3rdParty/coin/src/config.h:137:9: warning: 'HAVE_FREETYPE' macro redefined [-Wmacro-redefined]
  137 | #define HAVE_FREETYPE
      |         ^
<command line>:9:9: note: previous definition is here
    9 | #define HAVE_FREETYPE 1
      |         ^
1 warning generated.
In file included from /home/user/dev/FreeCAD/src/3rdParty/coin/src/draggers/SoTransformBoxDragger.cpp:34:
/home/user/dev/FreeCAD/build/clang-profile/src/3rdParty/coin/src/config.h:137:9: warning: 'HAVE_FREETYPE' macro redefined [-Wmacro-redefined]
  137 | #define HAVE_FREETYPE
      |         ^
<command line>:9:9: note: previous definition is here
    9 | #define HAVE_FREETYPE 1
      |         ^
1 warning generated.
In file included from /home/user/dev/FreeCAD/src/3rdParty/coin/src/elements/SoBumpMapCoordinateElement.cpp:50:
In file included from /home/user/dev/FreeCAD/src/3rdParty/coin/src/SbBasicP.h:119:
In file included from /home/user/dev/FreeCAD/src/3rdParty/coin/src/coindefs.h:47:
/home/user/dev/FreeCAD/build/clang-profile/src/3rdParty/coin/src/config.h:137:9: warning: 'HAVE_FREETYPE' macro redefined [-Wmacro-redefined]
  137 | #define HAVE_FREETYPE
      |         ^
<command line>:9:9: note: previous definition is here
    9 | #define HAVE_FREETYPE 1
      |         ^
1 warning generated.
In file included from /home/user/dev/FreeCAD/src/3rdParty/coin/src/elements/SoBBoxModelMatrixElement.cpp:75:
In file included from /home/user/dev/FreeCAD/src/3rdParty/coin/src/SbBasicP.h:119:
In file included from /home/user/dev/FreeCAD/src/3rdParty/coin/src/coindefs.h:47:
/home/user/dev/FreeCAD/build/clang-profile/src/3rdParty/coin/src/config.h:137:9: warning: 'HAVE_FREETYPE' macro redefined [-Wmacro-redefined]
  137 | #define HAVE_FREETYPE
      |         ^
<command line>:9:9: note: previous definition is here
    9 | #define HAVE_FREETYPE 1
      |         ^
1 warning generated.
In file included from /home/user/dev/FreeCAD/src/3rdParty/coin/src/elements/SoBumpMapElement.cpp:45:
In file included from /home/user/dev/FreeCAD/src/3rdParty/coin/src/SbBasicP.h:119:
In file included from /home/user/dev/FreeCAD/src/3rdParty/coin/src/coindefs.h:47:
/home/user/dev/FreeCAD/build/clang-profile/src/3rdParty/coin/src/config.h:137:9: warning: 'HAVE_FREETYPE' macro redefined [-Wmacro-redefined]
  137 | #define HAVE_FREETYPE
      |         ^
<command line>:9:9: note: previous definition is here
    9 | #define HAVE_FREETYPE 1
      |         ^
1 warning generated.
In file included from /home/user/dev/FreeCAD/src/3rdParty/coin/src/elements/SoBumpMapMatrixElement.cpp:44:
In file included from /home/user/dev/FreeCAD/src/3rdParty/coin/src/coindefs.h:47:
/home/user/dev/FreeCAD/build/clang-profile/src/3rdParty/coin/src/config.h:137:9: warning: 'HAVE_FREETYPE' macro redefined [-Wmacro-redefined]
  137 | #define HAVE_FREETYPE
      |         ^
<command line>:9:9: note: previous definition is here
    9 | #define HAVE_FREETYPE 1
      |         ^
1 warning generated.
In file included from /home/user/dev/FreeCAD/src/3rdParty/coin/src/elements/SoAmbientColorElement.cpp:48:
In file included from /home/user/dev/FreeCAD/src/3rdParty/coin/src/coindefs.h:47:
/home/user/dev/FreeCAD/build/clang-profile/src/3rdParty/coin/src/config.h:137:9: warning: 'HAVE_FREETYPE' macro redefined [-Wmacro-redefined]
  137 | #define HAVE_FREETYPE
      |         ^
<command line>:9:9: note: previous definition is here
    9 | #define HAVE_FREETYPE 1
      |         ^
/home/user/dev/FreeCAD/src/3rdParty/coin/src/elements/SoAmbientColorElement.cpp:84:42: warning: unused parameter 'numcolors' [-Wunused-parameter]
   84 |                            const int32_t numcolors,
      |                                          ^
/home/user/dev/FreeCAD/src/3rdParty/coin/src/elements/SoAmbientColorElement.cpp:108:38: warning: unused parameter 'index' [-Wunused-parameter]
  108 | SoAmbientColorElement::get(const int index) const
      |                                      ^
3 warnings generated.
In file included from /home/user/dev/FreeCAD/src/3rdParty/coin/src/draggers/SoTransformerDragger.cpp:34:
/home/user/dev/FreeCAD/build/clang-profile/src/3rdParty/coin/src/config.h:137:9: warning: 'HAVE_FREETYPE' macro redefined [-Wmacro-redefined]
  137 | #define HAVE_FREETYPE
      |         ^
<command line>:9:9: note: previous definition is here
    9 | #define HAVE_FREETYPE 1
      |         ^
1 warning generated.
In file included from /home/user/dev/FreeCAD/src/3rdParty/coin/src/elements/SoCacheHintElement.cpp:48:
In file included from /home/user/dev/FreeCAD/src/3rdParty/coin/src/SbBasicP.h:119:
In file included from /home/user/dev/FreeCAD/src/3rdParty/coin/src/coindefs.h:47:
/home/user/dev/FreeCAD/build/clang-profile/src/3rdParty/coin/src/config.h:137:9: warning: 'HAVE_FREETYPE' macro redefined [-Wmacro-redefined]
  137 | #define HAVE_FREETYPE
      |         ^
<command line>:9:9: note: previous definition is here
    9 | #define HAVE_FREETYPE 1
      |         ^
1 warning generated.
In file included from /home/user/dev/FreeCAD/src/3rdParty/coin/src/elements/SoComplexityTypeElement.cpp:48:
In file included from /home/user/dev/FreeCAD/src/3rdParty/coin/src/SbBasicP.h:119:
In file included from /home/user/dev/FreeCAD/src/3rdParty/coin/src/coindefs.h:47:
/home/user/dev/FreeCAD/build/clang-profile/src/3rdParty/coin/src/config.h:137:9: warning: 'HAVE_FREETYPE' macro redefined [-Wmacro-redefined]
  137 | #define HAVE_FREETYPE
      |         ^
<command line>:9:9: note: previous definition is here
    9 | #define HAVE_FREETYPE 1
      |         ^
1 warning generated.
In file included from /home/user/dev/FreeCAD/src/3rdParty/coin/src/elements/SoCacheElement.cpp:52:
/home/user/dev/FreeCAD/build/clang-profile/src/3rdParty/coin/src/config.h:137:9: warning: 'HAVE_FREETYPE' macro redefined [-Wmacro-redefined]
  137 | #define HAVE_FREETYPE
      |         ^
<command line>:9:9: note: previous definition is here
    9 | #define HAVE_FREETYPE 1
      |         ^
1 warning generated.
In file included from /home/user/dev/FreeCAD/src/3rdParty/coin/src/elements/SoDepthBufferElement.cpp:46:
In file included from /home/user/dev/FreeCAD/src/3rdParty/coin/src/coindefs.h:47:
/home/user/dev/FreeCAD/build/clang-profile/src/3rdParty/coin/src/config.h:137:9: warning: 'HAVE_FREETYPE' macro redefined [-Wmacro-redefined]
  137 | #define HAVE_FREETYPE
      |         ^
<command line>:9:9: note: previous definition is here
    9 | #define HAVE_FREETYPE 1
      |         ^
1 warning generated.
In file included from /home/user/dev/FreeCAD/src/3rdParty/coin/src/elements/SoCoordinateElement.cpp:51:
In file included from /home/user/dev/FreeCAD/src/3rdParty/coin/src/SbBasicP.h:119:
In file included from /home/user/dev/FreeCAD/src/3rdParty/coin/src/coindefs.h:47:
/home/user/dev/FreeCAD/build/clang-profile/src/3rdParty/coin/src/config.h:137:9: warning: 'HAVE_FREETYPE' macro redefined [-Wmacro-redefined]
  137 | #define HAVE_FREETYPE
      |         ^
<command line>:9:9: note: previous definition is here
    9 | #define HAVE_FREETYPE 1
      |         ^
1 warning generated.
In file included from /home/user/dev/FreeCAD/src/3rdParty/coin/src/elements/SoClipPlaneElement.cpp:44:
In file included from /home/user/dev/FreeCAD/src/3rdParty/coin/src/SbBasicP.h:119:
In file included from /home/user/dev/FreeCAD/src/3rdParty/coin/src/coindefs.h:47:
/home/user/dev/FreeCAD/build/clang-profile/src/3rdParty/coin/src/config.h:137:9: warning: 'HAVE_FREETYPE' macro redefined [-Wmacro-redefined]
  137 | #define HAVE_FREETYPE
      |         ^
<command line>:9:9: note: previous definition is here
    9 | #define HAVE_FREETYPE 1
      |         ^
1 warning generated.
In file included from /home/user/dev/FreeCAD/src/3rdParty/coin/src/elements/SoFloatElement.cpp:51:
In file included from /home/user/dev/FreeCAD/src/3rdParty/coin/src/coindefs.h:47:
/home/user/dev/FreeCAD/build/clang-profile/src/3rdParty/coin/src/config.h:137:9: warning: 'HAVE_FREETYPE' macro redefined [-Wmacro-redefined]
  137 | #define HAVE_FREETYPE
      |         ^
<command line>:9:9: note: previous definition is here
    9 | #define HAVE_FREETYPE 1
      |         ^
1 warning generated.
In file included from /home/user/dev/FreeCAD/src/3rdParty/coin/src/elements/SoCullElement.cpp:91:
In file included from /home/user/dev/FreeCAD/src/3rdParty/coin/src/coindefs.h:47:
/home/user/dev/FreeCAD/build/clang-profile/src/3rdParty/coin/src/config.h:137:9: warning: 'HAVE_FREETYPE' macro redefined [-Wmacro-redefined]
  137 | #define HAVE_FREETYPE
      |         ^
<command line>:9:9: note: previous definition is here
    9 | #define HAVE_FREETYPE 1
      |         ^
1 warning generated.
In file included from /home/user/dev/FreeCAD/src/3rdParty/coin/src/elements/SoDiffuseColorElement.cpp:49:
In file included from /home/user/dev/FreeCAD/src/3rdParty/coin/src/SbBasicP.h:119:
In file included from /home/user/dev/FreeCAD/src/3rdParty/coin/src/coindefs.h:47:
/home/user/dev/FreeCAD/build/clang-profile/src/3rdParty/coin/src/config.h:137:9: warning: 'HAVE_FREETYPE' macro redefined [-Wmacro-redefined]
  137 | #define HAVE_FREETYPE
      |         ^
<command line>:9:9: note: previous definition is here
    9 | #define HAVE_FREETYPE 1
      |         ^
1 warning generated.
In file included from /home/user/dev/FreeCAD/src/3rdParty/coin/src/elements/SoFontNameElement.cpp:43:
In file included from /home/user/dev/FreeCAD/src/3rdParty/coin/src/SbBasicP.h:119:
In file included from /home/user/dev/FreeCAD/src/3rdParty/coin/src/coindefs.h:47:
/home/user/dev/FreeCAD/build/clang-profile/src/3rdParty/coin/src/config.h:137:9: warning: 'HAVE_FREETYPE' macro redefined [-Wmacro-redefined]
  137 | #define HAVE_FREETYPE
      |         ^
<command line>:9:9: note: previous definition is here
    9 | #define HAVE_FREETYPE 1
      |         ^
1 warning generated.
In file included from /home/user/dev/FreeCAD/src/3rdParty/coin/src/elements/SoEmissiveColorElement.cpp:49:
In file included from /home/user/dev/FreeCAD/src/3rdParty/coin/src/coindefs.h:47:
/home/user/dev/FreeCAD/build/clang-profile/src/3rdParty/coin/src/config.h:137:9: warning: 'HAVE_FREETYPE' macro redefined [-Wmacro-redefined]
  137 | #define HAVE_FREETYPE
      |         ^
<command line>:9:9: note: previous definition is here
    9 | #define HAVE_FREETYPE 1
      |         ^
/home/user/dev/FreeCAD/src/3rdParty/coin/src/elements/SoEmissiveColorElement.cpp:84:43: warning: unused parameter 'numcolors' [-Wunused-parameter]
   84 |                             const int32_t numcolors,
      |                                           ^
/home/user/dev/FreeCAD/src/3rdParty/coin/src/elements/SoEmissiveColorElement.cpp:109:39: warning: unused parameter 'index' [-Wunused-parameter]
  109 | SoEmissiveColorElement::get(const int index) const
      |                                       ^
3 warnings generated.
In file included from /home/user/dev/FreeCAD/src/3rdParty/coin/src/elements/SoInt32Element.cpp:52:
In file included from /home/user/dev/FreeCAD/src/3rdParty/coin/src/SbBasicP.h:119:
In file included from /home/user/dev/FreeCAD/src/3rdParty/coin/src/coindefs.h:47:
/home/user/dev/FreeCAD/build/clang-profile/src/3rdParty/coin/src/config.h:137:9: warning: 'HAVE_FREETYPE' macro redefined [-Wmacro-redefined]
  137 | #define HAVE_FREETYPE
      |         ^
<command line>:9:9: note: previous definition is here
    9 | #define HAVE_FREETYPE 1
      |         ^
1 warning generated.
In file included from /home/user/dev/FreeCAD/src/3rdParty/coin/src/elements/SoEnvironmentElement.cpp:47:
In file included from /home/user/dev/FreeCAD/src/3rdParty/coin/src/SbBasicP.h:119:
In file included from /home/user/dev/FreeCAD/src/3rdParty/coin/src/coindefs.h:47:
/home/user/dev/FreeCAD/build/clang-profile/src/3rdParty/coin/src/config.h:137:9: warning: 'HAVE_FREETYPE' macro redefined [-Wmacro-redefined]
  137 | #define HAVE_FREETYPE
      |         ^
<command line>:9:9: note: previous definition is here
    9 | #define HAVE_FREETYPE 1
      |         ^
1 warning generated.
In file included from /home/user/dev/FreeCAD/src/3rdParty/coin/src/elements/SoElement.cpp:311:
In file included from /home/user/dev/FreeCAD/src/3rdParty/coin/src/coindefs.h:47:
/home/user/dev/FreeCAD/build/clang-profile/src/3rdParty/coin/src/config.h:137:9: warning: 'HAVE_FREETYPE' macro redefined [-Wmacro-redefined]
  137 | #define HAVE_FREETYPE
      |         ^
<command line>:9:9: note: previous definition is here
    9 | #define HAVE_FREETYPE 1
      |         ^
1 warning generated.
In file included from /home/user/dev/FreeCAD/src/3rdParty/coin/src/elements/SoLocalBBoxMatrixElement.cpp:42:
In file included from /home/user/dev/FreeCAD/src/3rdParty/coin/src/SbBasicP.h:119:
In file included from /home/user/dev/FreeCAD/src/3rdParty/coin/src/coindefs.h:47:
/home/user/dev/FreeCAD/build/clang-profile/src/3rdParty/coin/src/config.h:137:9: warning: 'HAVE_FREETYPE' macro redefined [-Wmacro-redefined]
  137 | #define HAVE_FREETYPE
      |         ^
<command line>:9:9: note: previous definition is here
    9 | #define HAVE_FREETYPE 1
      |         ^
1 warning generated.
In file included from /home/user/dev/FreeCAD/src/3rdParty/coin/src/elements/SoLightAttenuationElement.cpp:42:
In file included from /home/user/dev/FreeCAD/src/3rdParty/coin/src/SbBasicP.h:119:
In file included from /home/user/dev/FreeCAD/src/3rdParty/coin/src/coindefs.h:47:
/home/user/dev/FreeCAD/build/clang-profile/src/3rdParty/coin/src/config.h:137:9: warning: 'HAVE_FREETYPE' macro redefined [-Wmacro-redefined]
  137 | #define HAVE_FREETYPE
      |         ^
<command line>:9:9: note: previous definition is here
    9 | #define HAVE_FREETYPE 1
      |         ^
1 warning generated.
In file included from /home/user/dev/FreeCAD/src/3rdParty/coin/src/elements/SoLightElement.cpp:40:
In file included from /home/user/dev/FreeCAD/src/3rdParty/coin/src/SbBasicP.h:119:
In file included from /home/user/dev/FreeCAD/src/3rdParty/coin/src/coindefs.h:47:
/home/user/dev/FreeCAD/build/clang-profile/src/3rdParty/coin/src/config.h:137:9: warning: 'HAVE_FREETYPE' macro redefined [-Wmacro-redefined]
  137 | #define HAVE_FREETYPE
      |         ^
<command line>:9:9: note: previous definition is here
    9 | #define HAVE_FREETYPE 1
      |         ^
1 warning generated.
In file included from /home/user/dev/FreeCAD/src/3rdParty/coin/src/elements/SoLazyElement.cpp:69:
In file included from /home/user/dev/FreeCAD/src/3rdParty/coin/src/coindefs.h:47:
/home/user/dev/FreeCAD/build/clang-profile/src/3rdParty/coin/src/config.h:137:9: warning: 'HAVE_FREETYPE' macro redefined [-Wmacro-redefined]
  137 | #define HAVE_FREETYPE
      |         ^
<command line>:9:9: note: previous definition is here
    9 | #define HAVE_FREETYPE 1
      |         ^
In file included from /home/user/dev/FreeCAD/src/3rdParty/coin/src/elements/SoLazyElement.cpp:73:
/home/user/dev/FreeCAD/src/3rdParty/coin/include/Inventor/elements/SoLazyElement.h:279:20: warning: private field 'pimpl' is not used [-Wunused-private-field]
  279 |   SoLazyElementP * pimpl; // for future use
      |                    ^
2 warnings generated.
In file included from /home/user/dev/FreeCAD/src/3rdParty/coin/src/elements/SoLightModelElement.cpp:42:
In file included from /home/user/dev/FreeCAD/src/3rdParty/coin/src/coindefs.h:47:
/home/user/dev/FreeCAD/build/clang-profile/src/3rdParty/coin/src/config.h:137:9: warning: 'HAVE_FREETYPE' macro redefined [-Wmacro-redefined]
  137 | #define HAVE_FREETYPE
      |         ^
<command line>:9:9: note: previous definition is here
    9 | #define HAVE_FREETYPE 1
      |         ^
1 warning generated.
In file included from /home/user/dev/FreeCAD/src/3rdParty/coin/src/elements/SoMultiTextureEnabledElement.cpp:56:
In file included from /home/user/dev/FreeCAD/src/3rdParty/coin/src/SbBasicP.h:119:
In file included from /home/user/dev/FreeCAD/src/3rdParty/coin/src/coindefs.h:47:
/home/user/dev/FreeCAD/build/clang-profile/src/3rdParty/coin/src/config.h:137:9: warning: 'HAVE_FREETYPE' macro redefined [-Wmacro-redefined]
  137 | #define HAVE_FREETYPE
      |         ^
<command line>:9:9: note: previous definition is here
    9 | #define HAVE_FREETYPE 1
      |         ^
1 warning generated.
In file included from /home/user/dev/FreeCAD/src/3rdParty/coin/src/elements/SoMultiTextureMatrixElement.cpp:45:
In file included from /home/user/dev/FreeCAD/src/3rdParty/coin/src/SbBasicP.h:119:
In file included from /home/user/dev/FreeCAD/src/3rdParty/coin/src/coindefs.h:47:
/home/user/dev/FreeCAD/build/clang-profile/src/3rdParty/coin/src/config.h:137:9: warning: 'HAVE_FREETYPE' macro redefined [-Wmacro-redefined]
  137 | #define HAVE_FREETYPE
      |         ^
<command line>:9:9: note: previous definition is here
    9 | #define HAVE_FREETYPE 1
      |         ^
In file included from /home/user/dev/FreeCAD/src/3rdParty/coin/src/elements/SoMultiTextureMatrixElement.cpp:47:
/home/user/dev/FreeCAD/src/3rdParty/coin/include/Inventor/elements/SoMultiTextureMatrixElement.h:64:5: warning: definition of implicit copy assignment operator for 'UnitData' is deprecated because it has a user-provided copy constructor [-Wdeprecated-copy-with-user-provided-copy]
   64 |     UnitData(const UnitData & org) : textureMatrix(org.textureMatrix) {}
      |     ^
/home/user/dev/FreeCAD/src/3rdParty/coin/include/Inventor/lists/SbList.h:123:40: note: in implicit copy assignment operator for 'SoMultiTextureMatrixElement::UnitData' first required here
  123 |     this->itembuffer[this->numitems++] = item;
      |                                        ^
/home/user/dev/FreeCAD/src/3rdParty/coin/src/elements/SoMultiTextureMatrixElement.cpp:56:22: note: in instantiation of member function 'SbList<SoMultiTextureMatrixElement::UnitData>::append' requested here
   56 |       this->unitdata.append(SoMultiTextureMatrixElement::UnitData());
      |                      ^
2 warnings generated.
In file included from /home/user/dev/FreeCAD/src/3rdParty/coin/src/elements/SoOverrideElement.cpp:131:
In file included from /home/user/dev/FreeCAD/src/3rdParty/coin/src/SbBasicP.h:119:
In file included from /home/user/dev/FreeCAD/src/3rdParty/coin/src/coindefs.h:47:
/home/user/dev/FreeCAD/build/clang-profile/src/3rdParty/coin/src/config.h:137:9: warning: 'HAVE_FREETYPE' macro redefined [-Wmacro-redefined]
  137 | #define HAVE_FREETYPE
      |         ^
<command line>:9:9: note: previous definition is here
    9 | #define HAVE_FREETYPE 1
      |         ^
1 warning generated.
In file included from /home/user/dev/FreeCAD/src/3rdParty/coin/src/elements/SoMultiTextureCoordinateElement.cpp:46:
In file included from /home/user/dev/FreeCAD/src/3rdParty/coin/src/coindefs.h:47:
/home/user/dev/FreeCAD/build/clang-profile/src/3rdParty/coin/src/config.h:137:9: warning: 'HAVE_FREETYPE' macro redefined [-Wmacro-redefined]
  137 | #define HAVE_FREETYPE
      |         ^
<command line>:9:9: note: previous definition is here
    9 | #define HAVE_FREETYPE 1
      |         ^
In file included from /home/user/dev/FreeCAD/src/3rdParty/coin/src/elements/SoMultiTextureCoordinateElement.cpp:49:
/home/user/dev/FreeCAD/src/3rdParty/coin/include/Inventor/elements/SoMultiTextureCoordinateElement.h:109:5: warning: definition of implicit copy assignment operator for 'UnitData' is deprecated because it has a user-provided copy constructor [-Wdeprecated-copy-with-user-provided-copy]
  109 |     UnitData(const UnitData & org);
      |     ^
/home/user/dev/FreeCAD/src/3rdParty/coin/include/Inventor/lists/SbList.h:123:40: note: in implicit copy assignment operator for 'SoMultiTextureCoordinateElement::UnitData' first required here
  123 |     this->itembuffer[this->numitems++] = item;
      |                                        ^
/home/user/dev/FreeCAD/src/3rdParty/coin/src/elements/SoMultiTextureCoordinateElement.cpp:89:22: note: in instantiation of member function 'SbList<SoMultiTextureCoordinateElement::UnitData>::append' requested here
   89 |       this->unitdata.append(SoMultiTextureCoordinateElement::UnitData());
      |                      ^
2 warnings generated.
In file included from /home/user/dev/FreeCAD/src/3rdParty/coin/src/elements/SoModelMatrixElement.cpp:51:
In file included from /home/user/dev/FreeCAD/src/3rdParty/coin/src/coindefs.h:47:
/home/user/dev/FreeCAD/build/clang-profile/src/3rdParty/coin/src/config.h:137:9: warning: 'HAVE_FREETYPE' macro redefined [-Wmacro-redefined]
  137 | #define HAVE_FREETYPE
      |         ^
<command line>:9:9: note: previous definition is here
    9 | #define HAVE_FREETYPE 1
      |         ^
1 warning generated.
In file included from /home/user/dev/FreeCAD/src/3rdParty/coin/src/elements/SoMultiTextureImageElement.cpp:46:
In file included from /home/user/dev/FreeCAD/src/3rdParty/coin/src/coindefs.h:47:
/home/user/dev/FreeCAD/build/clang-profile/src/3rdParty/coin/src/config.h:137:9: warning: 'HAVE_FREETYPE' macro redefined [-Wmacro-redefined]
  137 | #define HAVE_FREETYPE
      |         ^
<command line>:9:9: note: previous definition is here
    9 | #define HAVE_FREETYPE 1
      |         ^
In file included from /home/user/dev/FreeCAD/src/3rdParty/coin/src/elements/SoMultiTextureImageElement.cpp:49:
/home/user/dev/FreeCAD/src/3rdParty/coin/include/Inventor/elements/SoMultiTextureImageElement.h:158:5: warning: definition of implicit copy assignment operator for 'UnitData' is deprecated because it has a user-provided copy constructor [-Wdeprecated-copy-with-user-provided-copy]
  158 |     UnitData(const UnitData & org);
      |     ^
/home/user/dev/FreeCAD/src/3rdParty/coin/src/elements/SoMultiTextureImageElement.cpp:118:33: note: in implicit copy assignment operator for 'SoMultiTextureImageElement::UnitData' first required here
  118 |   PRIVATE(elem)->unitdata[unit] = UnitData();  
      |                                 ^
2 warnings generated.
In file included from /home/user/dev/FreeCAD/src/3rdParty/coin/src/elements/SoNormalElement.cpp:42:
In file included from /home/user/dev/FreeCAD/src/3rdParty/coin/src/SbBasicP.h:119:
In file included from /home/user/dev/FreeCAD/src/3rdParty/coin/src/coindefs.h:47:
/home/user/dev/FreeCAD/build/clang-profile/src/3rdParty/coin/src/config.h:137:9: warning: 'HAVE_FREETYPE' macro redefined [-Wmacro-redefined]
  137 | #define HAVE_FREETYPE
      |         ^
<command line>:9:9: note: previous definition is here
    9 | #define HAVE_FREETYPE 1
      |         ^
1 warning generated.
In file included from /home/user/dev/FreeCAD/src/3rdParty/coin/src/elements/SoPolygonOffsetElement.cpp:44:
In file included from /home/user/dev/FreeCAD/src/3rdParty/coin/src/SbBasicP.h:119:
In file included from /home/user/dev/FreeCAD/src/3rdParty/coin/src/coindefs.h:47:
/home/user/dev/FreeCAD/build/clang-profile/src/3rdParty/coin/src/config.h:137:9: warning: 'HAVE_FREETYPE' macro redefined [-Wmacro-redefined]
  137 | #define HAVE_FREETYPE
      |         ^
<command line>:9:9: note: previous definition is here
    9 | #define HAVE_FREETYPE 1
      |         ^
1 warning generated.
In file included from /home/user/dev/FreeCAD/src/3rdParty/coin/src/elements/SoProfileElement.cpp:44:
In file included from /home/user/dev/FreeCAD/src/3rdParty/coin/src/SbBasicP.h:119:
In file included from /home/user/dev/FreeCAD/src/3rdParty/coin/src/coindefs.h:47:
/home/user/dev/FreeCAD/build/clang-profile/src/3rdParty/coin/src/config.h:137:9: warning: 'HAVE_FREETYPE' macro redefined [-Wmacro-redefined]
  137 | #define HAVE_FREETYPE
      |         ^
<command line>:9:9: note: previous definition is here
    9 | #define HAVE_FREETYPE 1
      |         ^
1 warning generated.
In file included from /home/user/dev/FreeCAD/src/3rdParty/coin/src/elements/SoPickRayElement.cpp:44:
In file included from /home/user/dev/FreeCAD/src/3rdParty/coin/src/SbBasicP.h:119:
In file included from /home/user/dev/FreeCAD/src/3rdParty/coin/src/coindefs.h:47:
/home/user/dev/FreeCAD/build/clang-profile/src/3rdParty/coin/src/config.h:137:9: warning: 'HAVE_FREETYPE' macro redefined [-Wmacro-redefined]
  137 | #define HAVE_FREETYPE
      |         ^
<command line>:9:9: note: previous definition is here
    9 | #define HAVE_FREETYPE 1
      |         ^
1 warning generated.
In file included from /home/user/dev/FreeCAD/src/3rdParty/coin/src/elements/SoProjectionMatrixElement.cpp:44:
In file included from /home/user/dev/FreeCAD/src/3rdParty/coin/src/SbBasicP.h:119:
In file included from /home/user/dev/FreeCAD/src/3rdParty/coin/src/coindefs.h:47:
/home/user/dev/FreeCAD/build/clang-profile/src/3rdParty/coin/src/config.h:137:9: warning: 'HAVE_FREETYPE' macro redefined [-Wmacro-redefined]
  137 | #define HAVE_FREETYPE
      |         ^
<command line>:9:9: note: previous definition is here
    9 | #define HAVE_FREETYPE 1
      |         ^
1 warning generated.
In file included from /home/user/dev/FreeCAD/src/3rdParty/coin/src/elements/SoReplacedElement.cpp:59:
In file included from /home/user/dev/FreeCAD/src/3rdParty/coin/src/SbBasicP.h:119:
In file included from /home/user/dev/FreeCAD/src/3rdParty/coin/src/coindefs.h:47:
/home/user/dev/FreeCAD/build/clang-profile/src/3rdParty/coin/src/config.h:137:9: warning: 'HAVE_FREETYPE' macro redefined [-Wmacro-redefined]
  137 | #define HAVE_FREETYPE
      |         ^
<command line>:9:9: note: previous definition is here
    9 | #define HAVE_FREETYPE 1
      |         ^
1 warning generated.
In file included from /home/user/dev/FreeCAD/src/3rdParty/coin/src/elements/SoProfileCoordinateElement.cpp:45:
In file included from /home/user/dev/FreeCAD/src/3rdParty/coin/src/SbBasicP.h:119:
In file included from /home/user/dev/FreeCAD/src/3rdParty/coin/src/coindefs.h:47:
/home/user/dev/FreeCAD/build/clang-profile/src/3rdParty/coin/src/config.h:137:9: warning: 'HAVE_FREETYPE' macro redefined [-Wmacro-redefined]
  137 | #define HAVE_FREETYPE
      |         ^
<command line>:9:9: note: previous definition is here
    9 | #define HAVE_FREETYPE 1
      |         ^
1 warning generated.
In file included from /home/user/dev/FreeCAD/src/3rdParty/coin/src/elements/SoShapeHintsElement.cpp:44:
In file included from /home/user/dev/FreeCAD/src/3rdParty/coin/src/SbBasicP.h:119:
In file included from /home/user/dev/FreeCAD/src/3rdParty/coin/src/coindefs.h:47:
/home/user/dev/FreeCAD/build/clang-profile/src/3rdParty/coin/src/config.h:137:9: warning: 'HAVE_FREETYPE' macro redefined [-Wmacro-redefined]
  137 | #define HAVE_FREETYPE
      |         ^
<command line>:9:9: note: previous definition is here
    9 | #define HAVE_FREETYPE 1
      |         ^
1 warning generated.
In file included from /home/user/dev/FreeCAD/src/3rdParty/coin/src/elements/SoShapeStyleElement.cpp:44:
In file included from /home/user/dev/FreeCAD/src/3rdParty/coin/src/SbBasicP.h:119:
In file included from /home/user/dev/FreeCAD/src/3rdParty/coin/src/coindefs.h:47:
/home/user/dev/FreeCAD/build/clang-profile/src/3rdParty/coin/src/config.h:137:9: warning: 'HAVE_FREETYPE' macro redefined [-Wmacro-redefined]
  137 | #define HAVE_FREETYPE
      |         ^
<command line>:9:9: note: previous definition is here
    9 | #define HAVE_FREETYPE 1
      |         ^
1 warning generated.
In file included from /home/user/dev/FreeCAD/src/3rdParty/coin/src/elements/SoTextureOverrideElement.cpp:43:
In file included from /home/user/dev/FreeCAD/src/3rdParty/coin/src/coindefs.h:47:
/home/user/dev/FreeCAD/build/clang-profile/src/3rdParty/coin/src/config.h:137:9: warning: 'HAVE_FREETYPE' macro redefined [-Wmacro-redefined]
  137 | #define HAVE_FREETYPE
      |         ^
<command line>:9:9: note: previous definition is here
    9 | #define HAVE_FREETYPE 1
      |         ^
1 warning generated.
In file included from /home/user/dev/FreeCAD/src/3rdParty/coin/src/elements/SoShininessElement.cpp:46:
In file included from /home/user/dev/FreeCAD/src/3rdParty/coin/src/coindefs.h:47:
/home/user/dev/FreeCAD/build/clang-profile/src/3rdParty/coin/src/config.h:137:9: warning: 'HAVE_FREETYPE' macro redefined [-Wmacro-redefined]
  137 | #define HAVE_FREETYPE
      |         ^
<command line>:9:9: note: previous definition is here
    9 | #define HAVE_FREETYPE 1
      |         ^
/home/user/dev/FreeCAD/src/3rdParty/coin/src/elements/SoShininessElement.cpp:87:42: warning: unused parameter 'numvalues' [-Wunused-parameter]
   87 |                            const int32_t numvalues,
      |                                          ^
/home/user/dev/FreeCAD/src/3rdParty/coin/src/elements/SoShininessElement.cpp:111:35: warning: unused parameter 'index' [-Wunused-parameter]
  111 | SoShininessElement::get(const int index) const
      |                                   ^
3 warnings generated.
In file included from /home/user/dev/FreeCAD/src/3rdParty/coin/src/elements/SoSpecularColorElement.cpp:44:
In file included from /home/user/dev/FreeCAD/src/3rdParty/coin/src/coindefs.h:47:
/home/user/dev/FreeCAD/build/clang-profile/src/3rdParty/coin/src/config.h:137:9: warning: 'HAVE_FREETYPE' macro redefined [-Wmacro-redefined]
  137 | #define HAVE_FREETYPE
      |         ^
<command line>:9:9: note: previous definition is here
    9 | #define HAVE_FREETYPE 1
      |         ^
/home/user/dev/FreeCAD/src/3rdParty/coin/src/elements/SoSpecularColorElement.cpp:87:43: warning: unused parameter 'numcolors' [-Wunused-parameter]
   87 |                             const int32_t numcolors,
      |                                           ^
/home/user/dev/FreeCAD/src/3rdParty/coin/src/elements/SoSpecularColorElement.cpp:112:39: warning: unused parameter 'index' [-Wunused-parameter]
  112 | SoSpecularColorElement::get(const int index) const
      |                                       ^
3 warnings generated.
In file included from /home/user/dev/FreeCAD/src/3rdParty/coin/src/elements/SoTextureCombineElement.cpp:56:
In file included from /home/user/dev/FreeCAD/src/3rdParty/coin/src/coindefs.h:47:
/home/user/dev/FreeCAD/build/clang-profile/src/3rdParty/coin/src/config.h:137:9: warning: 'HAVE_FREETYPE' macro redefined [-Wmacro-redefined]
  137 | #define HAVE_FREETYPE
      |         ^
<command line>:9:9: note: previous definition is here
    9 | #define HAVE_FREETYPE 1
      |         ^
/home/user/dev/FreeCAD/src/3rdParty/coin/src/elements/SoTextureCombineElement.cpp:317:10: warning: first argument in call to 'memcpy' is a pointer to non-trivially copyable type 'SoTextureCombineElement::UnitData' [-Wnontrivial-memcall]
  317 |   memcpy(this, &org, sizeof(*this));
      |          ^
/home/user/dev/FreeCAD/src/3rdParty/coin/src/elements/SoTextureCombineElement.cpp:317:10: note: explicitly cast the pointer to silence this warning
  317 |   memcpy(this, &org, sizeof(*this));
      |          ^
      |          (void*)
In file included from /home/user/dev/FreeCAD/src/3rdParty/coin/src/elements/SoTextureCombineElement.cpp:46:
/home/user/dev/FreeCAD/src/3rdParty/coin/include/Inventor/elements/SoTextureCombineElement.h:128:5: warning: definition of implicit copy assignment operator for 'UnitData' is deprecated because it has a user-provided copy constructor [-Wdeprecated-copy-with-user-provided-copy]
  128 |     UnitData(const UnitData & org);
      |     ^
/home/user/dev/FreeCAD/src/3rdParty/coin/include/Inventor/lists/SbList.h:123:40: note: in implicit copy assignment operator for 'SoTextureCombineElement::UnitData' first required here
  123 |     this->itembuffer[this->numitems++] = item;
      |                                        ^
/home/user/dev/FreeCAD/src/3rdParty/coin/src/elements/SoTextureCombineElement.cpp:67:22: note: in instantiation of member function 'SbList<SoTextureCombineElement::UnitData>::append' requested here
   67 |       this->unitdata.append(SoTextureCombineElement::UnitData());
      |                      ^
3 warnings generated.
In file included from /home/user/dev/FreeCAD/src/3rdParty/coin/src/elements/SoTextureUnitElement.cpp:46:
/home/user/dev/FreeCAD/src/3rdParty/coin/include/Inventor/elements/SoTextureUnitElement.h:58:27: warning: private field 'pimpl' is not used [-Wunused-private-field]
   58 |   SoTextureUnitElementP * pimpl;
      |                           ^
1 warning generated.
In file included from /home/user/dev/FreeCAD/src/3rdParty/coin/src/elements/SoViewingMatrixElement.cpp:44:
In file included from /home/user/dev/FreeCAD/src/3rdParty/coin/src/SbBasicP.h:119:
In file included from /home/user/dev/FreeCAD/src/3rdParty/coin/src/coindefs.h:47:
/home/user/dev/FreeCAD/build/clang-profile/src/3rdParty/coin/src/config.h:137:9: warning: 'HAVE_FREETYPE' macro redefined [-Wmacro-redefined]
  137 | #define HAVE_FREETYPE
      |         ^
<command line>:9:9: note: previous definition is here
    9 | #define HAVE_FREETYPE 1
      |         ^
1 warning generated.
In file included from /home/user/dev/FreeCAD/src/3rdParty/coin/src/elements/SoViewportRegionElement.cpp:44:
In file included from /home/user/dev/FreeCAD/src/3rdParty/coin/src/SbBasicP.h:119:
In file included from /home/user/dev/FreeCAD/src/3rdParty/coin/src/coindefs.h:47:
/home/user/dev/FreeCAD/build/clang-profile/src/3rdParty/coin/src/config.h:137:9: warning: 'HAVE_FREETYPE' macro redefined [-Wmacro-redefined]
  137 | #define HAVE_FREETYPE
      |         ^
<command line>:9:9: note: previous definition is here
    9 | #define HAVE_FREETYPE 1
      |         ^
In file included from /home/user/dev/FreeCAD/src/3rdParty/coin/src/elements/SoViewportRegionElement.cpp:42:
In file included from /home/user/dev/FreeCAD/src/3rdParty/coin/include/Inventor/elements/SoViewportRegionElement.h:37:
/home/user/dev/FreeCAD/src/3rdParty/coin/include/Inventor/SbViewportRegion.h:45:3: warning: definition of implicit copy assignment operator for 'SbViewportRegion' is deprecated because it has a user-provided copy constructor [-Wdeprecated-copy-with-user-provided-copy]
   45 |   SbViewportRegion(const SbViewportRegion & vpReg);
      |   ^
/home/user/dev/FreeCAD/src/3rdParty/coin/src/elements/SoViewportRegionElement.cpp:99:24: note: in implicit copy assignment operator for 'SbViewportRegion' first required here
   99 |   elem->viewportRegion = this->viewportRegion;
      |                        ^
2 warnings generated.
In file included from /home/user/dev/FreeCAD/src/3rdParty/coin/src/elements/SoWindowElement.cpp:48:
In file included from /home/user/dev/FreeCAD/src/3rdParty/coin/src/SbBasicP.h:119:
In file included from /home/user/dev/FreeCAD/src/3rdParty/coin/src/coindefs.h:47:
/home/user/dev/FreeCAD/build/clang-profile/src/3rdParty/coin/src/config.h:137:9: warning: 'HAVE_FREETYPE' macro redefined [-Wmacro-redefined]
  137 | #define HAVE_FREETYPE
      |         ^
<command line>:9:9: note: previous definition is here
    9 | #define HAVE_FREETYPE 1
      |         ^
1 warning generated.
In file included from /home/user/dev/FreeCAD/src/3rdParty/coin/src/elements/SoTransparencyElement.cpp:44:
In file included from /home/user/dev/FreeCAD/src/3rdParty/coin/src/SbBasicP.h:119:
In file included from /home/user/dev/FreeCAD/src/3rdParty/coin/src/coindefs.h:47:
/home/user/dev/FreeCAD/build/clang-profile/src/3rdParty/coin/src/config.h:137:9: warning: 'HAVE_FREETYPE' macro redefined [-Wmacro-redefined]
  137 | #define HAVE_FREETYPE
      |         ^
<command line>:9:9: note: previous definition is here
    9 | #define HAVE_FREETYPE 1
      |         ^
1 warning generated.
In file included from /home/user/dev/FreeCAD/src/3rdParty/coin/src/elements/SoViewVolumeElement.cpp:44:
In file included from /home/user/dev/FreeCAD/src/3rdParty/coin/src/SbBasicP.h:119:
In file included from /home/user/dev/FreeCAD/src/3rdParty/coin/src/coindefs.h:47:
/home/user/dev/FreeCAD/build/clang-profile/src/3rdParty/coin/src/config.h:137:9: warning: 'HAVE_FREETYPE' macro redefined [-Wmacro-redefined]
  137 | #define HAVE_FREETYPE
      |         ^
<command line>:9:9: note: previous definition is here
    9 | #define HAVE_FREETYPE 1
      |         ^
1 warning generated.
In file included from /home/user/dev/FreeCAD/src/3rdParty/coin/src/elements/SoSoundElement.cpp:43:
In file included from /home/user/dev/FreeCAD/src/3rdParty/coin/src/coindefs.h:47:
/home/user/dev/FreeCAD/build/clang-profile/src/3rdParty/coin/src/config.h:137:9: warning: 'HAVE_FREETYPE' macro redefined [-Wmacro-redefined]
  137 | #define HAVE_FREETYPE
      |         ^
<command line>:9:9: note: previous definition is here
    9 | #define HAVE_FREETYPE 1
      |         ^
1 warning generated.
In file included from /home/user/dev/FreeCAD/src/3rdParty/coin/src/elements/SoListenerPositionElement.cpp:56:
In file included from /home/user/dev/FreeCAD/src/3rdParty/coin/src/coindefs.h:47:
/home/user/dev/FreeCAD/build/clang-profile/src/3rdParty/coin/src/config.h:137:9: warning: 'HAVE_FREETYPE' macro redefined [-Wmacro-redefined]
  137 | #define HAVE_FREETYPE
      |         ^
<command line>:9:9: note: previous definition is here
    9 | #define HAVE_FREETYPE 1
      |         ^
1 warning generated.
In file included from /home/user/dev/FreeCAD/src/3rdParty/coin/src/elements/SoListenerOrientationElement.cpp:57:
In file included from /home/user/dev/FreeCAD/src/3rdParty/coin/src/coindefs.h:47:
/home/user/dev/FreeCAD/build/clang-profile/src/3rdParty/coin/src/config.h:137:9: warning: 'HAVE_FREETYPE' macro redefined [-Wmacro-redefined]
  137 | #define HAVE_FREETYPE
      |         ^
<command line>:9:9: note: previous definition is here
    9 | #define HAVE_FREETYPE 1
      |         ^
1 warning generated.
In file included from /home/user/dev/FreeCAD/src/3rdParty/coin/src/elements/SoListenerDopplerElement.cpp:50:
In file included from /home/user/dev/FreeCAD/src/3rdParty/coin/src/coindefs.h:47:
/home/user/dev/FreeCAD/build/clang-profile/src/3rdParty/coin/src/config.h:137:9: warning: 'HAVE_FREETYPE' macro redefined [-Wmacro-redefined]
  137 | #define HAVE_FREETYPE
      |         ^
<command line>:9:9: note: previous definition is here
    9 | #define HAVE_FREETYPE 1
      |         ^
1 warning generated.
In file included from /home/user/dev/FreeCAD/src/3rdParty/coin/src/elements/SoVertexAttributeElement.cpp:45:
In file included from /home/user/dev/FreeCAD/src/3rdParty/coin/src/SbBasicP.h:119:
In file included from /home/user/dev/FreeCAD/src/3rdParty/coin/src/coindefs.h:47:
/home/user/dev/FreeCAD/build/clang-profile/src/3rdParty/coin/src/config.h:137:9: warning: 'HAVE_FREETYPE' macro redefined [-Wmacro-redefined]
  137 | #define HAVE_FREETYPE
      |         ^
<command line>:9:9: note: previous definition is here
    9 | #define HAVE_FREETYPE 1
      |         ^
1 warning generated.
In file included from /home/user/dev/FreeCAD/src/3rdParty/coin/src/elements/GL/SoGLCacheContextElement.cpp:42:
In file included from /home/user/dev/FreeCAD/src/3rdParty/coin/src/coindefs.h:47:
/home/user/dev/FreeCAD/build/clang-profile/src/3rdParty/coin/src/config.h:137:9: warning: 'HAVE_FREETYPE' macro redefined [-Wmacro-redefined]
  137 | #define HAVE_FREETYPE
      |         ^
<command line>:9:9: note: previous definition is here
    9 | #define HAVE_FREETYPE 1
      |         ^
1 warning generated.
In file included from /home/user/dev/FreeCAD/src/3rdParty/coin/src/elements/GL/SoGLDrawStyleElement.cpp:41:
In file included from /home/user/dev/FreeCAD/src/3rdParty/coin/src/coindefs.h:47:
/home/user/dev/FreeCAD/build/clang-profile/src/3rdParty/coin/src/config.h:137:9: warning: 'HAVE_FREETYPE' macro redefined [-Wmacro-redefined]
  137 | #define HAVE_FREETYPE
      |         ^
<command line>:9:9: note: previous definition is here
    9 | #define HAVE_FREETYPE 1
      |         ^
1 warning generated.
In file included from /home/user/dev/FreeCAD/src/3rdParty/coin/src/elements/GL/SoGLDepthBufferElement.cpp:42:
In file included from /home/user/dev/FreeCAD/src/3rdParty/coin/src/coindefs.h:47:
/home/user/dev/FreeCAD/build/clang-profile/src/3rdParty/coin/src/config.h:137:9: warning: 'HAVE_FREETYPE' macro redefined [-Wmacro-redefined]
  137 | #define HAVE_FREETYPE
      |         ^
<command line>:9:9: note: previous definition is here
    9 | #define HAVE_FREETYPE 1
      |         ^
1 warning generated.
In file included from /home/user/dev/FreeCAD/src/3rdParty/coin/src/elements/GL/SoGLColorIndexElement.cpp:58:
/home/user/dev/FreeCAD/build/clang-profile/src/3rdParty/coin/src/config.h:137:9: warning: 'HAVE_FREETYPE' macro redefined [-Wmacro-redefined]
  137 | #define HAVE_FREETYPE
      |         ^
<command line>:9:9: note: previous definition is here
    9 | #define HAVE_FREETYPE 1
      |         ^
1 warning generated.
In file included from /home/user/dev/FreeCAD/src/3rdParty/coin/src/elements/GL/SoGLClipPlaneElement.cpp:45:
/home/user/dev/FreeCAD/build/clang-profile/src/3rdParty/coin/src/config.h:137:9: warning: 'HAVE_FREETYPE' macro redefined [-Wmacro-redefined]
  137 | #define HAVE_FREETYPE
      |         ^
<command line>:9:9: note: previous definition is here
    9 | #define HAVE_FREETYPE 1
      |         ^
/home/user/dev/FreeCAD/src/3rdParty/coin/src/elements/GL/SoGLClipPlaneElement.cpp:121:10: warning: unused variable 'err' [-Wunused-variable]
  121 |   GLenum err = sogl_glerror_debugging() ? glGetError() : GL_NO_ERROR;
      |          ^~~
2 warnings generated.
In file included from /home/user/dev/FreeCAD/src/3rdParty/coin/src/elements/GL/SoGLLightIdElement.cpp:49:
/home/user/dev/FreeCAD/build/clang-profile/src/3rdParty/coin/src/config.h:137:9: warning: 'HAVE_FREETYPE' macro redefined [-Wmacro-redefined]
  137 | #define HAVE_FREETYPE
      |         ^
<command line>:9:9: note: previous definition is here
    9 | #define HAVE_FREETYPE 1
      |         ^
/home/user/dev/FreeCAD/src/3rdParty/coin/src/elements/GL/SoGLLightIdElement.cpp:184:10: warning: unused variable 'err' [-Wunused-variable]
  184 |   GLenum err = sogl_glerror_debugging() ? glGetError() : GL_NO_ERROR;
      |          ^~~
2 warnings generated.
In file included from /home/user/dev/FreeCAD/src/3rdParty/coin/src/elements/GL/SoGLCoordinateElement.cpp:45:
/home/user/dev/FreeCAD/build/clang-profile/src/3rdParty/coin/src/config.h:137:9: warning: 'HAVE_FREETYPE' macro redefined [-Wmacro-redefined]
  137 | #define HAVE_FREETYPE
      |         ^
<command line>:9:9: note: previous definition is here
    9 | #define HAVE_FREETYPE 1
      |         ^
1 warning generated.
In file included from /home/user/dev/FreeCAD/src/3rdParty/coin/src/elements/GL/SoGLLinePatternElement.cpp:46:
In file included from /home/user/dev/FreeCAD/src/3rdParty/coin/src/coindefs.h:47:
/home/user/dev/FreeCAD/build/clang-profile/src/3rdParty/coin/src/config.h:137:9: warning: 'HAVE_FREETYPE' macro redefined [-Wmacro-redefined]
  137 | #define HAVE_FREETYPE
      |         ^
<command line>:9:9: note: previous definition is here
    9 | #define HAVE_FREETYPE 1
      |         ^
1 warning generated.
In file included from /home/user/dev/FreeCAD/src/3rdParty/coin/src/elements/GL/SoGLLineWidthElement.cpp:65:
In file included from /home/user/dev/FreeCAD/src/3rdParty/coin/src/coindefs.h:47:
/home/user/dev/FreeCAD/build/clang-profile/src/3rdParty/coin/src/config.h:137:9: warning: 'HAVE_FREETYPE' macro redefined [-Wmacro-redefined]
  137 | #define HAVE_FREETYPE
      |         ^
<command line>:9:9: note: previous definition is here
    9 | #define HAVE_FREETYPE 1
      |         ^
In file included from /home/user/dev/FreeCAD/src/3rdParty/coin/src/elements/GL/SoGLLineWidthElement.cpp:64:
/home/user/dev/FreeCAD/src/3rdParty/coin/include/Inventor/elements/SoGLLineWidthElement.h:58:13: warning: private field 'state' is not used [-Wunused-private-field]
   58 |   SoState * state;
      |             ^
2 warnings generated.
In file included from /home/user/dev/FreeCAD/src/3rdParty/coin/src/elements/GL/SoGLEnvironmentElement.cpp:44:
In file included from /home/user/dev/FreeCAD/src/3rdParty/coin/src/coindefs.h:47:
/home/user/dev/FreeCAD/build/clang-profile/src/3rdParty/coin/src/config.h:137:9: warning: 'HAVE_FREETYPE' macro redefined [-Wmacro-redefined]
  137 | #define HAVE_FREETYPE
      |         ^
<command line>:9:9: note: previous definition is here
    9 | #define HAVE_FREETYPE 1
      |         ^
/home/user/dev/FreeCAD/src/3rdParty/coin/src/elements/GL/SoGLEnvironmentElement.cpp:82:46: warning: unused parameter 'prevTopElement' [-Wunused-parameter]
   82 |                            const SoElement * prevTopElement)
      |                                              ^
2 warnings generated.
In file included from /home/user/dev/FreeCAD/src/3rdParty/coin/src/elements/GL/SoGLMultiTextureEnabledElement.cpp:43:
In file included from /home/user/dev/FreeCAD/src/3rdParty/coin/src/coindefs.h:47:
/home/user/dev/FreeCAD/build/clang-profile/src/3rdParty/coin/src/config.h:137:9: warning: 'HAVE_FREETYPE' macro redefined [-Wmacro-redefined]
  137 | #define HAVE_FREETYPE
      |         ^
<command line>:9:9: note: previous definition is here
    9 | #define HAVE_FREETYPE 1
      |         ^
1 warning generated.
In file included from /home/user/dev/FreeCAD/src/3rdParty/coin/src/elements/GL/SoGLLazyElement.cpp:70:
In file included from /home/user/dev/FreeCAD/src/3rdParty/coin/src/rendering/SoVBO.h:43:
In file included from /home/user/dev/FreeCAD/src/3rdParty/coin/src/misc/SbHash.h:59:
In file included from /home/user/dev/FreeCAD/src/3rdParty/coin/src/coindefs.h:47:
/home/user/dev/FreeCAD/build/clang-profile/src/3rdParty/coin/src/config.h:137:9: warning: 'HAVE_FREETYPE' macro redefined [-Wmacro-redefined]
  137 | #define HAVE_FREETYPE
      |         ^
<command line>:9:9: note: previous definition is here
    9 | #define HAVE_FREETYPE 1
      |         ^
/home/user/dev/FreeCAD/src/3rdParty/coin/src/elements/GL/SoGLLazyElement.cpp:162:7: warning: variable 'cnt' set but not used [-Wunused-but-set-variable]
  162 |   int cnt = 0;
      |       ^
2 warnings generated.
In file included from /home/user/dev/FreeCAD/src/3rdParty/coin/src/elements/GL/SoGLMultiTextureMatrixElement.cpp:51:
/home/user/dev/FreeCAD/build/clang-profile/src/3rdParty/coin/src/config.h:137:9: warning: 'HAVE_FREETYPE' macro redefined [-Wmacro-redefined]
  137 | #define HAVE_FREETYPE
      |         ^
<command line>:9:9: note: previous definition is here
    9 | #define HAVE_FREETYPE 1
      |         ^
1 warning generated.
In file included from /home/user/dev/FreeCAD/src/3rdParty/coin/src/elements/GL/SoGLPointSizeElement.cpp:66:
In file included from /home/user/dev/FreeCAD/src/3rdParty/coin/src/coindefs.h:47:
/home/user/dev/FreeCAD/build/clang-profile/src/3rdParty/coin/src/config.h:137:9: warning: 'HAVE_FREETYPE' macro redefined [-Wmacro-redefined]
  137 | #define HAVE_FREETYPE
      |         ^
<command line>:9:9: note: previous definition is here
    9 | #define HAVE_FREETYPE 1
      |         ^
1 warning generated.
In file included from /home/user/dev/FreeCAD/src/3rdParty/coin/src/elements/GL/SoGLModelMatrixElement.cpp:48:
/home/user/dev/FreeCAD/build/clang-profile/src/3rdParty/coin/src/config.h:137:9: warning: 'HAVE_FREETYPE' macro redefined [-Wmacro-redefined]
  137 | #define HAVE_FREETYPE
      |         ^
<command line>:9:9: note: previous definition is here
    9 | #define HAVE_FREETYPE 1
      |         ^
1 warning generated.
In file included from /home/user/dev/FreeCAD/src/3rdParty/coin/src/elements/GL/SoGLPolygonOffsetElement.cpp:43:
In file included from /home/user/dev/FreeCAD/src/3rdParty/coin/src/coindefs.h:47:
/home/user/dev/FreeCAD/build/clang-profile/src/3rdParty/coin/src/config.h:137:9: warning: 'HAVE_FREETYPE' macro redefined [-Wmacro-redefined]
  137 | #define HAVE_FREETYPE
      |         ^
<command line>:9:9: note: previous definition is here
    9 | #define HAVE_FREETYPE 1
      |         ^
1 warning generated.
In file included from /home/user/dev/FreeCAD/src/3rdParty/coin/src/elements/GL/SoGLMultiTextureCoordinateElement.cpp:49:
/home/user/dev/FreeCAD/build/clang-profile/src/3rdParty/coin/src/config.h:137:9: warning: 'HAVE_FREETYPE' macro redefined [-Wmacro-redefined]
  137 | #define HAVE_FREETYPE
      |         ^
<command line>:9:9: note: previous definition is here
    9 | #define HAVE_FREETYPE 1
      |         ^
In file included from /home/user/dev/FreeCAD/src/3rdParty/coin/src/elements/GL/SoGLMultiTextureCoordinateElement.cpp:40:
/home/user/dev/FreeCAD/src/3rdParty/coin/include/Inventor/elements/SoGLMultiTextureCoordinateElement.h:73:5: warning: definition of implicit copy assignment operator for 'GLUnitData' is deprecated because it has a user-provided copy constructor [-Wdeprecated-copy-with-user-provided-copy]
   73 |     GLUnitData(const GLUnitData & org) : texgenCB(org.texgenCB), texgenData(org.texgenData) {}
      |     ^
/home/user/dev/FreeCAD/src/3rdParty/coin/include/Inventor/lists/SbList.h:123:40: note: in implicit copy assignment operator for 'SoGLMultiTextureCoordinateElement::GLUnitData' first required here
  123 |     this->itembuffer[this->numitems++] = item;
      |                                        ^
/home/user/dev/FreeCAD/src/3rdParty/coin/src/elements/GL/SoGLMultiTextureCoordinateElement.cpp:74:22: note: in instantiation of member function 'SbList<SoGLMultiTextureCoordinateElement::GLUnitData>::append' requested here
   74 |       this->unitdata.append(SoGLMultiTextureCoordinateElement::GLUnitData());
      |                      ^
2 warnings generated.
In file included from /home/user/dev/FreeCAD/src/3rdParty/coin/src/elements/GL/SoGLProjectionMatrixElement.cpp:43:
In file included from /home/user/dev/FreeCAD/src/3rdParty/coin/src/coindefs.h:47:
/home/user/dev/FreeCAD/build/clang-profile/src/3rdParty/coin/src/config.h:137:9: warning: 'HAVE_FREETYPE' macro redefined [-Wmacro-redefined]
  137 | #define HAVE_FREETYPE
      |         ^
<command line>:9:9: note: previous definition is here
    9 | #define HAVE_FREETYPE 1
      |         ^
/home/user/dev/FreeCAD/src/3rdParty/coin/src/elements/GL/SoGLProjectionMatrixElement.cpp:78:52: warning: unused parameter 'prevTopElement' [-Wunused-parameter]
   78 |                                  const SoElement * prevTopElement)
      |                                                    ^
2 warnings generated.
In file included from /home/user/dev/FreeCAD/src/3rdParty/coin/src/elements/GL/SoGLNormalElement.cpp:46:
/home/user/dev/FreeCAD/build/clang-profile/src/3rdParty/coin/src/config.h:137:9: warning: 'HAVE_FREETYPE' macro redefined [-Wmacro-redefined]
  137 | #define HAVE_FREETYPE
      |         ^
<command line>:9:9: note: previous definition is here
    9 | #define HAVE_FREETYPE 1
      |         ^
1 warning generated.
In file included from /home/user/dev/FreeCAD/src/3rdParty/coin/src/elements/GL/SoGLMultiTextureImageElement.cpp:66:
/home/user/dev/FreeCAD/build/clang-profile/src/3rdParty/coin/src/config.h:137:9: warning: 'HAVE_FREETYPE' macro redefined [-Wmacro-redefined]
  137 | #define HAVE_FREETYPE
      |         ^
<command line>:9:9: note: previous definition is here
    9 | #define HAVE_FREETYPE 1
      |         ^
In file included from /home/user/dev/FreeCAD/src/3rdParty/coin/src/elements/GL/SoGLMultiTextureImageElement.cpp:44:
/home/user/dev/FreeCAD/src/3rdParty/coin/include/Inventor/elements/SoGLMultiTextureImageElement.h:73:3: warning: definition of implicit copy assignment operator for 'GLUnitData' is deprecated because it has a user-provided copy constructor [-Wdeprecated-copy-with-user-provided-copy]
   73 |   GLUnitData(const GLUnitData & org) : glimage(org.glimage) {}
      |   ^
/home/user/dev/FreeCAD/src/3rdParty/coin/include/Inventor/lists/SbList.h:123:40: note: in implicit copy assignment operator for 'SoGLMultiTextureImageElement::GLUnitData' first required here
  123 |     this->itembuffer[this->numitems++] = item;
      |                                        ^
/home/user/dev/FreeCAD/src/3rdParty/coin/src/elements/GL/SoGLMultiTextureImageElement.cpp:80:22: note: in instantiation of member function 'SbList<SoGLMultiTextureImageElement::GLUnitData>::append' requested here
   80 |       this->unitdata.append(SoGLMultiTextureImageElement::GLUnitData());
      |                      ^
2 warnings generated.
In file included from /home/user/dev/FreeCAD/src/3rdParty/coin/src/elements/GL/SoGLUpdateAreaElement.cpp:46:
/home/user/dev/FreeCAD/build/clang-profile/src/3rdParty/coin/src/config.h:137:9: warning: 'HAVE_FREETYPE' macro redefined [-Wmacro-redefined]
  137 | #define HAVE_FREETYPE
      |         ^
<command line>:9:9: note: previous definition is here
    9 | #define HAVE_FREETYPE 1
      |         ^
1 warning generated.
In file included from /home/user/dev/FreeCAD/src/3rdParty/coin/src/elements/GL/SoGLViewingMatrixElement.cpp:46:
In file included from /home/user/dev/FreeCAD/src/3rdParty/coin/src/coindefs.h:47:
/home/user/dev/FreeCAD/build/clang-profile/src/3rdParty/coin/src/config.h:137:9: warning: 'HAVE_FREETYPE' macro redefined [-Wmacro-redefined]
  137 | #define HAVE_FREETYPE
      |         ^
<command line>:9:9: note: previous definition is here
    9 | #define HAVE_FREETYPE 1
      |         ^
1 warning generated.
In file included from /home/user/dev/FreeCAD/src/3rdParty/coin/src/elements/GL/SoGLViewportRegionElement.cpp:47:
/home/user/dev/FreeCAD/build/clang-profile/src/3rdParty/coin/src/config.h:137:9: warning: 'HAVE_FREETYPE' macro redefined [-Wmacro-redefined]
  137 | #define HAVE_FREETYPE
      |         ^
<command line>:9:9: note: previous definition is here
    9 | #define HAVE_FREETYPE 1
      |         ^
In file included from /home/user/dev/FreeCAD/src/3rdParty/coin/src/elements/GL/SoGLViewportRegionElement.cpp:42:
In file included from /home/user/dev/FreeCAD/src/3rdParty/coin/include/Inventor/elements/SoGLViewportRegionElement.h:36:
In file included from /home/user/dev/FreeCAD/src/3rdParty/coin/include/Inventor/elements/SoViewportRegionElement.h:37:
/home/user/dev/FreeCAD/src/3rdParty/coin/include/Inventor/SbViewportRegion.h:45:3: warning: definition of implicit copy assignment operator for 'SbViewportRegion' is deprecated because it has a user-provided copy constructor [-Wdeprecated-copy-with-user-provided-copy]
   45 |   SbViewportRegion(const SbViewportRegion & vpReg);
      |   ^
/home/user/dev/FreeCAD/src/3rdParty/coin/src/elements/GL/SoGLViewportRegionElement.cpp:93:24: note: in implicit copy assignment operator for 'SbViewportRegion' first required here
   93 |   this->viewportRegion = prev->viewportRegion;
      |                        ^
2 warnings generated.
In file included from /home/user/dev/FreeCAD/src/3rdParty/coin/src/elements/GL/SoGLVBOElement.cpp:57:
In file included from /home/user/dev/FreeCAD/src/3rdParty/coin/src/glue/glp.h:41:
/home/user/dev/FreeCAD/build/clang-profile/src/3rdParty/coin/src/config.h:137:9: warning: 'HAVE_FREETYPE' macro redefined [-Wmacro-redefined]
  137 | #define HAVE_FREETYPE
      |         ^
<command line>:9:9: note: previous definition is here
    9 | #define HAVE_FREETYPE 1
      |         ^
1 warning generated.
In file included from /home/user/dev/FreeCAD/src/3rdParty/coin/src/elements/GL/SoResetMatrixElement.cpp:33:
In file included from /home/user/dev/FreeCAD/src/3rdParty/coin/src/coindefs.h:47:
/home/user/dev/FreeCAD/build/clang-profile/src/3rdParty/coin/src/config.h:137:9: warning: 'HAVE_FREETYPE' macro redefined [-Wmacro-redefined]
  137 | #define HAVE_FREETYPE
      |         ^
<command line>:9:9: note: previous definition is here
    9 | #define HAVE_FREETYPE 1
      |         ^
1 warning generated.
In file included from /home/user/dev/FreeCAD/src/3rdParty/coin/src/elements/GL/SoGLShapeHintsElement.cpp:72:
/home/user/dev/FreeCAD/build/clang-profile/src/3rdParty/coin/src/config.h:137:9: warning: 'HAVE_FREETYPE' macro redefined [-Wmacro-redefined]
  137 | #define HAVE_FREETYPE
      |         ^
<command line>:9:9: note: previous definition is here
    9 | #define HAVE_FREETYPE 1
      |         ^
1 warning generated.
In file included from /home/user/dev/FreeCAD/src/3rdParty/coin/src/elements/GL/SoGLDisplayList.cpp:62:
In file included from /home/user/dev/FreeCAD/src/3rdParty/coin/src/glue/glp.h:41:
/home/user/dev/FreeCAD/build/clang-profile/src/3rdParty/coin/src/config.h:137:9: warning: 'HAVE_FREETYPE' macro redefined [-Wmacro-redefined]
  137 | #define HAVE_FREETYPE
      |         ^
<command line>:9:9: note: previous definition is here
    9 | #define HAVE_FREETYPE 1
      |         ^
1 warning generated.
In file included from /home/user/dev/FreeCAD/src/3rdParty/coin/src/elements/GL/SoGLVertexAttributeElement.cpp:53:
In file included from /home/user/dev/FreeCAD/src/3rdParty/coin/src/elements/SoVertexAttributeData.h:38:
In file included from /home/user/dev/FreeCAD/src/3rdParty/coin/src/glue/glp.h:41:
/home/user/dev/FreeCAD/build/clang-profile/src/3rdParty/coin/src/config.h:137:9: warning: 'HAVE_FREETYPE' macro redefined [-Wmacro-redefined]
  137 | #define HAVE_FREETYPE
      |         ^
<command line>:9:9: note: previous definition is here
    9 | #define HAVE_FREETYPE 1
      |         ^
/home/user/dev/FreeCAD/src/3rdParty/coin/src/elements/GL/SoGLVertexAttributeElement.cpp:208:31: warning: unused variable 'coords' [-Wunused-variable]
  208 |   const SoCoordinateElement * coords =
      |                               ^~~~~~
2 warnings generated.
In file included from /home/user/dev/FreeCAD/src/3rdParty/coin/src/engines/SoCalculator.cpp:209:
In file included from /home/user/dev/FreeCAD/src/3rdParty/coin/src/SbBasicP.h:119:
In file included from /home/user/dev/FreeCAD/src/3rdParty/coin/src/coindefs.h:47:
/home/user/dev/FreeCAD/build/clang-profile/src/3rdParty/coin/src/config.h:137:9: warning: 'HAVE_FREETYPE' macro redefined [-Wmacro-redefined]
  137 | #define HAVE_FREETYPE
      |         ^
<command line>:9:9: note: previous definition is here
    9 | #define HAVE_FREETYPE 1
      |         ^
1 warning generated.
In file included from /home/user/dev/FreeCAD/src/3rdParty/coin/src/engines/SoElapsedTime.cpp:67:
In file included from /home/user/dev/FreeCAD/src/3rdParty/coin/src/SbBasicP.h:119:
In file included from /home/user/dev/FreeCAD/src/3rdParty/coin/src/coindefs.h:47:
/home/user/dev/FreeCAD/build/clang-profile/src/3rdParty/coin/src/config.h:137:9: warning: 'HAVE_FREETYPE' macro redefined [-Wmacro-redefined]
  137 | #define HAVE_FREETYPE
      |         ^
<command line>:9:9: note: previous definition is here
    9 | #define HAVE_FREETYPE 1
      |         ^
1 warning generated.
In file included from /home/user/dev/FreeCAD/src/3rdParty/coin/src/engines/SoConcatenate.cpp:65:
In file included from /home/user/dev/FreeCAD/src/3rdParty/coin/src/SbBasicP.h:119:
In file included from /home/user/dev/FreeCAD/src/3rdParty/coin/src/coindefs.h:47:
/home/user/dev/FreeCAD/build/clang-profile/src/3rdParty/coin/src/config.h:137:9: warning: 'HAVE_FREETYPE' macro redefined [-Wmacro-redefined]
  137 | #define HAVE_FREETYPE
      |         ^
<command line>:9:9: note: previous definition is here
    9 | #define HAVE_FREETYPE 1
      |         ^
1 warning generated.
In file included from /home/user/dev/FreeCAD/src/3rdParty/coin/src/engines/SoEngineOutput.cpp:47:
In file included from /home/user/dev/FreeCAD/src/3rdParty/coin/src/SbBasicP.h:119:
In file included from /home/user/dev/FreeCAD/src/3rdParty/coin/src/coindefs.h:47:
/home/user/dev/FreeCAD/build/clang-profile/src/3rdParty/coin/src/config.h:137:9: warning: 'HAVE_FREETYPE' macro redefined [-Wmacro-redefined]
  137 | #define HAVE_FREETYPE
      |         ^
<command line>:9:9: note: previous definition is here
    9 | #define HAVE_FREETYPE 1
      |         ^
1 warning generated.
In file included from /home/user/dev/FreeCAD/src/3rdParty/coin/src/engines/SoFieldConverter.cpp:76:
In file included from /home/user/dev/FreeCAD/src/3rdParty/coin/src/coindefs.h:47:
/home/user/dev/FreeCAD/build/clang-profile/src/3rdParty/coin/src/config.h:137:9: warning: 'HAVE_FREETYPE' macro redefined [-Wmacro-redefined]
  137 | #define HAVE_FREETYPE
      |         ^
<command line>:9:9: note: previous definition is here
    9 | #define HAVE_FREETYPE 1
      |         ^
1 warning generated.
In file included from /home/user/dev/FreeCAD/src/3rdParty/coin/src/engines/SoGate.cpp:65:
In file included from /home/user/dev/FreeCAD/src/3rdParty/coin/src/SbBasicP.h:119:
In file included from /home/user/dev/FreeCAD/src/3rdParty/coin/src/coindefs.h:47:
/home/user/dev/FreeCAD/build/clang-profile/src/3rdParty/coin/src/config.h:137:9: warning: 'HAVE_FREETYPE' macro redefined [-Wmacro-redefined]
  137 | #define HAVE_FREETYPE
      |         ^
<command line>:9:9: note: previous definition is here
    9 | #define HAVE_FREETYPE 1
      |         ^
1 warning generated.
In file included from /home/user/dev/FreeCAD/src/3rdParty/coin/src/engines/SoEngine.cpp:63:
In file included from /home/user/dev/FreeCAD/src/3rdParty/coin/src/SbBasicP.h:119:
In file included from /home/user/dev/FreeCAD/src/3rdParty/coin/src/coindefs.h:47:
/home/user/dev/FreeCAD/build/clang-profile/src/3rdParty/coin/src/config.h:137:9: warning: 'HAVE_FREETYPE' macro redefined [-Wmacro-redefined]
  137 | #define HAVE_FREETYPE
      |         ^
<command line>:9:9: note: previous definition is here
    9 | #define HAVE_FREETYPE 1
      |         ^
/home/user/dev/FreeCAD/src/3rdParty/coin/src/engines/SoEngine.cpp:472:14: warning: unused variable 'dummy' [-Wunused-variable]
  472 |   SoEngine * dummy = coin_assert_cast<SoEngine *>(SoFieldContainer::findCopy(this, TRUE));
      |              ^~~~~
2 warnings generated.
In file included from /home/user/dev/FreeCAD/src/3rdParty/coin/src/engines/SoNodeEngine.cpp:66:
/home/user/dev/FreeCAD/build/clang-profile/src/3rdParty/coin/src/config.h:137:9: warning: 'HAVE_FREETYPE' macro redefined [-Wmacro-redefined]
  137 | #define HAVE_FREETYPE
      |         ^
<command line>:9:9: note: previous definition is here
    9 | #define HAVE_FREETYPE 1
      |         ^
1 warning generated.
In file included from /home/user/dev/FreeCAD/src/3rdParty/coin/src/engines/SoConvertAll.cpp:44:
In file included from /home/user/dev/FreeCAD/src/3rdParty/coin/src/SbBasicP.h:119:
In file included from /home/user/dev/FreeCAD/src/3rdParty/coin/src/coindefs.h:47:
/home/user/dev/FreeCAD/build/clang-profile/src/3rdParty/coin/src/config.h:137:9: warning: 'HAVE_FREETYPE' macro redefined [-Wmacro-redefined]
  137 | #define HAVE_FREETYPE
      |         ^
<command line>:9:9: note: previous definition is here
    9 | #define HAVE_FREETYPE 1
      |         ^
/home/user/dev/FreeCAD/src/3rdParty/coin/src/engines/SoConvertAll.cpp:666:10: warning: unused variable 'nonexist' [-Wunused-variable]
  666 |   SbBool nonexist = convertfunc_dict->put(val, f);
      |          ^~~~~~~~
/home/user/dev/FreeCAD/src/3rdParty/coin/src/engines/SoConvertAll.cpp:1162:31: warning: unused parameter 'type' [-Wunused-parameter]
 1162 | SoConvertAll::getInput(SoType type)
      |                               ^
/home/user/dev/FreeCAD/src/3rdParty/coin/src/engines/SoConvertAll.cpp:1180:32: warning: unused parameter 'type' [-Wunused-parameter]
 1180 | SoConvertAll::getOutput(SoType type)
      |                                ^
4 warnings generated.
In file included from /home/user/dev/FreeCAD/src/3rdParty/coin/src/engines/SoOutputData.cpp:58:
In file included from /home/user/dev/FreeCAD/src/3rdParty/coin/src/coindefs.h:47:
/home/user/dev/FreeCAD/build/clang-profile/src/3rdParty/coin/src/config.h:137:9: warning: 'HAVE_FREETYPE' macro redefined [-Wmacro-redefined]
  137 | #define HAVE_FREETYPE
      |         ^
<command line>:9:9: note: previous definition is here
    9 | #define HAVE_FREETYPE 1
      |         ^
1 warning generated.
In file included from /home/user/dev/FreeCAD/src/3rdParty/coin/src/engines/SoTimeCounter.cpp:115:
In file included from /home/user/dev/FreeCAD/src/3rdParty/coin/src/coindefs.h:47:
/home/user/dev/FreeCAD/build/clang-profile/src/3rdParty/coin/src/config.h:137:9: warning: 'HAVE_FREETYPE' macro redefined [-Wmacro-redefined]
  137 | #define HAVE_FREETYPE
      |         ^
<command line>:9:9: note: previous definition is here
    9 | #define HAVE_FREETYPE 1
      |         ^
1 warning generated.
In file included from /home/user/dev/FreeCAD/src/3rdParty/coin/src/engines/evaluator_tab.c:123:
/home/user/dev/FreeCAD/build/clang-profile/src/3rdParty/coin/src/config.h:137:9: warning: 'HAVE_FREETYPE' macro redefined [-Wmacro-redefined]
  137 | #define HAVE_FREETYPE
      |         ^
<command line>:9:9: note: previous definition is here
    9 | #define HAVE_FREETYPE 1
      |         ^
1 warning generated.
In file included from /home/user/dev/FreeCAD/src/3rdParty/coin/src/errors/debugerror.cpp:38:
/home/user/dev/FreeCAD/build/clang-profile/src/3rdParty/coin/src/config.h:137:9: warning: 'HAVE_FREETYPE' macro redefined [-Wmacro-redefined]
  137 | #define HAVE_FREETYPE
      |         ^
<command line>:9:9: note: previous definition is here
    9 | #define HAVE_FREETYPE 1
      |         ^
1 warning generated.
In file included from /home/user/dev/FreeCAD/src/3rdParty/coin/src/errors/error.cpp:58:
/home/user/dev/FreeCAD/build/clang-profile/src/3rdParty/coin/src/config.h:137:9: warning: 'HAVE_FREETYPE' macro redefined [-Wmacro-redefined]
  137 | #define HAVE_FREETYPE
      |         ^
<command line>:9:9: note: previous definition is here
    9 | #define HAVE_FREETYPE 1
      |         ^
1 warning generated.
In file included from /home/user/dev/FreeCAD/src/3rdParty/coin/src/errors/SoDebugError.cpp:89:
In file included from /home/user/dev/FreeCAD/src/3rdParty/coin/src/coindefs.h:47:
/home/user/dev/FreeCAD/build/clang-profile/src/3rdParty/coin/src/config.h:137:9: warning: 'HAVE_FREETYPE' macro redefined [-Wmacro-redefined]
  137 | #define HAVE_FREETYPE
      |         ^
<command line>:9:9: note: previous definition is here
    9 | #define HAVE_FREETYPE 1
      |         ^
1 warning generated.
In file included from /home/user/dev/FreeCAD/src/3rdParty/coin/src/errors/SoError.cpp:56:
In file included from /home/user/dev/FreeCAD/src/3rdParty/coin/src/coindefs.h:47:
/home/user/dev/FreeCAD/build/clang-profile/src/3rdParty/coin/src/config.h:137:9: warning: 'HAVE_FREETYPE' macro redefined [-Wmacro-redefined]
  137 | #define HAVE_FREETYPE
      |         ^
<command line>:9:9: note: previous definition is here
    9 | #define HAVE_FREETYPE 1
      |         ^
1 warning generated.
In file included from /home/user/dev/FreeCAD/src/3rdParty/coin/src/engines/SoSelectOne.cpp:79:
In file included from /home/user/dev/FreeCAD/src/3rdParty/coin/src/SbBasicP.h:119:
In file included from /home/user/dev/FreeCAD/src/3rdParty/coin/src/coindefs.h:47:
/home/user/dev/FreeCAD/build/clang-profile/src/3rdParty/coin/src/config.h:137:9: warning: 'HAVE_FREETYPE' macro redefined [-Wmacro-redefined]
  137 | #define HAVE_FREETYPE
      |         ^
<command line>:9:9: note: previous definition is here
    9 | #define HAVE_FREETYPE 1
      |         ^
1 warning generated.
In file included from /home/user/dev/FreeCAD/src/3rdParty/coin/src/events/SoKeyboardEvent.cpp:52:
In file included from /home/user/dev/FreeCAD/src/3rdParty/coin/src/SbBasicP.h:119:
In file included from /home/user/dev/FreeCAD/src/3rdParty/coin/src/coindefs.h:47:
/home/user/dev/FreeCAD/build/clang-profile/src/3rdParty/coin/src/config.h:137:9: warning: 'HAVE_FREETYPE' macro redefined [-Wmacro-redefined]
  137 | #define HAVE_FREETYPE
      |         ^
<command line>:9:9: note: previous definition is here
    9 | #define HAVE_FREETYPE 1
      |         ^
1 warning generated.
In file included from /home/user/dev/FreeCAD/src/3rdParty/coin/src/events/SoMouseButtonEvent.cpp:49:
In file included from /home/user/dev/FreeCAD/src/3rdParty/coin/src/SbBasicP.h:119:
In file included from /home/user/dev/FreeCAD/src/3rdParty/coin/src/coindefs.h:47:
/home/user/dev/FreeCAD/build/clang-profile/src/3rdParty/coin/src/config.h:137:9: warning: 'HAVE_FREETYPE' macro redefined [-Wmacro-redefined]
  137 | #define HAVE_FREETYPE
      |         ^
<command line>:9:9: note: previous definition is here
    9 | #define HAVE_FREETYPE 1
      |         ^
1 warning generated.
In file included from /home/user/dev/FreeCAD/src/3rdParty/coin/src/events/SoSpaceballButtonEvent.cpp:49:
In file included from /home/user/dev/FreeCAD/src/3rdParty/coin/src/SbBasicP.h:119:
In file included from /home/user/dev/FreeCAD/src/3rdParty/coin/src/coindefs.h:47:
/home/user/dev/FreeCAD/build/clang-profile/src/3rdParty/coin/src/config.h:137:9: warning: 'HAVE_FREETYPE' macro redefined [-Wmacro-redefined]
  137 | #define HAVE_FREETYPE
      |         ^
<command line>:9:9: note: previous definition is here
    9 | #define HAVE_FREETYPE 1
      |         ^
1 warning generated.
In file included from /home/user/dev/FreeCAD/src/3rdParty/coin/src/fields/SoFieldData.cpp:82:
In file included from /home/user/dev/FreeCAD/src/3rdParty/coin/src/threads/threadsutilp.h:41:
/home/user/dev/FreeCAD/build/clang-profile/src/3rdParty/coin/src/config.h:137:9: warning: 'HAVE_FREETYPE' macro redefined [-Wmacro-redefined]
  137 | #define HAVE_FREETYPE
      |         ^
<command line>:9:9: note: previous definition is here
    9 | #define HAVE_FREETYPE 1
      |         ^
1 warning generated.
In file included from /home/user/dev/FreeCAD/src/3rdParty/coin/src/fields/SoMFEngine.cpp:62:
In file included from /home/user/dev/FreeCAD/src/3rdParty/coin/src/SbBasicP.h:119:
In file included from /home/user/dev/FreeCAD/src/3rdParty/coin/src/coindefs.h:47:
/home/user/dev/FreeCAD/build/clang-profile/src/3rdParty/coin/src/config.h:137:9: warning: 'HAVE_FREETYPE' macro redefined [-Wmacro-redefined]
  137 | #define HAVE_FREETYPE
      |         ^
<command line>:9:9: note: previous definition is here
    9 | #define HAVE_FREETYPE 1
      |         ^
1 warning generated.
In file included from /home/user/dev/FreeCAD/src/3rdParty/coin/src/fields/SoFieldContainer.cpp:57:
/home/user/dev/FreeCAD/build/clang-profile/src/3rdParty/coin/src/config.h:137:9: warning: 'HAVE_FREETYPE' macro redefined [-Wmacro-redefined]
  137 | #define HAVE_FREETYPE
      |         ^
<command line>:9:9: note: previous definition is here
    9 | #define HAVE_FREETYPE 1
      |         ^
/home/user/dev/FreeCAD/src/3rdParty/coin/src/fields/SoFieldContainer.cpp:879:10: warning: variable 's' set but not used [-Wunused-but-set-variable]
  879 |   SbBool s = copiedinstances->put(orig, copy);
      |          ^
/home/user/dev/FreeCAD/src/3rdParty/coin/src/fields/SoFieldContainer.cpp:988:12: warning: variable 'chk' set but not used [-Wunused-but-set-variable]
  988 |     SbBool chk = contentscopied->get(orig, copied);
      |            ^
/home/user/dev/FreeCAD/src/3rdParty/coin/src/fields/SoFieldContainer.cpp:940:29: warning: unused variable 'copiedinstances' [-Wunused-variable]
  940 |   SoFieldContainerCopyMap * copiedinstances = (*(copydict->copiedinstancestack))[0];
      |                             ^~~~~~~~~~~~~~~
/home/user/dev/FreeCAD/src/3rdParty/coin/src/fields/SoFieldContainer.cpp:1099:14: warning: unused variable 'sftype' [-Wunused-variable]
 1099 |       SoType sftype = sfield->getTypeId();
      |              ^~~~~~
5 warnings generated.
In file included from /home/user/dev/FreeCAD/src/3rdParty/coin/src/fields/SoField.cpp:131:
/home/user/dev/FreeCAD/build/clang-profile/src/3rdParty/coin/src/config.h:137:9: warning: 'HAVE_FREETYPE' macro redefined [-Wmacro-redefined]
  137 | #define HAVE_FREETYPE
      |         ^
<command line>:9:9: note: previous definition is here
    9 | #define HAVE_FREETYPE 1
      |         ^
/home/user/dev/FreeCAD/src/3rdParty/coin/src/fields/SoField.cpp:233:12: warning: unused variable 'ok' [-Wunused-variable]
  233 |     size_t ok = this->maptoconverter.erase(item);
      |            ^~
/home/user/dev/FreeCAD/src/3rdParty/coin/src/fields/SoField.cpp:430:12: warning: unused variable 'isok' [-Wunused-variable]
  430 |     size_t isok = SoFieldP::ptrhash->erase(static_cast<char *>(bufptr));
      |            ^~~~
/home/user/dev/FreeCAD/src/3rdParty/coin/src/fields/SoField.cpp:414:10: warning: unused variable 'ok' [-Wunused-variable]
  414 |   SbBool ok = SoFieldP::ptrhash->get(static_cast<char *>(bufptr), bufptrptr);
      |          ^~
In file included from /home/user/dev/FreeCAD/src/3rdParty/coin/src/fields/SoField.cpp:134:
In file included from /home/user/dev/FreeCAD/src/3rdParty/coin/src/engines/SoConvertAll.h:41:
In file included from /home/user/dev/FreeCAD/src/3rdParty/coin/include/Inventor/engines/SoEngineOutput.h:37:
/home/user/dev/FreeCAD/src/3rdParty/coin/include/Inventor/lists/SoFieldList.h:44:3: warning: definition of implicit copy assignment operator for 'SoFieldList' is deprecated because it has a user-provided copy constructor [-Wdeprecated-copy-with-user-provided-copy]
   44 |   SoFieldList(const SoFieldList & l) : SbPList(l) { }
      |   ^
/home/user/dev/FreeCAD/src/3rdParty/coin/src/fields/SoField.cpp:1187:14: note: in implicit copy assignment operator for 'SoFieldList' first required here
 1187 |   masterlist = this->storage->masterfields;
      |              ^
/home/user/dev/FreeCAD/src/3rdParty/coin/src/fields/SoField.cpp:1382:10: warning: unused variable 'ok' [-Wunused-variable]
 1382 |   SbBool ok = SoFieldP::getReallocHash()->put(initbuffer, &bufferptr);
      |          ^~
/home/user/dev/FreeCAD/src/3rdParty/coin/src/fields/SoField.cpp:1409:10: warning: unused variable 'isok' [-Wunused-variable]
 1409 |   size_t isok = SoFieldP::getReallocHash()->erase(bufferptr ? bufferptr : initbuffer);
      |          ^~~~
/home/user/dev/FreeCAD/src/3rdParty/coin/src/fields/SoField.cpp:2450:12: warning: unused variable 'ok' [-Wunused-variable]
 2450 |     SbBool ok = fc->getFieldName(fieldmaster, mastername);
      |            ^~
/home/user/dev/FreeCAD/src/3rdParty/coin/src/fields/SoField.cpp:2457:12: warning: unused variable 'ok' [-Wunused-variable]
 2457 |     SbBool ok =
      |            ^~
9 warnings generated.
In file included from /home/user/dev/FreeCAD/src/3rdParty/coin/src/fields/SoMFNode.cpp:64:
In file included from /home/user/dev/FreeCAD/src/3rdParty/coin/src/SbBasicP.h:119:
In file included from /home/user/dev/FreeCAD/src/3rdParty/coin/src/coindefs.h:47:
/home/user/dev/FreeCAD/build/clang-profile/src/3rdParty/coin/src/config.h:137:9: warning: 'HAVE_FREETYPE' macro redefined [-Wmacro-redefined]
  137 | #define HAVE_FREETYPE
      |         ^
<command line>:9:9: note: previous definition is here
    9 | #define HAVE_FREETYPE 1
      |         ^
1 warning generated.
In file included from /home/user/dev/FreeCAD/src/3rdParty/coin/src/fields/SoMFPath.cpp:63:
In file included from /home/user/dev/FreeCAD/src/3rdParty/coin/src/coindefs.h:47:
/home/user/dev/FreeCAD/build/clang-profile/src/3rdParty/coin/src/config.h:137:9: warning: 'HAVE_FREETYPE' macro redefined [-Wmacro-redefined]
  137 | #define HAVE_FREETYPE
      |         ^
<command line>:9:9: note: previous definition is here
    9 | #define HAVE_FREETYPE 1
      |         ^
1 warning generated.
In file included from /home/user/dev/FreeCAD/src/3rdParty/coin/src/fields/SoMField.cpp:256:
In file included from /home/user/dev/FreeCAD/src/3rdParty/coin/src/threads/threadsutilp.h:41:
/home/user/dev/FreeCAD/build/clang-profile/src/3rdParty/coin/src/config.h:137:9: warning: 'HAVE_FREETYPE' macro redefined [-Wmacro-redefined]
  137 | #define HAVE_FREETYPE
      |         ^
<command line>:9:9: note: previous definition is here
    9 | #define HAVE_FREETYPE 1
      |         ^
/home/user/dev/FreeCAD/src/3rdParty/coin/src/fields/SoMField.cpp:691:7: warning: unused variable 'end' [-Wunused-variable]
  691 |   int end = start + numarg; // First element behind the delete block.
      |       ^~~
2 warnings generated.
In file included from /home/user/dev/FreeCAD/src/3rdParty/coin/src/fields/SoSFEngine.cpp:65:
In file included from /home/user/dev/FreeCAD/src/3rdParty/coin/src/SbBasicP.h:119:
In file included from /home/user/dev/FreeCAD/src/3rdParty/coin/src/coindefs.h:47:
/home/user/dev/FreeCAD/build/clang-profile/src/3rdParty/coin/src/config.h:137:9: warning: 'HAVE_FREETYPE' macro redefined [-Wmacro-redefined]
  137 | #define HAVE_FREETYPE
      |         ^
<command line>:9:9: note: previous definition is here
    9 | #define HAVE_FREETYPE 1
      |         ^
1 warning generated.
In file included from /home/user/dev/FreeCAD/src/3rdParty/coin/src/fields/SoSFNode.cpp:66:
In file included from /home/user/dev/FreeCAD/src/3rdParty/coin/src/SbBasicP.h:119:
In file included from /home/user/dev/FreeCAD/src/3rdParty/coin/src/coindefs.h:47:
/home/user/dev/FreeCAD/build/clang-profile/src/3rdParty/coin/src/config.h:137:9: warning: 'HAVE_FREETYPE' macro redefined [-Wmacro-redefined]
  137 | #define HAVE_FREETYPE
      |         ^
<command line>:9:9: note: previous definition is here
    9 | #define HAVE_FREETYPE 1
      |         ^
1 warning generated.
In file included from /home/user/dev/FreeCAD/src/3rdParty/coin/src/fields/SoSFPath.cpp:67:
In file included from /home/user/dev/FreeCAD/src/3rdParty/coin/src/coindefs.h:47:
/home/user/dev/FreeCAD/build/clang-profile/src/3rdParty/coin/src/config.h:137:9: warning: 'HAVE_FREETYPE' macro redefined [-Wmacro-redefined]
  137 | #define HAVE_FREETYPE
      |         ^
<command line>:9:9: note: previous definition is here
    9 | #define HAVE_FREETYPE 1
      |         ^
1 warning generated.
In file included from /home/user/dev/FreeCAD/src/3rdParty/coin/src/fields/SoSFImage.cpp:120:
In file included from /home/user/dev/FreeCAD/src/3rdParty/coin/src/coindefs.h:47:
/home/user/dev/FreeCAD/build/clang-profile/src/3rdParty/coin/src/config.h:137:9: warning: 'HAVE_FREETYPE' macro redefined [-Wmacro-redefined]
  137 | #define HAVE_FREETYPE
      |         ^
<command line>:9:9: note: previous definition is here
    9 | #define HAVE_FREETYPE 1
      |         ^
1 warning generated.
In file included from /home/user/dev/FreeCAD/src/3rdParty/coin/src/fields/SoSFTrigger.cpp:52:
In file included from /home/user/dev/FreeCAD/src/3rdParty/coin/src/coindefs.h:47:
/home/user/dev/FreeCAD/build/clang-profile/src/3rdParty/coin/src/config.h:137:9: warning: 'HAVE_FREETYPE' macro redefined [-Wmacro-redefined]
  137 | #define HAVE_FREETYPE
      |         ^
<command line>:9:9: note: previous definition is here
    9 | #define HAVE_FREETYPE 1
      |         ^
1 warning generated.
In file included from /home/user/dev/FreeCAD/src/3rdParty/coin/src/fields/SoGlobalField.cpp:66:
In file included from /home/user/dev/FreeCAD/src/3rdParty/coin/src/coindefs.h:47:
/home/user/dev/FreeCAD/build/clang-profile/src/3rdParty/coin/src/config.h:137:9: warning: 'HAVE_FREETYPE' macro redefined [-Wmacro-redefined]
  137 | #define HAVE_FREETYPE
      |         ^
<command line>:9:9: note: previous definition is here
    9 | #define HAVE_FREETYPE 1
      |         ^
1 warning generated.
In file included from /home/user/dev/FreeCAD/src/3rdParty/coin/src/fonts/win32.cpp:33:
In file included from /home/user/dev/FreeCAD/src/3rdParty/coin/src/coindefs.h:47:
/home/user/dev/FreeCAD/build/clang-profile/src/3rdParty/coin/src/config.h:137:9: warning: 'HAVE_FREETYPE' macro redefined [-Wmacro-redefined]
  137 | #define HAVE_FREETYPE
      |         ^
<command line>:9:9: note: previous definition is here
    9 | #define HAVE_FREETYPE 1
      |         ^
1 warning generated.
In file included from /home/user/dev/FreeCAD/src/3rdParty/coin/src/fonts/fontlib_wrapper.cpp:35:
In file included from /home/user/dev/FreeCAD/src/3rdParty/coin/src/coindefs.h:47:
/home/user/dev/FreeCAD/build/clang-profile/src/3rdParty/coin/src/config.h:137:9: warning: 'HAVE_FREETYPE' macro redefined [-Wmacro-redefined]
  137 | #define HAVE_FREETYPE
      |         ^
<command line>:9:9: note: previous definition is here
    9 | #define HAVE_FREETYPE 1
      |         ^
1 warning generated.
In file included from /home/user/dev/FreeCAD/src/3rdParty/coin/src/fonts/fontspec.cpp:37:
In file included from /home/user/dev/FreeCAD/src/3rdParty/coin/src/glue/freetype.h:41:
/home/user/dev/FreeCAD/build/clang-profile/src/3rdParty/coin/src/config.h:137:9: warning: 'HAVE_FREETYPE' macro redefined [-Wmacro-redefined]
  137 | #define HAVE_FREETYPE
      |         ^
<command line>:9:9: note: previous definition is here
    9 | #define HAVE_FREETYPE 1
      |         ^
1 warning generated.
In file included from /home/user/dev/FreeCAD/src/3rdParty/coin/src/fonts/coretext.cpp:36:
/home/user/dev/FreeCAD/build/clang-profile/src/3rdParty/coin/src/config.h:137:9: warning: 'HAVE_FREETYPE' macro redefined [-Wmacro-redefined]
  137 | #define HAVE_FREETYPE
      |         ^
<command line>:9:9: note: previous definition is here
    9 | #define HAVE_FREETYPE 1
      |         ^
1 warning generated.
In file included from /home/user/dev/FreeCAD/src/3rdParty/coin/src/fonts/glyph.cpp:47:
In file included from /home/user/dev/FreeCAD/src/3rdParty/coin/src/coindefs.h:47:
/home/user/dev/FreeCAD/build/clang-profile/src/3rdParty/coin/src/config.h:137:9: warning: 'HAVE_FREETYPE' macro redefined [-Wmacro-redefined]
  137 | #define HAVE_FREETYPE
      |         ^
<command line>:9:9: note: previous definition is here
    9 | #define HAVE_FREETYPE 1
      |         ^
/home/user/dev/FreeCAD/src/3rdParty/coin/src/fonts/glyph.cpp:59:7: warning: variable 'ret' set but not used [-Wunused-but-set-variable]
   59 |   int ret;
      |       ^
2 warnings generated.
In file included from /home/user/dev/FreeCAD/src/3rdParty/coin/src/fonts/freetype.cpp:44:
In file included from /home/user/dev/FreeCAD/src/3rdParty/coin/src/coindefs.h:47:
/home/user/dev/FreeCAD/build/clang-profile/src/3rdParty/coin/src/config.h:137:9: warning: 'HAVE_FREETYPE' macro redefined [-Wmacro-redefined]
  137 | #define HAVE_FREETYPE
      |         ^
<command line>:9:9: note: previous definition is here
    9 | #define HAVE_FREETYPE 1
      |         ^
/home/user/dev/FreeCAD/src/3rdParty/coin/src/fonts/freetype.cpp:397:21: warning: variable 'unused' set but not used [-Wunused-but-set-variable]
  397 |       SbBool found, unused;
      |                     ^
/home/user/dev/FreeCAD/src/3rdParty/coin/src/fonts/freetype.cpp:819:12: warning: variable 'error' set but not used [-Wunused-but-set-variable]
  819 |   FT_Error error;
      |            ^
3 warnings generated.
In file included from /home/user/dev/FreeCAD/src/3rdParty/coin/src/fonts/glyph2d.cpp:42:
In file included from /home/user/dev/FreeCAD/src/3rdParty/coin/src/threads/threadsutilp.h:41:
/home/user/dev/FreeCAD/build/clang-profile/src/3rdParty/coin/src/config.h:137:9: warning: 'HAVE_FREETYPE' macro redefined [-Wmacro-redefined]
  137 | #define HAVE_FREETYPE
      |         ^
<command line>:9:9: note: previous definition is here
    9 | #define HAVE_FREETYPE 1
      |         ^
1 warning generated.
In file included from /home/user/dev/FreeCAD/src/3rdParty/coin/src/fonts/glyph3d.cpp:46:
In file included from /home/user/dev/FreeCAD/src/3rdParty/coin/src/threads/threadsutilp.h:41:
/home/user/dev/FreeCAD/build/clang-profile/src/3rdParty/coin/src/config.h:137:9: warning: 'HAVE_FREETYPE' macro redefined [-Wmacro-redefined]
  137 | #define HAVE_FREETYPE
      |         ^
<command line>:9:9: note: previous definition is here
    9 | #define HAVE_FREETYPE 1
      |         ^
1 warning generated.
In file included from /home/user/dev/FreeCAD/src/3rdParty/coin/src/glue/spidermonkey.cpp:34:
/home/user/dev/FreeCAD/build/clang-profile/src/3rdParty/coin/src/config.h:137:9: warning: 'HAVE_FREETYPE' macro redefined [-Wmacro-redefined]
  137 | #define HAVE_FREETYPE
      |         ^
<command line>:9:9: note: previous definition is here
    9 | #define HAVE_FREETYPE 1
      |         ^
1 warning generated.
In file included from /home/user/dev/FreeCAD/src/3rdParty/coin/src/glue/cg.cpp:33:
In file included from /home/user/dev/FreeCAD/src/3rdParty/coin/src/glue/cg.h:41:
/home/user/dev/FreeCAD/build/clang-profile/src/3rdParty/coin/src/config.h:137:9: warning: 'HAVE_FREETYPE' macro redefined [-Wmacro-redefined]
  137 | #define HAVE_FREETYPE
      |         ^
<command line>:9:9: note: previous definition is here
    9 | #define HAVE_FREETYPE 1
      |         ^
1 warning generated.
In file included from /home/user/dev/FreeCAD/src/3rdParty/coin/src/fields/shared.cpp:89:
In file included from /home/user/dev/FreeCAD/src/3rdParty/coin/src/SbBasicP.h:119:
In file included from /home/user/dev/FreeCAD/src/3rdParty/coin/src/coindefs.h:47:
/home/user/dev/FreeCAD/build/clang-profile/src/3rdParty/coin/src/config.h:137:9: warning: 'HAVE_FREETYPE' macro redefined [-Wmacro-redefined]
  137 | #define HAVE_FREETYPE
      |         ^
<command line>:9:9: note: previous definition is here
    9 | #define HAVE_FREETYPE 1
      |         ^
1 warning generated.
In file included from /home/user/dev/FreeCAD/src/3rdParty/coin/src/glue/dl.cpp:107:
/home/user/dev/FreeCAD/build/clang-profile/src/3rdParty/coin/src/config.h:137:9: warning: 'HAVE_FREETYPE' macro redefined [-Wmacro-redefined]
  137 | #define HAVE_FREETYPE
      |         ^
<command line>:9:9: note: previous definition is here
    9 | #define HAVE_FREETYPE 1
      |         ^
/home/user/dev/FreeCAD/src/3rdParty/coin/src/glue/dl.cpp:1015:16: warning: equality comparison between function pointer and void pointer ('void *' and 'cc_libhandle (*)(const char *)' (aka 'cc_libhandle_struct *(*)(const char *)')) [-Wpedantic]
 1015 |       if (func == cc_dl_open) { return hnd; }
      |           ~~~~ ^  ~~~~~~~~~~
/home/user/dev/FreeCAD/src/3rdParty/coin/src/glue/dl.cpp:1059:16: warning: equality comparison between function pointer and void pointer ('void *' and 'const GLubyte *(*)(GLenum)' (aka 'const unsigned char *(*)(unsigned int)')) [-Wpedantic]
 1059 |       if (func == glGetString) { return hnd; }
      |           ~~~~ ^  ~~~~~~~~~~~
3 warnings generated.
In file included from /home/user/dev/FreeCAD/src/3rdParty/coin/src/glue/gl_wgl.cpp:34:
In file included from /home/user/dev/FreeCAD/src/3rdParty/coin/src/coindefs.h:47:
/home/user/dev/FreeCAD/build/clang-profile/src/3rdParty/coin/src/config.h:137:9: warning: 'HAVE_FREETYPE' macro redefined [-Wmacro-redefined]
  137 | #define HAVE_FREETYPE
      |         ^
<command line>:9:9: note: previous definition is here
    9 | #define HAVE_FREETYPE 1
      |         ^
1 warning generated.
In file included from /home/user/dev/FreeCAD/src/3rdParty/coin/src/glue/gl_cgl.cpp:41:
In file included from /home/user/dev/FreeCAD/src/3rdParty/coin/src/coindefs.h:47:
/home/user/dev/FreeCAD/build/clang-profile/src/3rdParty/coin/src/config.h:137:9: warning: 'HAVE_FREETYPE' macro redefined [-Wmacro-redefined]
  137 | #define HAVE_FREETYPE
      |         ^
<command line>:9:9: note: previous definition is here
    9 | #define HAVE_FREETYPE 1
      |         ^
1 warning generated.
In file included from /home/user/dev/FreeCAD/src/3rdParty/coin/src/glue/gl_agl.cpp:41:
In file included from /home/user/dev/FreeCAD/src/3rdParty/coin/src/coindefs.h:47:
/home/user/dev/FreeCAD/build/clang-profile/src/3rdParty/coin/src/config.h:137:9: warning: 'HAVE_FREETYPE' macro redefined [-Wmacro-redefined]
  137 | #define HAVE_FREETYPE
      |         ^
<command line>:9:9: note: previous definition is here
    9 | #define HAVE_FREETYPE 1
      |         ^
1 warning generated.
In file included from /home/user/dev/FreeCAD/src/3rdParty/coin/src/glue/win32api.cpp:39:
/home/user/dev/FreeCAD/build/clang-profile/src/3rdParty/coin/src/config.h:137:9: warning: 'HAVE_FREETYPE' macro redefined [-Wmacro-redefined]
  137 | #define HAVE_FREETYPE
      |         ^
<command line>:9:9: note: previous definition is here
    9 | #define HAVE_FREETYPE 1
      |         ^
1 warning generated.
In file included from /home/user/dev/FreeCAD/src/3rdParty/coin/src/glue/gl_egl.cpp:41:
In file included from /home/user/dev/FreeCAD/src/3rdParty/coin/src/coindefs.h:47:
/home/user/dev/FreeCAD/build/clang-profile/src/3rdParty/coin/src/config.h:137:9: warning: 'HAVE_FREETYPE' macro redefined [-Wmacro-redefined]
  137 | #define HAVE_FREETYPE
      |         ^
<command line>:9:9: note: previous definition is here
    9 | #define HAVE_FREETYPE 1
      |         ^
/home/user/dev/FreeCAD/src/3rdParty/coin/src/glue/gl_egl.cpp:684:7: warning: unused variable 'returnval' [-Wunused-variable]
  684 |   int returnval, attribval, i;
      |       ^~~~~~~~~
/home/user/dev/FreeCAD/src/3rdParty/coin/src/glue/gl_egl.cpp:712:42: warning: unused parameter 'glue_in' [-Wunused-parameter]
  712 | eglglue_getprocaddress(const cc_glglue * glue_in, const char * fname)
      |                                          ^
3 warnings generated.
In file included from /home/user/dev/FreeCAD/src/3rdParty/coin/src/glue/GLUWrapper.cpp:33:
In file included from /home/user/dev/FreeCAD/src/3rdParty/coin/src/glue/GLUWrapper.h:41:
/home/user/dev/FreeCAD/build/clang-profile/src/3rdParty/coin/src/config.h:137:9: warning: 'HAVE_FREETYPE' macro redefined [-Wmacro-redefined]
  137 | #define HAVE_FREETYPE
      |         ^
<command line>:9:9: note: previous definition is here
    9 | #define HAVE_FREETYPE 1
      |         ^
1 warning generated.
In file included from /home/user/dev/FreeCAD/src/3rdParty/coin/src/glue/gl_glx.cpp:49:
/home/user/dev/FreeCAD/build/clang-profile/src/3rdParty/coin/src/config.h:137:9: warning: 'HAVE_FREETYPE' macro redefined [-Wmacro-redefined]
  137 | #define HAVE_FREETYPE
      |         ^
<command line>:9:9: note: previous definition is here
    9 | #define HAVE_FREETYPE 1
      |         ^
/home/user/dev/FreeCAD/src/3rdParty/coin/src/glue/gl_glx.cpp:599:9: warning: unused variable 'arraysize' [-Wunused-variable]
  599 |     int arraysize = glxglue_build_GL_attrs(attrs, trynum);
      |         ^~~~~~~~~
2 warnings generated.
In file included from /home/user/dev/FreeCAD/src/3rdParty/coin/src/glue/simage_wrapper.cpp:41:
/home/user/dev/FreeCAD/build/clang-profile/src/3rdParty/coin/src/config.h:137:9: warning: 'HAVE_FREETYPE' macro redefined [-Wmacro-redefined]
  137 | #define HAVE_FREETYPE
      |         ^
<command line>:9:9: note: previous definition is here
    9 | #define HAVE_FREETYPE 1
      |         ^
/home/user/dev/FreeCAD/src/3rdParty/coin/src/glue/simage_wrapper.cpp:170:1: warning: unused function 'simage_wrapper_resize3d' [-Wunused-function]
  170 | simage_wrapper_resize3d(unsigned char * COIN_UNUSED_ARG(imagedata),
      | ^~~~~~~~~~~~~~~~~~~~~~~
/home/user/dev/FreeCAD/src/3rdParty/coin/src/glue/simage_wrapper.cpp:182:1: warning: unused function 'simage_wrapper_s_params_create' [-Wunused-function]
  182 | simage_wrapper_s_params_create(void)
      | ^~~~~~~~~~~~~~~~~~~~~~~~~~~~~~
/home/user/dev/FreeCAD/src/3rdParty/coin/src/glue/simage_wrapper.cpp:188:1: warning: unused function 'simage_wrapper_s_params_destroy' [-Wunused-function]
  188 | simage_wrapper_s_params_destroy(s_params * COIN_UNUSED_ARG(params))
      | ^~~~~~~~~~~~~~~~~~~~~~~~~~~~~~~
/home/user/dev/FreeCAD/src/3rdParty/coin/src/glue/simage_wrapper.cpp:194:1: warning: unused function 'simage_wrapper_s_params_set' [-Wunused-function]
  194 | simage_wrapper_s_params_set(s_params * COIN_UNUSED_ARG(params), ...)
      | ^~~~~~~~~~~~~~~~~~~~~~~~~~~
/home/user/dev/FreeCAD/src/3rdParty/coin/src/glue/simage_wrapper.cpp:200:1: warning: unused function 'simage_wrapper_s_params_get' [-Wunused-function]
  200 | simage_wrapper_s_params_get(s_params * COIN_UNUSED_ARG(params), ...)
      | ^~~~~~~~~~~~~~~~~~~~~~~~~~~
/home/user/dev/FreeCAD/src/3rdParty/coin/src/glue/simage_wrapper.cpp:206:1: warning: unused function 'simage_wrapper_s_stream_open' [-Wunused-function]
  206 | simage_wrapper_s_stream_open(const char * COIN_UNUSED_ARG(filename),
      | ^~~~~~~~~~~~~~~~~~~~~~~~~~~~
/home/user/dev/FreeCAD/src/3rdParty/coin/src/glue/simage_wrapper.cpp:213:1: warning: unused function 'simage_wrapper_s_stream_create' [-Wunused-function]
  213 | simage_wrapper_s_stream_create(const char * COIN_UNUSED_ARG(filename),
      | ^~~~~~~~~~~~~~~~~~~~~~~~~~~~~~
/home/user/dev/FreeCAD/src/3rdParty/coin/src/glue/simage_wrapper.cpp:220:1: warning: unused function 'simage_wrapper_s_stream_get_buffer' [-Wunused-function]
  220 | simage_wrapper_s_stream_get_buffer(s_stream * COIN_UNUSED_ARG(stream),
      | ^~~~~~~~~~~~~~~~~~~~~~~~~~~~~~~~~~
/home/user/dev/FreeCAD/src/3rdParty/coin/src/glue/simage_wrapper.cpp:229:1: warning: unused function 'simage_wrapper_s_stream_put_buffer' [-Wunused-function]
  229 | simage_wrapper_s_stream_put_buffer(s_stream * COIN_UNUSED_ARG(stream), void * COIN_UNUSED_ARG(buffer),
      | ^~~~~~~~~~~~~~~~~~~~~~~~~~~~~~~~~~
/home/user/dev/FreeCAD/src/3rdParty/coin/src/glue/simage_wrapper.cpp:236:1: warning: unused function 'simage_wrapper_s_stream_close' [-Wunused-function]
  236 | simage_wrapper_s_stream_close(s_stream * COIN_UNUSED_ARG(stream))
      | ^~~~~~~~~~~~~~~~~~~~~~~~~~~~~
/home/user/dev/FreeCAD/src/3rdParty/coin/src/glue/simage_wrapper.cpp:242:1: warning: unused function 'simage_wrapper_s_stream_destroy' [-Wunused-function]
  242 | simage_wrapper_s_stream_destroy(s_stream * COIN_UNUSED_ARG(stream))
      | ^~~~~~~~~~~~~~~~~~~~~~~~~~~~~~~
/home/user/dev/FreeCAD/src/3rdParty/coin/src/glue/simage_wrapper.cpp:248:1: warning: unused function 'simage_wrapper_s_stream_params' [-Wunused-function]
  248 | simage_wrapper_s_stream_params(s_stream * COIN_UNUSED_ARG(stream))
      | ^~~~~~~~~~~~~~~~~~~~~~~~~~~~~~
13 warnings generated.
In file included from /home/user/dev/FreeCAD/src/3rdParty/coin/src/glue/openal_wrapper.cpp:33:
In file included from /home/user/dev/FreeCAD/src/3rdParty/coin/src/glue/openal_wrapper.h:41:
/home/user/dev/FreeCAD/build/clang-profile/src/3rdParty/coin/src/config.h:137:9: warning: 'HAVE_FREETYPE' macro redefined [-Wmacro-redefined]
  137 | #define HAVE_FREETYPE
      |         ^
<command line>:9:9: note: previous definition is here
    9 | #define HAVE_FREETYPE 1
      |         ^
1 warning generated.
In file included from /home/user/dev/FreeCAD/src/3rdParty/coin/src/glue/zlib.cpp:34:
/home/user/dev/FreeCAD/build/clang-profile/src/3rdParty/coin/src/config.h:137:9: warning: 'HAVE_FREETYPE' macro redefined [-Wmacro-redefined]
  137 | #define HAVE_FREETYPE
      |         ^
<command line>:9:9: note: previous definition is here
    9 | #define HAVE_FREETYPE 1
      |         ^
1 warning generated.
In file included from /home/user/dev/FreeCAD/src/3rdParty/coin/src/glue/bzip2.cpp:36:
/home/user/dev/FreeCAD/build/clang-profile/src/3rdParty/coin/src/config.h:137:9: warning: 'HAVE_FREETYPE' macro redefined [-Wmacro-redefined]
  137 | #define HAVE_FREETYPE
      |         ^
<command line>:9:9: note: previous definition is here
    9 | #define HAVE_FREETYPE 1
      |         ^
1 warning generated.
In file included from /home/user/dev/FreeCAD/src/3rdParty/coin/src/glue/gl.cpp:193:
/home/user/dev/FreeCAD/build/clang-profile/src/3rdParty/coin/src/config.h:137:9: warning: 'HAVE_FREETYPE' macro redefined [-Wmacro-redefined]
  137 | #define HAVE_FREETYPE
      |         ^
<command line>:9:9: note: previous definition is here
    9 | #define HAVE_FREETYPE 1
      |         ^
/home/user/dev/FreeCAD/src/3rdParty/coin/src/glue/gl.cpp:2233:20: warning: unused variable 'current_ctx' [-Wunused-variable]
 2233 |       const void * current_ctx = coin_gl_current_context();
      |                    ^~~~~~~~~~~
/home/user/dev/FreeCAD/src/3rdParty/coin/src/glue/gl.cpp:306:12: warning: unused variable 'COIN_USE_AGL' [-Wunused-variable]
  306 | static int COIN_USE_AGL = -1;
      |            ^~~~~~~~~~~~
3 warnings generated.
In file included from /home/user/dev/FreeCAD/src/3rdParty/coin/src/glue/freetype.cpp:34:
/home/user/dev/FreeCAD/build/clang-profile/src/3rdParty/coin/src/config.h:137:9: warning: 'HAVE_FREETYPE' macro redefined [-Wmacro-redefined]
  137 | #define HAVE_FREETYPE
      |         ^
<command line>:9:9: note: previous definition is here
    9 | #define HAVE_FREETYPE 1
      |         ^
/home/user/dev/FreeCAD/src/3rdParty/coin/src/glue/freetype.cpp:420:7: warning: cast from 'FT_Error (*)(FT_Glyph *, FT_Render_Mode, const FT_Vector *, FT_Bool)' (aka 'int (*)(FT_GlyphRec_ **, FT_Render_Mode_, const FT_Vector_ *, unsigned char)') to 'cc_ftglue_FT_Glyph_To_Bitmap_t' (aka 'int (*)(FT_GlyphRec_ **, int, FT_Vector_ *, int)') converts to incompatible function type [-Wcast-function-type-mismatch]
  420 |       FTGLUE_REGISTER_FUNC(cc_ftglue_FT_Glyph_To_Bitmap_t, FT_Glyph_To_Bitmap); 
      |       ^~~~~~~~~~~~~~~~~~~~~~~~~~~~~~~~~~~~~~~~~~~~~~~~~~~~~~~~~~~~~~~~~~~~~~~~
/home/user/dev/FreeCAD/src/3rdParty/coin/src/glue/freetype.cpp:386:22: note: expanded from macro 'FTGLUE_REGISTER_FUNC'
  386 |     fi->_funcname_ = (_funcsig_)_funcname_
      |                      ^~~~~~~~~~~~~~~~~~~~~
/home/user/dev/FreeCAD/src/3rdParty/coin/src/glue/freetype.cpp:450:12: warning: variable 'err' set but not used [-Wunused-but-set-variable]
  450 |   FT_Error err;
      |            ^
/home/user/dev/FreeCAD/src/3rdParty/coin/src/glue/freetype.cpp:138:21: warning: unused variable 'freetype_libhandle' [-Wunused-variable]
  138 | static cc_libhandle freetype_libhandle = NULL;
      |                     ^~~~~~~~~~~~~~~~~~
4 warnings generated.
In file included from /home/user/dev/FreeCAD/src/3rdParty/coin/src/glue/normalization_cubemap.cpp:37:
/home/user/dev/FreeCAD/build/clang-profile/src/3rdParty/coin/src/config.h:137:9: warning: 'HAVE_FREETYPE' macro redefined [-Wmacro-redefined]
  137 | #define HAVE_FREETYPE
      |         ^
<command line>:9:9: note: previous definition is here
    9 | #define HAVE_FREETYPE 1
      |         ^
1 warning generated.
In file included from /home/user/dev/FreeCAD/src/3rdParty/coin/src/io/SoInput_Reader.cpp:38:
/home/user/dev/FreeCAD/build/clang-profile/src/3rdParty/coin/src/config.h:137:9: warning: 'HAVE_FREETYPE' macro redefined [-Wmacro-redefined]
  137 | #define HAVE_FREETYPE
      |         ^
<command line>:9:9: note: previous definition is here
    9 | #define HAVE_FREETYPE 1
      |         ^
1 warning generated.
In file included from /home/user/dev/FreeCAD/src/3rdParty/coin/src/io/SoOutput_Writer.cpp:34:
In file included from /home/user/dev/FreeCAD/src/3rdParty/coin/src/coindefs.h:47:
/home/user/dev/FreeCAD/build/clang-profile/src/3rdParty/coin/src/config.h:137:9: warning: 'HAVE_FREETYPE' macro redefined [-Wmacro-redefined]
  137 | #define HAVE_FREETYPE
      |         ^
<command line>:9:9: note: previous definition is here
    9 | #define HAVE_FREETYPE 1
      |         ^
1 warning generated.
In file included from /home/user/dev/FreeCAD/src/3rdParty/coin/src/io/SoInputP.cpp:35:
/home/user/dev/FreeCAD/build/clang-profile/src/3rdParty/coin/src/config.h:137:9: warning: 'HAVE_FREETYPE' macro redefined [-Wmacro-redefined]
  137 | #define HAVE_FREETYPE
      |         ^
<command line>:9:9: note: previous definition is here
    9 | #define HAVE_FREETYPE 1
      |         ^
1 warning generated.
In file included from /home/user/dev/FreeCAD/src/3rdParty/coin/src/io/SoByteStream.cpp:36:
In file included from /home/user/dev/FreeCAD/src/3rdParty/coin/src/coindefs.h:47:
/home/user/dev/FreeCAD/build/clang-profile/src/3rdParty/coin/src/config.h:137:9: warning: 'HAVE_FREETYPE' macro redefined [-Wmacro-redefined]
  137 | #define HAVE_FREETYPE
      |         ^
<command line>:9:9: note: previous definition is here
    9 | #define HAVE_FREETYPE 1
      |         ^
In file included from /home/user/dev/FreeCAD/src/3rdParty/coin/src/io/SoByteStream.cpp:35:
/home/user/dev/FreeCAD/src/3rdParty/coin/include/Inventor/misc/SoByteStream.h:66:10: warning: private field 'pimpl' is not used [-Wunused-private-field]
   66 |   void * pimpl;
      |          ^
2 warnings generated.
In file included from /home/user/dev/FreeCAD/src/3rdParty/coin/src/io/SoTranSender.cpp:36:
In file included from /home/user/dev/FreeCAD/src/3rdParty/coin/src/coindefs.h:47:
/home/user/dev/FreeCAD/build/clang-profile/src/3rdParty/coin/src/config.h:137:9: warning: 'HAVE_FREETYPE' macro redefined [-Wmacro-redefined]
  137 | #define HAVE_FREETYPE
      |         ^
<command line>:9:9: note: previous definition is here
    9 | #define HAVE_FREETYPE 1
      |         ^
In file included from /home/user/dev/FreeCAD/src/3rdParty/coin/src/io/SoTranSender.cpp:35:
/home/user/dev/FreeCAD/src/3rdParty/coin/include/Inventor/misc/SoTranSender.h:60:10: warning: private field 'pimpl' is not used [-Wunused-private-field]
   60 |   void * pimpl;
      |          ^
2 warnings generated.
In file included from /home/user/dev/FreeCAD/src/3rdParty/coin/src/io/SoOutput.cpp:78:
/home/user/dev/FreeCAD/build/clang-profile/src/3rdParty/coin/src/config.h:137:9: warning: 'HAVE_FREETYPE' macro redefined [-Wmacro-redefined]
  137 | #define HAVE_FREETYPE
      |         ^
<command line>:9:9: note: previous definition is here
    9 | #define HAVE_FREETYPE 1
      |         ^
1 warning generated.
In file included from /home/user/dev/FreeCAD/src/3rdParty/coin/src/io/SoInput_FileInfo.cpp:33:
In file included from /home/user/dev/FreeCAD/src/3rdParty/coin/src/io/SoInput_FileInfo.h:50:
In file included from /home/user/dev/FreeCAD/src/3rdParty/coin/src/misc/SbHash.h:59:
In file included from /home/user/dev/FreeCAD/src/3rdParty/coin/src/coindefs.h:47:
/home/user/dev/FreeCAD/build/clang-profile/src/3rdParty/coin/src/config.h:137:9: warning: 'HAVE_FREETYPE' macro redefined [-Wmacro-redefined]
  137 | #define HAVE_FREETYPE
      |         ^
<command line>:9:9: note: previous definition is here
    9 | #define HAVE_FREETYPE 1
      |         ^
/home/user/dev/FreeCAD/src/3rdParty/coin/src/io/SoInput_FileInfo.cpp:514:39: warning: comparison of integers of different signs: 'unsigned long' and 'int' [-Wsign-compare]
  514 |   if (readString.length() - oldLength < minSize)
      |       ~~~~~~~~~~~~~~~~~~~~~~~~~~~~~~~ ^ ~~~~~~~
/home/user/dev/FreeCAD/src/3rdParty/coin/src/io/SoInput_FileInfo.cpp:585:10: warning: variable 'minus' set but not used [-Wunused-but-set-variable]
  585 |   SbBool minus = FALSE;
      |          ^
3 warnings generated.
In file included from /home/user/dev/FreeCAD/src/3rdParty/coin/src/io/SoTranReceiver.cpp:36:
In file included from /home/user/dev/FreeCAD/src/3rdParty/coin/src/coindefs.h:47:
/home/user/dev/FreeCAD/build/clang-profile/src/3rdParty/coin/src/config.h:137:9: warning: 'HAVE_FREETYPE' macro redefined [-Wmacro-redefined]
  137 | #define HAVE_FREETYPE
      |         ^
<command line>:9:9: note: previous definition is here
    9 | #define HAVE_FREETYPE 1
      |         ^
In file included from /home/user/dev/FreeCAD/src/3rdParty/coin/src/io/SoTranReceiver.cpp:35:
/home/user/dev/FreeCAD/src/3rdParty/coin/include/Inventor/misc/SoTranReceiver.h:53:10: warning: private field 'pimpl' is not used [-Wunused-private-field]
   53 |   void * pimpl;
      |          ^
2 warnings generated.
In file included from /home/user/dev/FreeCAD/src/3rdParty/coin/src/io/SoInput.cpp:93:
/home/user/dev/FreeCAD/build/clang-profile/src/3rdParty/coin/src/config.h:137:9: warning: 'HAVE_FREETYPE' macro redefined [-Wmacro-redefined]
  137 | #define HAVE_FREETYPE
      |         ^
<command line>:9:9: note: previous definition is here
    9 | #define HAVE_FREETYPE 1
      |         ^
1 warning generated.
In file included from /home/user/dev/FreeCAD/src/3rdParty/coin/src/io/gzmemio.cpp:29:
In file included from /home/user/dev/FreeCAD/src/3rdParty/coin/src/io/gzmemio.h:37:
/home/user/dev/FreeCAD/build/clang-profile/src/3rdParty/coin/src/config.h:137:9: warning: 'HAVE_FREETYPE' macro redefined [-Wmacro-redefined]
  137 | #define HAVE_FREETYPE
      |         ^
<command line>:9:9: note: previous definition is here
    9 | #define HAVE_FREETYPE 1
      |         ^
/home/user/dev/FreeCAD/src/3rdParty/coin/src/io/gzmemio.cpp:832:33: warning: unused parameter 'size' [-Wunused-parameter]
  832 | cc_gzm_fread(void * ptr, size_t size, size_t nmemb, cc_gzm_file * file)
      |                                 ^
2 warnings generated.
In file included from /home/user/dev/FreeCAD/src/3rdParty/coin/src/io/SoWriterefCounter.cpp:44:
In file included from /home/user/dev/FreeCAD/src/3rdParty/coin/src/threads/threadsutilp.h:41:
/home/user/dev/FreeCAD/build/clang-profile/src/3rdParty/coin/src/config.h:137:9: warning: 'HAVE_FREETYPE' macro redefined [-Wmacro-redefined]
  137 | #define HAVE_FREETYPE
      |         ^
<command line>:9:9: note: previous definition is here
    9 | #define HAVE_FREETYPE 1
      |         ^
/home/user/dev/FreeCAD/src/3rdParty/coin/src/io/SoWriterefCounter.cpp:216:10: warning: unused variable 'ret' [-Wunused-variable]
  216 |   SbBool ret = SoWriterefCounterP::outputdict->put(out, inst);
      |          ^~~
/home/user/dev/FreeCAD/src/3rdParty/coin/src/io/SoWriterefCounter.cpp:267:16: warning: unused variable 'ok' [-Wunused-variable]
  267 |   const SbBool ok = SoWriterefCounterP::outputdict->get(out, inst);
      |                ^~
3 warnings generated.
In file included from /home/user/dev/FreeCAD/src/3rdParty/coin/src/manips/SoDirectionalLightManip.cpp:34:
/home/user/dev/FreeCAD/build/clang-profile/src/3rdParty/coin/src/config.h:137:9: warning: 'HAVE_FREETYPE' macro redefined [-Wmacro-redefined]
  137 | #define HAVE_FREETYPE
      |         ^
<command line>:9:9: note: previous definition is here
    9 | #define HAVE_FREETYPE 1
      |         ^
1 warning generated.
In file included from /home/user/dev/FreeCAD/src/3rdParty/coin/src/manips/SoClipPlaneManip.cpp:34:
/home/user/dev/FreeCAD/build/clang-profile/src/3rdParty/coin/src/config.h:137:9: warning: 'HAVE_FREETYPE' macro redefined [-Wmacro-redefined]
  137 | #define HAVE_FREETYPE
      |         ^
<command line>:9:9: note: previous definition is here
    9 | #define HAVE_FREETYPE 1
      |         ^
1 warning generated.
In file included from /home/user/dev/FreeCAD/src/3rdParty/coin/src/manips/SoPointLightManip.cpp:34:
/home/user/dev/FreeCAD/build/clang-profile/src/3rdParty/coin/src/config.h:137:9: warning: 'HAVE_FREETYPE' macro redefined [-Wmacro-redefined]
  137 | #define HAVE_FREETYPE
      |         ^
<command line>:9:9: note: previous definition is here
    9 | #define HAVE_FREETYPE 1
      |         ^
1 warning generated.
In file included from /home/user/dev/FreeCAD/src/3rdParty/coin/src/manips/SoTransformManip.cpp:34:
/home/user/dev/FreeCAD/build/clang-profile/src/3rdParty/coin/src/config.h:137:9: warning: 'HAVE_FREETYPE' macro redefined [-Wmacro-redefined]
  137 | #define HAVE_FREETYPE
      |         ^
<command line>:9:9: note: previous definition is here
    9 | #define HAVE_FREETYPE 1
      |         ^
1 warning generated.
In file included from /home/user/dev/FreeCAD/src/3rdParty/coin/src/manips/SoSpotLightManip.cpp:34:
/home/user/dev/FreeCAD/build/clang-profile/src/3rdParty/coin/src/config.h:137:9: warning: 'HAVE_FREETYPE' macro redefined [-Wmacro-redefined]
  137 | #define HAVE_FREETYPE
      |         ^
<command line>:9:9: note: previous definition is here
    9 | #define HAVE_FREETYPE 1
      |         ^
1 warning generated.
In file included from /home/user/dev/FreeCAD/src/3rdParty/coin/src/manips/SoCenterballManip.cpp:34:
/home/user/dev/FreeCAD/build/clang-profile/src/3rdParty/coin/src/config.h:137:9: warning: 'HAVE_FREETYPE' macro redefined [-Wmacro-redefined]
  137 | #define HAVE_FREETYPE
      |         ^
<command line>:9:9: note: previous definition is here
    9 | #define HAVE_FREETYPE 1
      |         ^
1 warning generated.
In file included from /home/user/dev/FreeCAD/src/3rdParty/coin/src/manips/SoHandleBoxManip.cpp:34:
/home/user/dev/FreeCAD/build/clang-profile/src/3rdParty/coin/src/config.h:137:9: warning: 'HAVE_FREETYPE' macro redefined [-Wmacro-redefined]
  137 | #define HAVE_FREETYPE
      |         ^
<command line>:9:9: note: previous definition is here
    9 | #define HAVE_FREETYPE 1
      |         ^
1 warning generated.
In file included from /home/user/dev/FreeCAD/src/3rdParty/coin/src/manips/SoJackManip.cpp:34:
/home/user/dev/FreeCAD/build/clang-profile/src/3rdParty/coin/src/config.h:137:9: warning: 'HAVE_FREETYPE' macro redefined [-Wmacro-redefined]
  137 | #define HAVE_FREETYPE
      |         ^
<command line>:9:9: note: previous definition is here
    9 | #define HAVE_FREETYPE 1
      |         ^
1 warning generated.
In file included from /home/user/dev/FreeCAD/src/3rdParty/coin/src/misc/AudioTools.cpp:40:
/home/user/dev/FreeCAD/build/clang-profile/src/3rdParty/coin/src/config.h:137:9: warning: 'HAVE_FREETYPE' macro redefined [-Wmacro-redefined]
  137 | #define HAVE_FREETYPE
      |         ^
<command line>:9:9: note: previous definition is here
    9 | #define HAVE_FREETYPE 1
      |         ^
1 warning generated.
In file included from /home/user/dev/FreeCAD/src/3rdParty/coin/src/misc/CoinStaticObjectInDLL.cpp:54:
/home/user/dev/FreeCAD/build/clang-profile/src/3rdParty/coin/src/config.h:137:9: warning: 'HAVE_FREETYPE' macro redefined [-Wmacro-redefined]
  137 | #define HAVE_FREETYPE
      |         ^
<command line>:9:9: note: previous definition is here
    9 | #define HAVE_FREETYPE 1
      |         ^
1 warning generated.
In file included from /home/user/dev/FreeCAD/src/3rdParty/coin/src/misc/SoAudioDevice.cpp:65:
/home/user/dev/FreeCAD/build/clang-profile/src/3rdParty/coin/src/config.h:137:9: warning: 'HAVE_FREETYPE' macro redefined [-Wmacro-redefined]
  137 | #define HAVE_FREETYPE
      |         ^
<command line>:9:9: note: previous definition is here
    9 | #define HAVE_FREETYPE 1
      |         ^
/home/user/dev/FreeCAD/src/3rdParty/coin/src/misc/SoAudioDevice.cpp:94:18: warning: private field 'master' is not used [-Wunused-private-field]
   94 |   SoAudioDevice *master;
      |                  ^
2 warnings generated.
In file included from /home/user/dev/FreeCAD/src/3rdParty/coin/src/manips/SoTrackballManip.cpp:34:
/home/user/dev/FreeCAD/build/clang-profile/src/3rdParty/coin/src/config.h:137:9: warning: 'HAVE_FREETYPE' macro redefined [-Wmacro-redefined]
  137 | #define HAVE_FREETYPE
      |         ^
<command line>:9:9: note: previous definition is here
    9 | #define HAVE_FREETYPE 1
      |         ^
1 warning generated.
In file included from /home/user/dev/FreeCAD/src/3rdParty/coin/src/manips/SoTabBoxManip.cpp:34:
/home/user/dev/FreeCAD/build/clang-profile/src/3rdParty/coin/src/config.h:137:9: warning: 'HAVE_FREETYPE' macro redefined [-Wmacro-redefined]
  137 | #define HAVE_FREETYPE
      |         ^
<command line>:9:9: note: previous definition is here
    9 | #define HAVE_FREETYPE 1
      |         ^
1 warning generated.
In file included from /home/user/dev/FreeCAD/src/3rdParty/coin/src/manips/SoTransformBoxManip.cpp:34:
/home/user/dev/FreeCAD/build/clang-profile/src/3rdParty/coin/src/config.h:137:9: warning: 'HAVE_FREETYPE' macro redefined [-Wmacro-redefined]
  137 | #define HAVE_FREETYPE
      |         ^
<command line>:9:9: note: previous definition is here
    9 | #define HAVE_FREETYPE 1
      |         ^
1 warning generated.
In file included from /home/user/dev/FreeCAD/src/3rdParty/coin/src/manips/SoTransformerManip.cpp:34:
/home/user/dev/FreeCAD/build/clang-profile/src/3rdParty/coin/src/config.h:137:9: warning: 'HAVE_FREETYPE' macro redefined [-Wmacro-redefined]
  137 | #define HAVE_FREETYPE
      |         ^
<command line>:9:9: note: previous definition is here
    9 | #define HAVE_FREETYPE 1
      |         ^
1 warning generated.
In file included from /home/user/dev/FreeCAD/src/3rdParty/coin/src/manips/commoncode.cpp:34:
/home/user/dev/FreeCAD/build/clang-profile/src/3rdParty/coin/src/config.h:137:9: warning: 'HAVE_FREETYPE' macro redefined [-Wmacro-redefined]
  137 | #define HAVE_FREETYPE
      |         ^
<command line>:9:9: note: previous definition is here
    9 | #define HAVE_FREETYPE 1
      |         ^
1 warning generated.
In file included from /home/user/dev/FreeCAD/src/3rdParty/coin/src/misc/SoBaseP.cpp:34:
In file included from /home/user/dev/FreeCAD/src/3rdParty/coin/src/misc/SoBaseP.h:36:
In file included from /home/user/dev/FreeCAD/src/3rdParty/coin/src/misc/SbHash.h:59:
In file included from /home/user/dev/FreeCAD/src/3rdParty/coin/src/coindefs.h:47:
/home/user/dev/FreeCAD/build/clang-profile/src/3rdParty/coin/src/config.h:137:9: warning: 'HAVE_FREETYPE' macro redefined [-Wmacro-redefined]
  137 | #define HAVE_FREETYPE
      |         ^
<command line>:9:9: note: previous definition is here
    9 | #define HAVE_FREETYPE 1
      |         ^
/home/user/dev/FreeCAD/src/3rdParty/coin/src/misc/SoBaseP.cpp:118:10: warning: unused variable 'found' [-Wunused-variable]
  118 |   SbBool found = (iter != SoBase::PImpl::name2obj->const_end());
      |          ^~~~~
2 warnings generated.
In file included from /home/user/dev/FreeCAD/src/3rdParty/coin/src/misc/SoBase.cpp:87:
In file included from /home/user/dev/FreeCAD/src/3rdParty/coin/src/misc/SoBaseP.h:36:
In file included from /home/user/dev/FreeCAD/src/3rdParty/coin/src/misc/SbHash.h:59:
In file included from /home/user/dev/FreeCAD/src/3rdParty/coin/src/coindefs.h:47:
/home/user/dev/FreeCAD/build/clang-profile/src/3rdParty/coin/src/config.h:137:9: warning: 'HAVE_FREETYPE' macro redefined [-Wmacro-redefined]
  137 | #define HAVE_FREETYPE
      |         ^
<command line>:9:9: note: previous definition is here
    9 | #define HAVE_FREETYPE 1
      |         ^
1 warning generated.
/home/user/dev/FreeCAD/src/3rdParty/coin/src/misc/SoCompactPathList.cpp:66:12: warning: unused variable 'head' [-Wunused-variable]
   66 |   SoNode * head = FULL_PATH(list, 0)->getHead();
      |            ^~~~
1 warning generated.
In file included from /home/user/dev/FreeCAD/src/3rdParty/coin/src/misc/SoConfigSettings.cpp:5:
In file included from /home/user/dev/FreeCAD/src/3rdParty/coin/src/misc/SbHash.h:59:
In file included from /home/user/dev/FreeCAD/src/3rdParty/coin/src/coindefs.h:47:
/home/user/dev/FreeCAD/build/clang-profile/src/3rdParty/coin/src/config.h:137:9: warning: 'HAVE_FREETYPE' macro redefined [-Wmacro-redefined]
  137 | #define HAVE_FREETYPE
      |         ^
<command line>:9:9: note: previous definition is here
    9 | #define HAVE_FREETYPE 1
      |         ^
/home/user/dev/FreeCAD/src/3rdParty/coin/src/misc/SoConfigSettings.cpp:21:14: warning: unused variable 'COIN' [-Wunused-const-variable]
   21 |   const char COIN [] = "COIN";
      |              ^~~~
/home/user/dev/FreeCAD/src/3rdParty/coin/src/misc/SoConfigSettings.cpp:23:10: warning: unused function 'isValidOption' [-Wunused-function]
   23 |   SbBool isValidOption(const SbString & option)
      |          ^~~~~~~~~~~~~
3 warnings generated.
In file included from /home/user/dev/FreeCAD/src/3rdParty/coin/src/misc/SoDebug.cpp:51:
In file included from /home/user/dev/FreeCAD/src/3rdParty/coin/src/misc/SbHash.h:59:
In file included from /home/user/dev/FreeCAD/src/3rdParty/coin/src/coindefs.h:47:
/home/user/dev/FreeCAD/build/clang-profile/src/3rdParty/coin/src/config.h:137:9: warning: 'HAVE_FREETYPE' macro redefined [-Wmacro-redefined]
  137 | #define HAVE_FREETYPE
      |         ^
<command line>:9:9: note: previous definition is here
    9 | #define HAVE_FREETYPE 1
      |         ^
1 warning generated.
In file included from /home/user/dev/FreeCAD/src/3rdParty/coin/src/misc/SoContextHandler.cpp:68:
In file included from /home/user/dev/FreeCAD/src/3rdParty/coin/src/misc/SbHash.h:59:
In file included from /home/user/dev/FreeCAD/src/3rdParty/coin/src/coindefs.h:47:
/home/user/dev/FreeCAD/build/clang-profile/src/3rdParty/coin/src/config.h:137:9: warning: 'HAVE_FREETYPE' macro redefined [-Wmacro-redefined]
  137 | #define HAVE_FREETYPE
      |         ^
<command line>:9:9: note: previous definition is here
    9 | #define HAVE_FREETYPE 1
      |         ^
/home/user/dev/FreeCAD/src/3rdParty/coin/src/misc/SoContextHandler.cpp:261:10: warning: unused variable 'didremove' [-Wunused-variable]
  261 |   size_t didremove = socontexthandler_hashlist->erase(item);
      |          ^~~~~~~~~
2 warnings generated.
In file included from /home/user/dev/FreeCAD/src/3rdParty/coin/src/misc/SoGlyph.cpp:65:
In file included from /home/user/dev/FreeCAD/src/3rdParty/coin/src/coindefs.h:47:
/home/user/dev/FreeCAD/build/clang-profile/src/3rdParty/coin/src/config.h:137:9: warning: 'HAVE_FREETYPE' macro redefined [-Wmacro-redefined]
  137 | #define HAVE_FREETYPE
      |         ^
<command line>:9:9: note: previous definition is here
    9 | #define HAVE_FREETYPE 1
      |         ^
/home/user/dev/FreeCAD/src/3rdParty/coin/src/misc/SoGlyph.cpp:317:13: warning: unused variable 'max' [-Wunused-variable]
  317 |     SbVec2f max = PRIVATE(this)->bbox.getMax();
      |             ^~~
/home/user/dev/FreeCAD/src/3rdParty/coin/src/misc/SoGlyph.cpp:332:47: warning: unused parameter 'numcoords' [-Wunused-parameter]
  332 | SoGlyph::setCoords(const SbVec2f *coords, int numcoords)
      |                                               ^
/home/user/dev/FreeCAD/src/3rdParty/coin/src/misc/SoGlyph.cpp:351:49: warning: unused parameter 'numindices' [-Wunused-parameter]
  351 | SoGlyph::setFaceIndices(const int *indices, int numindices)
      |                                                 ^
/home/user/dev/FreeCAD/src/3rdParty/coin/src/misc/SoGlyph.cpp:370:49: warning: unused parameter 'numindices' [-Wunused-parameter]
  370 | SoGlyph::setEdgeIndices(const int *indices, int numindices)
      |                                                 ^
5 warnings generated.
In file included from /home/user/dev/FreeCAD/src/3rdParty/coin/src/misc/SoJavaScriptEngine.cpp:43:
/home/user/dev/FreeCAD/build/clang-profile/src/3rdParty/coin/src/config.h:137:9: warning: 'HAVE_FREETYPE' macro redefined [-Wmacro-redefined]
  137 | #define HAVE_FREETYPE
      |         ^
<command line>:9:9: note: previous definition is here
    9 | #define HAVE_FREETYPE 1
      |         ^
/home/user/dev/FreeCAD/src/3rdParty/coin/src/misc/SoJavaScriptEngine.cpp:146:10: warning: variable 'ok' set but not used [-Wunused-but-set-variable]
  146 |   SbBool ok;
      |          ^
/home/user/dev/FreeCAD/src/3rdParty/coin/src/misc/SoJavaScriptEngine.cpp:163:16: warning: unused variable 'wrote' [-Wunused-variable]
  163 |   const size_t wrote = fwrite(cstr, 1, len, stderr);
      |                ^~~~~
3 warnings generated.
/home/user/dev/FreeCAD/src/3rdParty/coin/src/misc/SoNotRec.cpp:134:30: warning: unused parameter 'file' [-Wunused-parameter]
  134 | SoNotRec::print(FILE * const file) const
      |                              ^
1 warning generated.
In file included from /home/user/dev/FreeCAD/src/3rdParty/coin/src/misc/SoInteraction.cpp:53:
/home/user/dev/FreeCAD/build/clang-profile/src/3rdParty/coin/src/config.h:137:9: warning: 'HAVE_FREETYPE' macro redefined [-Wmacro-redefined]
  137 | #define HAVE_FREETYPE
      |         ^
<command line>:9:9: note: previous definition is here
    9 | #define HAVE_FREETYPE 1
      |         ^
1 warning generated.
In file included from /home/user/dev/FreeCAD/src/3rdParty/coin/src/misc/SoDB.cpp:68:
/home/user/dev/FreeCAD/build/clang-profile/src/3rdParty/coin/src/config.h:137:9: warning: 'HAVE_FREETYPE' macro redefined [-Wmacro-redefined]
  137 | #define HAVE_FREETYPE
      |         ^
<command line>:9:9: note: previous definition is here
    9 | #define HAVE_FREETYPE 1
      |         ^
/home/user/dev/FreeCAD/src/3rdParty/coin/src/misc/SoDB.cpp:1244:13: warning: unused variable 'stackdepth' [-Wunused-variable]
 1244 |   const int stackdepth = in->filestack.getLength();
      |             ^~~~~~~~~~
/home/user/dev/FreeCAD/src/3rdParty/coin/src/misc/SoDB.cpp:1622:12: warning: variable 'ok' set but not used [-Wunused-but-set-variable]
 1622 |     SbBool ok;
      |            ^
In file included from /home/user/dev/FreeCAD/src/3rdParty/coin/src/misc/SoDB.cpp:116:
/home/user/dev/FreeCAD/src/3rdParty/coin/src/misc/systemsanity.icc:17:1: warning: unused function 'SoDB_compileTimeAsserts' [-Wunused-function]
   17 | SoDB_compileTimeAsserts(void)
      | ^~~~~~~~~~~~~~~~~~~~~~~
/home/user/dev/FreeCAD/src/3rdParty/coin/src/misc/SoDB.cpp:190:17: warning: unused variable 'a_static_variable' [-Wunused-variable]
  190 | static uint32_t a_static_variable = 0xdeadbeef;
      |                 ^~~~~~~~~~~~~~~~~
5 warnings generated.
/home/user/dev/FreeCAD/src/3rdParty/coin/src/misc/SoNotification.cpp:202:31: warning: unused parameter 'file' [-Wunused-parameter]
  202 | SoNotList::print(FILE * const file) const
      |                               ^
1 warning generated.
In file included from /home/user/dev/FreeCAD/src/3rdParty/coin/src/misc/SoPath.cpp:86:
In file included from /home/user/dev/FreeCAD/src/3rdParty/coin/src/coindefs.h:47:
/home/user/dev/FreeCAD/build/clang-profile/src/3rdParty/coin/src/config.h:137:9: warning: 'HAVE_FREETYPE' macro redefined [-Wmacro-redefined]
  137 | #define HAVE_FREETYPE
      |         ^
<command line>:9:9: note: previous definition is here
    9 | #define HAVE_FREETYPE 1
      |         ^
1 warning generated.
In file included from /home/user/dev/FreeCAD/src/3rdParty/coin/src/misc/SoNormalGenerator.cpp:49:
In file included from /home/user/dev/FreeCAD/src/3rdParty/coin/src/coindefs.h:47:
/home/user/dev/FreeCAD/build/clang-profile/src/3rdParty/coin/src/config.h:137:9: warning: 'HAVE_FREETYPE' macro redefined [-Wmacro-redefined]
  137 | #define HAVE_FREETYPE
      |         ^
<command line>:9:9: note: previous definition is here
    9 | #define HAVE_FREETYPE 1
      |         ^
1 warning generated.
In file included from /home/user/dev/FreeCAD/src/3rdParty/coin/src/misc/SoProtoInstance.cpp:58:
In file included from /home/user/dev/FreeCAD/src/3rdParty/coin/src/misc/SbHash.h:59:
In file included from /home/user/dev/FreeCAD/src/3rdParty/coin/src/coindefs.h:47:
/home/user/dev/FreeCAD/build/clang-profile/src/3rdParty/coin/src/config.h:137:9: warning: 'HAVE_FREETYPE' macro redefined [-Wmacro-redefined]
  137 | #define HAVE_FREETYPE
      |         ^
<command line>:9:9: note: previous definition is here
    9 | #define HAVE_FREETYPE 1
      |         ^
In file included from /home/user/dev/FreeCAD/src/3rdParty/coin/src/misc/SoProtoInstance.cpp:43:
/home/user/dev/FreeCAD/src/3rdParty/coin/include/Inventor/misc/SoProtoInstance.h:56:17: warning: private field 'classfielddata' is not used [-Wunused-private-field]
   56 |   SoFieldData * classfielddata;
      |                 ^
2 warnings generated.
In file included from /home/user/dev/FreeCAD/src/3rdParty/coin/src/misc/SoProto.cpp:108:
In file included from /home/user/dev/FreeCAD/src/3rdParty/coin/src/threads/threadsutilp.h:41:
/home/user/dev/FreeCAD/build/clang-profile/src/3rdParty/coin/src/config.h:137:9: warning: 'HAVE_FREETYPE' macro redefined [-Wmacro-redefined]
  137 | #define HAVE_FREETYPE
      |         ^
<command line>:9:9: note: previous definition is here
    9 | #define HAVE_FREETYPE 1
      |         ^
/home/user/dev/FreeCAD/src/3rdParty/coin/src/misc/SoProto.cpp:901:16: warning: variable 'ok' set but not used [-Wunused-but-set-variable]
  901 |         SbBool ok;
      |                ^
2 warnings generated.
In file included from /home/user/dev/FreeCAD/src/3rdParty/coin/src/misc/SoPickedPoint.cpp:47:
In file included from /home/user/dev/FreeCAD/src/3rdParty/coin/include/Inventor/SoPickedPoint.h:40:
/home/user/dev/FreeCAD/src/3rdParty/coin/include/Inventor/SbViewportRegion.h:45:3: warning: definition of implicit copy assignment operator for 'SbViewportRegion' is deprecated because it has a user-provided copy constructor [-Wdeprecated-copy-with-user-provided-copy]
   45 |   SbViewportRegion(const SbViewportRegion & vpReg);
      |   ^
/home/user/dev/FreeCAD/src/3rdParty/coin/src/misc/SoPickedPoint.cpp:93:18: note: in implicit copy assignment operator for 'SbViewportRegion' first required here
   93 |   this->viewport = pp.viewport;
      |                  ^
1 warning generated.
In file included from /home/user/dev/FreeCAD/src/3rdParty/coin/src/misc/SoState.cpp:94:
/home/user/dev/FreeCAD/build/clang-profile/src/3rdParty/coin/src/config.h:137:9: warning: 'HAVE_FREETYPE' macro redefined [-Wmacro-redefined]
  137 | #define HAVE_FREETYPE
      |         ^
<command line>:9:9: note: previous definition is here
    9 | #define HAVE_FREETYPE 1
      |         ^
1 warning generated.
In file included from /home/user/dev/FreeCAD/src/3rdParty/coin/src/misc/SoSceneManager.cpp:56:
/home/user/dev/FreeCAD/build/clang-profile/src/3rdParty/coin/src/config.h:137:9: warning: 'HAVE_FREETYPE' macro redefined [-Wmacro-redefined]
  137 | #define HAVE_FREETYPE
      |         ^
<command line>:9:9: note: previous definition is here
    9 | #define HAVE_FREETYPE 1
      |         ^
1 warning generated.
In file included from /home/user/dev/FreeCAD/src/3rdParty/coin/src/misc/SoDBP.cpp:1:
In file included from /home/user/dev/FreeCAD/src/3rdParty/coin/src/misc/SoDBP.h:37:
/home/user/dev/FreeCAD/build/clang-profile/src/3rdParty/coin/src/config.h:137:9: warning: 'HAVE_FREETYPE' macro redefined [-Wmacro-redefined]
  137 | #define HAVE_FREETYPE
      |         ^
<command line>:9:9: note: previous definition is here
    9 | #define HAVE_FREETYPE 1
      |         ^
/home/user/dev/FreeCAD/src/3rdParty/coin/src/misc/SoDBP.cpp:63:7: warning: variable 'len' set but not used [-Wunused-but-set-variable]
   63 |   int len = coin_vsnprintf(dst, (unsigned int)(strlen(fmtstr) - 1), fmtstr, args);
      |       ^
2 warnings generated.
In file included from /home/user/dev/FreeCAD/src/3rdParty/coin/src/misc/SoSceneManagerP.cpp:34:
In file included from /home/user/dev/FreeCAD/src/3rdParty/coin/src/coindefs.h:47:
/home/user/dev/FreeCAD/build/clang-profile/src/3rdParty/coin/src/config.h:137:9: warning: 'HAVE_FREETYPE' macro redefined [-Wmacro-redefined]
  137 | #define HAVE_FREETYPE
      |         ^
<command line>:9:9: note: previous definition is here
    9 | #define HAVE_FREETYPE 1
      |         ^
1 warning generated.
In file included from /home/user/dev/FreeCAD/src/3rdParty/coin/src/misc/CoinResources.cpp:78:
/home/user/dev/FreeCAD/build/clang-profile/src/3rdParty/coin/src/config.h:137:9: warning: 'HAVE_FREETYPE' macro redefined [-Wmacro-redefined]
  137 | #define HAVE_FREETYPE
      |         ^
<command line>:9:9: note: previous definition is here
    9 | #define HAVE_FREETYPE 1
      |         ^
/home/user/dev/FreeCAD/src/3rdParty/coin/src/misc/CoinResources.cpp:227:22: warning: use of logical '&&' with constant operand [-Wconstant-logical-operand]
  227 |       if (COIN_DEBUG && 0) {
      |                      ^  ~
/home/user/dev/FreeCAD/src/3rdParty/coin/src/misc/CoinResources.cpp:227:22: note: use '&' for a bitwise operation
  227 |       if (COIN_DEBUG && 0) {
      |                      ^~
      |                      &
/home/user/dev/FreeCAD/src/3rdParty/coin/src/misc/CoinResources.cpp:227:22: note: remove constant to silence this warning
  227 |       if (COIN_DEBUG && 0) {
      |                      ^~~~
/home/user/dev/FreeCAD/src/3rdParty/coin/src/misc/CoinResources.cpp:260:24: warning: use of logical '&&' with constant operand [-Wconstant-logical-operand]
  260 |         if (COIN_DEBUG && 0) {
      |                        ^  ~
/home/user/dev/FreeCAD/src/3rdParty/coin/src/misc/CoinResources.cpp:260:24: note: use '&' for a bitwise operation
  260 |         if (COIN_DEBUG && 0) {
      |                        ^~
      |                        &
/home/user/dev/FreeCAD/src/3rdParty/coin/src/misc/CoinResources.cpp:260:24: note: remove constant to silence this warning
  260 |         if (COIN_DEBUG && 0) {
      |                        ^~~~
3 warnings generated.
In file included from /home/user/dev/FreeCAD/src/3rdParty/coin/src/misc/SoEventManager.cpp:49:
In file included from /home/user/dev/FreeCAD/src/3rdParty/coin/src/SbBasicP.h:119:
In file included from /home/user/dev/FreeCAD/src/3rdParty/coin/src/coindefs.h:47:
/home/user/dev/FreeCAD/build/clang-profile/src/3rdParty/coin/src/config.h:137:9: warning: 'HAVE_FREETYPE' macro redefined [-Wmacro-redefined]
  137 | #define HAVE_FREETYPE
      |         ^
<command line>:9:9: note: previous definition is here
    9 | #define HAVE_FREETYPE 1
      |         ^
1 warning generated.
In file included from /home/user/dev/FreeCAD/src/3rdParty/coin/src/rendering/SoGLBigImage.cpp:67:
In file included from /home/user/dev/FreeCAD/src/3rdParty/coin/src/coindefs.h:47:
/home/user/dev/FreeCAD/build/clang-profile/src/3rdParty/coin/src/config.h:137:9: warning: 'HAVE_FREETYPE' macro redefined [-Wmacro-redefined]
  137 | #define HAVE_FREETYPE
      |         ^
<command line>:9:9: note: previous definition is here
    9 | #define HAVE_FREETYPE 1
      |         ^
1 warning generated.
In file included from /home/user/dev/FreeCAD/src/3rdParty/coin/src/rendering/SoGLCubeMapImage.cpp:52:
/home/user/dev/FreeCAD/build/clang-profile/src/3rdParty/coin/src/config.h:137:9: warning: 'HAVE_FREETYPE' macro redefined [-Wmacro-redefined]
  137 | #define HAVE_FREETYPE
      |         ^
<command line>:9:9: note: previous definition is here
    9 | #define HAVE_FREETYPE 1
      |         ^
/home/user/dev/FreeCAD/src/3rdParty/coin/src/rendering/SoGLCubeMapImage.cpp:115:5: warning: definition of implicit copy assignment operator for 'dldata' is deprecated because it has a user-provided copy constructor [-Wdeprecated-copy-with-user-provided-copy]
  115 |     dldata(const dldata & org)
      |     ^
/home/user/dev/FreeCAD/src/3rdParty/coin/include/Inventor/lists/SbList.h:248:46: note: in implicit copy assignment operator for 'SoGLCubeMapImageP::dldata' first required here
  248 |     for (int i = 0; i < n; i++) newbuffer[i] = this->itembuffer[i];
      |                                              ^
/home/user/dev/FreeCAD/src/3rdParty/coin/include/Inventor/lists/SbList.h:80:39: note: in instantiation of member function 'SbList<SoGLCubeMapImageP::dldata>::grow' requested here
   80 |     if (sizehint > DEFAULTSIZE) this->grow(sizehint);
      |                                       ^
/home/user/dev/FreeCAD/src/3rdParty/coin/src/rendering/SoGLCubeMapImage.cpp:104:3: note: in instantiation of member function 'SbList<SoGLCubeMapImageP::dldata>::SbList' requested here
  104 |   SoGLCubeMapImageP(void) {
      |   ^
2 warnings generated.
In file included from /home/user/dev/FreeCAD/src/3rdParty/coin/src/misc/SoType.cpp:150:
In file included from /home/user/dev/FreeCAD/src/3rdParty/coin/src/misc/SbHash.h:59:
In file included from /home/user/dev/FreeCAD/src/3rdParty/coin/src/coindefs.h:47:
/home/user/dev/FreeCAD/build/clang-profile/src/3rdParty/coin/src/config.h:137:9: warning: 'HAVE_FREETYPE' macro redefined [-Wmacro-redefined]
  137 | #define HAVE_FREETYPE
      |         ^
<command line>:9:9: note: previous definition is here
    9 | #define HAVE_FREETYPE 1
      |         ^
1 warning generated.
In file included from /home/user/dev/FreeCAD/src/3rdParty/coin/src/rendering/SoGLImage.cpp:196:
/home/user/dev/FreeCAD/build/clang-profile/src/3rdParty/coin/src/config.h:137:9: warning: 'HAVE_FREETYPE' macro redefined [-Wmacro-redefined]
  137 | #define HAVE_FREETYPE
      |         ^
<command line>:9:9: note: previous definition is here
    9 | #define HAVE_FREETYPE 1
      |         ^
/home/user/dev/FreeCAD/src/3rdParty/coin/src/rendering/SoGLImage.cpp:674:5: warning: definition of implicit copy assignment operator for 'dldata' is deprecated because it has a user-provided copy constructor [-Wdeprecated-copy-with-user-provided-copy]
  674 |     dldata(const dldata & org)
      |     ^
/home/user/dev/FreeCAD/src/3rdParty/coin/include/Inventor/lists/SbList.h:248:46: note: in implicit copy assignment operator for 'SoGLImageP::dldata' first required here
  248 |     for (int i = 0; i < n; i++) newbuffer[i] = this->itembuffer[i];
      |                                              ^
/home/user/dev/FreeCAD/src/3rdParty/coin/include/Inventor/lists/SbList.h:80:39: note: in instantiation of member function 'SbList<SoGLImageP::dldata>::grow' requested here
   80 |     if (sizehint > DEFAULTSIZE) this->grow(sizehint);
      |                                       ^
/home/user/dev/FreeCAD/src/3rdParty/coin/src/rendering/SoGLImage.cpp:620:7: note: in instantiation of member function 'SbList<SoGLImageP::dldata>::SbList' requested here
  620 | class SoGLImageP {
      |       ^
2 warnings generated.
In file included from /home/user/dev/FreeCAD/src/3rdParty/coin/src/rendering/SoOffscreenCGData.cpp:34:
/home/user/dev/FreeCAD/build/clang-profile/src/3rdParty/coin/src/config.h:137:9: warning: 'HAVE_FREETYPE' macro redefined [-Wmacro-redefined]
  137 | #define HAVE_FREETYPE
      |         ^
<command line>:9:9: note: previous definition is here
    9 | #define HAVE_FREETYPE 1
      |         ^
1 warning generated.
In file included from /home/user/dev/FreeCAD/src/3rdParty/coin/src/rendering/SoOffscreenWGLData.cpp:34:
/home/user/dev/FreeCAD/build/clang-profile/src/3rdParty/coin/src/config.h:137:9: warning: 'HAVE_FREETYPE' macro redefined [-Wmacro-redefined]
  137 | #define HAVE_FREETYPE
      |         ^
<command line>:9:9: note: previous definition is here
    9 | #define HAVE_FREETYPE 1
      |         ^
1 warning generated.
In file included from /home/user/dev/FreeCAD/src/3rdParty/coin/src/rendering/SoGLDriverDatabase.cpp:59:
In file included from /home/user/dev/FreeCAD/src/3rdParty/coin/src/misc/SbHash.h:59:
In file included from /home/user/dev/FreeCAD/src/3rdParty/coin/src/coindefs.h:47:
/home/user/dev/FreeCAD/build/clang-profile/src/3rdParty/coin/src/config.h:137:9: warning: 'HAVE_FREETYPE' macro redefined [-Wmacro-redefined]
  137 | #define HAVE_FREETYPE
      |         ^
<command line>:9:9: note: previous definition is here
    9 | #define HAVE_FREETYPE 1
      |         ^
/home/user/dev/FreeCAD/src/3rdParty/coin/src/rendering/SoGLDriverDatabase.cpp:519:20: warning: variable 'minversion_major' set but not used [-Wunused-but-set-variable]
  519 |       unsigned int minversion_major = 0;
      |                    ^
/home/user/dev/FreeCAD/src/3rdParty/coin/src/rendering/SoGLDriverDatabase.cpp:520:20: warning: variable 'minversion_minor' set but not used [-Wunused-but-set-variable]
  520 |       unsigned int minversion_minor = 0;
      |                    ^
/home/user/dev/FreeCAD/src/3rdParty/coin/src/rendering/SoGLDriverDatabase.cpp:521:20: warning: variable 'minversion_micro' set but not used [-Wunused-but-set-variable]
  521 |       unsigned int minversion_micro = 0;
      |                    ^
/home/user/dev/FreeCAD/src/3rdParty/coin/src/rendering/SoGLDriverDatabase.cpp:522:20: warning: variable 'minversion_nano' set but not used [-Wunused-but-set-variable]
  522 |       unsigned int minversion_nano = 0;
      |                    ^
/home/user/dev/FreeCAD/src/3rdParty/coin/src/rendering/SoGLDriverDatabase.cpp:523:20: warning: variable 'maxversion_major' set but not used [-Wunused-but-set-variable]
  523 |       unsigned int maxversion_major = 0;
      |                    ^
/home/user/dev/FreeCAD/src/3rdParty/coin/src/rendering/SoGLDriverDatabase.cpp:524:20: warning: variable 'maxversion_minor' set but not used [-Wunused-but-set-variable]
  524 |       unsigned int maxversion_minor = 0;
      |                    ^
/home/user/dev/FreeCAD/src/3rdParty/coin/src/rendering/SoGLDriverDatabase.cpp:525:20: warning: variable 'maxversion_micro' set but not used [-Wunused-but-set-variable]
  525 |       unsigned int maxversion_micro = 0;
      |                    ^
/home/user/dev/FreeCAD/src/3rdParty/coin/src/rendering/SoGLDriverDatabase.cpp:526:20: warning: variable 'maxversion_nano' set but not used [-Wunused-but-set-variable]
  526 |       unsigned int maxversion_nano = 0;
      |                    ^
9 warnings generated.
In file included from /home/user/dev/FreeCAD/src/3rdParty/coin/src/rendering/SoOffscreenGLXData.cpp:34:
/home/user/dev/FreeCAD/build/clang-profile/src/3rdParty/coin/src/config.h:137:9: warning: 'HAVE_FREETYPE' macro redefined [-Wmacro-redefined]
  137 | #define HAVE_FREETYPE
      |         ^
<command line>:9:9: note: previous definition is here
    9 | #define HAVE_FREETYPE 1
      |         ^
1 warning generated.
In file included from /home/user/dev/FreeCAD/src/3rdParty/coin/src/rendering/SoGLNurbs.cpp:54:
In file included from /home/user/dev/FreeCAD/src/3rdParty/coin/src/glue/GLUWrapper.h:41:
/home/user/dev/FreeCAD/build/clang-profile/src/3rdParty/coin/src/config.h:137:9: warning: 'HAVE_FREETYPE' macro redefined [-Wmacro-redefined]
  137 | #define HAVE_FREETYPE
      |         ^
<command line>:9:9: note: previous definition is here
    9 | #define HAVE_FREETYPE 1
      |         ^
/home/user/dev/FreeCAD/src/3rdParty/coin/src/rendering/SoGLNurbs.cpp:825:9: warning: variable 'i' set but not used [-Wunused-but-set-variable]
  825 |     int i = 0;
      |         ^
2 warnings generated.
In file included from /home/user/dev/FreeCAD/src/3rdParty/coin/src/rendering/SoRenderManager.cpp:87:
In file included from /home/user/dev/FreeCAD/src/3rdParty/coin/src/coindefs.h:47:
/home/user/dev/FreeCAD/build/clang-profile/src/3rdParty/coin/src/config.h:137:9: warning: 'HAVE_FREETYPE' macro redefined [-Wmacro-redefined]
  137 | #define HAVE_FREETYPE
      |         ^
<command line>:9:9: note: previous definition is here
    9 | #define HAVE_FREETYPE 1
      |         ^
In file included from /home/user/dev/FreeCAD/src/3rdParty/coin/src/rendering/SoRenderManager.cpp:50:
In file included from /home/user/dev/FreeCAD/src/3rdParty/coin/include/Inventor/SoRenderManager.h:38:
In file included from /home/user/dev/FreeCAD/src/3rdParty/coin/include/Inventor/actions/SoGLRenderAction.h:39:
/home/user/dev/FreeCAD/src/3rdParty/coin/include/Inventor/SbViewportRegion.h:45:3: warning: definition of implicit copy assignment operator for 'SbViewportRegion' is deprecated because it has a user-provided copy constructor [-Wdeprecated-copy-with-user-provided-copy]
   45 |   SbViewportRegion(const SbViewportRegion & vpReg);
      |   ^
/home/user/dev/FreeCAD/src/3rdParty/coin/src/rendering/SoRenderManager.cpp:277:38: note: in implicit copy assignment operator for 'SbViewportRegion' first required here
  277 |   PRIVATE(this)->stereostencilmaskvp = SbViewportRegion(0, 0);
      |                                      ^
/home/user/dev/FreeCAD/src/3rdParty/coin/src/rendering/SoRenderManager.cpp:449:50: warning: unused parameter 'sceneroot' [-Wunused-parameter]
  449 | SoRenderManager::attachClipSensor(SoNode * const sceneroot)
      |                                                  ^
/home/user/dev/FreeCAD/src/3rdParty/coin/src/rendering/SoRenderManager.cpp:1089:17: warning: unused variable 'oldorigin' [-Wunused-variable]
 1089 |   const SbVec2s oldorigin = PRIVATE(this)->stereostencilmaskvp.getViewportOriginPixels();
      |                 ^~~~~~~~~
4 warnings generated.
In file included from /home/user/dev/FreeCAD/src/3rdParty/coin/src/rendering/SoRenderManagerP.cpp:33:
In file included from /home/user/dev/FreeCAD/src/3rdParty/coin/src/rendering/SoRenderManagerP.h:37:
/home/user/dev/FreeCAD/build/clang-profile/src/3rdParty/coin/src/config.h:137:9: warning: 'HAVE_FREETYPE' macro redefined [-Wmacro-redefined]
  137 | #define HAVE_FREETYPE
      |         ^
<command line>:9:9: note: previous definition is here
    9 | #define HAVE_FREETYPE 1
      |         ^
1 warning generated.
In file included from /home/user/dev/FreeCAD/src/3rdParty/coin/src/rendering/SoOffscreenRenderer.cpp:312:
/home/user/dev/FreeCAD/build/clang-profile/src/3rdParty/coin/src/config.h:137:9: warning: 'HAVE_FREETYPE' macro redefined [-Wmacro-redefined]
  137 | #define HAVE_FREETYPE
      |         ^
<command line>:9:9: note: previous definition is here
    9 | #define HAVE_FREETYPE 1
      |         ^
In file included from /home/user/dev/FreeCAD/src/3rdParty/coin/src/rendering/SoOffscreenRenderer.cpp:309:
In file included from /home/user/dev/FreeCAD/src/3rdParty/coin/include/Inventor/SoOffscreenRenderer.h:36:
/home/user/dev/FreeCAD/src/3rdParty/coin/include/Inventor/SbViewportRegion.h:45:3: warning: definition of implicit copy assignment operator for 'SbViewportRegion' is deprecated because it has a user-provided copy constructor [-Wdeprecated-copy-with-user-provided-copy]
   45 |   SbViewportRegion(const SbViewportRegion & vpReg);
      |   ^
/home/user/dev/FreeCAD/src/3rdParty/coin/src/rendering/SoOffscreenRenderer.cpp:400:20: note: in implicit copy assignment operator for 'SbViewportRegion' first required here
  400 |     this->viewport = vpr;
      |                    ^
/home/user/dev/FreeCAD/src/3rdParty/coin/src/rendering/SoOffscreenRenderer.cpp:890:20: warning: unused variable 'w' [-Wunused-variable]
  890 |             SbBool w = SoOffscreenRendererP::writeToRGB(f, fullsize[0], fullsize[1],
      |                    ^
/home/user/dev/FreeCAD/src/3rdParty/coin/src/rendering/SoOffscreenRenderer.cpp:893:23: warning: unused variable 'r' [-Wunused-variable]
  893 |             const int r = fclose(f);
      |                       ^
/home/user/dev/FreeCAD/src/3rdParty/coin/src/rendering/SoOffscreenRenderer.cpp:1126:16: warning: unused variable 'wrote' [-Wunused-variable]
 1126 |   const size_t wrote = fwrite(buf, 1, BUFSIZE, fp);
      |                ^~~~~
5 warnings generated.
In file included from /home/user/dev/FreeCAD/src/3rdParty/coin/src/rendering/CoinOffscreenGLCanvas.cpp:45:
/home/user/dev/FreeCAD/build/clang-profile/src/3rdParty/coin/src/config.h:137:9: warning: 'HAVE_FREETYPE' macro redefined [-Wmacro-redefined]
  137 | #define HAVE_FREETYPE
      |         ^
<command line>:9:9: note: previous definition is here
    9 | #define HAVE_FREETYPE 1
      |         ^
1 warning generated.
In file included from /home/user/dev/FreeCAD/src/3rdParty/coin/src/rendering/SoVertexArrayIndexer.cpp:51:
In file included from /home/user/dev/FreeCAD/src/3rdParty/coin/src/rendering/SoVBO.h:43:
In file included from /home/user/dev/FreeCAD/src/3rdParty/coin/src/misc/SbHash.h:59:
In file included from /home/user/dev/FreeCAD/src/3rdParty/coin/src/coindefs.h:47:
/home/user/dev/FreeCAD/build/clang-profile/src/3rdParty/coin/src/config.h:137:9: warning: 'HAVE_FREETYPE' macro redefined [-Wmacro-redefined]
  137 | #define HAVE_FREETYPE
      |         ^
<command line>:9:9: note: previous definition is here
    9 | #define HAVE_FREETYPE 1
      |         ^
1 warning generated.
In file included from /home/user/dev/FreeCAD/src/3rdParty/coin/src/rendering/SoVBO.cpp:42:
In file included from /home/user/dev/FreeCAD/src/3rdParty/coin/src/rendering/SoVBO.h:43:
In file included from /home/user/dev/FreeCAD/src/3rdParty/coin/src/misc/SbHash.h:59:
In file included from /home/user/dev/FreeCAD/src/3rdParty/coin/src/coindefs.h:47:
/home/user/dev/FreeCAD/build/clang-profile/src/3rdParty/coin/src/config.h:137:9: warning: 'HAVE_FREETYPE' macro redefined [-Wmacro-redefined]
  137 | #define HAVE_FREETYPE
      |         ^
<command line>:9:9: note: previous definition is here
    9 | #define HAVE_FREETYPE 1
      |         ^
1 warning generated.
In file included from /home/user/dev/FreeCAD/src/3rdParty/coin/src/lists/SoActionMethodList.cpp:52:
/home/user/dev/FreeCAD/build/clang-profile/src/3rdParty/coin/src/config.h:137:9: warning: 'HAVE_FREETYPE' macro redefined [-Wmacro-redefined]
  137 | #define HAVE_FREETYPE
      |         ^
<command line>:9:9: note: previous definition is here
    9 | #define HAVE_FREETYPE 1
      |         ^
1 warning generated.
In file included from /home/user/dev/FreeCAD/src/3rdParty/coin/src/lists/SoAuditorList.cpp:52:
/home/user/dev/FreeCAD/build/clang-profile/src/3rdParty/coin/src/config.h:137:9: warning: 'HAVE_FREETYPE' macro redefined [-Wmacro-redefined]
  137 | #define HAVE_FREETYPE
      |         ^
<command line>:9:9: note: previous definition is here
    9 | #define HAVE_FREETYPE 1
      |         ^
1 warning generated.
In file included from /home/user/dev/FreeCAD/src/3rdParty/coin/src/lists/SoEnabledElementsList.cpp:51:
/home/user/dev/FreeCAD/build/clang-profile/src/3rdParty/coin/src/config.h:137:9: warning: 'HAVE_FREETYPE' macro redefined [-Wmacro-redefined]
  137 | #define HAVE_FREETYPE
      |         ^
<command line>:9:9: note: previous definition is here
    9 | #define HAVE_FREETYPE 1
      |         ^
1 warning generated.
In file included from /home/user/dev/FreeCAD/src/3rdParty/coin/src/nodekits/SoNodeKit.cpp:48:
/home/user/dev/FreeCAD/build/clang-profile/src/3rdParty/coin/src/config.h:137:9: warning: 'HAVE_FREETYPE' macro redefined [-Wmacro-redefined]
  137 | #define HAVE_FREETYPE
      |         ^
<command line>:9:9: note: previous definition is here
    9 | #define HAVE_FREETYPE 1
      |         ^
1 warning generated.
In file included from /home/user/dev/FreeCAD/src/3rdParty/coin/src/nodekits/SoNodeKitPath.cpp:34:
/home/user/dev/FreeCAD/build/clang-profile/src/3rdParty/coin/src/config.h:137:9: warning: 'HAVE_FREETYPE' macro redefined [-Wmacro-redefined]
  137 | #define HAVE_FREETYPE
      |         ^
<command line>:9:9: note: previous definition is here
    9 | #define HAVE_FREETYPE 1
      |         ^
1 warning generated.
In file included from /home/user/dev/FreeCAD/src/3rdParty/coin/src/nodekits/SoNodekitCatalog.cpp:34:
/home/user/dev/FreeCAD/build/clang-profile/src/3rdParty/coin/src/config.h:137:9: warning: 'HAVE_FREETYPE' macro redefined [-Wmacro-redefined]
  137 | #define HAVE_FREETYPE
      |         ^
<command line>:9:9: note: previous definition is here
    9 | #define HAVE_FREETYPE 1
      |         ^
In file included from /home/user/dev/FreeCAD/src/3rdParty/coin/src/nodekits/SoNodekitCatalog.cpp:56:
/home/user/dev/FreeCAD/src/3rdParty/coin/include/Inventor/lists/SoTypeList.h:43:3: warning: definition of implicit copy assignment operator for 'SoTypeList' is deprecated because it has a user-provided copy constructor [-Wdeprecated-copy-with-user-provided-copy]
   43 |   SoTypeList(const SoTypeList & l) : SbPList(l) { }
      |   ^
/home/user/dev/FreeCAD/src/3rdParty/coin/src/nodekits/SoNodekitCatalog.cpp:461:28: note: in implicit copy assignment operator for 'SoTypeList' first required here
  461 |     newitem->itemtypeslist = olditem->itemtypeslist;
      |                            ^
2 warnings generated.
In file included from /home/user/dev/FreeCAD/src/3rdParty/coin/src/nodekits/SoNodeKitListPart.cpp:34:
/home/user/dev/FreeCAD/build/clang-profile/src/3rdParty/coin/src/config.h:137:9: warning: 'HAVE_FREETYPE' macro redefined [-Wmacro-redefined]
  137 | #define HAVE_FREETYPE
      |         ^
<command line>:9:9: note: previous definition is here
    9 | #define HAVE_FREETYPE 1
      |         ^
1 warning generated.
In file included from /home/user/dev/FreeCAD/src/3rdParty/coin/src/nodekits/SoSceneKit.cpp:34:
/home/user/dev/FreeCAD/build/clang-profile/src/3rdParty/coin/src/config.h:137:9: warning: 'HAVE_FREETYPE' macro redefined [-Wmacro-redefined]
  137 | #define HAVE_FREETYPE
      |         ^
<command line>:9:9: note: previous definition is here
    9 | #define HAVE_FREETYPE 1
      |         ^
1 warning generated.
In file included from /home/user/dev/FreeCAD/src/3rdParty/coin/src/nodekits/SoAppearanceKit.cpp:34:
/home/user/dev/FreeCAD/build/clang-profile/src/3rdParty/coin/src/config.h:137:9: warning: 'HAVE_FREETYPE' macro redefined [-Wmacro-redefined]
  137 | #define HAVE_FREETYPE
      |         ^
<command line>:9:9: note: previous definition is here
    9 | #define HAVE_FREETYPE 1
      |         ^
1 warning generated.
In file included from /home/user/dev/FreeCAD/src/3rdParty/coin/src/nodekits/SoCameraKit.cpp:34:
/home/user/dev/FreeCAD/build/clang-profile/src/3rdParty/coin/src/config.h:137:9: warning: 'HAVE_FREETYPE' macro redefined [-Wmacro-redefined]
  137 | #define HAVE_FREETYPE
      |         ^
<command line>:9:9: note: previous definition is here
    9 | #define HAVE_FREETYPE 1
      |         ^
1 warning generated.
In file included from /home/user/dev/FreeCAD/src/3rdParty/coin/src/nodekits/SoInteractionKit.cpp:34:
/home/user/dev/FreeCAD/build/clang-profile/src/3rdParty/coin/src/config.h:137:9: warning: 'HAVE_FREETYPE' macro redefined [-Wmacro-redefined]
  137 | #define HAVE_FREETYPE
      |         ^
<command line>:9:9: note: previous definition is here
    9 | #define HAVE_FREETYPE 1
      |         ^
/home/user/dev/FreeCAD/src/3rdParty/coin/src/nodekits/SoInteractionKit.cpp:582:23: warning: use of logical '&&' with constant operand [-Wconstant-logical-operand]
  582 |   else if (COIN_DEBUG && 1) { // debug
      |                       ^  ~
/home/user/dev/FreeCAD/src/3rdParty/coin/src/nodekits/SoInteractionKit.cpp:582:23: note: use '&' for a bitwise operation
  582 |   else if (COIN_DEBUG && 1) { // debug
      |                       ^~
      |                       &
/home/user/dev/FreeCAD/src/3rdParty/coin/src/nodekits/SoInteractionKit.cpp:582:23: note: remove constant to silence this warning
  582 |   else if (COIN_DEBUG && 1) { // debug
      |                       ^~~~
2 warnings generated.
In file included from /home/user/dev/FreeCAD/src/3rdParty/coin/src/nodekits/SoBaseKit.cpp:34:
/home/user/dev/FreeCAD/build/clang-profile/src/3rdParty/coin/src/config.h:137:9: warning: 'HAVE_FREETYPE' macro redefined [-Wmacro-redefined]
  137 | #define HAVE_FREETYPE
      |         ^
<command line>:9:9: note: previous definition is here
    9 | #define HAVE_FREETYPE 1
      |         ^
1 warning generated.
In file included from /home/user/dev/FreeCAD/src/3rdParty/coin/src/nodekits/SoLightKit.cpp:34:
/home/user/dev/FreeCAD/build/clang-profile/src/3rdParty/coin/src/config.h:137:9: warning: 'HAVE_FREETYPE' macro redefined [-Wmacro-redefined]
  137 | #define HAVE_FREETYPE
      |         ^
<command line>:9:9: note: previous definition is here
    9 | #define HAVE_FREETYPE 1
      |         ^
1 warning generated.
In file included from /home/user/dev/FreeCAD/src/3rdParty/coin/src/nodekits/SoSeparatorKit.cpp:34:
/home/user/dev/FreeCAD/build/clang-profile/src/3rdParty/coin/src/config.h:137:9: warning: 'HAVE_FREETYPE' macro redefined [-Wmacro-redefined]
  137 | #define HAVE_FREETYPE
      |         ^
<command line>:9:9: note: previous definition is here
    9 | #define HAVE_FREETYPE 1
      |         ^
1 warning generated.
In file included from /home/user/dev/FreeCAD/src/3rdParty/coin/src/nodekits/SoWrapperKit.cpp:34:
/home/user/dev/FreeCAD/build/clang-profile/src/3rdParty/coin/src/config.h:137:9: warning: 'HAVE_FREETYPE' macro redefined [-Wmacro-redefined]
  137 | #define HAVE_FREETYPE
      |         ^
<command line>:9:9: note: previous definition is here
    9 | #define HAVE_FREETYPE 1
      |         ^
1 warning generated.
In file included from /home/user/dev/FreeCAD/src/3rdParty/coin/src/nodekits/SoShapeKit.cpp:34:
/home/user/dev/FreeCAD/build/clang-profile/src/3rdParty/coin/src/config.h:137:9: warning: 'HAVE_FREETYPE' macro redefined [-Wmacro-redefined]
  137 | #define HAVE_FREETYPE
      |         ^
<command line>:9:9: note: previous definition is here
    9 | #define HAVE_FREETYPE 1
      |         ^
1 warning generated.
In file included from /home/user/dev/FreeCAD/src/3rdParty/coin/src/navigation/SoCameraUtils.cpp:34:
In file included from /home/user/dev/FreeCAD/src/3rdParty/coin/src/coindefs.h:47:
/home/user/dev/FreeCAD/build/clang-profile/src/3rdParty/coin/src/config.h:137:9: warning: 'HAVE_FREETYPE' macro redefined [-Wmacro-redefined]
  137 | #define HAVE_FREETYPE
      |         ^
<command line>:9:9: note: previous definition is here
    9 | #define HAVE_FREETYPE 1
      |         ^
1 warning generated.
In file included from /home/user/dev/FreeCAD/src/3rdParty/coin/src/navigation/SoScXMLNavigation.cpp:57:
In file included from /home/user/dev/FreeCAD/src/3rdParty/coin/src/threads/threadsutilp.h:41:
/home/user/dev/FreeCAD/build/clang-profile/src/3rdParty/coin/src/config.h:137:9: warning: 'HAVE_FREETYPE' macro redefined [-Wmacro-redefined]
  137 | #define HAVE_FREETYPE
      |         ^
<command line>:9:9: note: previous definition is here
    9 | #define HAVE_FREETYPE 1
      |         ^
1 warning generated.
In file included from /home/user/dev/FreeCAD/src/3rdParty/coin/src/navigation/SoScXMLPanTarget.cpp:58:
In file included from /home/user/dev/FreeCAD/src/3rdParty/coin/src/coindefs.h:47:
/home/user/dev/FreeCAD/build/clang-profile/src/3rdParty/coin/src/config.h:137:9: warning: 'HAVE_FREETYPE' macro redefined [-Wmacro-redefined]
  137 | #define HAVE_FREETYPE
      |         ^
<command line>:9:9: note: previous definition is here
    9 | #define HAVE_FREETYPE 1
      |         ^
1 warning generated.
In file included from /home/user/dev/FreeCAD/src/3rdParty/coin/src/navigation/SoScXMLNavigationTarget.cpp:61:
In file included from /home/user/dev/FreeCAD/src/3rdParty/coin/src/coindefs.h:47:
/home/user/dev/FreeCAD/build/clang-profile/src/3rdParty/coin/src/config.h:137:9: warning: 'HAVE_FREETYPE' macro redefined [-Wmacro-redefined]
  137 | #define HAVE_FREETYPE
      |         ^
<command line>:9:9: note: previous definition is here
    9 | #define HAVE_FREETYPE 1
      |         ^
1 warning generated.
In file included from /home/user/dev/FreeCAD/src/3rdParty/coin/src/navigation/SoScXMLSeekTarget.cpp:61:
In file included from /home/user/dev/FreeCAD/src/3rdParty/coin/src/coindefs.h:47:
/home/user/dev/FreeCAD/build/clang-profile/src/3rdParty/coin/src/config.h:137:9: warning: 'HAVE_FREETYPE' macro redefined [-Wmacro-redefined]
  137 | #define HAVE_FREETYPE
      |         ^
<command line>:9:9: note: previous definition is here
    9 | #define HAVE_FREETYPE 1
      |         ^
1 warning generated.
In file included from /home/user/dev/FreeCAD/src/3rdParty/coin/src/navigation/SoScXMLRotateTarget.cpp:72:
In file included from /home/user/dev/FreeCAD/src/3rdParty/coin/src/SbBasicP.h:119:
In file included from /home/user/dev/FreeCAD/src/3rdParty/coin/src/coindefs.h:47:
/home/user/dev/FreeCAD/build/clang-profile/src/3rdParty/coin/src/config.h:137:9: warning: 'HAVE_FREETYPE' macro redefined [-Wmacro-redefined]
  137 | #define HAVE_FREETYPE
      |         ^
<command line>:9:9: note: previous definition is here
    9 | #define HAVE_FREETYPE 1
      |         ^
1 warning generated.
In file included from /home/user/dev/FreeCAD/src/3rdParty/coin/src/navigation/SoScXMLSpinTarget.cpp:64:
In file included from /home/user/dev/FreeCAD/src/3rdParty/coin/src/coindefs.h:47:
/home/user/dev/FreeCAD/build/clang-profile/src/3rdParty/coin/src/config.h:137:9: warning: 'HAVE_FREETYPE' macro redefined [-Wmacro-redefined]
  137 | #define HAVE_FREETYPE
      |         ^
<command line>:9:9: note: previous definition is here
    9 | #define HAVE_FREETYPE 1
      |         ^
1 warning generated.
In file included from /home/user/dev/FreeCAD/src/3rdParty/coin/src/navigation/SoScXMLZoomTarget.cpp:100:
In file included from /home/user/dev/FreeCAD/src/3rdParty/coin/src/threads/threadsutilp.h:41:
/home/user/dev/FreeCAD/build/clang-profile/src/3rdParty/coin/src/config.h:137:9: warning: 'HAVE_FREETYPE' macro redefined [-Wmacro-redefined]
  137 | #define HAVE_FREETYPE
      |         ^
<command line>:9:9: note: previous definition is here
    9 | #define HAVE_FREETYPE 1
      |         ^
1 warning generated.
In file included from /home/user/dev/FreeCAD/src/3rdParty/coin/src/navigation/SoScXMLMotionTarget.cpp:34:
In file included from /home/user/dev/FreeCAD/src/3rdParty/coin/src/coindefs.h:47:
/home/user/dev/FreeCAD/build/clang-profile/src/3rdParty/coin/src/config.h:137:9: warning: 'HAVE_FREETYPE' macro redefined [-Wmacro-redefined]
  137 | #define HAVE_FREETYPE
      |         ^
<command line>:9:9: note: previous definition is here
    9 | #define HAVE_FREETYPE 1
      |         ^
1 warning generated.
In file included from /home/user/dev/FreeCAD/src/3rdParty/coin/src/navigation/SoScXMLDollyTarget.cpp:99:
In file included from /home/user/dev/FreeCAD/src/3rdParty/coin/src/threads/threadsutilp.h:41:
/home/user/dev/FreeCAD/build/clang-profile/src/3rdParty/coin/src/config.h:137:9: warning: 'HAVE_FREETYPE' macro redefined [-Wmacro-redefined]
  137 | #define HAVE_FREETYPE
      |         ^
<command line>:9:9: note: previous definition is here
    9 | #define HAVE_FREETYPE 1
      |         ^
/home/user/dev/FreeCAD/src/3rdParty/coin/src/navigation/SoScXMLDollyTarget.cpp:483:20: warning: use of logical '&&' with constant operand [-Wconstant-logical-operand]
  483 |     if (COIN_DEBUG && 0) {
      |                    ^  ~
/home/user/dev/FreeCAD/src/3rdParty/coin/src/navigation/SoScXMLDollyTarget.cpp:483:20: note: use '&' for a bitwise operation
  483 |     if (COIN_DEBUG && 0) {
      |                    ^~
      |                    &
/home/user/dev/FreeCAD/src/3rdParty/coin/src/navigation/SoScXMLDollyTarget.cpp:483:20: note: remove constant to silence this warning
  483 |     if (COIN_DEBUG && 0) {
      |                    ^~~~
/home/user/dev/FreeCAD/src/3rdParty/coin/src/navigation/SoScXMLDollyTarget.cpp:535:20: warning: use of logical '&&' with constant operand [-Wconstant-logical-operand]
  535 |     if (COIN_DEBUG && 0) {
      |                    ^  ~
/home/user/dev/FreeCAD/src/3rdParty/coin/src/navigation/SoScXMLDollyTarget.cpp:535:20: note: use '&' for a bitwise operation
  535 |     if (COIN_DEBUG && 0) {
      |                    ^~
      |                    &
/home/user/dev/FreeCAD/src/3rdParty/coin/src/navigation/SoScXMLDollyTarget.cpp:535:20: note: remove constant to silence this warning
  535 |     if (COIN_DEBUG && 0) {
      |                    ^~~~
3 warnings generated.
In file included from /home/user/dev/FreeCAD/src/3rdParty/coin/src/navigation/SoScXMLMiscTarget.cpp:51:
In file included from /home/user/dev/FreeCAD/src/3rdParty/coin/src/coindefs.h:47:
/home/user/dev/FreeCAD/build/clang-profile/src/3rdParty/coin/src/config.h:137:9: warning: 'HAVE_FREETYPE' macro redefined [-Wmacro-redefined]
  137 | #define HAVE_FREETYPE
      |         ^
<command line>:9:9: note: previous definition is here
    9 | #define HAVE_FREETYPE 1
      |         ^
1 warning generated.
In file included from /home/user/dev/FreeCAD/src/3rdParty/coin/src/nodes/SoAnnotation.cpp:67:
/home/user/dev/FreeCAD/build/clang-profile/src/3rdParty/coin/src/config.h:137:9: warning: 'HAVE_FREETYPE' macro redefined [-Wmacro-redefined]
  137 | #define HAVE_FREETYPE
      |         ^
<command line>:9:9: note: previous definition is here
    9 | #define HAVE_FREETYPE 1
      |         ^
1 warning generated.
In file included from /home/user/dev/FreeCAD/src/3rdParty/coin/src/nodes/SoBlinker.cpp:57:
In file included from /home/user/dev/FreeCAD/src/3rdParty/coin/src/coindefs.h:47:
/home/user/dev/FreeCAD/build/clang-profile/src/3rdParty/coin/src/config.h:137:9: warning: 'HAVE_FREETYPE' macro redefined [-Wmacro-redefined]
  137 | #define HAVE_FREETYPE
      |         ^
<command line>:9:9: note: previous definition is here
    9 | #define HAVE_FREETYPE 1
      |         ^
1 warning generated.
In file included from /home/user/dev/FreeCAD/src/3rdParty/coin/src/nodes/SoBaseColor.cpp:55:
/home/user/dev/FreeCAD/build/clang-profile/src/3rdParty/coin/src/config.h:137:9: warning: 'HAVE_FREETYPE' macro redefined [-Wmacro-redefined]
  137 | #define HAVE_FREETYPE
      |         ^
<command line>:9:9: note: previous definition is here
    9 | #define HAVE_FREETYPE 1
      |         ^
1 warning generated.
In file included from /home/user/dev/FreeCAD/src/3rdParty/coin/src/nodes/SoBumpMap.cpp:91:
/home/user/dev/FreeCAD/build/clang-profile/src/3rdParty/coin/src/config.h:137:9: warning: 'HAVE_FREETYPE' macro redefined [-Wmacro-redefined]
  137 | #define HAVE_FREETYPE
      |         ^
<command line>:9:9: note: previous definition is here
    9 | #define HAVE_FREETYPE 1
      |         ^
1 warning generated.
In file included from /home/user/dev/FreeCAD/src/3rdParty/coin/src/nodes/SoBumpMapTransform.cpp:60:
In file included from /home/user/dev/FreeCAD/src/3rdParty/coin/src/coindefs.h:47:
/home/user/dev/FreeCAD/build/clang-profile/src/3rdParty/coin/src/config.h:137:9: warning: 'HAVE_FREETYPE' macro redefined [-Wmacro-redefined]
  137 | #define HAVE_FREETYPE
      |         ^
<command line>:9:9: note: previous definition is here
    9 | #define HAVE_FREETYPE 1
      |         ^
1 warning generated.
In file included from /home/user/dev/FreeCAD/src/3rdParty/coin/src/rendering/SoGL.cpp:39:
In file included from /home/user/dev/FreeCAD/src/3rdParty/coin/src/coindefs.h:47:
/home/user/dev/FreeCAD/build/clang-profile/src/3rdParty/coin/src/config.h:137:9: warning: 'HAVE_FREETYPE' macro redefined [-Wmacro-redefined]
  137 | #define HAVE_FREETYPE
      |         ^
<command line>:9:9: note: previous definition is here
    9 | #define HAVE_FREETYPE 1
      |         ^
1 warning generated.
In file included from /home/user/dev/FreeCAD/src/3rdParty/coin/src/nodes/SoCamera.cpp:117:
In file included from /home/user/dev/FreeCAD/src/3rdParty/coin/include/Inventor/nodes/SoCamera.h:37:
/home/user/dev/FreeCAD/src/3rdParty/coin/include/Inventor/SbViewportRegion.h:45:3: warning: definition of implicit copy assignment operator for 'SbViewportRegion' is deprecated because it has a user-provided copy constructor [-Wdeprecated-copy-with-user-provided-copy]
   45 |   SbViewportRegion(const SbViewportRegion & vpReg);
      |   ^
/home/user/dev/FreeCAD/src/3rdParty/coin/src/nodes/SoCamera.cpp:440:12: note: in implicit copy assignment operator for 'SbViewportRegion' first required here
  440 |   resultvp = vp;
      |            ^
1 warning generated.
In file included from /home/user/dev/FreeCAD/src/3rdParty/coin/src/nodes/SoCoordinate3.cpp:68:
In file included from /home/user/dev/FreeCAD/src/3rdParty/coin/src/rendering/SoVBO.h:43:
In file included from /home/user/dev/FreeCAD/src/3rdParty/coin/src/misc/SbHash.h:59:
In file included from /home/user/dev/FreeCAD/src/3rdParty/coin/src/coindefs.h:47:
/home/user/dev/FreeCAD/build/clang-profile/src/3rdParty/coin/src/config.h:137:9: warning: 'HAVE_FREETYPE' macro redefined [-Wmacro-redefined]
  137 | #define HAVE_FREETYPE
      |         ^
<command line>:9:9: note: previous definition is here
    9 | #define HAVE_FREETYPE 1
      |         ^
1 warning generated.
In file included from /home/user/dev/FreeCAD/src/3rdParty/coin/src/nodes/SoCoordinate4.cpp:73:
In file included from /home/user/dev/FreeCAD/src/3rdParty/coin/src/rendering/SoVBO.h:43:
In file included from /home/user/dev/FreeCAD/src/3rdParty/coin/src/misc/SbHash.h:59:
In file included from /home/user/dev/FreeCAD/src/3rdParty/coin/src/coindefs.h:47:
/home/user/dev/FreeCAD/build/clang-profile/src/3rdParty/coin/src/config.h:137:9: warning: 'HAVE_FREETYPE' macro redefined [-Wmacro-redefined]
  137 | #define HAVE_FREETYPE
      |         ^
<command line>:9:9: note: previous definition is here
    9 | #define HAVE_FREETYPE 1
      |         ^
1 warning generated.
In file included from /home/user/dev/FreeCAD/src/3rdParty/coin/src/nodes/SoDirectionalLight.cpp:95:
/home/user/dev/FreeCAD/build/clang-profile/src/3rdParty/coin/src/config.h:137:9: warning: 'HAVE_FREETYPE' macro redefined [-Wmacro-redefined]
  137 | #define HAVE_FREETYPE
      |         ^
<command line>:9:9: note: previous definition is here
    9 | #define HAVE_FREETYPE 1
      |         ^
1 warning generated.
In file included from /home/user/dev/FreeCAD/src/3rdParty/coin/src/nodes/SoFile.cpp:61:
In file included from /home/user/dev/FreeCAD/src/3rdParty/coin/src/coindefs.h:47:
/home/user/dev/FreeCAD/build/clang-profile/src/3rdParty/coin/src/config.h:137:9: warning: 'HAVE_FREETYPE' macro redefined [-Wmacro-redefined]
  137 | #define HAVE_FREETYPE
      |         ^
<command line>:9:9: note: previous definition is here
    9 | #define HAVE_FREETYPE 1
      |         ^
1 warning generated.
In file included from /home/user/dev/FreeCAD/src/3rdParty/coin/src/nodes/SoExtSelection.cpp:86:
/home/user/dev/FreeCAD/build/clang-profile/src/3rdParty/coin/src/config.h:137:9: warning: 'HAVE_FREETYPE' macro redefined [-Wmacro-redefined]
  137 | #define HAVE_FREETYPE
      |         ^
<command line>:9:9: note: previous definition is here
    9 | #define HAVE_FREETYPE 1
      |         ^
/home/user/dev/FreeCAD/src/3rdParty/coin/src/nodes/SoExtSelection.cpp:1237:13: warning: unused variable 'vpo' [-Wunused-variable]
 1237 |     SbVec2s vpo = vp.getViewportOriginPixels();
      |             ^~~
/home/user/dev/FreeCAD/src/3rdParty/coin/src/nodes/SoExtSelection.cpp:1238:13: warning: unused variable 'vps' [-Wunused-variable]
 1238 |     SbVec2s vps = vp.getViewportSizePixels();
      |             ^~~
In file included from /home/user/dev/FreeCAD/src/3rdParty/coin/src/nodes/SoExtSelection.cpp:99:
/home/user/dev/FreeCAD/src/3rdParty/coin/include/Inventor/SbViewportRegion.h:45:3: warning: definition of implicit copy assignment operator for 'SbViewportRegion' is deprecated because it has a user-provided copy constructor [-Wdeprecated-copy-with-user-provided-copy]
   45 |   SbViewportRegion(const SbViewportRegion & vpReg);
      |   ^
/home/user/dev/FreeCAD/src/3rdParty/coin/src/nodes/SoExtSelection.cpp:2581:15: note: in implicit copy assignment operator for 'SbViewportRegion' first required here
 2581 |   this->curvp = SoViewportRegionElement::get(action->getState());
      |               ^
4 warnings generated.
In file included from /home/user/dev/FreeCAD/src/3rdParty/coin/src/nodes/SoGroup.cpp:192:
/home/user/dev/FreeCAD/build/clang-profile/src/3rdParty/coin/src/config.h:137:9: warning: 'HAVE_FREETYPE' macro redefined [-Wmacro-redefined]
  137 | #define HAVE_FREETYPE
      |         ^
<command line>:9:9: note: previous definition is here
    9 | #define HAVE_FREETYPE 1
      |         ^
/home/user/dev/FreeCAD/src/3rdParty/coin/src/nodes/SoGroup.cpp:732:51: warning: unused parameter 'isfromfield' [-Wunused-parameter]
  732 | SoGroup::addWriteReference(SoOutput * out, SbBool isfromfield)
      |                                                   ^
2 warnings generated.
In file included from /home/user/dev/FreeCAD/src/3rdParty/coin/src/nodes/SoLOD.cpp:113:
In file included from /home/user/dev/FreeCAD/src/3rdParty/coin/src/profiler/SoNodeProfiling.h:43:
In file included from /home/user/dev/FreeCAD/src/3rdParty/coin/src/misc/SoDBP.h:37:
/home/user/dev/FreeCAD/build/clang-profile/src/3rdParty/coin/src/config.h:137:9: warning: 'HAVE_FREETYPE' macro redefined [-Wmacro-redefined]
  137 | #define HAVE_FREETYPE
      |         ^
<command line>:9:9: note: previous definition is here
    9 | #define HAVE_FREETYPE 1
      |         ^
1 warning generated.
In file included from /home/user/dev/FreeCAD/src/3rdParty/coin/src/nodes/SoLevelOfDetail.cpp:177:
/home/user/dev/FreeCAD/build/clang-profile/src/3rdParty/coin/src/config.h:137:9: warning: 'HAVE_FREETYPE' macro redefined [-Wmacro-redefined]
  137 | #define HAVE_FREETYPE
      |         ^
<command line>:9:9: note: previous definition is here
    9 | #define HAVE_FREETYPE 1
      |         ^
1 warning generated.
In file included from /home/user/dev/FreeCAD/src/3rdParty/coin/src/nodes/SoListener.cpp:69:
/home/user/dev/FreeCAD/build/clang-profile/src/3rdParty/coin/src/config.h:137:9: warning: 'HAVE_FREETYPE' macro redefined [-Wmacro-redefined]
  137 | #define HAVE_FREETYPE
      |         ^
<command line>:9:9: note: previous definition is here
    9 | #define HAVE_FREETYPE 1
      |         ^
1 warning generated.
In file included from /home/user/dev/FreeCAD/src/3rdParty/coin/src/nodes/SoLinearProfile.cpp:54:
In file included from /home/user/dev/FreeCAD/src/3rdParty/coin/src/coindefs.h:47:
/home/user/dev/FreeCAD/build/clang-profile/src/3rdParty/coin/src/config.h:137:9: warning: 'HAVE_FREETYPE' macro redefined [-Wmacro-redefined]
  137 | #define HAVE_FREETYPE
      |         ^
<command line>:9:9: note: previous definition is here
    9 | #define HAVE_FREETYPE 1
      |         ^
1 warning generated.
In file included from /home/user/dev/FreeCAD/src/3rdParty/coin/src/nodes/SoLocateHighlight.cpp:62:
/home/user/dev/FreeCAD/build/clang-profile/src/3rdParty/coin/src/config.h:137:9: warning: 'HAVE_FREETYPE' macro redefined [-Wmacro-redefined]
  137 | #define HAVE_FREETYPE
      |         ^
<command line>:9:9: note: previous definition is here
    9 | #define HAVE_FREETYPE 1
      |         ^
1 warning generated.
In file included from /home/user/dev/FreeCAD/src/3rdParty/coin/src/nodes/SoMaterial.cpp:180:
/home/user/dev/FreeCAD/build/clang-profile/src/3rdParty/coin/src/config.h:137:9: warning: 'HAVE_FREETYPE' macro redefined [-Wmacro-redefined]
  137 | #define HAVE_FREETYPE
      |         ^
<command line>:9:9: note: previous definition is here
    9 | #define HAVE_FREETYPE 1
      |         ^
1 warning generated.
In file included from /home/user/dev/FreeCAD/src/3rdParty/coin/src/nodes/SoNormal.cpp:68:
In file included from /home/user/dev/FreeCAD/src/3rdParty/coin/src/rendering/SoVBO.h:43:
In file included from /home/user/dev/FreeCAD/src/3rdParty/coin/src/misc/SbHash.h:59:
In file included from /home/user/dev/FreeCAD/src/3rdParty/coin/src/coindefs.h:47:
/home/user/dev/FreeCAD/build/clang-profile/src/3rdParty/coin/src/config.h:137:9: warning: 'HAVE_FREETYPE' macro redefined [-Wmacro-redefined]
  137 | #define HAVE_FREETYPE
      |         ^
<command line>:9:9: note: previous definition is here
    9 | #define HAVE_FREETYPE 1
      |         ^
1 warning generated.
In file included from /home/user/dev/FreeCAD/src/3rdParty/coin/src/nodes/SoNurbsProfile.cpp:159:
/home/user/dev/FreeCAD/build/clang-profile/src/3rdParty/coin/src/config.h:137:9: warning: 'HAVE_FREETYPE' macro redefined [-Wmacro-redefined]
  137 | #define HAVE_FREETYPE
      |         ^
<command line>:9:9: note: previous definition is here
    9 | #define HAVE_FREETYPE 1
      |         ^
1 warning generated.
In file included from /home/user/dev/FreeCAD/src/3rdParty/coin/src/nodes/SoNode.cpp:199:
/home/user/dev/FreeCAD/build/clang-profile/src/3rdParty/coin/src/config.h:137:9: warning: 'HAVE_FREETYPE' macro redefined [-Wmacro-redefined]
  137 | #define HAVE_FREETYPE
      |         ^
<command line>:9:9: note: previous definition is here
    9 | #define HAVE_FREETYPE 1
      |         ^
1 warning generated.
In file included from /home/user/dev/FreeCAD/src/3rdParty/coin/src/nodes/SoPackedColor.cpp:71:
In file included from /home/user/dev/FreeCAD/src/3rdParty/coin/src/rendering/SoVBO.h:43:
In file included from /home/user/dev/FreeCAD/src/3rdParty/coin/src/misc/SbHash.h:59:
In file included from /home/user/dev/FreeCAD/src/3rdParty/coin/src/coindefs.h:47:
/home/user/dev/FreeCAD/build/clang-profile/src/3rdParty/coin/src/config.h:137:9: warning: 'HAVE_FREETYPE' macro redefined [-Wmacro-redefined]
  137 | #define HAVE_FREETYPE
      |         ^
<command line>:9:9: note: previous definition is here
    9 | #define HAVE_FREETYPE 1
      |         ^
1 warning generated.
In file included from /home/user/dev/FreeCAD/src/3rdParty/coin/src/nodes/SoPointLight.cpp:61:
/home/user/dev/FreeCAD/build/clang-profile/src/3rdParty/coin/src/config.h:137:9: warning: 'HAVE_FREETYPE' macro redefined [-Wmacro-redefined]
  137 | #define HAVE_FREETYPE
      |         ^
<command line>:9:9: note: previous definition is here
    9 | #define HAVE_FREETYPE 1
      |         ^
1 warning generated.
In file included from /home/user/dev/FreeCAD/src/3rdParty/coin/src/nodes/SoRotor.cpp:76:
In file included from /home/user/dev/FreeCAD/src/3rdParty/coin/src/coindefs.h:47:
/home/user/dev/FreeCAD/build/clang-profile/src/3rdParty/coin/src/config.h:137:9: warning: 'HAVE_FREETYPE' macro redefined [-Wmacro-redefined]
  137 | #define HAVE_FREETYPE
      |         ^
<command line>:9:9: note: previous definition is here
    9 | #define HAVE_FREETYPE 1
      |         ^
1 warning generated.
In file included from /home/user/dev/FreeCAD/src/3rdParty/coin/src/nodes/SoSceneTexture2.cpp:264:
In file included from /home/user/dev/FreeCAD/src/3rdParty/coin/src/coindefs.h:47:
/home/user/dev/FreeCAD/build/clang-profile/src/3rdParty/coin/src/config.h:137:9: warning: 'HAVE_FREETYPE' macro redefined [-Wmacro-redefined]
  137 | #define HAVE_FREETYPE
      |         ^
<command line>:9:9: note: previous definition is here
    9 | #define HAVE_FREETYPE 1
      |         ^
1 warning generated.
In file included from /home/user/dev/FreeCAD/src/3rdParty/coin/src/nodes/SoSceneTextureCubeMap.cpp:34:
In file included from /home/user/dev/FreeCAD/src/3rdParty/coin/src/coindefs.h:47:
/home/user/dev/FreeCAD/build/clang-profile/src/3rdParty/coin/src/config.h:137:9: warning: 'HAVE_FREETYPE' macro redefined [-Wmacro-redefined]
  137 | #define HAVE_FREETYPE
      |         ^
<command line>:9:9: note: previous definition is here
    9 | #define HAVE_FREETYPE 1
      |         ^
1 warning generated.
In file included from /home/user/dev/FreeCAD/src/3rdParty/coin/src/nodes/SoSeparator.cpp:64:
/home/user/dev/FreeCAD/build/clang-profile/src/3rdParty/coin/src/config.h:137:9: warning: 'HAVE_FREETYPE' macro redefined [-Wmacro-redefined]
  137 | #define HAVE_FREETYPE
      |         ^
<command line>:9:9: note: previous definition is here
    9 | #define HAVE_FREETYPE 1
      |         ^
1 warning generated.
In file included from /home/user/dev/FreeCAD/src/3rdParty/coin/src/nodes/SoSpotLight.cpp:66:
/home/user/dev/FreeCAD/build/clang-profile/src/3rdParty/coin/src/config.h:137:9: warning: 'HAVE_FREETYPE' macro redefined [-Wmacro-redefined]
  137 | #define HAVE_FREETYPE
      |         ^
<command line>:9:9: note: previous definition is here
    9 | #define HAVE_FREETYPE 1
      |         ^
1 warning generated.
In file included from /home/user/dev/FreeCAD/src/3rdParty/coin/src/nodes/SoSurroundScale.cpp:198:
In file included from /home/user/dev/FreeCAD/src/3rdParty/coin/include/Inventor/actions/SoGetMatrixAction.h:39:
/home/user/dev/FreeCAD/src/3rdParty/coin/include/Inventor/SbViewportRegion.h:45:3: warning: definition of implicit copy assignment operator for 'SbViewportRegion' is deprecated because it has a user-provided copy constructor [-Wdeprecated-copy-with-user-provided-copy]
   45 |   SbViewportRegion(const SbViewportRegion & vpReg);
      |   ^
/home/user/dev/FreeCAD/src/3rdParty/coin/src/nodes/SoSurroundScale.cpp:436:8: note: in implicit copy assignment operator for 'SbViewportRegion' first required here
  436 |     vp = SoViewportRegionElement::get(action->getState());
      |        ^
1 warning generated.
In file included from /home/user/dev/FreeCAD/src/3rdParty/coin/src/nodes/SoSwitch.cpp:77:
In file included from /home/user/dev/FreeCAD/src/3rdParty/coin/src/coindefs.h:47:
/home/user/dev/FreeCAD/build/clang-profile/src/3rdParty/coin/src/config.h:137:9: warning: 'HAVE_FREETYPE' macro redefined [-Wmacro-redefined]
  137 | #define HAVE_FREETYPE
      |         ^
<command line>:9:9: note: previous definition is here
    9 | #define HAVE_FREETYPE 1
      |         ^
1 warning generated.
In file included from /home/user/dev/FreeCAD/src/3rdParty/coin/src/nodes/SoTexture2.cpp:200:
/home/user/dev/FreeCAD/build/clang-profile/src/3rdParty/coin/src/config.h:137:9: warning: 'HAVE_FREETYPE' macro redefined [-Wmacro-redefined]
  137 | #define HAVE_FREETYPE
      |         ^
<command line>:9:9: note: previous definition is here
    9 | #define HAVE_FREETYPE 1
      |         ^
1 warning generated.
In file included from /home/user/dev/FreeCAD/src/3rdParty/coin/src/nodes/SoTextureCoordinate2.cpp:122:
In file included from /home/user/dev/FreeCAD/src/3rdParty/coin/src/rendering/SoVBO.h:43:
In file included from /home/user/dev/FreeCAD/src/3rdParty/coin/src/misc/SbHash.h:59:
In file included from /home/user/dev/FreeCAD/src/3rdParty/coin/src/coindefs.h:47:
/home/user/dev/FreeCAD/build/clang-profile/src/3rdParty/coin/src/config.h:137:9: warning: 'HAVE_FREETYPE' macro redefined [-Wmacro-redefined]
  137 | #define HAVE_FREETYPE
      |         ^
<command line>:9:9: note: previous definition is here
    9 | #define HAVE_FREETYPE 1
      |         ^
1 warning generated.
In file included from /home/user/dev/FreeCAD/src/3rdParty/coin/src/nodes/SoTextureCoordinate3.cpp:80:
In file included from /home/user/dev/FreeCAD/src/3rdParty/coin/src/rendering/SoVBO.h:43:
In file included from /home/user/dev/FreeCAD/src/3rdParty/coin/src/misc/SbHash.h:59:
In file included from /home/user/dev/FreeCAD/src/3rdParty/coin/src/coindefs.h:47:
/home/user/dev/FreeCAD/build/clang-profile/src/3rdParty/coin/src/config.h:137:9: warning: 'HAVE_FREETYPE' macro redefined [-Wmacro-redefined]
  137 | #define HAVE_FREETYPE
      |         ^
<command line>:9:9: note: previous definition is here
    9 | #define HAVE_FREETYPE 1
      |         ^
1 warning generated.
In file included from /home/user/dev/FreeCAD/src/3rdParty/coin/src/nodes/SoTextureCoordinateCube.cpp:54:
In file included from /home/user/dev/FreeCAD/src/3rdParty/coin/src/coindefs.h:47:
/home/user/dev/FreeCAD/build/clang-profile/src/3rdParty/coin/src/config.h:137:9: warning: 'HAVE_FREETYPE' macro redefined [-Wmacro-redefined]
  137 | #define HAVE_FREETYPE
      |         ^
<command line>:9:9: note: previous definition is here
    9 | #define HAVE_FREETYPE 1
      |         ^
/home/user/dev/FreeCAD/src/3rdParty/coin/src/nodes/SoTextureCoordinateCube.cpp:125:29: warning: private field 'master' is not used [-Wunused-private-field]
  125 |   SoTextureCoordinateCube * master;
      |                             ^
2 warnings generated.
In file included from /home/user/dev/FreeCAD/src/3rdParty/coin/src/nodes/SoTextureCoordinateCylinder.cpp:52:
In file included from /home/user/dev/FreeCAD/src/3rdParty/coin/src/coindefs.h:47:
/home/user/dev/FreeCAD/build/clang-profile/src/3rdParty/coin/src/config.h:137:9: warning: 'HAVE_FREETYPE' macro redefined [-Wmacro-redefined]
  137 | #define HAVE_FREETYPE
      |         ^
<command line>:9:9: note: previous definition is here
    9 | #define HAVE_FREETYPE 1
      |         ^
/home/user/dev/FreeCAD/src/3rdParty/coin/src/nodes/SoTextureCoordinateCylinder.cpp:119:33: warning: private field 'master' is not used [-Wunused-private-field]
  119 |   SoTextureCoordinateCylinder * master;
      |                                 ^
2 warnings generated.
In file included from /home/user/dev/FreeCAD/src/3rdParty/coin/src/nodes/SoTextureCoordinateSphere.cpp:52:
In file included from /home/user/dev/FreeCAD/src/3rdParty/coin/src/coindefs.h:47:
/home/user/dev/FreeCAD/build/clang-profile/src/3rdParty/coin/src/config.h:137:9: warning: 'HAVE_FREETYPE' macro redefined [-Wmacro-redefined]
  137 | #define HAVE_FREETYPE
      |         ^
<command line>:9:9: note: previous definition is here
    9 | #define HAVE_FREETYPE 1
      |         ^
/home/user/dev/FreeCAD/src/3rdParty/coin/src/nodes/SoTextureCoordinateSphere.cpp:119:31: warning: private field 'master' is not used [-Wunused-private-field]
  119 |   SoTextureCoordinateSphere * master;
      |                               ^
2 warnings generated.
In file included from /home/user/dev/FreeCAD/src/3rdParty/coin/src/nodes/SoTextureCoordinateEnvironment.cpp:78:
/home/user/dev/FreeCAD/build/clang-profile/src/3rdParty/coin/src/config.h:137:9: warning: 'HAVE_FREETYPE' macro redefined [-Wmacro-redefined]
  137 | #define HAVE_FREETYPE
      |         ^
<command line>:9:9: note: previous definition is here
    9 | #define HAVE_FREETYPE 1
      |         ^
1 warning generated.
In file included from /home/user/dev/FreeCAD/src/3rdParty/coin/src/nodes/SoTextureCoordinatePlane.cpp:118:
/home/user/dev/FreeCAD/build/clang-profile/src/3rdParty/coin/src/config.h:137:9: warning: 'HAVE_FREETYPE' macro redefined [-Wmacro-redefined]
  137 | #define HAVE_FREETYPE
      |         ^
<command line>:9:9: note: previous definition is here
    9 | #define HAVE_FREETYPE 1
      |         ^
1 warning generated.
In file included from /home/user/dev/FreeCAD/src/3rdParty/coin/src/nodes/SoTextureCoordinateNormalMap.cpp:73:
In file included from /home/user/dev/FreeCAD/src/3rdParty/coin/src/coindefs.h:47:
/home/user/dev/FreeCAD/build/clang-profile/src/3rdParty/coin/src/config.h:137:9: warning: 'HAVE_FREETYPE' macro redefined [-Wmacro-redefined]
  137 | #define HAVE_FREETYPE
      |         ^
<command line>:9:9: note: previous definition is here
    9 | #define HAVE_FREETYPE 1
      |         ^
1 warning generated.
In file included from /home/user/dev/FreeCAD/src/3rdParty/coin/src/nodes/SoTextureCoordinateReflectionMap.cpp:53:
In file included from /home/user/dev/FreeCAD/src/3rdParty/coin/src/coindefs.h:47:
/home/user/dev/FreeCAD/build/clang-profile/src/3rdParty/coin/src/config.h:137:9: warning: 'HAVE_FREETYPE' macro redefined [-Wmacro-redefined]
  137 | #define HAVE_FREETYPE
      |         ^
<command line>:9:9: note: previous definition is here
    9 | #define HAVE_FREETYPE 1
      |         ^
1 warning generated.
In file included from /home/user/dev/FreeCAD/src/3rdParty/coin/src/nodes/SoTextureCoordinateObject.cpp:55:
In file included from /home/user/dev/FreeCAD/src/3rdParty/coin/src/coindefs.h:47:
/home/user/dev/FreeCAD/build/clang-profile/src/3rdParty/coin/src/config.h:137:9: warning: 'HAVE_FREETYPE' macro redefined [-Wmacro-redefined]
  137 | #define HAVE_FREETYPE
      |         ^
<command line>:9:9: note: previous definition is here
    9 | #define HAVE_FREETYPE 1
      |         ^
1 warning generated.
In file included from /home/user/dev/FreeCAD/src/3rdParty/coin/src/nodes/SoTextureCubeMap.cpp:73:
/home/user/dev/FreeCAD/build/clang-profile/src/3rdParty/coin/src/config.h:137:9: warning: 'HAVE_FREETYPE' macro redefined [-Wmacro-redefined]
  137 | #define HAVE_FREETYPE
      |         ^
<command line>:9:9: note: previous definition is here
    9 | #define HAVE_FREETYPE 1
      |         ^
1 warning generated.
In file included from /home/user/dev/FreeCAD/src/3rdParty/coin/src/nodes/SoUnknownNode.cpp:59:
In file included from /home/user/dev/FreeCAD/src/3rdParty/coin/src/io/SoInputP.h:42:
In file included from /home/user/dev/FreeCAD/src/3rdParty/coin/src/misc/SbHash.h:59:
In file included from /home/user/dev/FreeCAD/src/3rdParty/coin/src/coindefs.h:47:
/home/user/dev/FreeCAD/build/clang-profile/src/3rdParty/coin/src/config.h:137:9: warning: 'HAVE_FREETYPE' macro redefined [-Wmacro-redefined]
  137 | #define HAVE_FREETYPE
      |         ^
<command line>:9:9: note: previous definition is here
    9 | #define HAVE_FREETYPE 1
      |         ^
1 warning generated.
In file included from /home/user/dev/FreeCAD/src/3rdParty/coin/src/nodes/SoWWWAnchor.cpp:84:
In file included from /home/user/dev/FreeCAD/src/3rdParty/coin/src/coindefs.h:47:
/home/user/dev/FreeCAD/build/clang-profile/src/3rdParty/coin/src/config.h:137:9: warning: 'HAVE_FREETYPE' macro redefined [-Wmacro-redefined]
  137 | #define HAVE_FREETYPE
      |         ^
<command line>:9:9: note: previous definition is here
    9 | #define HAVE_FREETYPE 1
      |         ^
1 warning generated.
In file included from /home/user/dev/FreeCAD/src/3rdParty/coin/src/nodes/SoVertexProperty.cpp:116:
In file included from /home/user/dev/FreeCAD/src/3rdParty/coin/src/rendering/SoVBO.h:43:
In file included from /home/user/dev/FreeCAD/src/3rdParty/coin/src/misc/SbHash.h:59:
In file included from /home/user/dev/FreeCAD/src/3rdParty/coin/src/coindefs.h:47:
/home/user/dev/FreeCAD/build/clang-profile/src/3rdParty/coin/src/config.h:137:9: warning: 'HAVE_FREETYPE' macro redefined [-Wmacro-redefined]
  137 | #define HAVE_FREETYPE
      |         ^
<command line>:9:9: note: previous definition is here
    9 | #define HAVE_FREETYPE 1
      |         ^
1 warning generated.
In file included from /home/user/dev/FreeCAD/src/3rdParty/coin/src/nodes/SoVertexAttribute.cpp:55:
In file included from /home/user/dev/FreeCAD/src/3rdParty/coin/src/rendering/SoVBO.h:43:
In file included from /home/user/dev/FreeCAD/src/3rdParty/coin/src/misc/SbHash.h:59:
In file included from /home/user/dev/FreeCAD/src/3rdParty/coin/src/coindefs.h:47:
/home/user/dev/FreeCAD/build/clang-profile/src/3rdParty/coin/src/config.h:137:9: warning: 'HAVE_FREETYPE' macro redefined [-Wmacro-redefined]
  137 | #define HAVE_FREETYPE
      |         ^
<command line>:9:9: note: previous definition is here
    9 | #define HAVE_FREETYPE 1
      |         ^
/home/user/dev/FreeCAD/src/3rdParty/coin/src/nodes/SoVertexAttribute.cpp:288:10: warning: variable 'setvbo' set but not used [-Wunused-but-set-variable]
  288 |   SbBool setvbo = FALSE;
      |          ^
2 warnings generated.
In file included from /home/user/dev/FreeCAD/src/3rdParty/coin/src/nodes/SoWWWInline.cpp:92:
/home/user/dev/FreeCAD/build/clang-profile/src/3rdParty/coin/src/config.h:137:9: warning: 'HAVE_FREETYPE' macro redefined [-Wmacro-redefined]
  137 | #define HAVE_FREETYPE
      |         ^
<command line>:9:9: note: previous definition is here
    9 | #define HAVE_FREETYPE 1
      |         ^
1 warning generated.
In file included from /home/user/dev/FreeCAD/src/3rdParty/coin/src/shapenodes/SoCone.cpp:77:
In file included from /home/user/dev/FreeCAD/src/3rdParty/coin/src/coindefs.h:47:
/home/user/dev/FreeCAD/build/clang-profile/src/3rdParty/coin/src/config.h:137:9: warning: 'HAVE_FREETYPE' macro redefined [-Wmacro-redefined]
  137 | #define HAVE_FREETYPE
      |         ^
<command line>:9:9: note: previous definition is here
    9 | #define HAVE_FREETYPE 1
      |         ^
1 warning generated.
In file included from /home/user/dev/FreeCAD/src/3rdParty/coin/src/shapenodes/SoCube.cpp:70:
In file included from /home/user/dev/FreeCAD/src/3rdParty/coin/src/coindefs.h:47:
/home/user/dev/FreeCAD/build/clang-profile/src/3rdParty/coin/src/config.h:137:9: warning: 'HAVE_FREETYPE' macro redefined [-Wmacro-redefined]
  137 | #define HAVE_FREETYPE
      |         ^
<command line>:9:9: note: previous definition is here
    9 | #define HAVE_FREETYPE 1
      |         ^
1 warning generated.
In file included from /home/user/dev/FreeCAD/src/3rdParty/coin/src/shapenodes/SoAsciiText.cpp:141:
In file included from /home/user/dev/FreeCAD/src/3rdParty/coin/src/coindefs.h:47:
/home/user/dev/FreeCAD/build/clang-profile/src/3rdParty/coin/src/config.h:137:9: warning: 'HAVE_FREETYPE' macro redefined [-Wmacro-redefined]
  137 | #define HAVE_FREETYPE
      |         ^
<command line>:9:9: note: previous definition is here
    9 | #define HAVE_FREETYPE 1
      |         ^
/home/user/dev/FreeCAD/src/3rdParty/coin/src/shapenodes/SoAsciiText.cpp:539:9: warning: variable 'originalmaxx' set but not used [-Wunused-but-set-variable]
  539 |   float originalmaxx = 0.0f;
      |         ^
2 warnings generated.
In file included from /home/user/dev/FreeCAD/src/3rdParty/coin/src/shapenodes/SoCylinder.cpp:94:
In file included from /home/user/dev/FreeCAD/src/3rdParty/coin/src/coindefs.h:47:
/home/user/dev/FreeCAD/build/clang-profile/src/3rdParty/coin/src/config.h:137:9: warning: 'HAVE_FREETYPE' macro redefined [-Wmacro-redefined]
  137 | #define HAVE_FREETYPE
      |         ^
<command line>:9:9: note: previous definition is here
    9 | #define HAVE_FREETYPE 1
      |         ^
1 warning generated.
In file included from /home/user/dev/FreeCAD/src/3rdParty/coin/src/shapenodes/SoImage.cpp:151:
/home/user/dev/FreeCAD/build/clang-profile/src/3rdParty/coin/src/config.h:137:9: warning: 'HAVE_FREETYPE' macro redefined [-Wmacro-redefined]
  137 | #define HAVE_FREETYPE
      |         ^
<command line>:9:9: note: previous definition is here
    9 | #define HAVE_FREETYPE 1
      |         ^
1 warning generated.
In file included from /home/user/dev/FreeCAD/src/3rdParty/coin/src/shapenodes/SoIndexedFaceSet.cpp:188:
/home/user/dev/FreeCAD/build/clang-profile/src/3rdParty/coin/src/config.h:137:9: warning: 'HAVE_FREETYPE' macro redefined [-Wmacro-redefined]
  137 | #define HAVE_FREETYPE
      |         ^
<command line>:9:9: note: previous definition is here
    9 | #define HAVE_FREETYPE 1
      |         ^
1 warning generated.
In file included from /home/user/dev/FreeCAD/src/3rdParty/coin/src/shapenodes/SoIndexedLineSet.cpp:67:
/home/user/dev/FreeCAD/build/clang-profile/src/3rdParty/coin/src/config.h:137:9: warning: 'HAVE_FREETYPE' macro redefined [-Wmacro-redefined]
  137 | #define HAVE_FREETYPE
      |         ^
<command line>:9:9: note: previous definition is here
    9 | #define HAVE_FREETYPE 1
      |         ^
1 warning generated.
In file included from /home/user/dev/FreeCAD/src/3rdParty/coin/src/shapenodes/SoFaceSet.cpp:69:
In file included from /home/user/dev/FreeCAD/src/3rdParty/coin/src/coindefs.h:47:
/home/user/dev/FreeCAD/build/clang-profile/src/3rdParty/coin/src/config.h:137:9: warning: 'HAVE_FREETYPE' macro redefined [-Wmacro-redefined]
  137 | #define HAVE_FREETYPE
      |         ^
<command line>:9:9: note: previous definition is here
    9 | #define HAVE_FREETYPE 1
      |         ^
/home/user/dev/FreeCAD/src/3rdParty/coin/src/shapenodes/SoFaceSet.cpp:623:7: warning: comparison of different enumeration types in switch statement ('Binding' and '(anonymous namespace)::SoGL::FaceSet::AttributeBinding') [-Wenum-compare-switch]
  623 |       SOGL_FACESET_GLRENDER(nbind, mbind, doTextures, (coords,
      |       ^~~~~~~~~~~~~~~~~~~~~~~~~~~~~~~~~~~~~~~~~~~~~~~~~~~~~~~~
  624 |                                                        normals,
      |                                                        ~~~~~~~~
  625 |                                                        &mb,
      |                                                        ~~~~
  626 |                                                        &tb,
      |                                                        ~~~~
  627 |                                                        nbind,
      |                                                        ~~~~~~
  628 |                                                        mbind,
      |                                                        ~~~~~~
  629 |                                                        doTextures,
      |                                                        ~~~~~~~~~~~
  630 |                                                        idx,
      |                                                        ~~~~
  631 |                                                        ptr,
      |                                                        ~~~~
  632 |                                                        end,
      |                                                        ~~~~
  633 |                                                        needNormals));
      |                                                        ~~~~~~~~~~~~~
/home/user/dev/FreeCAD/src/3rdParty/coin/src/shapenodes/SoFaceSet.cpp:459:3: note: expanded from macro 'SOGL_FACESET_GLRENDER'
  459 |   SOGL_FACESET_GLRENDER_RESOLVE_ARG1(normalbinding, materialbinding, texturing, args)
      |   ^~~~~~~~~~~~~~~~~~~~~~~~~~~~~~~~~~~~~~~~~~~~~~~~~~~~~~~~~~~~~~~~~~~~~~~~~~~~~~~~~~~
/home/user/dev/FreeCAD/src/3rdParty/coin/src/shapenodes/SoFaceSet.cpp:445:5: note: expanded from macro 'SOGL_FACESET_GLRENDER_RESOLVE_ARG1'
  445 |     SOGL_FACESET_GLRENDER_RESOLVE_ARG2(OVERALL, materialbinding, texturing, args); \
      |     ^~~~~~~~~~~~~~~~~~~~~~~~~~~~~~~~~~~~~~~~~~~~~~~~~~~~~~~~~~~~~~~~~~~~~~~~~~~~~
/home/user/dev/FreeCAD/src/3rdParty/coin/src/shapenodes/SoFaceSet.cpp:434:8: note: expanded from macro 'SOGL_FACESET_GLRENDER_RESOLVE_ARG2'
  427 |   switch (materialbinding) {                                             \
      |           ~~~~~~~~~~~~~~~
  428 |   case SoGL::FaceSet::OVERALL:                                           \
  429 |     SOGL_FACESET_GLRENDER_RESOLVE_ARG3(normalbinding, OVERALL, texturing, args); \
  430 |     break;                                                               \
  431 |   case SoGL::FaceSet::PER_FACE:                                          \
  432 |     SOGL_FACESET_GLRENDER_RESOLVE_ARG3(normalbinding, PER_FACE, texturing, args); \
  433 |     break;                                                               \
  434 |   case SoGL::FaceSet::PER_VERTEX:                                        \
      |        ^~~~~~~~~~~~~~~~~~~~~~~~~
/home/user/dev/FreeCAD/src/3rdParty/coin/src/shapenodes/SoFaceSet.cpp:623:7: warning: comparison of different enumeration types in switch statement ('Binding' and '(anonymous namespace)::SoGL::FaceSet::AttributeBinding') [-Wenum-compare-switch]
  623 |       SOGL_FACESET_GLRENDER(nbind, mbind, doTextures, (coords,
      |       ^~~~~~~~~~~~~~~~~~~~~~~~~~~~~~~~~~~~~~~~~~~~~~~~~~~~~~~~
  624 |                                                        normals,
      |                                                        ~~~~~~~~
  625 |                                                        &mb,
      |                                                        ~~~~
  626 |                                                        &tb,
      |                                                        ~~~~
  627 |                                                        nbind,
      |                                                        ~~~~~~
  628 |                                                        mbind,
      |                                                        ~~~~~~
  629 |                                                        doTextures,
      |                                                        ~~~~~~~~~~~
  630 |                                                        idx,
      |                                                        ~~~~
  631 |                                                        ptr,
      |                                                        ~~~~
  632 |                                                        end,
      |                                                        ~~~~
  633 |                                                        needNormals));
      |                                                        ~~~~~~~~~~~~~
/home/user/dev/FreeCAD/src/3rdParty/coin/src/shapenodes/SoFaceSet.cpp:459:3: note: expanded from macro 'SOGL_FACESET_GLRENDER'
  459 |   SOGL_FACESET_GLRENDER_RESOLVE_ARG1(normalbinding, materialbinding, texturing, args)
      |   ^~~~~~~~~~~~~~~~~~~~~~~~~~~~~~~~~~~~~~~~~~~~~~~~~~~~~~~~~~~~~~~~~~~~~~~~~~~~~~~~~~~
/home/user/dev/FreeCAD/src/3rdParty/coin/src/shapenodes/SoFaceSet.cpp:445:5: note: expanded from macro 'SOGL_FACESET_GLRENDER_RESOLVE_ARG1'
  445 |     SOGL_FACESET_GLRENDER_RESOLVE_ARG2(OVERALL, materialbinding, texturing, args); \
      |     ^~~~~~~~~~~~~~~~~~~~~~~~~~~~~~~~~~~~~~~~~~~~~~~~~~~~~~~~~~~~~~~~~~~~~~~~~~~~~
/home/user/dev/FreeCAD/src/3rdParty/coin/src/shapenodes/SoFaceSet.cpp:431:8: note: expanded from macro 'SOGL_FACESET_GLRENDER_RESOLVE_ARG2'
  427 |   switch (materialbinding) {                                             \
      |           ~~~~~~~~~~~~~~~
  428 |   case SoGL::FaceSet::OVERALL:                                           \
  429 |     SOGL_FACESET_GLRENDER_RESOLVE_ARG3(normalbinding, OVERALL, texturing, args); \
  430 |     break;                                                               \
  431 |   case SoGL::FaceSet::PER_FACE:                                          \
      |        ^~~~~~~~~~~~~~~~~~~~~~~
/home/user/dev/FreeCAD/src/3rdParty/coin/src/shapenodes/SoFaceSet.cpp:623:7: warning: comparison of different enumeration types in switch statement ('Binding' and '(anonymous namespace)::SoGL::FaceSet::AttributeBinding') [-Wenum-compare-switch]
  623 |       SOGL_FACESET_GLRENDER(nbind, mbind, doTextures, (coords,
      |       ^~~~~~~~~~~~~~~~~~~~~~~~~~~~~~~~~~~~~~~~~~~~~~~~~~~~~~~~
  624 |                                                        normals,
      |                                                        ~~~~~~~~
  625 |                                                        &mb,
      |                                                        ~~~~
  626 |                                                        &tb,
      |                                                        ~~~~
  627 |                                                        nbind,
      |                                                        ~~~~~~
  628 |                                                        mbind,
      |                                                        ~~~~~~
  629 |                                                        doTextures,
      |                                                        ~~~~~~~~~~~
  630 |                                                        idx,
      |                                                        ~~~~
  631 |                                                        ptr,
      |                                                        ~~~~
  632 |                                                        end,
      |                                                        ~~~~
  633 |                                                        needNormals));
      |                                                        ~~~~~~~~~~~~~
/home/user/dev/FreeCAD/src/3rdParty/coin/src/shapenodes/SoFaceSet.cpp:459:3: note: expanded from macro 'SOGL_FACESET_GLRENDER'
  459 |   SOGL_FACESET_GLRENDER_RESOLVE_ARG1(normalbinding, materialbinding, texturing, args)
      |   ^~~~~~~~~~~~~~~~~~~~~~~~~~~~~~~~~~~~~~~~~~~~~~~~~~~~~~~~~~~~~~~~~~~~~~~~~~~~~~~~~~~
/home/user/dev/FreeCAD/src/3rdParty/coin/src/shapenodes/SoFaceSet.cpp:445:5: note: expanded from macro 'SOGL_FACESET_GLRENDER_RESOLVE_ARG1'
  445 |     SOGL_FACESET_GLRENDER_RESOLVE_ARG2(OVERALL, materialbinding, texturing, args); \
      |     ^~~~~~~~~~~~~~~~~~~~~~~~~~~~~~~~~~~~~~~~~~~~~~~~~~~~~~~~~~~~~~~~~~~~~~~~~~~~~
/home/user/dev/FreeCAD/src/3rdParty/coin/src/shapenodes/SoFaceSet.cpp:428:8: note: expanded from macro 'SOGL_FACESET_GLRENDER_RESOLVE_ARG2'
  427 |   switch (materialbinding) {                                             \
      |           ~~~~~~~~~~~~~~~
  428 |   case SoGL::FaceSet::OVERALL:                                           \
      |        ^~~~~~~~~~~~~~~~~~~~~~
/home/user/dev/FreeCAD/src/3rdParty/coin/src/shapenodes/SoFaceSet.cpp:623:7: warning: comparison of different enumeration types in switch statement ('Binding' and '(anonymous namespace)::SoGL::FaceSet::AttributeBinding') [-Wenum-compare-switch]
  623 |       SOGL_FACESET_GLRENDER(nbind, mbind, doTextures, (coords,
      |       ^~~~~~~~~~~~~~~~~~~~~~~~~~~~~~~~~~~~~~~~~~~~~~~~~~~~~~~~
  624 |                                                        normals,
      |                                                        ~~~~~~~~
  625 |                                                        &mb,
      |                                                        ~~~~
  626 |                                                        &tb,
      |                                                        ~~~~
  627 |                                                        nbind,
      |                                                        ~~~~~~
  628 |                                                        mbind,
      |                                                        ~~~~~~
  629 |                                                        doTextures,
      |                                                        ~~~~~~~~~~~
  630 |                                                        idx,
      |                                                        ~~~~
  631 |                                                        ptr,
      |                                                        ~~~~
  632 |                                                        end,
      |                                                        ~~~~
  633 |                                                        needNormals));
      |                                                        ~~~~~~~~~~~~~
/home/user/dev/FreeCAD/src/3rdParty/coin/src/shapenodes/SoFaceSet.cpp:459:3: note: expanded from macro 'SOGL_FACESET_GLRENDER'
  459 |   SOGL_FACESET_GLRENDER_RESOLVE_ARG1(normalbinding, materialbinding, texturing, args)
      |   ^~~~~~~~~~~~~~~~~~~~~~~~~~~~~~~~~~~~~~~~~~~~~~~~~~~~~~~~~~~~~~~~~~~~~~~~~~~~~~~~~~~
/home/user/dev/FreeCAD/src/3rdParty/coin/src/shapenodes/SoFaceSet.cpp:448:5: note: expanded from macro 'SOGL_FACESET_GLRENDER_RESOLVE_ARG1'
  448 |     SOGL_FACESET_GLRENDER_RESOLVE_ARG2(PER_FACE, materialbinding, texturing, args); \
      |     ^~~~~~~~~~~~~~~~~~~~~~~~~~~~~~~~~~~~~~~~~~~~~~~~~~~~~~~~~~~~~~~~~~~~~~~~~~~~~~
/home/user/dev/FreeCAD/src/3rdParty/coin/src/shapenodes/SoFaceSet.cpp:434:8: note: expanded from macro 'SOGL_FACESET_GLRENDER_RESOLVE_ARG2'
  427 |   switch (materialbinding) {                                             \
      |           ~~~~~~~~~~~~~~~
  428 |   case SoGL::FaceSet::OVERALL:                                           \
  429 |     SOGL_FACESET_GLRENDER_RESOLVE_ARG3(normalbinding, OVERALL, texturing, args); \
  430 |     break;                                                               \
  431 |   case SoGL::FaceSet::PER_FACE:                                          \
  432 |     SOGL_FACESET_GLRENDER_RESOLVE_ARG3(normalbinding, PER_FACE, texturing, args); \
  433 |     break;                                                               \
  434 |   case SoGL::FaceSet::PER_VERTEX:                                        \
      |        ^~~~~~~~~~~~~~~~~~~~~~~~~
/home/user/dev/FreeCAD/src/3rdParty/coin/src/shapenodes/SoFaceSet.cpp:623:7: warning: comparison of different enumeration types in switch statement ('Binding' and '(anonymous namespace)::SoGL::FaceSet::AttributeBinding') [-Wenum-compare-switch]
  623 |       SOGL_FACESET_GLRENDER(nbind, mbind, doTextures, (coords,
      |       ^~~~~~~~~~~~~~~~~~~~~~~~~~~~~~~~~~~~~~~~~~~~~~~~~~~~~~~~
  624 |                                                        normals,
      |                                                        ~~~~~~~~
  625 |                                                        &mb,
      |                                                        ~~~~
  626 |                                                        &tb,
      |                                                        ~~~~
  627 |                                                        nbind,
      |                                                        ~~~~~~
  628 |                                                        mbind,
      |                                                        ~~~~~~
  629 |                                                        doTextures,
      |                                                        ~~~~~~~~~~~
  630 |                                                        idx,
      |                                                        ~~~~
  631 |                                                        ptr,
      |                                                        ~~~~
  632 |                                                        end,
      |                                                        ~~~~
  633 |                                                        needNormals));
      |                                                        ~~~~~~~~~~~~~
/home/user/dev/FreeCAD/src/3rdParty/coin/src/shapenodes/SoFaceSet.cpp:459:3: note: expanded from macro 'SOGL_FACESET_GLRENDER'
  459 |   SOGL_FACESET_GLRENDER_RESOLVE_ARG1(normalbinding, materialbinding, texturing, args)
      |   ^~~~~~~~~~~~~~~~~~~~~~~~~~~~~~~~~~~~~~~~~~~~~~~~~~~~~~~~~~~~~~~~~~~~~~~~~~~~~~~~~~~
/home/user/dev/FreeCAD/src/3rdParty/coin/src/shapenodes/SoFaceSet.cpp:448:5: note: expanded from macro 'SOGL_FACESET_GLRENDER_RESOLVE_ARG1'
  448 |     SOGL_FACESET_GLRENDER_RESOLVE_ARG2(PER_FACE, materialbinding, texturing, args); \
      |     ^~~~~~~~~~~~~~~~~~~~~~~~~~~~~~~~~~~~~~~~~~~~~~~~~~~~~~~~~~~~~~~~~~~~~~~~~~~~~~
/home/user/dev/FreeCAD/src/3rdParty/coin/src/shapenodes/SoFaceSet.cpp:431:8: note: expanded from macro 'SOGL_FACESET_GLRENDER_RESOLVE_ARG2'
  427 |   switch (materialbinding) {                                             \
      |           ~~~~~~~~~~~~~~~
  428 |   case SoGL::FaceSet::OVERALL:                                           \
  429 |     SOGL_FACESET_GLRENDER_RESOLVE_ARG3(normalbinding, OVERALL, texturing, args); \
  430 |     break;                                                               \
  431 |   case SoGL::FaceSet::PER_FACE:                                          \
      |        ^~~~~~~~~~~~~~~~~~~~~~~
/home/user/dev/FreeCAD/src/3rdParty/coin/src/shapenodes/SoFaceSet.cpp:623:7: warning: comparison of different enumeration types in switch statement ('Binding' and '(anonymous namespace)::SoGL::FaceSet::AttributeBinding') [-Wenum-compare-switch]
  623 |       SOGL_FACESET_GLRENDER(nbind, mbind, doTextures, (coords,
      |       ^~~~~~~~~~~~~~~~~~~~~~~~~~~~~~~~~~~~~~~~~~~~~~~~~~~~~~~~
  624 |                                                        normals,
      |                                                        ~~~~~~~~
  625 |                                                        &mb,
      |                                                        ~~~~
  626 |                                                        &tb,
      |                                                        ~~~~
  627 |                                                        nbind,
      |                                                        ~~~~~~
  628 |                                                        mbind,
      |                                                        ~~~~~~
  629 |                                                        doTextures,
      |                                                        ~~~~~~~~~~~
  630 |                                                        idx,
      |                                                        ~~~~
  631 |                                                        ptr,
      |                                                        ~~~~
  632 |                                                        end,
      |                                                        ~~~~
  633 |                                                        needNormals));
      |                                                        ~~~~~~~~~~~~~
/home/user/dev/FreeCAD/src/3rdParty/coin/src/shapenodes/SoFaceSet.cpp:459:3: note: expanded from macro 'SOGL_FACESET_GLRENDER'
  459 |   SOGL_FACESET_GLRENDER_RESOLVE_ARG1(normalbinding, materialbinding, texturing, args)
      |   ^~~~~~~~~~~~~~~~~~~~~~~~~~~~~~~~~~~~~~~~~~~~~~~~~~~~~~~~~~~~~~~~~~~~~~~~~~~~~~~~~~~
/home/user/dev/FreeCAD/src/3rdParty/coin/src/shapenodes/SoFaceSet.cpp:448:5: note: expanded from macro 'SOGL_FACESET_GLRENDER_RESOLVE_ARG1'
  448 |     SOGL_FACESET_GLRENDER_RESOLVE_ARG2(PER_FACE, materialbinding, texturing, args); \
      |     ^~~~~~~~~~~~~~~~~~~~~~~~~~~~~~~~~~~~~~~~~~~~~~~~~~~~~~~~~~~~~~~~~~~~~~~~~~~~~~
/home/user/dev/FreeCAD/src/3rdParty/coin/src/shapenodes/SoFaceSet.cpp:428:8: note: expanded from macro 'SOGL_FACESET_GLRENDER_RESOLVE_ARG2'
  427 |   switch (materialbinding) {                                             \
      |           ~~~~~~~~~~~~~~~
  428 |   case SoGL::FaceSet::OVERALL:                                           \
      |        ^~~~~~~~~~~~~~~~~~~~~~
/home/user/dev/FreeCAD/src/3rdParty/coin/src/shapenodes/SoFaceSet.cpp:623:7: warning: comparison of different enumeration types in switch statement ('Binding' and '(anonymous namespace)::SoGL::FaceSet::AttributeBinding') [-Wenum-compare-switch]
  623 |       SOGL_FACESET_GLRENDER(nbind, mbind, doTextures, (coords,
      |       ^~~~~~~~~~~~~~~~~~~~~~~~~~~~~~~~~~~~~~~~~~~~~~~~~~~~~~~~
  624 |                                                        normals,
      |                                                        ~~~~~~~~
  625 |                                                        &mb,
      |                                                        ~~~~
  626 |                                                        &tb,
      |                                                        ~~~~
  627 |                                                        nbind,
      |                                                        ~~~~~~
  628 |                                                        mbind,
      |                                                        ~~~~~~
  629 |                                                        doTextures,
      |                                                        ~~~~~~~~~~~
  630 |                                                        idx,
      |                                                        ~~~~
  631 |                                                        ptr,
      |                                                        ~~~~
  632 |                                                        end,
      |                                                        ~~~~
  633 |                                                        needNormals));
      |                                                        ~~~~~~~~~~~~~
/home/user/dev/FreeCAD/src/3rdParty/coin/src/shapenodes/SoFaceSet.cpp:459:3: note: expanded from macro 'SOGL_FACESET_GLRENDER'
  459 |   SOGL_FACESET_GLRENDER_RESOLVE_ARG1(normalbinding, materialbinding, texturing, args)
      |   ^~~~~~~~~~~~~~~~~~~~~~~~~~~~~~~~~~~~~~~~~~~~~~~~~~~~~~~~~~~~~~~~~~~~~~~~~~~~~~~~~~~
/home/user/dev/FreeCAD/src/3rdParty/coin/src/shapenodes/SoFaceSet.cpp:451:5: note: expanded from macro 'SOGL_FACESET_GLRENDER_RESOLVE_ARG1'
  451 |     SOGL_FACESET_GLRENDER_RESOLVE_ARG2(PER_VERTEX, materialbinding, texturing, args); \
      |     ^~~~~~~~~~~~~~~~~~~~~~~~~~~~~~~~~~~~~~~~~~~~~~~~~~~~~~~~~~~~~~~~~~~~~~~~~~~~~~~~
/home/user/dev/FreeCAD/src/3rdParty/coin/src/shapenodes/SoFaceSet.cpp:434:8: note: expanded from macro 'SOGL_FACESET_GLRENDER_RESOLVE_ARG2'
  427 |   switch (materialbinding) {                                             \
      |           ~~~~~~~~~~~~~~~
  428 |   case SoGL::FaceSet::OVERALL:                                           \
  429 |     SOGL_FACESET_GLRENDER_RESOLVE_ARG3(normalbinding, OVERALL, texturing, args); \
  430 |     break;                                                               \
  431 |   case SoGL::FaceSet::PER_FACE:                                          \
  432 |     SOGL_FACESET_GLRENDER_RESOLVE_ARG3(normalbinding, PER_FACE, texturing, args); \
  433 |     break;                                                               \
  434 |   case SoGL::FaceSet::PER_VERTEX:                                        \
      |        ^~~~~~~~~~~~~~~~~~~~~~~~~
/home/user/dev/FreeCAD/src/3rdParty/coin/src/shapenodes/SoFaceSet.cpp:623:7: warning: comparison of different enumeration types in switch statement ('Binding' and '(anonymous namespace)::SoGL::FaceSet::AttributeBinding') [-Wenum-compare-switch]
  623 |       SOGL_FACESET_GLRENDER(nbind, mbind, doTextures, (coords,
      |       ^~~~~~~~~~~~~~~~~~~~~~~~~~~~~~~~~~~~~~~~~~~~~~~~~~~~~~~~
  624 |                                                        normals,
      |                                                        ~~~~~~~~
  625 |                                                        &mb,
      |                                                        ~~~~
  626 |                                                        &tb,
      |                                                        ~~~~
  627 |                                                        nbind,
      |                                                        ~~~~~~
  628 |                                                        mbind,
      |                                                        ~~~~~~
  629 |                                                        doTextures,
      |                                                        ~~~~~~~~~~~
  630 |                                                        idx,
      |                                                        ~~~~
  631 |                                                        ptr,
      |                                                        ~~~~
  632 |                                                        end,
      |                                                        ~~~~
  633 |                                                        needNormals));
      |                                                        ~~~~~~~~~~~~~
/home/user/dev/FreeCAD/src/3rdParty/coin/src/shapenodes/SoFaceSet.cpp:459:3: note: expanded from macro 'SOGL_FACESET_GLRENDER'
  459 |   SOGL_FACESET_GLRENDER_RESOLVE_ARG1(normalbinding, materialbinding, texturing, args)
      |   ^~~~~~~~~~~~~~~~~~~~~~~~~~~~~~~~~~~~~~~~~~~~~~~~~~~~~~~~~~~~~~~~~~~~~~~~~~~~~~~~~~~
/home/user/dev/FreeCAD/src/3rdParty/coin/src/shapenodes/SoFaceSet.cpp:451:5: note: expanded from macro 'SOGL_FACESET_GLRENDER_RESOLVE_ARG1'
  451 |     SOGL_FACESET_GLRENDER_RESOLVE_ARG2(PER_VERTEX, materialbinding, texturing, args); \
      |     ^~~~~~~~~~~~~~~~~~~~~~~~~~~~~~~~~~~~~~~~~~~~~~~~~~~~~~~~~~~~~~~~~~~~~~~~~~~~~~~~
/home/user/dev/FreeCAD/src/3rdParty/coin/src/shapenodes/SoFaceSet.cpp:431:8: note: expanded from macro 'SOGL_FACESET_GLRENDER_RESOLVE_ARG2'
  427 |   switch (materialbinding) {                                             \
      |           ~~~~~~~~~~~~~~~
  428 |   case SoGL::FaceSet::OVERALL:                                           \
  429 |     SOGL_FACESET_GLRENDER_RESOLVE_ARG3(normalbinding, OVERALL, texturing, args); \
  430 |     break;                                                               \
  431 |   case SoGL::FaceSet::PER_FACE:                                          \
      |        ^~~~~~~~~~~~~~~~~~~~~~~
/home/user/dev/FreeCAD/src/3rdParty/coin/src/shapenodes/SoFaceSet.cpp:623:7: warning: comparison of different enumeration types in switch statement ('Binding' and '(anonymous namespace)::SoGL::FaceSet::AttributeBinding') [-Wenum-compare-switch]
  623 |       SOGL_FACESET_GLRENDER(nbind, mbind, doTextures, (coords,
      |       ^~~~~~~~~~~~~~~~~~~~~~~~~~~~~~~~~~~~~~~~~~~~~~~~~~~~~~~~
  624 |                                                        normals,
      |                                                        ~~~~~~~~
  625 |                                                        &mb,
      |                                                        ~~~~
  626 |                                                        &tb,
      |                                                        ~~~~
  627 |                                                        nbind,
      |                                                        ~~~~~~
  628 |                                                        mbind,
      |                                                        ~~~~~~
  629 |                                                        doTextures,
      |                                                        ~~~~~~~~~~~
  630 |                                                        idx,
      |                                                        ~~~~
  631 |                                                        ptr,
      |                                                        ~~~~
  632 |                                                        end,
      |                                                        ~~~~
  633 |                                                        needNormals));
      |                                                        ~~~~~~~~~~~~~
/home/user/dev/FreeCAD/src/3rdParty/coin/src/shapenodes/SoFaceSet.cpp:459:3: note: expanded from macro 'SOGL_FACESET_GLRENDER'
  459 |   SOGL_FACESET_GLRENDER_RESOLVE_ARG1(normalbinding, materialbinding, texturing, args)
      |   ^~~~~~~~~~~~~~~~~~~~~~~~~~~~~~~~~~~~~~~~~~~~~~~~~~~~~~~~~~~~~~~~~~~~~~~~~~~~~~~~~~~
/home/user/dev/FreeCAD/src/3rdParty/coin/src/shapenodes/SoFaceSet.cpp:451:5: note: expanded from macro 'SOGL_FACESET_GLRENDER_RESOLVE_ARG1'
  451 |     SOGL_FACESET_GLRENDER_RESOLVE_ARG2(PER_VERTEX, materialbinding, texturing, args); \
      |     ^~~~~~~~~~~~~~~~~~~~~~~~~~~~~~~~~~~~~~~~~~~~~~~~~~~~~~~~~~~~~~~~~~~~~~~~~~~~~~~~
/home/user/dev/FreeCAD/src/3rdParty/coin/src/shapenodes/SoFaceSet.cpp:428:8: note: expanded from macro 'SOGL_FACESET_GLRENDER_RESOLVE_ARG2'
  427 |   switch (materialbinding) {                                             \
      |           ~~~~~~~~~~~~~~~
  428 |   case SoGL::FaceSet::OVERALL:                                           \
      |        ^~~~~~~~~~~~~~~~~~~~~~
/home/user/dev/FreeCAD/src/3rdParty/coin/src/shapenodes/SoFaceSet.cpp:623:7: warning: comparison of different enumeration types in switch statement ('Binding' and '(anonymous namespace)::SoGL::FaceSet::AttributeBinding') [-Wenum-compare-switch]
  623 |       SOGL_FACESET_GLRENDER(nbind, mbind, doTextures, (coords,
      |       ^~~~~~~~~~~~~~~~~~~~~~~~~~~~~~~~~~~~~~~~~~~~~~~~~~~~~~~~
  624 |                                                        normals,
      |                                                        ~~~~~~~~
  625 |                                                        &mb,
      |                                                        ~~~~
  626 |                                                        &tb,
      |                                                        ~~~~
  627 |                                                        nbind,
      |                                                        ~~~~~~
  628 |                                                        mbind,
      |                                                        ~~~~~~
  629 |                                                        doTextures,
      |                                                        ~~~~~~~~~~~
  630 |                                                        idx,
      |                                                        ~~~~
  631 |                                                        ptr,
      |                                                        ~~~~
  632 |                                                        end,
      |                                                        ~~~~
  633 |                                                        needNormals));
      |                                                        ~~~~~~~~~~~~~
/home/user/dev/FreeCAD/src/3rdParty/coin/src/shapenodes/SoFaceSet.cpp:459:3: note: expanded from macro 'SOGL_FACESET_GLRENDER'
  459 |   SOGL_FACESET_GLRENDER_RESOLVE_ARG1(normalbinding, materialbinding, texturing, args)
      |   ^~~~~~~~~~~~~~~~~~~~~~~~~~~~~~~~~~~~~~~~~~~~~~~~~~~~~~~~~~~~~~~~~~~~~~~~~~~~~~~~~~~
/home/user/dev/FreeCAD/src/3rdParty/coin/src/shapenodes/SoFaceSet.cpp:450:8: note: expanded from macro 'SOGL_FACESET_GLRENDER_RESOLVE_ARG1'
  443 |   switch (normalbinding) {                                               \
      |           ~~~~~~~~~~~~~
  444 |   case SoGL::FaceSet::OVERALL:                                           \
  445 |     SOGL_FACESET_GLRENDER_RESOLVE_ARG2(OVERALL, materialbinding, texturing, args); \
  446 |     break;                                                               \
  447 |   case SoGL::FaceSet::PER_FACE:                                          \
  448 |     SOGL_FACESET_GLRENDER_RESOLVE_ARG2(PER_FACE, materialbinding, texturing, args); \
  449 |     break;                                                               \
  450 |   case SoGL::FaceSet::PER_VERTEX:                                        \
      |        ^~~~~~~~~~~~~~~~~~~~~~~~~
/home/user/dev/FreeCAD/src/3rdParty/coin/src/shapenodes/SoFaceSet.cpp:623:7: warning: comparison of different enumeration types in switch statement ('Binding' and '(anonymous namespace)::SoGL::FaceSet::AttributeBinding') [-Wenum-compare-switch]
  623 |       SOGL_FACESET_GLRENDER(nbind, mbind, doTextures, (coords,
      |       ^~~~~~~~~~~~~~~~~~~~~~~~~~~~~~~~~~~~~~~~~~~~~~~~~~~~~~~~
  624 |                                                        normals,
      |                                                        ~~~~~~~~
  625 |                                                        &mb,
      |                                                        ~~~~
  626 |                                                        &tb,
      |                                                        ~~~~
  627 |                                                        nbind,
      |                                                        ~~~~~~
  628 |                                                        mbind,
      |                                                        ~~~~~~
  629 |                                                        doTextures,
      |                                                        ~~~~~~~~~~~
  630 |                                                        idx,
      |                                                        ~~~~
  631 |                                                        ptr,
      |                                                        ~~~~
  632 |                                                        end,
      |                                                        ~~~~
  633 |                                                        needNormals));
      |                                                        ~~~~~~~~~~~~~
/home/user/dev/FreeCAD/src/3rdParty/coin/src/shapenodes/SoFaceSet.cpp:459:3: note: expanded from macro 'SOGL_FACESET_GLRENDER'
  459 |   SOGL_FACESET_GLRENDER_RESOLVE_ARG1(normalbinding, materialbinding, texturing, args)
      |   ^~~~~~~~~~~~~~~~~~~~~~~~~~~~~~~~~~~~~~~~~~~~~~~~~~~~~~~~~~~~~~~~~~~~~~~~~~~~~~~~~~~
/home/user/dev/FreeCAD/src/3rdParty/coin/src/shapenodes/SoFaceSet.cpp:447:8: note: expanded from macro 'SOGL_FACESET_GLRENDER_RESOLVE_ARG1'
  443 |   switch (normalbinding) {                                               \
      |           ~~~~~~~~~~~~~
  444 |   case SoGL::FaceSet::OVERALL:                                           \
  445 |     SOGL_FACESET_GLRENDER_RESOLVE_ARG2(OVERALL, materialbinding, texturing, args); \
  446 |     break;                                                               \
  447 |   case SoGL::FaceSet::PER_FACE:                                          \
      |        ^~~~~~~~~~~~~~~~~~~~~~~
/home/user/dev/FreeCAD/src/3rdParty/coin/src/shapenodes/SoFaceSet.cpp:623:7: warning: comparison of different enumeration types in switch statement ('Binding' and '(anonymous namespace)::SoGL::FaceSet::AttributeBinding') [-Wenum-compare-switch]
  623 |       SOGL_FACESET_GLRENDER(nbind, mbind, doTextures, (coords,
      |       ^~~~~~~~~~~~~~~~~~~~~~~~~~~~~~~~~~~~~~~~~~~~~~~~~~~~~~~~
  624 |                                                        normals,
      |                                                        ~~~~~~~~
  625 |                                                        &mb,
      |                                                        ~~~~
  626 |                                                        &tb,
      |                                                        ~~~~
  627 |                                                        nbind,
      |                                                        ~~~~~~
  628 |                                                        mbind,
      |                                                        ~~~~~~
  629 |                                                        doTextures,
      |                                                        ~~~~~~~~~~~
  630 |                                                        idx,
      |                                                        ~~~~
  631 |                                                        ptr,
      |                                                        ~~~~
  632 |                                                        end,
      |                                                        ~~~~
  633 |                                                        needNormals));
      |                                                        ~~~~~~~~~~~~~
/home/user/dev/FreeCAD/src/3rdParty/coin/src/shapenodes/SoFaceSet.cpp:459:3: note: expanded from macro 'SOGL_FACESET_GLRENDER'
  459 |   SOGL_FACESET_GLRENDER_RESOLVE_ARG1(normalbinding, materialbinding, texturing, args)
      |   ^~~~~~~~~~~~~~~~~~~~~~~~~~~~~~~~~~~~~~~~~~~~~~~~~~~~~~~~~~~~~~~~~~~~~~~~~~~~~~~~~~~
/home/user/dev/FreeCAD/src/3rdParty/coin/src/shapenodes/SoFaceSet.cpp:444:8: note: expanded from macro 'SOGL_FACESET_GLRENDER_RESOLVE_ARG1'
  443 |   switch (normalbinding) {                                               \
      |           ~~~~~~~~~~~~~
  444 |   case SoGL::FaceSet::OVERALL:                                           \
      |        ^~~~~~~~~~~~~~~~~~~~~~
13 warnings generated.
In file included from /home/user/dev/FreeCAD/src/3rdParty/coin/src/shapenodes/SoIndexedMarkerSet.cpp:91:
/home/user/dev/FreeCAD/build/clang-profile/src/3rdParty/coin/src/config.h:137:9: warning: 'HAVE_FREETYPE' macro redefined [-Wmacro-redefined]
  137 | #define HAVE_FREETYPE
      |         ^
<command line>:9:9: note: previous definition is here
    9 | #define HAVE_FREETYPE 1
      |         ^
1 warning generated.
In file included from /home/user/dev/FreeCAD/src/3rdParty/coin/src/shapenodes/SoIndexedNurbsCurve.cpp:60:
/home/user/dev/FreeCAD/build/clang-profile/src/3rdParty/coin/src/config.h:137:9: warning: 'HAVE_FREETYPE' macro redefined [-Wmacro-redefined]
  137 | #define HAVE_FREETYPE
      |         ^
<command line>:9:9: note: previous definition is here
    9 | #define HAVE_FREETYPE 1
      |         ^
/home/user/dev/FreeCAD/src/3rdParty/coin/src/shapenodes/SoIndexedNurbsCurve.cpp:348:90: warning: cast from 'void (*)(int, void *)' to 'gluNurbsCallback_cb_t' (aka 'void (*)(void *, ...)') converts to incompatible function type [-Wcast-function-type-mismatch]
  348 |       GLUWrapper()->gluNurbsCallback(this->nurbsrenderer, (GLenum) GLU_NURBS_BEGIN_DATA, (gluNurbsCallback_cb_t)SoNurbsP<SoIndexedNurbsCurve>::tessBegin);
      |                                                                                          ^~~~~~~~~~~~~~~~~~~~~~~~~~~~~~~~~~~~~~~~~~~~~~~~~~~~~~~~~~~~~~~
2 warnings generated.
In file included from /home/user/dev/FreeCAD/src/3rdParty/coin/src/shapenodes/SoIndexedNurbsSurface.cpp:62:
In file included from /home/user/dev/FreeCAD/src/3rdParty/coin/src/shapenodes/SoNurbsP.h:3:
In file included from /home/user/dev/FreeCAD/src/3rdParty/coin/src/glue/glp.h:41:
/home/user/dev/FreeCAD/build/clang-profile/src/3rdParty/coin/src/config.h:137:9: warning: 'HAVE_FREETYPE' macro redefined [-Wmacro-redefined]
  137 | #define HAVE_FREETYPE
      |         ^
<command line>:9:9: note: previous definition is here
    9 | #define HAVE_FREETYPE 1
      |         ^
/home/user/dev/FreeCAD/src/3rdParty/coin/src/shapenodes/SoIndexedNurbsSurface.cpp:371:90: warning: cast from 'void (*)(int, void *)' to 'gluNurbsCallback_cb_t' (aka 'void (*)(void *, ...)') converts to incompatible function type [-Wcast-function-type-mismatch]
  371 |       GLUWrapper()->gluNurbsCallback(this->nurbsrenderer, (GLenum) GLU_NURBS_BEGIN_DATA, (gluNurbsCallback_cb_t)SoNurbsP<SoIndexedNurbsSurface>::tessBegin);
      |                                                                                          ^~~~~~~~~~~~~~~~~~~~~~~~~~~~~~~~~~~~~~~~~~~~~~~~~~~~~~~~~~~~~~~~~
2 warnings generated.
In file included from /home/user/dev/FreeCAD/src/3rdParty/coin/src/shapenodes/SoIndexedShape.cpp:56:
In file included from /home/user/dev/FreeCAD/src/3rdParty/coin/src/coindefs.h:47:
/home/user/dev/FreeCAD/build/clang-profile/src/3rdParty/coin/src/config.h:137:9: warning: 'HAVE_FREETYPE' macro redefined [-Wmacro-redefined]
  137 | #define HAVE_FREETYPE
      |         ^
<command line>:9:9: note: previous definition is here
    9 | #define HAVE_FREETYPE 1
      |         ^
/home/user/dev/FreeCAD/src/3rdParty/coin/src/shapenodes/SoIndexedShape.cpp:110:1: warning: unused function 'error_idx_out_of_bounds' [-Wunused-function]
  110 | error_idx_out_of_bounds(const SoIndexedShape * node, int idxidx, int upper)
      | ^~~~~~~~~~~~~~~~~~~~~~~
2 warnings generated.
In file included from /home/user/dev/FreeCAD/src/3rdParty/coin/src/shapenodes/SoIndexedPointSet.cpp:97:
/home/user/dev/FreeCAD/build/clang-profile/src/3rdParty/coin/src/config.h:137:9: warning: 'HAVE_FREETYPE' macro redefined [-Wmacro-redefined]
  137 | #define HAVE_FREETYPE
      |         ^
<command line>:9:9: note: previous definition is here
    9 | #define HAVE_FREETYPE 1
      |         ^
1 warning generated.
In file included from /home/user/dev/FreeCAD/src/3rdParty/coin/src/shapenodes/SoIndexedTriangleStripSet.cpp:89:
/home/user/dev/FreeCAD/build/clang-profile/src/3rdParty/coin/src/config.h:137:9: warning: 'HAVE_FREETYPE' macro redefined [-Wmacro-redefined]
  137 | #define HAVE_FREETYPE
      |         ^
<command line>:9:9: note: previous definition is here
    9 | #define HAVE_FREETYPE 1
      |         ^
1 warning generated.
In file included from /home/user/dev/FreeCAD/src/3rdParty/coin/src/shapenodes/SoMarkerSet.cpp:75:
/home/user/dev/FreeCAD/build/clang-profile/src/3rdParty/coin/src/config.h:137:9: warning: 'HAVE_FREETYPE' macro redefined [-Wmacro-redefined]
  137 | #define HAVE_FREETYPE
      |         ^
<command line>:9:9: note: previous definition is here
    9 | #define HAVE_FREETYPE 1
      |         ^
1 warning generated.
In file included from /home/user/dev/FreeCAD/src/3rdParty/coin/src/shapenodes/SoNurbsCurve.cpp:103:
/home/user/dev/FreeCAD/build/clang-profile/src/3rdParty/coin/src/config.h:137:9: warning: 'HAVE_FREETYPE' macro redefined [-Wmacro-redefined]
  137 | #define HAVE_FREETYPE
      |         ^
<command line>:9:9: note: previous definition is here
    9 | #define HAVE_FREETYPE 1
      |         ^
/home/user/dev/FreeCAD/src/3rdParty/coin/src/shapenodes/SoNurbsCurve.cpp:253:7: warning: unused variable 'numCoords' [-Wunused-variable]
  253 |   int numCoords = coordelem->getNum();
      |       ^~~~~~~~~
/home/user/dev/FreeCAD/src/3rdParty/coin/src/shapenodes/SoNurbsCurve.cpp:392:90: warning: cast from 'void (*)(int, void *)' to 'gluNurbsCallback_cb_t' (aka 'void (*)(void *, ...)') converts to incompatible function type [-Wcast-function-type-mismatch]
  392 |       GLUWrapper()->gluNurbsCallback(this->nurbsrenderer, (GLenum) GLU_NURBS_BEGIN_DATA, (gluNurbsCallback_cb_t)SoNurbsP<SoNurbsCurve>::tessBegin);
      |                                                                                          ^~~~~~~~~~~~~~~~~~~~~~~~~~~~~~~~~~~~~~~~~~~~~~~~~~~~~~~~
3 warnings generated.
In file included from /home/user/dev/FreeCAD/src/3rdParty/coin/src/shapenodes/SoNurbsSurface.cpp:105:
In file included from /home/user/dev/FreeCAD/src/3rdParty/coin/src/shapenodes/SoNurbsP.h:3:
In file included from /home/user/dev/FreeCAD/src/3rdParty/coin/src/glue/glp.h:41:
/home/user/dev/FreeCAD/build/clang-profile/src/3rdParty/coin/src/config.h:137:9: warning: 'HAVE_FREETYPE' macro redefined [-Wmacro-redefined]
  137 | #define HAVE_FREETYPE
      |         ^
<command line>:9:9: note: previous definition is here
    9 | #define HAVE_FREETYPE 1
      |         ^
/home/user/dev/FreeCAD/src/3rdParty/coin/src/shapenodes/SoNurbsSurface.cpp:409:90: warning: cast from 'void (*)(int, void *)' to 'gluNurbsCallback_cb_t' (aka 'void (*)(void *, ...)') converts to incompatible function type [-Wcast-function-type-mismatch]
  409 |       GLUWrapper()->gluNurbsCallback(this->nurbsrenderer, (GLenum) GLU_NURBS_BEGIN_DATA, (gluNurbsCallback_cb_t)SoNurbsP<SoNurbsSurface>::tessBegin);
      |                                                                                          ^~~~~~~~~~~~~~~~~~~~~~~~~~~~~~~~~~~~~~~~~~~~~~~~~~~~~~~~~~
2 warnings generated.
In file included from /home/user/dev/FreeCAD/src/3rdParty/coin/src/shapenodes/SoLineSet.cpp:87:
/home/user/dev/FreeCAD/build/clang-profile/src/3rdParty/coin/src/config.h:137:9: warning: 'HAVE_FREETYPE' macro redefined [-Wmacro-redefined]
  137 | #define HAVE_FREETYPE
      |         ^
<command line>:9:9: note: previous definition is here
    9 | #define HAVE_FREETYPE 1
      |         ^
/home/user/dev/FreeCAD/src/3rdParty/coin/src/shapenodes/SoLineSet.cpp:498:3: warning: comparison of different enumeration types in switch statement ('Binding' and '(anonymous namespace)::SoGL::LineSet::AttributeBinding') [-Wenum-compare-switch]
  498 |   SOGL_LINESET_GLRENDER(nbind, mbind, doTextures, (coords,
      |   ^~~~~~~~~~~~~~~~~~~~~~~~~~~~~~~~~~~~~~~~~~~~~~~~~~~~~~~~
  499 |                                                    normals,
      |                                                    ~~~~~~~~
  500 |                                                    &mb,
      |                                                    ~~~~
  501 |                                                    &tb,
      |                                                    ~~~~
  502 |                                                    idx,
      |                                                    ~~~~
  503 |                                                    ptr,
      |                                                    ~~~~
  504 |                                                    end,
      |                                                    ~~~~
  505 |                                                    needNormals,
      |                                                    ~~~~~~~~~~~~
  506 |                                                    drawPoints));
      |                                                    ~~~~~~~~~~~~
/home/user/dev/FreeCAD/src/3rdParty/coin/src/shapenodes/SoLineSet.cpp:431:3: note: expanded from macro 'SOGL_LINESET_GLRENDER'
  431 |   SOGL_LINESET_GLRENDER_RESOLVE_ARG1(normalbinding, materialbinding, texturing, args)
      |   ^~~~~~~~~~~~~~~~~~~~~~~~~~~~~~~~~~~~~~~~~~~~~~~~~~~~~~~~~~~~~~~~~~~~~~~~~~~~~~~~~~~
/home/user/dev/FreeCAD/src/3rdParty/coin/src/shapenodes/SoLineSet.cpp:414:5: note: expanded from macro 'SOGL_LINESET_GLRENDER_RESOLVE_ARG1'
  414 |     SOGL_LINESET_GLRENDER_RESOLVE_ARG2(SoGL::LineSet::OVERALL, materialbinding, texturing, args); \
      |     ^~~~~~~~~~~~~~~~~~~~~~~~~~~~~~~~~~~~~~~~~~~~~~~~~~~~~~~~~~~~~~~~~~~~~~~~~~~~~~~~~~~~~~~~~~~~
/home/user/dev/FreeCAD/src/3rdParty/coin/src/shapenodes/SoLineSet.cpp:403:8: note: expanded from macro 'SOGL_LINESET_GLRENDER_RESOLVE_ARG2'
  393 |   switch (materialbinding) {                                            \
      |           ~~~~~~~~~~~~~~~
  394 |   case SoGL::LineSet::OVERALL:                                          \
  395 |     SOGL_LINESET_GLRENDER_RESOLVE_ARG3(normalbinding, SoGL::LineSet::OVERALL, texturing, args); \
  396 |     break;                                                              \
  397 |   case SoGL::LineSet::PER_LINE:                                         \
  398 |     SOGL_LINESET_GLRENDER_RESOLVE_ARG3(normalbinding, SoGL::LineSet::PER_LINE, texturing, args); \
  399 |     break;                                                              \
  400 |   case SoGL::LineSet::PER_SEGMENT:                                      \
  401 |     SOGL_LINESET_GLRENDER_RESOLVE_ARG3(normalbinding, SoGL::LineSet::PER_SEGMENT, texturing, args); \
  402 |     break;                                                              \
  403 |   case SoGL::LineSet::PER_VERTEX:                                       \
      |        ^~~~~~~~~~~~~~~~~~~~~~~~~
/home/user/dev/FreeCAD/src/3rdParty/coin/src/shapenodes/SoLineSet.cpp:498:3: warning: comparison of different enumeration types in switch statement ('Binding' and '(anonymous namespace)::SoGL::LineSet::AttributeBinding') [-Wenum-compare-switch]
  498 |   SOGL_LINESET_GLRENDER(nbind, mbind, doTextures, (coords,
      |   ^~~~~~~~~~~~~~~~~~~~~~~~~~~~~~~~~~~~~~~~~~~~~~~~~~~~~~~~
  499 |                                                    normals,
      |                                                    ~~~~~~~~
  500 |                                                    &mb,
      |                                                    ~~~~
  501 |                                                    &tb,
      |                                                    ~~~~
  502 |                                                    idx,
      |                                                    ~~~~
  503 |                                                    ptr,
      |                                                    ~~~~
  504 |                                                    end,
      |                                                    ~~~~
  505 |                                                    needNormals,
      |                                                    ~~~~~~~~~~~~
  506 |                                                    drawPoints));
      |                                                    ~~~~~~~~~~~~
/home/user/dev/FreeCAD/src/3rdParty/coin/src/shapenodes/SoLineSet.cpp:431:3: note: expanded from macro 'SOGL_LINESET_GLRENDER'
  431 |   SOGL_LINESET_GLRENDER_RESOLVE_ARG1(normalbinding, materialbinding, texturing, args)
      |   ^~~~~~~~~~~~~~~~~~~~~~~~~~~~~~~~~~~~~~~~~~~~~~~~~~~~~~~~~~~~~~~~~~~~~~~~~~~~~~~~~~~
/home/user/dev/FreeCAD/src/3rdParty/coin/src/shapenodes/SoLineSet.cpp:414:5: note: expanded from macro 'SOGL_LINESET_GLRENDER_RESOLVE_ARG1'
  414 |     SOGL_LINESET_GLRENDER_RESOLVE_ARG2(SoGL::LineSet::OVERALL, materialbinding, texturing, args); \
      |     ^~~~~~~~~~~~~~~~~~~~~~~~~~~~~~~~~~~~~~~~~~~~~~~~~~~~~~~~~~~~~~~~~~~~~~~~~~~~~~~~~~~~~~~~~~~~
/home/user/dev/FreeCAD/src/3rdParty/coin/src/shapenodes/SoLineSet.cpp:400:8: note: expanded from macro 'SOGL_LINESET_GLRENDER_RESOLVE_ARG2'
  393 |   switch (materialbinding) {                                            \
      |           ~~~~~~~~~~~~~~~
  394 |   case SoGL::LineSet::OVERALL:                                          \
  395 |     SOGL_LINESET_GLRENDER_RESOLVE_ARG3(normalbinding, SoGL::LineSet::OVERALL, texturing, args); \
  396 |     break;                                                              \
  397 |   case SoGL::LineSet::PER_LINE:                                         \
  398 |     SOGL_LINESET_GLRENDER_RESOLVE_ARG3(normalbinding, SoGL::LineSet::PER_LINE, texturing, args); \
  399 |     break;                                                              \
  400 |   case SoGL::LineSet::PER_SEGMENT:                                      \
      |        ^~~~~~~~~~~~~~~~~~~~~~~~~~
/home/user/dev/FreeCAD/src/3rdParty/coin/src/shapenodes/SoLineSet.cpp:498:3: warning: comparison of different enumeration types in switch statement ('Binding' and '(anonymous namespace)::SoGL::LineSet::AttributeBinding') [-Wenum-compare-switch]
  498 |   SOGL_LINESET_GLRENDER(nbind, mbind, doTextures, (coords,
      |   ^~~~~~~~~~~~~~~~~~~~~~~~~~~~~~~~~~~~~~~~~~~~~~~~~~~~~~~~
  499 |                                                    normals,
      |                                                    ~~~~~~~~
  500 |                                                    &mb,
      |                                                    ~~~~
  501 |                                                    &tb,
      |                                                    ~~~~
  502 |                                                    idx,
      |                                                    ~~~~
  503 |                                                    ptr,
      |                                                    ~~~~
  504 |                                                    end,
      |                                                    ~~~~
  505 |                                                    needNormals,
      |                                                    ~~~~~~~~~~~~
  506 |                                                    drawPoints));
      |                                                    ~~~~~~~~~~~~
/home/user/dev/FreeCAD/src/3rdParty/coin/src/shapenodes/SoLineSet.cpp:431:3: note: expanded from macro 'SOGL_LINESET_GLRENDER'
  431 |   SOGL_LINESET_GLRENDER_RESOLVE_ARG1(normalbinding, materialbinding, texturing, args)
      |   ^~~~~~~~~~~~~~~~~~~~~~~~~~~~~~~~~~~~~~~~~~~~~~~~~~~~~~~~~~~~~~~~~~~~~~~~~~~~~~~~~~~
/home/user/dev/FreeCAD/src/3rdParty/coin/src/shapenodes/SoLineSet.cpp:414:5: note: expanded from macro 'SOGL_LINESET_GLRENDER_RESOLVE_ARG1'
  414 |     SOGL_LINESET_GLRENDER_RESOLVE_ARG2(SoGL::LineSet::OVERALL, materialbinding, texturing, args); \
      |     ^~~~~~~~~~~~~~~~~~~~~~~~~~~~~~~~~~~~~~~~~~~~~~~~~~~~~~~~~~~~~~~~~~~~~~~~~~~~~~~~~~~~~~~~~~~~
/home/user/dev/FreeCAD/src/3rdParty/coin/src/shapenodes/SoLineSet.cpp:397:8: note: expanded from macro 'SOGL_LINESET_GLRENDER_RESOLVE_ARG2'
  393 |   switch (materialbinding) {                                            \
      |           ~~~~~~~~~~~~~~~
  394 |   case SoGL::LineSet::OVERALL:                                          \
  395 |     SOGL_LINESET_GLRENDER_RESOLVE_ARG3(normalbinding, SoGL::LineSet::OVERALL, texturing, args); \
  396 |     break;                                                              \
  397 |   case SoGL::LineSet::PER_LINE:                                         \
      |        ^~~~~~~~~~~~~~~~~~~~~~~
/home/user/dev/FreeCAD/src/3rdParty/coin/src/shapenodes/SoLineSet.cpp:498:3: warning: comparison of different enumeration types in switch statement ('Binding' and '(anonymous namespace)::SoGL::LineSet::AttributeBinding') [-Wenum-compare-switch]
  498 |   SOGL_LINESET_GLRENDER(nbind, mbind, doTextures, (coords,
      |   ^~~~~~~~~~~~~~~~~~~~~~~~~~~~~~~~~~~~~~~~~~~~~~~~~~~~~~~~
  499 |                                                    normals,
      |                                                    ~~~~~~~~
  500 |                                                    &mb,
      |                                                    ~~~~
  501 |                                                    &tb,
      |                                                    ~~~~
  502 |                                                    idx,
      |                                                    ~~~~
  503 |                                                    ptr,
      |                                                    ~~~~
  504 |                                                    end,
      |                                                    ~~~~
  505 |                                                    needNormals,
      |                                                    ~~~~~~~~~~~~
  506 |                                                    drawPoints));
      |                                                    ~~~~~~~~~~~~
/home/user/dev/FreeCAD/src/3rdParty/coin/src/shapenodes/SoLineSet.cpp:431:3: note: expanded from macro 'SOGL_LINESET_GLRENDER'
  431 |   SOGL_LINESET_GLRENDER_RESOLVE_ARG1(normalbinding, materialbinding, texturing, args)
      |   ^~~~~~~~~~~~~~~~~~~~~~~~~~~~~~~~~~~~~~~~~~~~~~~~~~~~~~~~~~~~~~~~~~~~~~~~~~~~~~~~~~~
/home/user/dev/FreeCAD/src/3rdParty/coin/src/shapenodes/SoLineSet.cpp:414:5: note: expanded from macro 'SOGL_LINESET_GLRENDER_RESOLVE_ARG1'
  414 |     SOGL_LINESET_GLRENDER_RESOLVE_ARG2(SoGL::LineSet::OVERALL, materialbinding, texturing, args); \
      |     ^~~~~~~~~~~~~~~~~~~~~~~~~~~~~~~~~~~~~~~~~~~~~~~~~~~~~~~~~~~~~~~~~~~~~~~~~~~~~~~~~~~~~~~~~~~~
/home/user/dev/FreeCAD/src/3rdParty/coin/src/shapenodes/SoLineSet.cpp:394:8: note: expanded from macro 'SOGL_LINESET_GLRENDER_RESOLVE_ARG2'
  393 |   switch (materialbinding) {                                            \
      |           ~~~~~~~~~~~~~~~
  394 |   case SoGL::LineSet::OVERALL:                                          \
      |        ^~~~~~~~~~~~~~~~~~~~~~
/home/user/dev/FreeCAD/src/3rdParty/coin/src/shapenodes/SoLineSet.cpp:498:3: warning: comparison of different enumeration types in switch statement ('Binding' and '(anonymous namespace)::SoGL::LineSet::AttributeBinding') [-Wenum-compare-switch]
  498 |   SOGL_LINESET_GLRENDER(nbind, mbind, doTextures, (coords,
      |   ^~~~~~~~~~~~~~~~~~~~~~~~~~~~~~~~~~~~~~~~~~~~~~~~~~~~~~~~
  499 |                                                    normals,
      |                                                    ~~~~~~~~
  500 |                                                    &mb,
      |                                                    ~~~~
  501 |                                                    &tb,
      |                                                    ~~~~
  502 |                                                    idx,
      |                                                    ~~~~
  503 |                                                    ptr,
      |                                                    ~~~~
  504 |                                                    end,
      |                                                    ~~~~
  505 |                                                    needNormals,
      |                                                    ~~~~~~~~~~~~
  506 |                                                    drawPoints));
      |                                                    ~~~~~~~~~~~~
/home/user/dev/FreeCAD/src/3rdParty/coin/src/shapenodes/SoLineSet.cpp:431:3: note: expanded from macro 'SOGL_LINESET_GLRENDER'
  431 |   SOGL_LINESET_GLRENDER_RESOLVE_ARG1(normalbinding, materialbinding, texturing, args)
      |   ^~~~~~~~~~~~~~~~~~~~~~~~~~~~~~~~~~~~~~~~~~~~~~~~~~~~~~~~~~~~~~~~~~~~~~~~~~~~~~~~~~~
/home/user/dev/FreeCAD/src/3rdParty/coin/src/shapenodes/SoLineSet.cpp:417:5: note: expanded from macro 'SOGL_LINESET_GLRENDER_RESOLVE_ARG1'
  417 |     SOGL_LINESET_GLRENDER_RESOLVE_ARG2(SoGL::LineSet::PER_LINE, materialbinding, texturing, args); \
      |     ^~~~~~~~~~~~~~~~~~~~~~~~~~~~~~~~~~~~~~~~~~~~~~~~~~~~~~~~~~~~~~~~~~~~~~~~~~~~~~~~~~~~~~~~~~~~~
/home/user/dev/FreeCAD/src/3rdParty/coin/src/shapenodes/SoLineSet.cpp:403:8: note: expanded from macro 'SOGL_LINESET_GLRENDER_RESOLVE_ARG2'
  393 |   switch (materialbinding) {                                            \
      |           ~~~~~~~~~~~~~~~
  394 |   case SoGL::LineSet::OVERALL:                                          \
  395 |     SOGL_LINESET_GLRENDER_RESOLVE_ARG3(normalbinding, SoGL::LineSet::OVERALL, texturing, args); \
  396 |     break;                                                              \
  397 |   case SoGL::LineSet::PER_LINE:                                         \
  398 |     SOGL_LINESET_GLRENDER_RESOLVE_ARG3(normalbinding, SoGL::LineSet::PER_LINE, texturing, args); \
  399 |     break;                                                              \
  400 |   case SoGL::LineSet::PER_SEGMENT:                                      \
  401 |     SOGL_LINESET_GLRENDER_RESOLVE_ARG3(normalbinding, SoGL::LineSet::PER_SEGMENT, texturing, args); \
  402 |     break;                                                              \
  403 |   case SoGL::LineSet::PER_VERTEX:                                       \
      |        ^~~~~~~~~~~~~~~~~~~~~~~~~
/home/user/dev/FreeCAD/src/3rdParty/coin/src/shapenodes/SoLineSet.cpp:498:3: warning: comparison of different enumeration types in switch statement ('Binding' and '(anonymous namespace)::SoGL::LineSet::AttributeBinding') [-Wenum-compare-switch]
  498 |   SOGL_LINESET_GLRENDER(nbind, mbind, doTextures, (coords,
      |   ^~~~~~~~~~~~~~~~~~~~~~~~~~~~~~~~~~~~~~~~~~~~~~~~~~~~~~~~
  499 |                                                    normals,
      |                                                    ~~~~~~~~
  500 |                                                    &mb,
      |                                                    ~~~~
  501 |                                                    &tb,
      |                                                    ~~~~
  502 |                                                    idx,
      |                                                    ~~~~
  503 |                                                    ptr,
      |                                                    ~~~~
  504 |                                                    end,
      |                                                    ~~~~
  505 |                                                    needNormals,
      |                                                    ~~~~~~~~~~~~
  506 |                                                    drawPoints));
      |                                                    ~~~~~~~~~~~~
/home/user/dev/FreeCAD/src/3rdParty/coin/src/shapenodes/SoLineSet.cpp:431:3: note: expanded from macro 'SOGL_LINESET_GLRENDER'
  431 |   SOGL_LINESET_GLRENDER_RESOLVE_ARG1(normalbinding, materialbinding, texturing, args)
      |   ^~~~~~~~~~~~~~~~~~~~~~~~~~~~~~~~~~~~~~~~~~~~~~~~~~~~~~~~~~~~~~~~~~~~~~~~~~~~~~~~~~~
/home/user/dev/FreeCAD/src/3rdParty/coin/src/shapenodes/SoLineSet.cpp:417:5: note: expanded from macro 'SOGL_LINESET_GLRENDER_RESOLVE_ARG1'
  417 |     SOGL_LINESET_GLRENDER_RESOLVE_ARG2(SoGL::LineSet::PER_LINE, materialbinding, texturing, args); \
      |     ^~~~~~~~~~~~~~~~~~~~~~~~~~~~~~~~~~~~~~~~~~~~~~~~~~~~~~~~~~~~~~~~~~~~~~~~~~~~~~~~~~~~~~~~~~~~~
/home/user/dev/FreeCAD/src/3rdParty/coin/src/shapenodes/SoLineSet.cpp:400:8: note: expanded from macro 'SOGL_LINESET_GLRENDER_RESOLVE_ARG2'
  393 |   switch (materialbinding) {                                            \
      |           ~~~~~~~~~~~~~~~
  394 |   case SoGL::LineSet::OVERALL:                                          \
  395 |     SOGL_LINESET_GLRENDER_RESOLVE_ARG3(normalbinding, SoGL::LineSet::OVERALL, texturing, args); \
  396 |     break;                                                              \
  397 |   case SoGL::LineSet::PER_LINE:                                         \
  398 |     SOGL_LINESET_GLRENDER_RESOLVE_ARG3(normalbinding, SoGL::LineSet::PER_LINE, texturing, args); \
  399 |     break;                                                              \
  400 |   case SoGL::LineSet::PER_SEGMENT:                                      \
      |        ^~~~~~~~~~~~~~~~~~~~~~~~~~
/home/user/dev/FreeCAD/src/3rdParty/coin/src/shapenodes/SoLineSet.cpp:498:3: warning: comparison of different enumeration types in switch statement ('Binding' and '(anonymous namespace)::SoGL::LineSet::AttributeBinding') [-Wenum-compare-switch]
  498 |   SOGL_LINESET_GLRENDER(nbind, mbind, doTextures, (coords,
      |   ^~~~~~~~~~~~~~~~~~~~~~~~~~~~~~~~~~~~~~~~~~~~~~~~~~~~~~~~
  499 |                                                    normals,
      |                                                    ~~~~~~~~
  500 |                                                    &mb,
      |                                                    ~~~~
  501 |                                                    &tb,
      |                                                    ~~~~
  502 |                                                    idx,
      |                                                    ~~~~
  503 |                                                    ptr,
      |                                                    ~~~~
  504 |                                                    end,
      |                                                    ~~~~
  505 |                                                    needNormals,
      |                                                    ~~~~~~~~~~~~
  506 |                                                    drawPoints));
      |                                                    ~~~~~~~~~~~~
/home/user/dev/FreeCAD/src/3rdParty/coin/src/shapenodes/SoLineSet.cpp:431:3: note: expanded from macro 'SOGL_LINESET_GLRENDER'
  431 |   SOGL_LINESET_GLRENDER_RESOLVE_ARG1(normalbinding, materialbinding, texturing, args)
      |   ^~~~~~~~~~~~~~~~~~~~~~~~~~~~~~~~~~~~~~~~~~~~~~~~~~~~~~~~~~~~~~~~~~~~~~~~~~~~~~~~~~~
/home/user/dev/FreeCAD/src/3rdParty/coin/src/shapenodes/SoLineSet.cpp:417:5: note: expanded from macro 'SOGL_LINESET_GLRENDER_RESOLVE_ARG1'
  417 |     SOGL_LINESET_GLRENDER_RESOLVE_ARG2(SoGL::LineSet::PER_LINE, materialbinding, texturing, args); \
      |     ^~~~~~~~~~~~~~~~~~~~~~~~~~~~~~~~~~~~~~~~~~~~~~~~~~~~~~~~~~~~~~~~~~~~~~~~~~~~~~~~~~~~~~~~~~~~~
/home/user/dev/FreeCAD/src/3rdParty/coin/src/shapenodes/SoLineSet.cpp:397:8: note: expanded from macro 'SOGL_LINESET_GLRENDER_RESOLVE_ARG2'
  393 |   switch (materialbinding) {                                            \
      |           ~~~~~~~~~~~~~~~
  394 |   case SoGL::LineSet::OVERALL:                                          \
  395 |     SOGL_LINESET_GLRENDER_RESOLVE_ARG3(normalbinding, SoGL::LineSet::OVERALL, texturing, args); \
  396 |     break;                                                              \
  397 |   case SoGL::LineSet::PER_LINE:                                         \
      |        ^~~~~~~~~~~~~~~~~~~~~~~
/home/user/dev/FreeCAD/src/3rdParty/coin/src/shapenodes/SoLineSet.cpp:498:3: warning: comparison of different enumeration types in switch statement ('Binding' and '(anonymous namespace)::SoGL::LineSet::AttributeBinding') [-Wenum-compare-switch]
  498 |   SOGL_LINESET_GLRENDER(nbind, mbind, doTextures, (coords,
      |   ^~~~~~~~~~~~~~~~~~~~~~~~~~~~~~~~~~~~~~~~~~~~~~~~~~~~~~~~
  499 |                                                    normals,
      |                                                    ~~~~~~~~
  500 |                                                    &mb,
      |                                                    ~~~~
  501 |                                                    &tb,
      |                                                    ~~~~
  502 |                                                    idx,
      |                                                    ~~~~
  503 |                                                    ptr,
      |                                                    ~~~~
  504 |                                                    end,
      |                                                    ~~~~
  505 |                                                    needNormals,
      |                                                    ~~~~~~~~~~~~
  506 |                                                    drawPoints));
      |                                                    ~~~~~~~~~~~~
/home/user/dev/FreeCAD/src/3rdParty/coin/src/shapenodes/SoLineSet.cpp:431:3: note: expanded from macro 'SOGL_LINESET_GLRENDER'
  431 |   SOGL_LINESET_GLRENDER_RESOLVE_ARG1(normalbinding, materialbinding, texturing, args)
      |   ^~~~~~~~~~~~~~~~~~~~~~~~~~~~~~~~~~~~~~~~~~~~~~~~~~~~~~~~~~~~~~~~~~~~~~~~~~~~~~~~~~~
/home/user/dev/FreeCAD/src/3rdParty/coin/src/shapenodes/SoLineSet.cpp:417:5: note: expanded from macro 'SOGL_LINESET_GLRENDER_RESOLVE_ARG1'
  417 |     SOGL_LINESET_GLRENDER_RESOLVE_ARG2(SoGL::LineSet::PER_LINE, materialbinding, texturing, args); \
      |     ^~~~~~~~~~~~~~~~~~~~~~~~~~~~~~~~~~~~~~~~~~~~~~~~~~~~~~~~~~~~~~~~~~~~~~~~~~~~~~~~~~~~~~~~~~~~~
/home/user/dev/FreeCAD/src/3rdParty/coin/src/shapenodes/SoLineSet.cpp:394:8: note: expanded from macro 'SOGL_LINESET_GLRENDER_RESOLVE_ARG2'
  393 |   switch (materialbinding) {                                            \
      |           ~~~~~~~~~~~~~~~
  394 |   case SoGL::LineSet::OVERALL:                                          \
      |        ^~~~~~~~~~~~~~~~~~~~~~
/home/user/dev/FreeCAD/src/3rdParty/coin/src/shapenodes/SoLineSet.cpp:498:3: warning: comparison of different enumeration types in switch statement ('Binding' and '(anonymous namespace)::SoGL::LineSet::AttributeBinding') [-Wenum-compare-switch]
  498 |   SOGL_LINESET_GLRENDER(nbind, mbind, doTextures, (coords,
      |   ^~~~~~~~~~~~~~~~~~~~~~~~~~~~~~~~~~~~~~~~~~~~~~~~~~~~~~~~
  499 |                                                    normals,
      |                                                    ~~~~~~~~
  500 |                                                    &mb,
      |                                                    ~~~~
  501 |                                                    &tb,
      |                                                    ~~~~
  502 |                                                    idx,
      |                                                    ~~~~
  503 |                                                    ptr,
      |                                                    ~~~~
  504 |                                                    end,
      |                                                    ~~~~
  505 |                                                    needNormals,
      |                                                    ~~~~~~~~~~~~
  506 |                                                    drawPoints));
      |                                                    ~~~~~~~~~~~~
/home/user/dev/FreeCAD/src/3rdParty/coin/src/shapenodes/SoLineSet.cpp:431:3: note: expanded from macro 'SOGL_LINESET_GLRENDER'
  431 |   SOGL_LINESET_GLRENDER_RESOLVE_ARG1(normalbinding, materialbinding, texturing, args)
      |   ^~~~~~~~~~~~~~~~~~~~~~~~~~~~~~~~~~~~~~~~~~~~~~~~~~~~~~~~~~~~~~~~~~~~~~~~~~~~~~~~~~~
/home/user/dev/FreeCAD/src/3rdParty/coin/src/shapenodes/SoLineSet.cpp:420:5: note: expanded from macro 'SOGL_LINESET_GLRENDER_RESOLVE_ARG1'
  420 |     SOGL_LINESET_GLRENDER_RESOLVE_ARG2(SoGL::LineSet::PER_SEGMENT, materialbinding, texturing, args); \
      |     ^~~~~~~~~~~~~~~~~~~~~~~~~~~~~~~~~~~~~~~~~~~~~~~~~~~~~~~~~~~~~~~~~~~~~~~~~~~~~~~~~~~~~~~~~~~~~~~~
/home/user/dev/FreeCAD/src/3rdParty/coin/src/shapenodes/SoLineSet.cpp:403:8: note: expanded from macro 'SOGL_LINESET_GLRENDER_RESOLVE_ARG2'
  393 |   switch (materialbinding) {                                            \
      |           ~~~~~~~~~~~~~~~
  394 |   case SoGL::LineSet::OVERALL:                                          \
  395 |     SOGL_LINESET_GLRENDER_RESOLVE_ARG3(normalbinding, SoGL::LineSet::OVERALL, texturing, args); \
  396 |     break;                                                              \
  397 |   case SoGL::LineSet::PER_LINE:                                         \
  398 |     SOGL_LINESET_GLRENDER_RESOLVE_ARG3(normalbinding, SoGL::LineSet::PER_LINE, texturing, args); \
  399 |     break;                                                              \
  400 |   case SoGL::LineSet::PER_SEGMENT:                                      \
  401 |     SOGL_LINESET_GLRENDER_RESOLVE_ARG3(normalbinding, SoGL::LineSet::PER_SEGMENT, texturing, args); \
  402 |     break;                                                              \
  403 |   case SoGL::LineSet::PER_VERTEX:                                       \
      |        ^~~~~~~~~~~~~~~~~~~~~~~~~
/home/user/dev/FreeCAD/src/3rdParty/coin/src/shapenodes/SoLineSet.cpp:498:3: warning: comparison of different enumeration types in switch statement ('Binding' and '(anonymous namespace)::SoGL::LineSet::AttributeBinding') [-Wenum-compare-switch]
  498 |   SOGL_LINESET_GLRENDER(nbind, mbind, doTextures, (coords,
      |   ^~~~~~~~~~~~~~~~~~~~~~~~~~~~~~~~~~~~~~~~~~~~~~~~~~~~~~~~
  499 |                                                    normals,
      |                                                    ~~~~~~~~
  500 |                                                    &mb,
      |                                                    ~~~~
  501 |                                                    &tb,
      |                                                    ~~~~
  502 |                                                    idx,
      |                                                    ~~~~
  503 |                                                    ptr,
      |                                                    ~~~~
  504 |                                                    end,
      |                                                    ~~~~
  505 |                                                    needNormals,
      |                                                    ~~~~~~~~~~~~
  506 |                                                    drawPoints));
      |                                                    ~~~~~~~~~~~~
/home/user/dev/FreeCAD/src/3rdParty/coin/src/shapenodes/SoLineSet.cpp:431:3: note: expanded from macro 'SOGL_LINESET_GLRENDER'
  431 |   SOGL_LINESET_GLRENDER_RESOLVE_ARG1(normalbinding, materialbinding, texturing, args)
      |   ^~~~~~~~~~~~~~~~~~~~~~~~~~~~~~~~~~~~~~~~~~~~~~~~~~~~~~~~~~~~~~~~~~~~~~~~~~~~~~~~~~~
/home/user/dev/FreeCAD/src/3rdParty/coin/src/shapenodes/SoLineSet.cpp:420:5: note: expanded from macro 'SOGL_LINESET_GLRENDER_RESOLVE_ARG1'
  420 |     SOGL_LINESET_GLRENDER_RESOLVE_ARG2(SoGL::LineSet::PER_SEGMENT, materialbinding, texturing, args); \
      |     ^~~~~~~~~~~~~~~~~~~~~~~~~~~~~~~~~~~~~~~~~~~~~~~~~~~~~~~~~~~~~~~~~~~~~~~~~~~~~~~~~~~~~~~~~~~~~~~~
/home/user/dev/FreeCAD/src/3rdParty/coin/src/shapenodes/SoLineSet.cpp:400:8: note: expanded from macro 'SOGL_LINESET_GLRENDER_RESOLVE_ARG2'
  393 |   switch (materialbinding) {                                            \
      |           ~~~~~~~~~~~~~~~
  394 |   case SoGL::LineSet::OVERALL:                                          \
  395 |     SOGL_LINESET_GLRENDER_RESOLVE_ARG3(normalbinding, SoGL::LineSet::OVERALL, texturing, args); \
  396 |     break;                                                              \
  397 |   case SoGL::LineSet::PER_LINE:                                         \
  398 |     SOGL_LINESET_GLRENDER_RESOLVE_ARG3(normalbinding, SoGL::LineSet::PER_LINE, texturing, args); \
  399 |     break;                                                              \
  400 |   case SoGL::LineSet::PER_SEGMENT:                                      \
      |        ^~~~~~~~~~~~~~~~~~~~~~~~~~
/home/user/dev/FreeCAD/src/3rdParty/coin/src/shapenodes/SoLineSet.cpp:498:3: warning: comparison of different enumeration types in switch statement ('Binding' and '(anonymous namespace)::SoGL::LineSet::AttributeBinding') [-Wenum-compare-switch]
  498 |   SOGL_LINESET_GLRENDER(nbind, mbind, doTextures, (coords,
      |   ^~~~~~~~~~~~~~~~~~~~~~~~~~~~~~~~~~~~~~~~~~~~~~~~~~~~~~~~
  499 |                                                    normals,
      |                                                    ~~~~~~~~
  500 |                                                    &mb,
      |                                                    ~~~~
  501 |                                                    &tb,
      |                                                    ~~~~
  502 |                                                    idx,
      |                                                    ~~~~
  503 |                                                    ptr,
      |                                                    ~~~~
  504 |                                                    end,
      |                                                    ~~~~
  505 |                                                    needNormals,
      |                                                    ~~~~~~~~~~~~
  506 |                                                    drawPoints));
      |                                                    ~~~~~~~~~~~~
/home/user/dev/FreeCAD/src/3rdParty/coin/src/shapenodes/SoLineSet.cpp:431:3: note: expanded from macro 'SOGL_LINESET_GLRENDER'
  431 |   SOGL_LINESET_GLRENDER_RESOLVE_ARG1(normalbinding, materialbinding, texturing, args)
      |   ^~~~~~~~~~~~~~~~~~~~~~~~~~~~~~~~~~~~~~~~~~~~~~~~~~~~~~~~~~~~~~~~~~~~~~~~~~~~~~~~~~~
/home/user/dev/FreeCAD/src/3rdParty/coin/src/shapenodes/SoLineSet.cpp:420:5: note: expanded from macro 'SOGL_LINESET_GLRENDER_RESOLVE_ARG1'
  420 |     SOGL_LINESET_GLRENDER_RESOLVE_ARG2(SoGL::LineSet::PER_SEGMENT, materialbinding, texturing, args); \
      |     ^~~~~~~~~~~~~~~~~~~~~~~~~~~~~~~~~~~~~~~~~~~~~~~~~~~~~~~~~~~~~~~~~~~~~~~~~~~~~~~~~~~~~~~~~~~~~~~~
/home/user/dev/FreeCAD/src/3rdParty/coin/src/shapenodes/SoLineSet.cpp:397:8: note: expanded from macro 'SOGL_LINESET_GLRENDER_RESOLVE_ARG2'
  393 |   switch (materialbinding) {                                            \
      |           ~~~~~~~~~~~~~~~
  394 |   case SoGL::LineSet::OVERALL:                                          \
  395 |     SOGL_LINESET_GLRENDER_RESOLVE_ARG3(normalbinding, SoGL::LineSet::OVERALL, texturing, args); \
  396 |     break;                                                              \
  397 |   case SoGL::LineSet::PER_LINE:                                         \
      |        ^~~~~~~~~~~~~~~~~~~~~~~
/home/user/dev/FreeCAD/src/3rdParty/coin/src/shapenodes/SoLineSet.cpp:498:3: warning: comparison of different enumeration types in switch statement ('Binding' and '(anonymous namespace)::SoGL::LineSet::AttributeBinding') [-Wenum-compare-switch]
  498 |   SOGL_LINESET_GLRENDER(nbind, mbind, doTextures, (coords,
      |   ^~~~~~~~~~~~~~~~~~~~~~~~~~~~~~~~~~~~~~~~~~~~~~~~~~~~~~~~
  499 |                                                    normals,
      |                                                    ~~~~~~~~
  500 |                                                    &mb,
      |                                                    ~~~~
  501 |                                                    &tb,
      |                                                    ~~~~
  502 |                                                    idx,
      |                                                    ~~~~
  503 |                                                    ptr,
      |                                                    ~~~~
  504 |                                                    end,
      |                                                    ~~~~
  505 |                                                    needNormals,
      |                                                    ~~~~~~~~~~~~
  506 |                                                    drawPoints));
      |                                                    ~~~~~~~~~~~~
/home/user/dev/FreeCAD/src/3rdParty/coin/src/shapenodes/SoLineSet.cpp:431:3: note: expanded from macro 'SOGL_LINESET_GLRENDER'
  431 |   SOGL_LINESET_GLRENDER_RESOLVE_ARG1(normalbinding, materialbinding, texturing, args)
      |   ^~~~~~~~~~~~~~~~~~~~~~~~~~~~~~~~~~~~~~~~~~~~~~~~~~~~~~~~~~~~~~~~~~~~~~~~~~~~~~~~~~~
/home/user/dev/FreeCAD/src/3rdParty/coin/src/shapenodes/SoLineSet.cpp:420:5: note: expanded from macro 'SOGL_LINESET_GLRENDER_RESOLVE_ARG1'
  420 |     SOGL_LINESET_GLRENDER_RESOLVE_ARG2(SoGL::LineSet::PER_SEGMENT, materialbinding, texturing, args); \
      |     ^~~~~~~~~~~~~~~~~~~~~~~~~~~~~~~~~~~~~~~~~~~~~~~~~~~~~~~~~~~~~~~~~~~~~~~~~~~~~~~~~~~~~~~~~~~~~~~~
/home/user/dev/FreeCAD/src/3rdParty/coin/src/shapenodes/SoLineSet.cpp:394:8: note: expanded from macro 'SOGL_LINESET_GLRENDER_RESOLVE_ARG2'
  393 |   switch (materialbinding) {                                            \
      |           ~~~~~~~~~~~~~~~
  394 |   case SoGL::LineSet::OVERALL:                                          \
      |        ^~~~~~~~~~~~~~~~~~~~~~
/home/user/dev/FreeCAD/src/3rdParty/coin/src/shapenodes/SoLineSet.cpp:498:3: warning: comparison of different enumeration types in switch statement ('Binding' and '(anonymous namespace)::SoGL::LineSet::AttributeBinding') [-Wenum-compare-switch]
  498 |   SOGL_LINESET_GLRENDER(nbind, mbind, doTextures, (coords,
      |   ^~~~~~~~~~~~~~~~~~~~~~~~~~~~~~~~~~~~~~~~~~~~~~~~~~~~~~~~
  499 |                                                    normals,
      |                                                    ~~~~~~~~
  500 |                                                    &mb,
      |                                                    ~~~~
  501 |                                                    &tb,
      |                                                    ~~~~
  502 |                                                    idx,
      |                                                    ~~~~
  503 |                                                    ptr,
      |                                                    ~~~~
  504 |                                                    end,
      |                                                    ~~~~
  505 |                                                    needNormals,
      |                                                    ~~~~~~~~~~~~
  506 |                                                    drawPoints));
      |                                                    ~~~~~~~~~~~~
/home/user/dev/FreeCAD/src/3rdParty/coin/src/shapenodes/SoLineSet.cpp:431:3: note: expanded from macro 'SOGL_LINESET_GLRENDER'
  431 |   SOGL_LINESET_GLRENDER_RESOLVE_ARG1(normalbinding, materialbinding, texturing, args)
      |   ^~~~~~~~~~~~~~~~~~~~~~~~~~~~~~~~~~~~~~~~~~~~~~~~~~~~~~~~~~~~~~~~~~~~~~~~~~~~~~~~~~~
/home/user/dev/FreeCAD/src/3rdParty/coin/src/shapenodes/SoLineSet.cpp:423:5: note: expanded from macro 'SOGL_LINESET_GLRENDER_RESOLVE_ARG1'
  423 |     SOGL_LINESET_GLRENDER_RESOLVE_ARG2(SoGL::LineSet::PER_VERTEX, materialbinding, texturing, args); \
      |     ^~~~~~~~~~~~~~~~~~~~~~~~~~~~~~~~~~~~~~~~~~~~~~~~~~~~~~~~~~~~~~~~~~~~~~~~~~~~~~~~~~~~~~~~~~~~~~~
/home/user/dev/FreeCAD/src/3rdParty/coin/src/shapenodes/SoLineSet.cpp:403:8: note: expanded from macro 'SOGL_LINESET_GLRENDER_RESOLVE_ARG2'
  393 |   switch (materialbinding) {                                            \
      |           ~~~~~~~~~~~~~~~
  394 |   case SoGL::LineSet::OVERALL:                                          \
  395 |     SOGL_LINESET_GLRENDER_RESOLVE_ARG3(normalbinding, SoGL::LineSet::OVERALL, texturing, args); \
  396 |     break;                                                              \
  397 |   case SoGL::LineSet::PER_LINE:                                         \
  398 |     SOGL_LINESET_GLRENDER_RESOLVE_ARG3(normalbinding, SoGL::LineSet::PER_LINE, texturing, args); \
  399 |     break;                                                              \
  400 |   case SoGL::LineSet::PER_SEGMENT:                                      \
  401 |     SOGL_LINESET_GLRENDER_RESOLVE_ARG3(normalbinding, SoGL::LineSet::PER_SEGMENT, texturing, args); \
  402 |     break;                                                              \
  403 |   case SoGL::LineSet::PER_VERTEX:                                       \
      |        ^~~~~~~~~~~~~~~~~~~~~~~~~
/home/user/dev/FreeCAD/src/3rdParty/coin/src/shapenodes/SoLineSet.cpp:498:3: warning: comparison of different enumeration types in switch statement ('Binding' and '(anonymous namespace)::SoGL::LineSet::AttributeBinding') [-Wenum-compare-switch]
  498 |   SOGL_LINESET_GLRENDER(nbind, mbind, doTextures, (coords,
      |   ^~~~~~~~~~~~~~~~~~~~~~~~~~~~~~~~~~~~~~~~~~~~~~~~~~~~~~~~
  499 |                                                    normals,
      |                                                    ~~~~~~~~
  500 |                                                    &mb,
      |                                                    ~~~~
  501 |                                                    &tb,
      |                                                    ~~~~
  502 |                                                    idx,
      |                                                    ~~~~
  503 |                                                    ptr,
      |                                                    ~~~~
  504 |                                                    end,
      |                                                    ~~~~
  505 |                                                    needNormals,
      |                                                    ~~~~~~~~~~~~
  506 |                                                    drawPoints));
      |                                                    ~~~~~~~~~~~~
/home/user/dev/FreeCAD/src/3rdParty/coin/src/shapenodes/SoLineSet.cpp:431:3: note: expanded from macro 'SOGL_LINESET_GLRENDER'
  431 |   SOGL_LINESET_GLRENDER_RESOLVE_ARG1(normalbinding, materialbinding, texturing, args)
      |   ^~~~~~~~~~~~~~~~~~~~~~~~~~~~~~~~~~~~~~~~~~~~~~~~~~~~~~~~~~~~~~~~~~~~~~~~~~~~~~~~~~~
/home/user/dev/FreeCAD/src/3rdParty/coin/src/shapenodes/SoLineSet.cpp:423:5: note: expanded from macro 'SOGL_LINESET_GLRENDER_RESOLVE_ARG1'
  423 |     SOGL_LINESET_GLRENDER_RESOLVE_ARG2(SoGL::LineSet::PER_VERTEX, materialbinding, texturing, args); \
      |     ^~~~~~~~~~~~~~~~~~~~~~~~~~~~~~~~~~~~~~~~~~~~~~~~~~~~~~~~~~~~~~~~~~~~~~~~~~~~~~~~~~~~~~~~~~~~~~~
/home/user/dev/FreeCAD/src/3rdParty/coin/src/shapenodes/SoLineSet.cpp:400:8: note: expanded from macro 'SOGL_LINESET_GLRENDER_RESOLVE_ARG2'
  393 |   switch (materialbinding) {                                            \
      |           ~~~~~~~~~~~~~~~
  394 |   case SoGL::LineSet::OVERALL:                                          \
  395 |     SOGL_LINESET_GLRENDER_RESOLVE_ARG3(normalbinding, SoGL::LineSet::OVERALL, texturing, args); \
  396 |     break;                                                              \
  397 |   case SoGL::LineSet::PER_LINE:                                         \
  398 |     SOGL_LINESET_GLRENDER_RESOLVE_ARG3(normalbinding, SoGL::LineSet::PER_LINE, texturing, args); \
  399 |     break;                                                              \
  400 |   case SoGL::LineSet::PER_SEGMENT:                                      \
      |        ^~~~~~~~~~~~~~~~~~~~~~~~~~
/home/user/dev/FreeCAD/src/3rdParty/coin/src/shapenodes/SoLineSet.cpp:498:3: warning: comparison of different enumeration types in switch statement ('Binding' and '(anonymous namespace)::SoGL::LineSet::AttributeBinding') [-Wenum-compare-switch]
  498 |   SOGL_LINESET_GLRENDER(nbind, mbind, doTextures, (coords,
      |   ^~~~~~~~~~~~~~~~~~~~~~~~~~~~~~~~~~~~~~~~~~~~~~~~~~~~~~~~
  499 |                                                    normals,
      |                                                    ~~~~~~~~
  500 |                                                    &mb,
      |                                                    ~~~~
  501 |                                                    &tb,
      |                                                    ~~~~
  502 |                                                    idx,
      |                                                    ~~~~
  503 |                                                    ptr,
      |                                                    ~~~~
  504 |                                                    end,
      |                                                    ~~~~
  505 |                                                    needNormals,
      |                                                    ~~~~~~~~~~~~
  506 |                                                    drawPoints));
      |                                                    ~~~~~~~~~~~~
/home/user/dev/FreeCAD/src/3rdParty/coin/src/shapenodes/SoLineSet.cpp:431:3: note: expanded from macro 'SOGL_LINESET_GLRENDER'
  431 |   SOGL_LINESET_GLRENDER_RESOLVE_ARG1(normalbinding, materialbinding, texturing, args)
      |   ^~~~~~~~~~~~~~~~~~~~~~~~~~~~~~~~~~~~~~~~~~~~~~~~~~~~~~~~~~~~~~~~~~~~~~~~~~~~~~~~~~~
/home/user/dev/FreeCAD/src/3rdParty/coin/src/shapenodes/SoLineSet.cpp:423:5: note: expanded from macro 'SOGL_LINESET_GLRENDER_RESOLVE_ARG1'
  423 |     SOGL_LINESET_GLRENDER_RESOLVE_ARG2(SoGL::LineSet::PER_VERTEX, materialbinding, texturing, args); \
      |     ^~~~~~~~~~~~~~~~~~~~~~~~~~~~~~~~~~~~~~~~~~~~~~~~~~~~~~~~~~~~~~~~~~~~~~~~~~~~~~~~~~~~~~~~~~~~~~~
/home/user/dev/FreeCAD/src/3rdParty/coin/src/shapenodes/SoLineSet.cpp:397:8: note: expanded from macro 'SOGL_LINESET_GLRENDER_RESOLVE_ARG2'
  393 |   switch (materialbinding) {                                            \
      |           ~~~~~~~~~~~~~~~
  394 |   case SoGL::LineSet::OVERALL:                                          \
  395 |     SOGL_LINESET_GLRENDER_RESOLVE_ARG3(normalbinding, SoGL::LineSet::OVERALL, texturing, args); \
  396 |     break;                                                              \
  397 |   case SoGL::LineSet::PER_LINE:                                         \
      |        ^~~~~~~~~~~~~~~~~~~~~~~
/home/user/dev/FreeCAD/src/3rdParty/coin/src/shapenodes/SoLineSet.cpp:498:3: warning: comparison of different enumeration types in switch statement ('Binding' and '(anonymous namespace)::SoGL::LineSet::AttributeBinding') [-Wenum-compare-switch]
  498 |   SOGL_LINESET_GLRENDER(nbind, mbind, doTextures, (coords,
      |   ^~~~~~~~~~~~~~~~~~~~~~~~~~~~~~~~~~~~~~~~~~~~~~~~~~~~~~~~
  499 |                                                    normals,
      |                                                    ~~~~~~~~
  500 |                                                    &mb,
      |                                                    ~~~~
  501 |                                                    &tb,
      |                                                    ~~~~
  502 |                                                    idx,
      |                                                    ~~~~
  503 |                                                    ptr,
      |                                                    ~~~~
  504 |                                                    end,
      |                                                    ~~~~
  505 |                                                    needNormals,
      |                                                    ~~~~~~~~~~~~
  506 |                                                    drawPoints));
      |                                                    ~~~~~~~~~~~~
/home/user/dev/FreeCAD/src/3rdParty/coin/src/shapenodes/SoLineSet.cpp:431:3: note: expanded from macro 'SOGL_LINESET_GLRENDER'
  431 |   SOGL_LINESET_GLRENDER_RESOLVE_ARG1(normalbinding, materialbinding, texturing, args)
      |   ^~~~~~~~~~~~~~~~~~~~~~~~~~~~~~~~~~~~~~~~~~~~~~~~~~~~~~~~~~~~~~~~~~~~~~~~~~~~~~~~~~~
/home/user/dev/FreeCAD/src/3rdParty/coin/src/shapenodes/SoLineSet.cpp:423:5: note: expanded from macro 'SOGL_LINESET_GLRENDER_RESOLVE_ARG1'
  423 |     SOGL_LINESET_GLRENDER_RESOLVE_ARG2(SoGL::LineSet::PER_VERTEX, materialbinding, texturing, args); \
      |     ^~~~~~~~~~~~~~~~~~~~~~~~~~~~~~~~~~~~~~~~~~~~~~~~~~~~~~~~~~~~~~~~~~~~~~~~~~~~~~~~~~~~~~~~~~~~~~~
/home/user/dev/FreeCAD/src/3rdParty/coin/src/shapenodes/SoLineSet.cpp:394:8: note: expanded from macro 'SOGL_LINESET_GLRENDER_RESOLVE_ARG2'
  393 |   switch (materialbinding) {                                            \
      |           ~~~~~~~~~~~~~~~
  394 |   case SoGL::LineSet::OVERALL:                                          \
      |        ^~~~~~~~~~~~~~~~~~~~~~
/home/user/dev/FreeCAD/src/3rdParty/coin/src/shapenodes/SoLineSet.cpp:498:3: warning: comparison of different enumeration types in switch statement ('Binding' and '(anonymous namespace)::SoGL::LineSet::AttributeBinding') [-Wenum-compare-switch]
  498 |   SOGL_LINESET_GLRENDER(nbind, mbind, doTextures, (coords,
      |   ^~~~~~~~~~~~~~~~~~~~~~~~~~~~~~~~~~~~~~~~~~~~~~~~~~~~~~~~
  499 |                                                    normals,
      |                                                    ~~~~~~~~
  500 |                                                    &mb,
      |                                                    ~~~~
  501 |                                                    &tb,
      |                                                    ~~~~
  502 |                                                    idx,
      |                                                    ~~~~
  503 |                                                    ptr,
      |                                                    ~~~~
  504 |                                                    end,
      |                                                    ~~~~
  505 |                                                    needNormals,
      |                                                    ~~~~~~~~~~~~
  506 |                                                    drawPoints));
      |                                                    ~~~~~~~~~~~~
/home/user/dev/FreeCAD/src/3rdParty/coin/src/shapenodes/SoLineSet.cpp:431:3: note: expanded from macro 'SOGL_LINESET_GLRENDER'
  431 |   SOGL_LINESET_GLRENDER_RESOLVE_ARG1(normalbinding, materialbinding, texturing, args)
      |   ^~~~~~~~~~~~~~~~~~~~~~~~~~~~~~~~~~~~~~~~~~~~~~~~~~~~~~~~~~~~~~~~~~~~~~~~~~~~~~~~~~~
/home/user/dev/FreeCAD/src/3rdParty/coin/src/shapenodes/SoLineSet.cpp:422:8: note: expanded from macro 'SOGL_LINESET_GLRENDER_RESOLVE_ARG1'
  412 |   switch (normalbinding) {                                              \
      |           ~~~~~~~~~~~~~
  413 |   case SoGL::LineSet::OVERALL:                                          \
  414 |     SOGL_LINESET_GLRENDER_RESOLVE_ARG2(SoGL::LineSet::OVERALL, materialbinding, texturing, args); \
  415 |     break;                                                              \
  416 |   case SoGL::LineSet::PER_LINE:                                         \
  417 |     SOGL_LINESET_GLRENDER_RESOLVE_ARG2(SoGL::LineSet::PER_LINE, materialbinding, texturing, args); \
  418 |     break;                                                              \
  419 |   case SoGL::LineSet::PER_SEGMENT:                                      \
  420 |     SOGL_LINESET_GLRENDER_RESOLVE_ARG2(SoGL::LineSet::PER_SEGMENT, materialbinding, texturing, args); \
  421 |     break;                                                              \
  422 |   case SoGL::LineSet::PER_VERTEX:                                       \
      |        ^~~~~~~~~~~~~~~~~~~~~~~~~
/home/user/dev/FreeCAD/src/3rdParty/coin/src/shapenodes/SoLineSet.cpp:498:3: warning: comparison of different enumeration types in switch statement ('Binding' and '(anonymous namespace)::SoGL::LineSet::AttributeBinding') [-Wenum-compare-switch]
  498 |   SOGL_LINESET_GLRENDER(nbind, mbind, doTextures, (coords,
      |   ^~~~~~~~~~~~~~~~~~~~~~~~~~~~~~~~~~~~~~~~~~~~~~~~~~~~~~~~
  499 |                                                    normals,
      |                                                    ~~~~~~~~
  500 |                                                    &mb,
      |                                                    ~~~~
  501 |                                                    &tb,
      |                                                    ~~~~
  502 |                                                    idx,
      |                                                    ~~~~
  503 |                                                    ptr,
      |                                                    ~~~~
  504 |                                                    end,
      |                                                    ~~~~
  505 |                                                    needNormals,
      |                                                    ~~~~~~~~~~~~
  506 |                                                    drawPoints));
      |                                                    ~~~~~~~~~~~~
/home/user/dev/FreeCAD/src/3rdParty/coin/src/shapenodes/SoLineSet.cpp:431:3: note: expanded from macro 'SOGL_LINESET_GLRENDER'
  431 |   SOGL_LINESET_GLRENDER_RESOLVE_ARG1(normalbinding, materialbinding, texturing, args)
      |   ^~~~~~~~~~~~~~~~~~~~~~~~~~~~~~~~~~~~~~~~~~~~~~~~~~~~~~~~~~~~~~~~~~~~~~~~~~~~~~~~~~~
/home/user/dev/FreeCAD/src/3rdParty/coin/src/shapenodes/SoLineSet.cpp:419:8: note: expanded from macro 'SOGL_LINESET_GLRENDER_RESOLVE_ARG1'
  412 |   switch (normalbinding) {                                              \
      |           ~~~~~~~~~~~~~
  413 |   case SoGL::LineSet::OVERALL:                                          \
  414 |     SOGL_LINESET_GLRENDER_RESOLVE_ARG2(SoGL::LineSet::OVERALL, materialbinding, texturing, args); \
  415 |     break;                                                              \
  416 |   case SoGL::LineSet::PER_LINE:                                         \
  417 |     SOGL_LINESET_GLRENDER_RESOLVE_ARG2(SoGL::LineSet::PER_LINE, materialbinding, texturing, args); \
  418 |     break;                                                              \
  419 |   case SoGL::LineSet::PER_SEGMENT:                                      \
      |        ^~~~~~~~~~~~~~~~~~~~~~~~~~
/home/user/dev/FreeCAD/src/3rdParty/coin/src/shapenodes/SoLineSet.cpp:498:3: warning: comparison of different enumeration types in switch statement ('Binding' and '(anonymous namespace)::SoGL::LineSet::AttributeBinding') [-Wenum-compare-switch]
  498 |   SOGL_LINESET_GLRENDER(nbind, mbind, doTextures, (coords,
      |   ^~~~~~~~~~~~~~~~~~~~~~~~~~~~~~~~~~~~~~~~~~~~~~~~~~~~~~~~
  499 |                                                    normals,
      |                                                    ~~~~~~~~
  500 |                                                    &mb,
      |                                                    ~~~~
  501 |                                                    &tb,
      |                                                    ~~~~
  502 |                                                    idx,
      |                                                    ~~~~
  503 |                                                    ptr,
      |                                                    ~~~~
  504 |                                                    end,
      |                                                    ~~~~
  505 |                                                    needNormals,
      |                                                    ~~~~~~~~~~~~
  506 |                                                    drawPoints));
      |                                                    ~~~~~~~~~~~~
/home/user/dev/FreeCAD/src/3rdParty/coin/src/shapenodes/SoLineSet.cpp:431:3: note: expanded from macro 'SOGL_LINESET_GLRENDER'
  431 |   SOGL_LINESET_GLRENDER_RESOLVE_ARG1(normalbinding, materialbinding, texturing, args)
      |   ^~~~~~~~~~~~~~~~~~~~~~~~~~~~~~~~~~~~~~~~~~~~~~~~~~~~~~~~~~~~~~~~~~~~~~~~~~~~~~~~~~~
/home/user/dev/FreeCAD/src/3rdParty/coin/src/shapenodes/SoLineSet.cpp:416:8: note: expanded from macro 'SOGL_LINESET_GLRENDER_RESOLVE_ARG1'
  412 |   switch (normalbinding) {                                              \
      |           ~~~~~~~~~~~~~
  413 |   case SoGL::LineSet::OVERALL:                                          \
  414 |     SOGL_LINESET_GLRENDER_RESOLVE_ARG2(SoGL::LineSet::OVERALL, materialbinding, texturing, args); \
  415 |     break;                                                              \
  416 |   case SoGL::LineSet::PER_LINE:                                         \
      |        ^~~~~~~~~~~~~~~~~~~~~~~
/home/user/dev/FreeCAD/src/3rdParty/coin/src/shapenodes/SoLineSet.cpp:498:3: warning: comparison of different enumeration types in switch statement ('Binding' and '(anonymous namespace)::SoGL::LineSet::AttributeBinding') [-Wenum-compare-switch]
  498 |   SOGL_LINESET_GLRENDER(nbind, mbind, doTextures, (coords,
      |   ^~~~~~~~~~~~~~~~~~~~~~~~~~~~~~~~~~~~~~~~~~~~~~~~~~~~~~~~
  499 |                                                    normals,
      |                                                    ~~~~~~~~
  500 |                                                    &mb,
      |                                                    ~~~~
  501 |                                                    &tb,
      |                                                    ~~~~
  502 |                                                    idx,
      |                                                    ~~~~
  503 |                                                    ptr,
      |                                                    ~~~~
  504 |                                                    end,
      |                                                    ~~~~
  505 |                                                    needNormals,
      |                                                    ~~~~~~~~~~~~
  506 |                                                    drawPoints));
      |                                                    ~~~~~~~~~~~~
/home/user/dev/FreeCAD/src/3rdParty/coin/src/shapenodes/SoLineSet.cpp:431:3: note: expanded from macro 'SOGL_LINESET_GLRENDER'
  431 |   SOGL_LINESET_GLRENDER_RESOLVE_ARG1(normalbinding, materialbinding, texturing, args)
      |   ^~~~~~~~~~~~~~~~~~~~~~~~~~~~~~~~~~~~~~~~~~~~~~~~~~~~~~~~~~~~~~~~~~~~~~~~~~~~~~~~~~~
/home/user/dev/FreeCAD/src/3rdParty/coin/src/shapenodes/SoLineSet.cpp:413:8: note: expanded from macro 'SOGL_LINESET_GLRENDER_RESOLVE_ARG1'
  412 |   switch (normalbinding) {                                              \
      |           ~~~~~~~~~~~~~
  413 |   case SoGL::LineSet::OVERALL:                                          \
      |        ^~~~~~~~~~~~~~~~~~~~~~
21 warnings generated.
In file included from /home/user/dev/FreeCAD/src/3rdParty/coin/src/shapenodes/SoPointSet.cpp:87:
/home/user/dev/FreeCAD/build/clang-profile/src/3rdParty/coin/src/config.h:137:9: warning: 'HAVE_FREETYPE' macro redefined [-Wmacro-redefined]
  137 | #define HAVE_FREETYPE
      |         ^
<command line>:9:9: note: previous definition is here
    9 | #define HAVE_FREETYPE 1
      |         ^
1 warning generated.
In file included from /home/user/dev/FreeCAD/src/3rdParty/coin/src/shapenodes/SoSphere.cpp:82:
In file included from /home/user/dev/FreeCAD/src/3rdParty/coin/src/coindefs.h:47:
/home/user/dev/FreeCAD/build/clang-profile/src/3rdParty/coin/src/config.h:137:9: warning: 'HAVE_FREETYPE' macro redefined [-Wmacro-redefined]
  137 | #define HAVE_FREETYPE
      |         ^
<command line>:9:9: note: previous definition is here
    9 | #define HAVE_FREETYPE 1
      |         ^
1 warning generated.
In file included from /home/user/dev/FreeCAD/src/3rdParty/coin/src/shapenodes/SoShape.cpp:52:
/home/user/dev/FreeCAD/build/clang-profile/src/3rdParty/coin/src/config.h:137:9: warning: 'HAVE_FREETYPE' macro redefined [-Wmacro-redefined]
  137 | #define HAVE_FREETYPE
      |         ^
<command line>:9:9: note: previous definition is here
    9 | #define HAVE_FREETYPE 1
      |         ^
1 warning generated.
In file included from /home/user/dev/FreeCAD/src/3rdParty/coin/src/shapenodes/SoVertexShape.cpp:50:
/home/user/dev/FreeCAD/build/clang-profile/src/3rdParty/coin/src/config.h:137:9: warning: 'HAVE_FREETYPE' macro redefined [-Wmacro-redefined]
  137 | #define HAVE_FREETYPE
      |         ^
<command line>:9:9: note: previous definition is here
    9 | #define HAVE_FREETYPE 1
      |         ^
1 warning generated.
In file included from /home/user/dev/FreeCAD/src/3rdParty/coin/src/shapenodes/SoText2.cpp:101:
In file included from /home/user/dev/FreeCAD/src/3rdParty/coin/src/coindefs.h:47:
/home/user/dev/FreeCAD/build/clang-profile/src/3rdParty/coin/src/config.h:137:9: warning: 'HAVE_FREETYPE' macro redefined [-Wmacro-redefined]
  137 | #define HAVE_FREETYPE
      |         ^
<command line>:9:9: note: previous definition is here
    9 | #define HAVE_FREETYPE 1
      |         ^
1 warning generated.
In file included from /home/user/dev/FreeCAD/src/3rdParty/coin/src/shapenodes/SoText3.cpp:135:
/home/user/dev/FreeCAD/build/clang-profile/src/3rdParty/coin/src/config.h:137:9: warning: 'HAVE_FREETYPE' macro redefined [-Wmacro-redefined]
  137 | #define HAVE_FREETYPE
      |         ^
<command line>:9:9: note: previous definition is here
    9 | #define HAVE_FREETYPE 1
      |         ^
1 warning generated.
In file included from /home/user/dev/FreeCAD/src/3rdParty/coin/src/shapenodes/soshape_bigtexture.cpp:34:
In file included from /home/user/dev/FreeCAD/src/3rdParty/coin/src/coindefs.h:47:
/home/user/dev/FreeCAD/build/clang-profile/src/3rdParty/coin/src/config.h:137:9: warning: 'HAVE_FREETYPE' macro redefined [-Wmacro-redefined]
  137 | #define HAVE_FREETYPE
      |         ^
<command line>:9:9: note: previous definition is here
    9 | #define HAVE_FREETYPE 1
      |         ^
1 warning generated.
In file included from /home/user/dev/FreeCAD/src/3rdParty/coin/src/shapenodes/SoTriangleStripSet.cpp:114:
In file included from /home/user/dev/FreeCAD/src/3rdParty/coin/src/coindefs.h:47:
/home/user/dev/FreeCAD/build/clang-profile/src/3rdParty/coin/src/config.h:137:9: warning: 'HAVE_FREETYPE' macro redefined [-Wmacro-redefined]
  137 | #define HAVE_FREETYPE
      |         ^
<command line>:9:9: note: previous definition is here
    9 | #define HAVE_FREETYPE 1
      |         ^
/home/user/dev/FreeCAD/src/3rdParty/coin/src/shapenodes/SoTriangleStripSet.cpp:506:3: warning: comparison of different enumeration types in switch statement ('Binding' and '(anonymous namespace)::SoGL::TriStripSet::AttributeBinding') [-Wenum-compare-switch]
  506 |   SOGL_TRISTRIPSET_GLRENDER(nbind, mbind, doTextures, (coords,
      |   ^~~~~~~~~~~~~~~~~~~~~~~~~~~~~~~~~~~~~~~~~~~~~~~~~~~~~~~~~~~~
  507 |                                                        normals,
      |                                                        ~~~~~~~~
  508 |                                                        &mb,
      |                                                        ~~~~
  509 |                                                        &tb,
      |                                                        ~~~~
  510 |                                                        nbind,
      |                                                        ~~~~~~
  511 |                                                        mbind,
      |                                                        ~~~~~~
  512 |                                                        doTextures,
      |                                                        ~~~~~~~~~~~
  513 |                                                        idx,
      |                                                        ~~~~
  514 |                                                        ptr,
      |                                                        ~~~~
  515 |                                                        end,
      |                                                        ~~~~
  516 |                                                        needNormals));
      |                                                        ~~~~~~~~~~~~~
/home/user/dev/FreeCAD/src/3rdParty/coin/src/shapenodes/SoTriangleStripSet.cpp:439:3: note: expanded from macro 'SOGL_TRISTRIPSET_GLRENDER'
  439 |   SOGL_TRISTRIPSET_GLRENDER_RESOLVE_ARG1(normalbinding, materialbinding, texturing, args)
      |   ^~~~~~~~~~~~~~~~~~~~~~~~~~~~~~~~~~~~~~~~~~~~~~~~~~~~~~~~~~~~~~~~~~~~~~~~~~~~~~~~~~~~~~~
/home/user/dev/FreeCAD/src/3rdParty/coin/src/shapenodes/SoTriangleStripSet.cpp:422:5: note: expanded from macro 'SOGL_TRISTRIPSET_GLRENDER_RESOLVE_ARG1'
  422 |     SOGL_TRISTRIPSET_GLRENDER_RESOLVE_ARG2(OVERALL, materialbinding, texturing, args); \
      |     ^~~~~~~~~~~~~~~~~~~~~~~~~~~~~~~~~~~~~~~~~~~~~~~~~~~~~~~~~~~~~~~~~~~~~~~~~~~~~~~~~
/home/user/dev/FreeCAD/src/3rdParty/coin/src/shapenodes/SoTriangleStripSet.cpp:411:8: note: expanded from macro 'SOGL_TRISTRIPSET_GLRENDER_RESOLVE_ARG2'
  401 |   switch (materialbinding) {                                              \
      |           ~~~~~~~~~~~~~~~
  402 |   case SoGL::TriStripSet::OVERALL:                                        \
  403 |     SOGL_TRISTRIPSET_GLRENDER_RESOLVE_ARG3(normalbinding, OVERALL, texturing, args); \
  404 |     break;                                                                \
  405 |   case SoGL::TriStripSet::PER_STRIP:                                      \
  406 |     SOGL_TRISTRIPSET_GLRENDER_RESOLVE_ARG3(normalbinding, PER_STRIP, texturing, args); \
  407 |     break;                                                                \
  408 |   case SoGL::TriStripSet::PER_FACE:                                       \
  409 |     SOGL_TRISTRIPSET_GLRENDER_RESOLVE_ARG3(normalbinding, PER_FACE, texturing, args); \
  410 |     break;                                                                \
  411 |   case SoGL::TriStripSet::PER_VERTEX:                                     \
      |        ^~~~~~~~~~~~~~~~~~~~~~~~~~~~~
/home/user/dev/FreeCAD/src/3rdParty/coin/src/shapenodes/SoTriangleStripSet.cpp:506:3: warning: comparison of different enumeration types in switch statement ('Binding' and '(anonymous namespace)::SoGL::TriStripSet::AttributeBinding') [-Wenum-compare-switch]
  506 |   SOGL_TRISTRIPSET_GLRENDER(nbind, mbind, doTextures, (coords,
      |   ^~~~~~~~~~~~~~~~~~~~~~~~~~~~~~~~~~~~~~~~~~~~~~~~~~~~~~~~~~~~
  507 |                                                        normals,
      |                                                        ~~~~~~~~
  508 |                                                        &mb,
      |                                                        ~~~~
  509 |                                                        &tb,
      |                                                        ~~~~
  510 |                                                        nbind,
      |                                                        ~~~~~~
  511 |                                                        mbind,
      |                                                        ~~~~~~
  512 |                                                        doTextures,
      |                                                        ~~~~~~~~~~~
  513 |                                                        idx,
      |                                                        ~~~~
  514 |                                                        ptr,
      |                                                        ~~~~
  515 |                                                        end,
      |                                                        ~~~~
  516 |                                                        needNormals));
      |                                                        ~~~~~~~~~~~~~
/home/user/dev/FreeCAD/src/3rdParty/coin/src/shapenodes/SoTriangleStripSet.cpp:439:3: note: expanded from macro 'SOGL_TRISTRIPSET_GLRENDER'
  439 |   SOGL_TRISTRIPSET_GLRENDER_RESOLVE_ARG1(normalbinding, materialbinding, texturing, args)
      |   ^~~~~~~~~~~~~~~~~~~~~~~~~~~~~~~~~~~~~~~~~~~~~~~~~~~~~~~~~~~~~~~~~~~~~~~~~~~~~~~~~~~~~~~
/home/user/dev/FreeCAD/src/3rdParty/coin/src/shapenodes/SoTriangleStripSet.cpp:422:5: note: expanded from macro 'SOGL_TRISTRIPSET_GLRENDER_RESOLVE_ARG1'
  422 |     SOGL_TRISTRIPSET_GLRENDER_RESOLVE_ARG2(OVERALL, materialbinding, texturing, args); \
      |     ^~~~~~~~~~~~~~~~~~~~~~~~~~~~~~~~~~~~~~~~~~~~~~~~~~~~~~~~~~~~~~~~~~~~~~~~~~~~~~~~~
/home/user/dev/FreeCAD/src/3rdParty/coin/src/shapenodes/SoTriangleStripSet.cpp:408:8: note: expanded from macro 'SOGL_TRISTRIPSET_GLRENDER_RESOLVE_ARG2'
  401 |   switch (materialbinding) {                                              \
      |           ~~~~~~~~~~~~~~~
  402 |   case SoGL::TriStripSet::OVERALL:                                        \
  403 |     SOGL_TRISTRIPSET_GLRENDER_RESOLVE_ARG3(normalbinding, OVERALL, texturing, args); \
  404 |     break;                                                                \
  405 |   case SoGL::TriStripSet::PER_STRIP:                                      \
  406 |     SOGL_TRISTRIPSET_GLRENDER_RESOLVE_ARG3(normalbinding, PER_STRIP, texturing, args); \
  407 |     break;                                                                \
  408 |   case SoGL::TriStripSet::PER_FACE:                                       \
      |        ^~~~~~~~~~~~~~~~~~~~~~~~~~~
/home/user/dev/FreeCAD/src/3rdParty/coin/src/shapenodes/SoTriangleStripSet.cpp:506:3: warning: comparison of different enumeration types in switch statement ('Binding' and '(anonymous namespace)::SoGL::TriStripSet::AttributeBinding') [-Wenum-compare-switch]
  506 |   SOGL_TRISTRIPSET_GLRENDER(nbind, mbind, doTextures, (coords,
      |   ^~~~~~~~~~~~~~~~~~~~~~~~~~~~~~~~~~~~~~~~~~~~~~~~~~~~~~~~~~~~
  507 |                                                        normals,
      |                                                        ~~~~~~~~
  508 |                                                        &mb,
      |                                                        ~~~~
  509 |                                                        &tb,
      |                                                        ~~~~
  510 |                                                        nbind,
      |                                                        ~~~~~~
  511 |                                                        mbind,
      |                                                        ~~~~~~
  512 |                                                        doTextures,
      |                                                        ~~~~~~~~~~~
  513 |                                                        idx,
      |                                                        ~~~~
  514 |                                                        ptr,
      |                                                        ~~~~
  515 |                                                        end,
      |                                                        ~~~~
  516 |                                                        needNormals));
      |                                                        ~~~~~~~~~~~~~
/home/user/dev/FreeCAD/src/3rdParty/coin/src/shapenodes/SoTriangleStripSet.cpp:439:3: note: expanded from macro 'SOGL_TRISTRIPSET_GLRENDER'
  439 |   SOGL_TRISTRIPSET_GLRENDER_RESOLVE_ARG1(normalbinding, materialbinding, texturing, args)
      |   ^~~~~~~~~~~~~~~~~~~~~~~~~~~~~~~~~~~~~~~~~~~~~~~~~~~~~~~~~~~~~~~~~~~~~~~~~~~~~~~~~~~~~~~
/home/user/dev/FreeCAD/src/3rdParty/coin/src/shapenodes/SoTriangleStripSet.cpp:422:5: note: expanded from macro 'SOGL_TRISTRIPSET_GLRENDER_RESOLVE_ARG1'
  422 |     SOGL_TRISTRIPSET_GLRENDER_RESOLVE_ARG2(OVERALL, materialbinding, texturing, args); \
      |     ^~~~~~~~~~~~~~~~~~~~~~~~~~~~~~~~~~~~~~~~~~~~~~~~~~~~~~~~~~~~~~~~~~~~~~~~~~~~~~~~~
/home/user/dev/FreeCAD/src/3rdParty/coin/src/shapenodes/SoTriangleStripSet.cpp:405:8: note: expanded from macro 'SOGL_TRISTRIPSET_GLRENDER_RESOLVE_ARG2'
  401 |   switch (materialbinding) {                                              \
      |           ~~~~~~~~~~~~~~~
  402 |   case SoGL::TriStripSet::OVERALL:                                        \
  403 |     SOGL_TRISTRIPSET_GLRENDER_RESOLVE_ARG3(normalbinding, OVERALL, texturing, args); \
  404 |     break;                                                                \
  405 |   case SoGL::TriStripSet::PER_STRIP:                                      \
      |        ^~~~~~~~~~~~~~~~~~~~~~~~~~~~
/home/user/dev/FreeCAD/src/3rdParty/coin/src/shapenodes/SoTriangleStripSet.cpp:506:3: warning: comparison of different enumeration types in switch statement ('Binding' and '(anonymous namespace)::SoGL::TriStripSet::AttributeBinding') [-Wenum-compare-switch]
  506 |   SOGL_TRISTRIPSET_GLRENDER(nbind, mbind, doTextures, (coords,
      |   ^~~~~~~~~~~~~~~~~~~~~~~~~~~~~~~~~~~~~~~~~~~~~~~~~~~~~~~~~~~~
  507 |                                                        normals,
      |                                                        ~~~~~~~~
  508 |                                                        &mb,
      |                                                        ~~~~
  509 |                                                        &tb,
      |                                                        ~~~~
  510 |                                                        nbind,
      |                                                        ~~~~~~
  511 |                                                        mbind,
      |                                                        ~~~~~~
  512 |                                                        doTextures,
      |                                                        ~~~~~~~~~~~
  513 |                                                        idx,
      |                                                        ~~~~
  514 |                                                        ptr,
      |                                                        ~~~~
  515 |                                                        end,
      |                                                        ~~~~
  516 |                                                        needNormals));
      |                                                        ~~~~~~~~~~~~~
/home/user/dev/FreeCAD/src/3rdParty/coin/src/shapenodes/SoTriangleStripSet.cpp:439:3: note: expanded from macro 'SOGL_TRISTRIPSET_GLRENDER'
  439 |   SOGL_TRISTRIPSET_GLRENDER_RESOLVE_ARG1(normalbinding, materialbinding, texturing, args)
      |   ^~~~~~~~~~~~~~~~~~~~~~~~~~~~~~~~~~~~~~~~~~~~~~~~~~~~~~~~~~~~~~~~~~~~~~~~~~~~~~~~~~~~~~~
/home/user/dev/FreeCAD/src/3rdParty/coin/src/shapenodes/SoTriangleStripSet.cpp:422:5: note: expanded from macro 'SOGL_TRISTRIPSET_GLRENDER_RESOLVE_ARG1'
  422 |     SOGL_TRISTRIPSET_GLRENDER_RESOLVE_ARG2(OVERALL, materialbinding, texturing, args); \
      |     ^~~~~~~~~~~~~~~~~~~~~~~~~~~~~~~~~~~~~~~~~~~~~~~~~~~~~~~~~~~~~~~~~~~~~~~~~~~~~~~~~
/home/user/dev/FreeCAD/src/3rdParty/coin/src/shapenodes/SoTriangleStripSet.cpp:402:8: note: expanded from macro 'SOGL_TRISTRIPSET_GLRENDER_RESOLVE_ARG2'
  401 |   switch (materialbinding) {                                              \
      |           ~~~~~~~~~~~~~~~
  402 |   case SoGL::TriStripSet::OVERALL:                                        \
      |        ^~~~~~~~~~~~~~~~~~~~~~~~~~
/home/user/dev/FreeCAD/src/3rdParty/coin/src/shapenodes/SoTriangleStripSet.cpp:506:3: warning: comparison of different enumeration types in switch statement ('Binding' and '(anonymous namespace)::SoGL::TriStripSet::AttributeBinding') [-Wenum-compare-switch]
  506 |   SOGL_TRISTRIPSET_GLRENDER(nbind, mbind, doTextures, (coords,
      |   ^~~~~~~~~~~~~~~~~~~~~~~~~~~~~~~~~~~~~~~~~~~~~~~~~~~~~~~~~~~~
  507 |                                                        normals,
      |                                                        ~~~~~~~~
  508 |                                                        &mb,
      |                                                        ~~~~
  509 |                                                        &tb,
      |                                                        ~~~~
  510 |                                                        nbind,
      |                                                        ~~~~~~
  511 |                                                        mbind,
      |                                                        ~~~~~~
  512 |                                                        doTextures,
      |                                                        ~~~~~~~~~~~
  513 |                                                        idx,
      |                                                        ~~~~
  514 |                                                        ptr,
      |                                                        ~~~~
  515 |                                                        end,
      |                                                        ~~~~
  516 |                                                        needNormals));
      |                                                        ~~~~~~~~~~~~~
/home/user/dev/FreeCAD/src/3rdParty/coin/src/shapenodes/SoTriangleStripSet.cpp:439:3: note: expanded from macro 'SOGL_TRISTRIPSET_GLRENDER'
  439 |   SOGL_TRISTRIPSET_GLRENDER_RESOLVE_ARG1(normalbinding, materialbinding, texturing, args)
      |   ^~~~~~~~~~~~~~~~~~~~~~~~~~~~~~~~~~~~~~~~~~~~~~~~~~~~~~~~~~~~~~~~~~~~~~~~~~~~~~~~~~~~~~~
/home/user/dev/FreeCAD/src/3rdParty/coin/src/shapenodes/SoTriangleStripSet.cpp:425:5: note: expanded from macro 'SOGL_TRISTRIPSET_GLRENDER_RESOLVE_ARG1'
  425 |     SOGL_TRISTRIPSET_GLRENDER_RESOLVE_ARG2(PER_STRIP, materialbinding, texturing, args); \
      |     ^~~~~~~~~~~~~~~~~~~~~~~~~~~~~~~~~~~~~~~~~~~~~~~~~~~~~~~~~~~~~~~~~~~~~~~~~~~~~~~~~~~
/home/user/dev/FreeCAD/src/3rdParty/coin/src/shapenodes/SoTriangleStripSet.cpp:411:8: note: expanded from macro 'SOGL_TRISTRIPSET_GLRENDER_RESOLVE_ARG2'
  401 |   switch (materialbinding) {                                              \
      |           ~~~~~~~~~~~~~~~
  402 |   case SoGL::TriStripSet::OVERALL:                                        \
  403 |     SOGL_TRISTRIPSET_GLRENDER_RESOLVE_ARG3(normalbinding, OVERALL, texturing, args); \
  404 |     break;                                                                \
  405 |   case SoGL::TriStripSet::PER_STRIP:                                      \
  406 |     SOGL_TRISTRIPSET_GLRENDER_RESOLVE_ARG3(normalbinding, PER_STRIP, texturing, args); \
  407 |     break;                                                                \
  408 |   case SoGL::TriStripSet::PER_FACE:                                       \
  409 |     SOGL_TRISTRIPSET_GLRENDER_RESOLVE_ARG3(normalbinding, PER_FACE, texturing, args); \
  410 |     break;                                                                \
  411 |   case SoGL::TriStripSet::PER_VERTEX:                                     \
      |        ^~~~~~~~~~~~~~~~~~~~~~~~~~~~~
/home/user/dev/FreeCAD/src/3rdParty/coin/src/shapenodes/SoTriangleStripSet.cpp:506:3: warning: comparison of different enumeration types in switch statement ('Binding' and '(anonymous namespace)::SoGL::TriStripSet::AttributeBinding') [-Wenum-compare-switch]
  506 |   SOGL_TRISTRIPSET_GLRENDER(nbind, mbind, doTextures, (coords,
      |   ^~~~~~~~~~~~~~~~~~~~~~~~~~~~~~~~~~~~~~~~~~~~~~~~~~~~~~~~~~~~
  507 |                                                        normals,
      |                                                        ~~~~~~~~
  508 |                                                        &mb,
      |                                                        ~~~~
  509 |                                                        &tb,
      |                                                        ~~~~
  510 |                                                        nbind,
      |                                                        ~~~~~~
  511 |                                                        mbind,
      |                                                        ~~~~~~
  512 |                                                        doTextures,
      |                                                        ~~~~~~~~~~~
  513 |                                                        idx,
      |                                                        ~~~~
  514 |                                                        ptr,
      |                                                        ~~~~
  515 |                                                        end,
      |                                                        ~~~~
  516 |                                                        needNormals));
      |                                                        ~~~~~~~~~~~~~
/home/user/dev/FreeCAD/src/3rdParty/coin/src/shapenodes/SoTriangleStripSet.cpp:439:3: note: expanded from macro 'SOGL_TRISTRIPSET_GLRENDER'
  439 |   SOGL_TRISTRIPSET_GLRENDER_RESOLVE_ARG1(normalbinding, materialbinding, texturing, args)
      |   ^~~~~~~~~~~~~~~~~~~~~~~~~~~~~~~~~~~~~~~~~~~~~~~~~~~~~~~~~~~~~~~~~~~~~~~~~~~~~~~~~~~~~~~
/home/user/dev/FreeCAD/src/3rdParty/coin/src/shapenodes/SoTriangleStripSet.cpp:425:5: note: expanded from macro 'SOGL_TRISTRIPSET_GLRENDER_RESOLVE_ARG1'
  425 |     SOGL_TRISTRIPSET_GLRENDER_RESOLVE_ARG2(PER_STRIP, materialbinding, texturing, args); \
      |     ^~~~~~~~~~~~~~~~~~~~~~~~~~~~~~~~~~~~~~~~~~~~~~~~~~~~~~~~~~~~~~~~~~~~~~~~~~~~~~~~~~~
/home/user/dev/FreeCAD/src/3rdParty/coin/src/shapenodes/SoTriangleStripSet.cpp:408:8: note: expanded from macro 'SOGL_TRISTRIPSET_GLRENDER_RESOLVE_ARG2'
  401 |   switch (materialbinding) {                                              \
      |           ~~~~~~~~~~~~~~~
  402 |   case SoGL::TriStripSet::OVERALL:                                        \
  403 |     SOGL_TRISTRIPSET_GLRENDER_RESOLVE_ARG3(normalbinding, OVERALL, texturing, args); \
  404 |     break;                                                                \
  405 |   case SoGL::TriStripSet::PER_STRIP:                                      \
  406 |     SOGL_TRISTRIPSET_GLRENDER_RESOLVE_ARG3(normalbinding, PER_STRIP, texturing, args); \
  407 |     break;                                                                \
  408 |   case SoGL::TriStripSet::PER_FACE:                                       \
      |        ^~~~~~~~~~~~~~~~~~~~~~~~~~~
/home/user/dev/FreeCAD/src/3rdParty/coin/src/shapenodes/SoTriangleStripSet.cpp:506:3: warning: comparison of different enumeration types in switch statement ('Binding' and '(anonymous namespace)::SoGL::TriStripSet::AttributeBinding') [-Wenum-compare-switch]
  506 |   SOGL_TRISTRIPSET_GLRENDER(nbind, mbind, doTextures, (coords,
      |   ^~~~~~~~~~~~~~~~~~~~~~~~~~~~~~~~~~~~~~~~~~~~~~~~~~~~~~~~~~~~
  507 |                                                        normals,
      |                                                        ~~~~~~~~
  508 |                                                        &mb,
      |                                                        ~~~~
  509 |                                                        &tb,
      |                                                        ~~~~
  510 |                                                        nbind,
      |                                                        ~~~~~~
  511 |                                                        mbind,
      |                                                        ~~~~~~
  512 |                                                        doTextures,
      |                                                        ~~~~~~~~~~~
  513 |                                                        idx,
      |                                                        ~~~~
  514 |                                                        ptr,
      |                                                        ~~~~
  515 |                                                        end,
      |                                                        ~~~~
  516 |                                                        needNormals));
      |                                                        ~~~~~~~~~~~~~
/home/user/dev/FreeCAD/src/3rdParty/coin/src/shapenodes/SoTriangleStripSet.cpp:439:3: note: expanded from macro 'SOGL_TRISTRIPSET_GLRENDER'
  439 |   SOGL_TRISTRIPSET_GLRENDER_RESOLVE_ARG1(normalbinding, materialbinding, texturing, args)
      |   ^~~~~~~~~~~~~~~~~~~~~~~~~~~~~~~~~~~~~~~~~~~~~~~~~~~~~~~~~~~~~~~~~~~~~~~~~~~~~~~~~~~~~~~
/home/user/dev/FreeCAD/src/3rdParty/coin/src/shapenodes/SoTriangleStripSet.cpp:425:5: note: expanded from macro 'SOGL_TRISTRIPSET_GLRENDER_RESOLVE_ARG1'
  425 |     SOGL_TRISTRIPSET_GLRENDER_RESOLVE_ARG2(PER_STRIP, materialbinding, texturing, args); \
      |     ^~~~~~~~~~~~~~~~~~~~~~~~~~~~~~~~~~~~~~~~~~~~~~~~~~~~~~~~~~~~~~~~~~~~~~~~~~~~~~~~~~~
/home/user/dev/FreeCAD/src/3rdParty/coin/src/shapenodes/SoTriangleStripSet.cpp:405:8: note: expanded from macro 'SOGL_TRISTRIPSET_GLRENDER_RESOLVE_ARG2'
  401 |   switch (materialbinding) {                                              \
      |           ~~~~~~~~~~~~~~~
  402 |   case SoGL::TriStripSet::OVERALL:                                        \
  403 |     SOGL_TRISTRIPSET_GLRENDER_RESOLVE_ARG3(normalbinding, OVERALL, texturing, args); \
  404 |     break;                                                                \
  405 |   case SoGL::TriStripSet::PER_STRIP:                                      \
      |        ^~~~~~~~~~~~~~~~~~~~~~~~~~~~
/home/user/dev/FreeCAD/src/3rdParty/coin/src/shapenodes/SoTriangleStripSet.cpp:506:3: warning: comparison of different enumeration types in switch statement ('Binding' and '(anonymous namespace)::SoGL::TriStripSet::AttributeBinding') [-Wenum-compare-switch]
  506 |   SOGL_TRISTRIPSET_GLRENDER(nbind, mbind, doTextures, (coords,
      |   ^~~~~~~~~~~~~~~~~~~~~~~~~~~~~~~~~~~~~~~~~~~~~~~~~~~~~~~~~~~~
  507 |                                                        normals,
      |                                                        ~~~~~~~~
  508 |                                                        &mb,
      |                                                        ~~~~
  509 |                                                        &tb,
      |                                                        ~~~~
  510 |                                                        nbind,
      |                                                        ~~~~~~
  511 |                                                        mbind,
      |                                                        ~~~~~~
  512 |                                                        doTextures,
      |                                                        ~~~~~~~~~~~
  513 |                                                        idx,
      |                                                        ~~~~
  514 |                                                        ptr,
      |                                                        ~~~~
  515 |                                                        end,
      |                                                        ~~~~
  516 |                                                        needNormals));
      |                                                        ~~~~~~~~~~~~~
/home/user/dev/FreeCAD/src/3rdParty/coin/src/shapenodes/SoTriangleStripSet.cpp:439:3: note: expanded from macro 'SOGL_TRISTRIPSET_GLRENDER'
  439 |   SOGL_TRISTRIPSET_GLRENDER_RESOLVE_ARG1(normalbinding, materialbinding, texturing, args)
      |   ^~~~~~~~~~~~~~~~~~~~~~~~~~~~~~~~~~~~~~~~~~~~~~~~~~~~~~~~~~~~~~~~~~~~~~~~~~~~~~~~~~~~~~~
/home/user/dev/FreeCAD/src/3rdParty/coin/src/shapenodes/SoTriangleStripSet.cpp:425:5: note: expanded from macro 'SOGL_TRISTRIPSET_GLRENDER_RESOLVE_ARG1'
  425 |     SOGL_TRISTRIPSET_GLRENDER_RESOLVE_ARG2(PER_STRIP, materialbinding, texturing, args); \
      |     ^~~~~~~~~~~~~~~~~~~~~~~~~~~~~~~~~~~~~~~~~~~~~~~~~~~~~~~~~~~~~~~~~~~~~~~~~~~~~~~~~~~
/home/user/dev/FreeCAD/src/3rdParty/coin/src/shapenodes/SoTriangleStripSet.cpp:402:8: note: expanded from macro 'SOGL_TRISTRIPSET_GLRENDER_RESOLVE_ARG2'
  401 |   switch (materialbinding) {                                              \
      |           ~~~~~~~~~~~~~~~
  402 |   case SoGL::TriStripSet::OVERALL:                                        \
      |        ^~~~~~~~~~~~~~~~~~~~~~~~~~
/home/user/dev/FreeCAD/src/3rdParty/coin/src/shapenodes/SoTriangleStripSet.cpp:506:3: warning: comparison of different enumeration types in switch statement ('Binding' and '(anonymous namespace)::SoGL::TriStripSet::AttributeBinding') [-Wenum-compare-switch]
  506 |   SOGL_TRISTRIPSET_GLRENDER(nbind, mbind, doTextures, (coords,
      |   ^~~~~~~~~~~~~~~~~~~~~~~~~~~~~~~~~~~~~~~~~~~~~~~~~~~~~~~~~~~~
  507 |                                                        normals,
      |                                                        ~~~~~~~~
  508 |                                                        &mb,
      |                                                        ~~~~
  509 |                                                        &tb,
      |                                                        ~~~~
  510 |                                                        nbind,
      |                                                        ~~~~~~
  511 |                                                        mbind,
      |                                                        ~~~~~~
  512 |                                                        doTextures,
      |                                                        ~~~~~~~~~~~
  513 |                                                        idx,
      |                                                        ~~~~
  514 |                                                        ptr,
      |                                                        ~~~~
  515 |                                                        end,
      |                                                        ~~~~
  516 |                                                        needNormals));
      |                                                        ~~~~~~~~~~~~~
/home/user/dev/FreeCAD/src/3rdParty/coin/src/shapenodes/SoTriangleStripSet.cpp:439:3: note: expanded from macro 'SOGL_TRISTRIPSET_GLRENDER'
  439 |   SOGL_TRISTRIPSET_GLRENDER_RESOLVE_ARG1(normalbinding, materialbinding, texturing, args)
      |   ^~~~~~~~~~~~~~~~~~~~~~~~~~~~~~~~~~~~~~~~~~~~~~~~~~~~~~~~~~~~~~~~~~~~~~~~~~~~~~~~~~~~~~~
/home/user/dev/FreeCAD/src/3rdParty/coin/src/shapenodes/SoTriangleStripSet.cpp:428:5: note: expanded from macro 'SOGL_TRISTRIPSET_GLRENDER_RESOLVE_ARG1'
  428 |     SOGL_TRISTRIPSET_GLRENDER_RESOLVE_ARG2(PER_FACE, materialbinding, texturing, args); \
      |     ^~~~~~~~~~~~~~~~~~~~~~~~~~~~~~~~~~~~~~~~~~~~~~~~~~~~~~~~~~~~~~~~~~~~~~~~~~~~~~~~~~
/home/user/dev/FreeCAD/src/3rdParty/coin/src/shapenodes/SoTriangleStripSet.cpp:411:8: note: expanded from macro 'SOGL_TRISTRIPSET_GLRENDER_RESOLVE_ARG2'
  401 |   switch (materialbinding) {                                              \
      |           ~~~~~~~~~~~~~~~
  402 |   case SoGL::TriStripSet::OVERALL:                                        \
  403 |     SOGL_TRISTRIPSET_GLRENDER_RESOLVE_ARG3(normalbinding, OVERALL, texturing, args); \
  404 |     break;                                                                \
  405 |   case SoGL::TriStripSet::PER_STRIP:                                      \
  406 |     SOGL_TRISTRIPSET_GLRENDER_RESOLVE_ARG3(normalbinding, PER_STRIP, texturing, args); \
  407 |     break;                                                                \
  408 |   case SoGL::TriStripSet::PER_FACE:                                       \
  409 |     SOGL_TRISTRIPSET_GLRENDER_RESOLVE_ARG3(normalbinding, PER_FACE, texturing, args); \
  410 |     break;                                                                \
  411 |   case SoGL::TriStripSet::PER_VERTEX:                                     \
      |        ^~~~~~~~~~~~~~~~~~~~~~~~~~~~~
/home/user/dev/FreeCAD/src/3rdParty/coin/src/shapenodes/SoTriangleStripSet.cpp:506:3: warning: comparison of different enumeration types in switch statement ('Binding' and '(anonymous namespace)::SoGL::TriStripSet::AttributeBinding') [-Wenum-compare-switch]
  506 |   SOGL_TRISTRIPSET_GLRENDER(nbind, mbind, doTextures, (coords,
      |   ^~~~~~~~~~~~~~~~~~~~~~~~~~~~~~~~~~~~~~~~~~~~~~~~~~~~~~~~~~~~
  507 |                                                        normals,
      |                                                        ~~~~~~~~
  508 |                                                        &mb,
      |                                                        ~~~~
  509 |                                                        &tb,
      |                                                        ~~~~
  510 |                                                        nbind,
      |                                                        ~~~~~~
  511 |                                                        mbind,
      |                                                        ~~~~~~
  512 |                                                        doTextures,
      |                                                        ~~~~~~~~~~~
  513 |                                                        idx,
      |                                                        ~~~~
  514 |                                                        ptr,
      |                                                        ~~~~
  515 |                                                        end,
      |                                                        ~~~~
  516 |                                                        needNormals));
      |                                                        ~~~~~~~~~~~~~
/home/user/dev/FreeCAD/src/3rdParty/coin/src/shapenodes/SoTriangleStripSet.cpp:439:3: note: expanded from macro 'SOGL_TRISTRIPSET_GLRENDER'
  439 |   SOGL_TRISTRIPSET_GLRENDER_RESOLVE_ARG1(normalbinding, materialbinding, texturing, args)
      |   ^~~~~~~~~~~~~~~~~~~~~~~~~~~~~~~~~~~~~~~~~~~~~~~~~~~~~~~~~~~~~~~~~~~~~~~~~~~~~~~~~~~~~~~
/home/user/dev/FreeCAD/src/3rdParty/coin/src/shapenodes/SoTriangleStripSet.cpp:428:5: note: expanded from macro 'SOGL_TRISTRIPSET_GLRENDER_RESOLVE_ARG1'
  428 |     SOGL_TRISTRIPSET_GLRENDER_RESOLVE_ARG2(PER_FACE, materialbinding, texturing, args); \
      |     ^~~~~~~~~~~~~~~~~~~~~~~~~~~~~~~~~~~~~~~~~~~~~~~~~~~~~~~~~~~~~~~~~~~~~~~~~~~~~~~~~~
/home/user/dev/FreeCAD/src/3rdParty/coin/src/shapenodes/SoTriangleStripSet.cpp:408:8: note: expanded from macro 'SOGL_TRISTRIPSET_GLRENDER_RESOLVE_ARG2'
  401 |   switch (materialbinding) {                                              \
      |           ~~~~~~~~~~~~~~~
  402 |   case SoGL::TriStripSet::OVERALL:                                        \
  403 |     SOGL_TRISTRIPSET_GLRENDER_RESOLVE_ARG3(normalbinding, OVERALL, texturing, args); \
  404 |     break;                                                                \
  405 |   case SoGL::TriStripSet::PER_STRIP:                                      \
  406 |     SOGL_TRISTRIPSET_GLRENDER_RESOLVE_ARG3(normalbinding, PER_STRIP, texturing, args); \
  407 |     break;                                                                \
  408 |   case SoGL::TriStripSet::PER_FACE:                                       \
      |        ^~~~~~~~~~~~~~~~~~~~~~~~~~~
/home/user/dev/FreeCAD/src/3rdParty/coin/src/shapenodes/SoTriangleStripSet.cpp:506:3: warning: comparison of different enumeration types in switch statement ('Binding' and '(anonymous namespace)::SoGL::TriStripSet::AttributeBinding') [-Wenum-compare-switch]
  506 |   SOGL_TRISTRIPSET_GLRENDER(nbind, mbind, doTextures, (coords,
      |   ^~~~~~~~~~~~~~~~~~~~~~~~~~~~~~~~~~~~~~~~~~~~~~~~~~~~~~~~~~~~
  507 |                                                        normals,
      |                                                        ~~~~~~~~
  508 |                                                        &mb,
      |                                                        ~~~~
  509 |                                                        &tb,
      |                                                        ~~~~
  510 |                                                        nbind,
      |                                                        ~~~~~~
  511 |                                                        mbind,
      |                                                        ~~~~~~
  512 |                                                        doTextures,
      |                                                        ~~~~~~~~~~~
  513 |                                                        idx,
      |                                                        ~~~~
  514 |                                                        ptr,
      |                                                        ~~~~
  515 |                                                        end,
      |                                                        ~~~~
  516 |                                                        needNormals));
      |                                                        ~~~~~~~~~~~~~
/home/user/dev/FreeCAD/src/3rdParty/coin/src/shapenodes/SoTriangleStripSet.cpp:439:3: note: expanded from macro 'SOGL_TRISTRIPSET_GLRENDER'
  439 |   SOGL_TRISTRIPSET_GLRENDER_RESOLVE_ARG1(normalbinding, materialbinding, texturing, args)
      |   ^~~~~~~~~~~~~~~~~~~~~~~~~~~~~~~~~~~~~~~~~~~~~~~~~~~~~~~~~~~~~~~~~~~~~~~~~~~~~~~~~~~~~~~
/home/user/dev/FreeCAD/src/3rdParty/coin/src/shapenodes/SoTriangleStripSet.cpp:428:5: note: expanded from macro 'SOGL_TRISTRIPSET_GLRENDER_RESOLVE_ARG1'
  428 |     SOGL_TRISTRIPSET_GLRENDER_RESOLVE_ARG2(PER_FACE, materialbinding, texturing, args); \
      |     ^~~~~~~~~~~~~~~~~~~~~~~~~~~~~~~~~~~~~~~~~~~~~~~~~~~~~~~~~~~~~~~~~~~~~~~~~~~~~~~~~~
/home/user/dev/FreeCAD/src/3rdParty/coin/src/shapenodes/SoTriangleStripSet.cpp:405:8: note: expanded from macro 'SOGL_TRISTRIPSET_GLRENDER_RESOLVE_ARG2'
  401 |   switch (materialbinding) {                                              \
      |           ~~~~~~~~~~~~~~~
  402 |   case SoGL::TriStripSet::OVERALL:                                        \
  403 |     SOGL_TRISTRIPSET_GLRENDER_RESOLVE_ARG3(normalbinding, OVERALL, texturing, args); \
  404 |     break;                                                                \
  405 |   case SoGL::TriStripSet::PER_STRIP:                                      \
      |        ^~~~~~~~~~~~~~~~~~~~~~~~~~~~
/home/user/dev/FreeCAD/src/3rdParty/coin/src/shapenodes/SoTriangleStripSet.cpp:506:3: warning: comparison of different enumeration types in switch statement ('Binding' and '(anonymous namespace)::SoGL::TriStripSet::AttributeBinding') [-Wenum-compare-switch]
  506 |   SOGL_TRISTRIPSET_GLRENDER(nbind, mbind, doTextures, (coords,
      |   ^~~~~~~~~~~~~~~~~~~~~~~~~~~~~~~~~~~~~~~~~~~~~~~~~~~~~~~~~~~~
  507 |                                                        normals,
      |                                                        ~~~~~~~~
  508 |                                                        &mb,
      |                                                        ~~~~
  509 |                                                        &tb,
      |                                                        ~~~~
  510 |                                                        nbind,
      |                                                        ~~~~~~
  511 |                                                        mbind,
      |                                                        ~~~~~~
  512 |                                                        doTextures,
      |                                                        ~~~~~~~~~~~
  513 |                                                        idx,
      |                                                        ~~~~
  514 |                                                        ptr,
      |                                                        ~~~~
  515 |                                                        end,
      |                                                        ~~~~
  516 |                                                        needNormals));
      |                                                        ~~~~~~~~~~~~~
/home/user/dev/FreeCAD/src/3rdParty/coin/src/shapenodes/SoTriangleStripSet.cpp:439:3: note: expanded from macro 'SOGL_TRISTRIPSET_GLRENDER'
  439 |   SOGL_TRISTRIPSET_GLRENDER_RESOLVE_ARG1(normalbinding, materialbinding, texturing, args)
      |   ^~~~~~~~~~~~~~~~~~~~~~~~~~~~~~~~~~~~~~~~~~~~~~~~~~~~~~~~~~~~~~~~~~~~~~~~~~~~~~~~~~~~~~~
/home/user/dev/FreeCAD/src/3rdParty/coin/src/shapenodes/SoTriangleStripSet.cpp:428:5: note: expanded from macro 'SOGL_TRISTRIPSET_GLRENDER_RESOLVE_ARG1'
  428 |     SOGL_TRISTRIPSET_GLRENDER_RESOLVE_ARG2(PER_FACE, materialbinding, texturing, args); \
      |     ^~~~~~~~~~~~~~~~~~~~~~~~~~~~~~~~~~~~~~~~~~~~~~~~~~~~~~~~~~~~~~~~~~~~~~~~~~~~~~~~~~
/home/user/dev/FreeCAD/src/3rdParty/coin/src/shapenodes/SoTriangleStripSet.cpp:402:8: note: expanded from macro 'SOGL_TRISTRIPSET_GLRENDER_RESOLVE_ARG2'
  401 |   switch (materialbinding) {                                              \
      |           ~~~~~~~~~~~~~~~
  402 |   case SoGL::TriStripSet::OVERALL:                                        \
      |        ^~~~~~~~~~~~~~~~~~~~~~~~~~
/home/user/dev/FreeCAD/src/3rdParty/coin/src/shapenodes/SoTriangleStripSet.cpp:506:3: warning: comparison of different enumeration types in switch statement ('Binding' and '(anonymous namespace)::SoGL::TriStripSet::AttributeBinding') [-Wenum-compare-switch]
  506 |   SOGL_TRISTRIPSET_GLRENDER(nbind, mbind, doTextures, (coords,
      |   ^~~~~~~~~~~~~~~~~~~~~~~~~~~~~~~~~~~~~~~~~~~~~~~~~~~~~~~~~~~~
  507 |                                                        normals,
      |                                                        ~~~~~~~~
  508 |                                                        &mb,
      |                                                        ~~~~
  509 |                                                        &tb,
      |                                                        ~~~~
  510 |                                                        nbind,
      |                                                        ~~~~~~
  511 |                                                        mbind,
      |                                                        ~~~~~~
  512 |                                                        doTextures,
      |                                                        ~~~~~~~~~~~
  513 |                                                        idx,
      |                                                        ~~~~
  514 |                                                        ptr,
      |                                                        ~~~~
  515 |                                                        end,
      |                                                        ~~~~
  516 |                                                        needNormals));
      |                                                        ~~~~~~~~~~~~~
/home/user/dev/FreeCAD/src/3rdParty/coin/src/shapenodes/SoTriangleStripSet.cpp:439:3: note: expanded from macro 'SOGL_TRISTRIPSET_GLRENDER'
  439 |   SOGL_TRISTRIPSET_GLRENDER_RESOLVE_ARG1(normalbinding, materialbinding, texturing, args)
      |   ^~~~~~~~~~~~~~~~~~~~~~~~~~~~~~~~~~~~~~~~~~~~~~~~~~~~~~~~~~~~~~~~~~~~~~~~~~~~~~~~~~~~~~~
/home/user/dev/FreeCAD/src/3rdParty/coin/src/shapenodes/SoTriangleStripSet.cpp:431:5: note: expanded from macro 'SOGL_TRISTRIPSET_GLRENDER_RESOLVE_ARG1'
  431 |     SOGL_TRISTRIPSET_GLRENDER_RESOLVE_ARG2(PER_VERTEX, materialbinding, texturing, args); \
      |     ^~~~~~~~~~~~~~~~~~~~~~~~~~~~~~~~~~~~~~~~~~~~~~~~~~~~~~~~~~~~~~~~~~~~~~~~~~~~~~~~~~~~
/home/user/dev/FreeCAD/src/3rdParty/coin/src/shapenodes/SoTriangleStripSet.cpp:411:8: note: expanded from macro 'SOGL_TRISTRIPSET_GLRENDER_RESOLVE_ARG2'
  401 |   switch (materialbinding) {                                              \
      |           ~~~~~~~~~~~~~~~
  402 |   case SoGL::TriStripSet::OVERALL:                                        \
  403 |     SOGL_TRISTRIPSET_GLRENDER_RESOLVE_ARG3(normalbinding, OVERALL, texturing, args); \
  404 |     break;                                                                \
  405 |   case SoGL::TriStripSet::PER_STRIP:                                      \
  406 |     SOGL_TRISTRIPSET_GLRENDER_RESOLVE_ARG3(normalbinding, PER_STRIP, texturing, args); \
  407 |     break;                                                                \
  408 |   case SoGL::TriStripSet::PER_FACE:                                       \
  409 |     SOGL_TRISTRIPSET_GLRENDER_RESOLVE_ARG3(normalbinding, PER_FACE, texturing, args); \
  410 |     break;                                                                \
  411 |   case SoGL::TriStripSet::PER_VERTEX:                                     \
      |        ^~~~~~~~~~~~~~~~~~~~~~~~~~~~~
/home/user/dev/FreeCAD/src/3rdParty/coin/src/shapenodes/SoTriangleStripSet.cpp:506:3: warning: comparison of different enumeration types in switch statement ('Binding' and '(anonymous namespace)::SoGL::TriStripSet::AttributeBinding') [-Wenum-compare-switch]
  506 |   SOGL_TRISTRIPSET_GLRENDER(nbind, mbind, doTextures, (coords,
      |   ^~~~~~~~~~~~~~~~~~~~~~~~~~~~~~~~~~~~~~~~~~~~~~~~~~~~~~~~~~~~
  507 |                                                        normals,
      |                                                        ~~~~~~~~
  508 |                                                        &mb,
      |                                                        ~~~~
  509 |                                                        &tb,
      |                                                        ~~~~
  510 |                                                        nbind,
      |                                                        ~~~~~~
  511 |                                                        mbind,
      |                                                        ~~~~~~
  512 |                                                        doTextures,
      |                                                        ~~~~~~~~~~~
  513 |                                                        idx,
      |                                                        ~~~~
  514 |                                                        ptr,
      |                                                        ~~~~
  515 |                                                        end,
      |                                                        ~~~~
  516 |                                                        needNormals));
      |                                                        ~~~~~~~~~~~~~
/home/user/dev/FreeCAD/src/3rdParty/coin/src/shapenodes/SoTriangleStripSet.cpp:439:3: note: expanded from macro 'SOGL_TRISTRIPSET_GLRENDER'
  439 |   SOGL_TRISTRIPSET_GLRENDER_RESOLVE_ARG1(normalbinding, materialbinding, texturing, args)
      |   ^~~~~~~~~~~~~~~~~~~~~~~~~~~~~~~~~~~~~~~~~~~~~~~~~~~~~~~~~~~~~~~~~~~~~~~~~~~~~~~~~~~~~~~
/home/user/dev/FreeCAD/src/3rdParty/coin/src/shapenodes/SoTriangleStripSet.cpp:431:5: note: expanded from macro 'SOGL_TRISTRIPSET_GLRENDER_RESOLVE_ARG1'
  431 |     SOGL_TRISTRIPSET_GLRENDER_RESOLVE_ARG2(PER_VERTEX, materialbinding, texturing, args); \
      |     ^~~~~~~~~~~~~~~~~~~~~~~~~~~~~~~~~~~~~~~~~~~~~~~~~~~~~~~~~~~~~~~~~~~~~~~~~~~~~~~~~~~~
/home/user/dev/FreeCAD/src/3rdParty/coin/src/shapenodes/SoTriangleStripSet.cpp:408:8: note: expanded from macro 'SOGL_TRISTRIPSET_GLRENDER_RESOLVE_ARG2'
  401 |   switch (materialbinding) {                                              \
      |           ~~~~~~~~~~~~~~~
  402 |   case SoGL::TriStripSet::OVERALL:                                        \
  403 |     SOGL_TRISTRIPSET_GLRENDER_RESOLVE_ARG3(normalbinding, OVERALL, texturing, args); \
  404 |     break;                                                                \
  405 |   case SoGL::TriStripSet::PER_STRIP:                                      \
  406 |     SOGL_TRISTRIPSET_GLRENDER_RESOLVE_ARG3(normalbinding, PER_STRIP, texturing, args); \
  407 |     break;                                                                \
  408 |   case SoGL::TriStripSet::PER_FACE:                                       \
      |        ^~~~~~~~~~~~~~~~~~~~~~~~~~~
/home/user/dev/FreeCAD/src/3rdParty/coin/src/shapenodes/SoTriangleStripSet.cpp:506:3: warning: comparison of different enumeration types in switch statement ('Binding' and '(anonymous namespace)::SoGL::TriStripSet::AttributeBinding') [-Wenum-compare-switch]
  506 |   SOGL_TRISTRIPSET_GLRENDER(nbind, mbind, doTextures, (coords,
      |   ^~~~~~~~~~~~~~~~~~~~~~~~~~~~~~~~~~~~~~~~~~~~~~~~~~~~~~~~~~~~
  507 |                                                        normals,
      |                                                        ~~~~~~~~
  508 |                                                        &mb,
      |                                                        ~~~~
  509 |                                                        &tb,
      |                                                        ~~~~
  510 |                                                        nbind,
      |                                                        ~~~~~~
  511 |                                                        mbind,
      |                                                        ~~~~~~
  512 |                                                        doTextures,
      |                                                        ~~~~~~~~~~~
  513 |                                                        idx,
      |                                                        ~~~~
  514 |                                                        ptr,
      |                                                        ~~~~
  515 |                                                        end,
      |                                                        ~~~~
  516 |                                                        needNormals));
      |                                                        ~~~~~~~~~~~~~
/home/user/dev/FreeCAD/src/3rdParty/coin/src/shapenodes/SoTriangleStripSet.cpp:439:3: note: expanded from macro 'SOGL_TRISTRIPSET_GLRENDER'
  439 |   SOGL_TRISTRIPSET_GLRENDER_RESOLVE_ARG1(normalbinding, materialbinding, texturing, args)
      |   ^~~~~~~~~~~~~~~~~~~~~~~~~~~~~~~~~~~~~~~~~~~~~~~~~~~~~~~~~~~~~~~~~~~~~~~~~~~~~~~~~~~~~~~
/home/user/dev/FreeCAD/src/3rdParty/coin/src/shapenodes/SoTriangleStripSet.cpp:431:5: note: expanded from macro 'SOGL_TRISTRIPSET_GLRENDER_RESOLVE_ARG1'
  431 |     SOGL_TRISTRIPSET_GLRENDER_RESOLVE_ARG2(PER_VERTEX, materialbinding, texturing, args); \
      |     ^~~~~~~~~~~~~~~~~~~~~~~~~~~~~~~~~~~~~~~~~~~~~~~~~~~~~~~~~~~~~~~~~~~~~~~~~~~~~~~~~~~~
/home/user/dev/FreeCAD/src/3rdParty/coin/src/shapenodes/SoTriangleStripSet.cpp:405:8: note: expanded from macro 'SOGL_TRISTRIPSET_GLRENDER_RESOLVE_ARG2'
  401 |   switch (materialbinding) {                                              \
      |           ~~~~~~~~~~~~~~~
  402 |   case SoGL::TriStripSet::OVERALL:                                        \
  403 |     SOGL_TRISTRIPSET_GLRENDER_RESOLVE_ARG3(normalbinding, OVERALL, texturing, args); \
  404 |     break;                                                                \
  405 |   case SoGL::TriStripSet::PER_STRIP:                                      \
      |        ^~~~~~~~~~~~~~~~~~~~~~~~~~~~
/home/user/dev/FreeCAD/src/3rdParty/coin/src/shapenodes/SoTriangleStripSet.cpp:506:3: warning: comparison of different enumeration types in switch statement ('Binding' and '(anonymous namespace)::SoGL::TriStripSet::AttributeBinding') [-Wenum-compare-switch]
  506 |   SOGL_TRISTRIPSET_GLRENDER(nbind, mbind, doTextures, (coords,
      |   ^~~~~~~~~~~~~~~~~~~~~~~~~~~~~~~~~~~~~~~~~~~~~~~~~~~~~~~~~~~~
  507 |                                                        normals,
      |                                                        ~~~~~~~~
  508 |                                                        &mb,
      |                                                        ~~~~
  509 |                                                        &tb,
      |                                                        ~~~~
  510 |                                                        nbind,
      |                                                        ~~~~~~
  511 |                                                        mbind,
      |                                                        ~~~~~~
  512 |                                                        doTextures,
      |                                                        ~~~~~~~~~~~
  513 |                                                        idx,
      |                                                        ~~~~
  514 |                                                        ptr,
      |                                                        ~~~~
  515 |                                                        end,
      |                                                        ~~~~
  516 |                                                        needNormals));
      |                                                        ~~~~~~~~~~~~~
/home/user/dev/FreeCAD/src/3rdParty/coin/src/shapenodes/SoTriangleStripSet.cpp:439:3: note: expanded from macro 'SOGL_TRISTRIPSET_GLRENDER'
  439 |   SOGL_TRISTRIPSET_GLRENDER_RESOLVE_ARG1(normalbinding, materialbinding, texturing, args)
      |   ^~~~~~~~~~~~~~~~~~~~~~~~~~~~~~~~~~~~~~~~~~~~~~~~~~~~~~~~~~~~~~~~~~~~~~~~~~~~~~~~~~~~~~~
/home/user/dev/FreeCAD/src/3rdParty/coin/src/shapenodes/SoTriangleStripSet.cpp:431:5: note: expanded from macro 'SOGL_TRISTRIPSET_GLRENDER_RESOLVE_ARG1'
  431 |     SOGL_TRISTRIPSET_GLRENDER_RESOLVE_ARG2(PER_VERTEX, materialbinding, texturing, args); \
      |     ^~~~~~~~~~~~~~~~~~~~~~~~~~~~~~~~~~~~~~~~~~~~~~~~~~~~~~~~~~~~~~~~~~~~~~~~~~~~~~~~~~~~
/home/user/dev/FreeCAD/src/3rdParty/coin/src/shapenodes/SoTriangleStripSet.cpp:402:8: note: expanded from macro 'SOGL_TRISTRIPSET_GLRENDER_RESOLVE_ARG2'
  401 |   switch (materialbinding) {                                              \
      |           ~~~~~~~~~~~~~~~
  402 |   case SoGL::TriStripSet::OVERALL:                                        \
      |        ^~~~~~~~~~~~~~~~~~~~~~~~~~
/home/user/dev/FreeCAD/src/3rdParty/coin/src/shapenodes/SoTriangleStripSet.cpp:506:3: warning: comparison of different enumeration types in switch statement ('Binding' and '(anonymous namespace)::SoGL::TriStripSet::AttributeBinding') [-Wenum-compare-switch]
  506 |   SOGL_TRISTRIPSET_GLRENDER(nbind, mbind, doTextures, (coords,
      |   ^~~~~~~~~~~~~~~~~~~~~~~~~~~~~~~~~~~~~~~~~~~~~~~~~~~~~~~~~~~~
  507 |                                                        normals,
      |                                                        ~~~~~~~~
  508 |                                                        &mb,
      |                                                        ~~~~
  509 |                                                        &tb,
      |                                                        ~~~~
  510 |                                                        nbind,
      |                                                        ~~~~~~
  511 |                                                        mbind,
      |                                                        ~~~~~~
  512 |                                                        doTextures,
      |                                                        ~~~~~~~~~~~
  513 |                                                        idx,
      |                                                        ~~~~
  514 |                                                        ptr,
      |                                                        ~~~~
  515 |                                                        end,
      |                                                        ~~~~
  516 |                                                        needNormals));
      |                                                        ~~~~~~~~~~~~~
/home/user/dev/FreeCAD/src/3rdParty/coin/src/shapenodes/SoTriangleStripSet.cpp:439:3: note: expanded from macro 'SOGL_TRISTRIPSET_GLRENDER'
  439 |   SOGL_TRISTRIPSET_GLRENDER_RESOLVE_ARG1(normalbinding, materialbinding, texturing, args)
      |   ^~~~~~~~~~~~~~~~~~~~~~~~~~~~~~~~~~~~~~~~~~~~~~~~~~~~~~~~~~~~~~~~~~~~~~~~~~~~~~~~~~~~~~~
/home/user/dev/FreeCAD/src/3rdParty/coin/src/shapenodes/SoTriangleStripSet.cpp:430:8: note: expanded from macro 'SOGL_TRISTRIPSET_GLRENDER_RESOLVE_ARG1'
  420 |   switch (normalbinding) {                                                \
      |           ~~~~~~~~~~~~~
  421 |   case SoGL::TriStripSet::OVERALL:                                        \
  422 |     SOGL_TRISTRIPSET_GLRENDER_RESOLVE_ARG2(OVERALL, materialbinding, texturing, args); \
  423 |     break;                                                                \
  424 |   case SoGL::TriStripSet::PER_STRIP:                                      \
  425 |     SOGL_TRISTRIPSET_GLRENDER_RESOLVE_ARG2(PER_STRIP, materialbinding, texturing, args); \
  426 |     break;                                                                \
  427 |   case SoGL::TriStripSet::PER_FACE:                                       \
  428 |     SOGL_TRISTRIPSET_GLRENDER_RESOLVE_ARG2(PER_FACE, materialbinding, texturing, args); \
  429 |     break;                                                                \
  430 |   case SoGL::TriStripSet::PER_VERTEX:                                     \
      |        ^~~~~~~~~~~~~~~~~~~~~~~~~~~~~
/home/user/dev/FreeCAD/src/3rdParty/coin/src/shapenodes/SoTriangleStripSet.cpp:506:3: warning: comparison of different enumeration types in switch statement ('Binding' and '(anonymous namespace)::SoGL::TriStripSet::AttributeBinding') [-Wenum-compare-switch]
  506 |   SOGL_TRISTRIPSET_GLRENDER(nbind, mbind, doTextures, (coords,
      |   ^~~~~~~~~~~~~~~~~~~~~~~~~~~~~~~~~~~~~~~~~~~~~~~~~~~~~~~~~~~~
  507 |                                                        normals,
      |                                                        ~~~~~~~~
  508 |                                                        &mb,
      |                                                        ~~~~
  509 |                                                        &tb,
      |                                                        ~~~~
  510 |                                                        nbind,
      |                                                        ~~~~~~
  511 |                                                        mbind,
      |                                                        ~~~~~~
  512 |                                                        doTextures,
      |                                                        ~~~~~~~~~~~
  513 |                                                        idx,
      |                                                        ~~~~
  514 |                                                        ptr,
      |                                                        ~~~~
  515 |                                                        end,
      |                                                        ~~~~
  516 |                                                        needNormals));
      |                                                        ~~~~~~~~~~~~~
/home/user/dev/FreeCAD/src/3rdParty/coin/src/shapenodes/SoTriangleStripSet.cpp:439:3: note: expanded from macro 'SOGL_TRISTRIPSET_GLRENDER'
  439 |   SOGL_TRISTRIPSET_GLRENDER_RESOLVE_ARG1(normalbinding, materialbinding, texturing, args)
      |   ^~~~~~~~~~~~~~~~~~~~~~~~~~~~~~~~~~~~~~~~~~~~~~~~~~~~~~~~~~~~~~~~~~~~~~~~~~~~~~~~~~~~~~~
/home/user/dev/FreeCAD/src/3rdParty/coin/src/shapenodes/SoTriangleStripSet.cpp:427:8: note: expanded from macro 'SOGL_TRISTRIPSET_GLRENDER_RESOLVE_ARG1'
  420 |   switch (normalbinding) {                                                \
      |           ~~~~~~~~~~~~~
  421 |   case SoGL::TriStripSet::OVERALL:                                        \
  422 |     SOGL_TRISTRIPSET_GLRENDER_RESOLVE_ARG2(OVERALL, materialbinding, texturing, args); \
  423 |     break;                                                                \
  424 |   case SoGL::TriStripSet::PER_STRIP:                                      \
  425 |     SOGL_TRISTRIPSET_GLRENDER_RESOLVE_ARG2(PER_STRIP, materialbinding, texturing, args); \
  426 |     break;                                                                \
  427 |   case SoGL::TriStripSet::PER_FACE:                                       \
      |        ^~~~~~~~~~~~~~~~~~~~~~~~~~~
/home/user/dev/FreeCAD/src/3rdParty/coin/src/shapenodes/SoTriangleStripSet.cpp:506:3: warning: comparison of different enumeration types in switch statement ('Binding' and '(anonymous namespace)::SoGL::TriStripSet::AttributeBinding') [-Wenum-compare-switch]
  506 |   SOGL_TRISTRIPSET_GLRENDER(nbind, mbind, doTextures, (coords,
      |   ^~~~~~~~~~~~~~~~~~~~~~~~~~~~~~~~~~~~~~~~~~~~~~~~~~~~~~~~~~~~
  507 |                                                        normals,
      |                                                        ~~~~~~~~
  508 |                                                        &mb,
      |                                                        ~~~~
  509 |                                                        &tb,
      |                                                        ~~~~
  510 |                                                        nbind,
      |                                                        ~~~~~~
  511 |                                                        mbind,
      |                                                        ~~~~~~
  512 |                                                        doTextures,
      |                                                        ~~~~~~~~~~~
  513 |                                                        idx,
      |                                                        ~~~~
  514 |                                                        ptr,
      |                                                        ~~~~
  515 |                                                        end,
      |                                                        ~~~~
  516 |                                                        needNormals));
      |                                                        ~~~~~~~~~~~~~
/home/user/dev/FreeCAD/src/3rdParty/coin/src/shapenodes/SoTriangleStripSet.cpp:439:3: note: expanded from macro 'SOGL_TRISTRIPSET_GLRENDER'
  439 |   SOGL_TRISTRIPSET_GLRENDER_RESOLVE_ARG1(normalbinding, materialbinding, texturing, args)
      |   ^~~~~~~~~~~~~~~~~~~~~~~~~~~~~~~~~~~~~~~~~~~~~~~~~~~~~~~~~~~~~~~~~~~~~~~~~~~~~~~~~~~~~~~
/home/user/dev/FreeCAD/src/3rdParty/coin/src/shapenodes/SoTriangleStripSet.cpp:424:8: note: expanded from macro 'SOGL_TRISTRIPSET_GLRENDER_RESOLVE_ARG1'
  420 |   switch (normalbinding) {                                                \
      |           ~~~~~~~~~~~~~
  421 |   case SoGL::TriStripSet::OVERALL:                                        \
  422 |     SOGL_TRISTRIPSET_GLRENDER_RESOLVE_ARG2(OVERALL, materialbinding, texturing, args); \
  423 |     break;                                                                \
  424 |   case SoGL::TriStripSet::PER_STRIP:                                      \
      |        ^~~~~~~~~~~~~~~~~~~~~~~~~~~~
/home/user/dev/FreeCAD/src/3rdParty/coin/src/shapenodes/SoTriangleStripSet.cpp:506:3: warning: comparison of different enumeration types in switch statement ('Binding' and '(anonymous namespace)::SoGL::TriStripSet::AttributeBinding') [-Wenum-compare-switch]
  506 |   SOGL_TRISTRIPSET_GLRENDER(nbind, mbind, doTextures, (coords,
      |   ^~~~~~~~~~~~~~~~~~~~~~~~~~~~~~~~~~~~~~~~~~~~~~~~~~~~~~~~~~~~
  507 |                                                        normals,
      |                                                        ~~~~~~~~
  508 |                                                        &mb,
      |                                                        ~~~~
  509 |                                                        &tb,
      |                                                        ~~~~
  510 |                                                        nbind,
      |                                                        ~~~~~~
  511 |                                                        mbind,
      |                                                        ~~~~~~
  512 |                                                        doTextures,
      |                                                        ~~~~~~~~~~~
  513 |                                                        idx,
      |                                                        ~~~~
  514 |                                                        ptr,
      |                                                        ~~~~
  515 |                                                        end,
      |                                                        ~~~~
  516 |                                                        needNormals));
      |                                                        ~~~~~~~~~~~~~
/home/user/dev/FreeCAD/src/3rdParty/coin/src/shapenodes/SoTriangleStripSet.cpp:439:3: note: expanded from macro 'SOGL_TRISTRIPSET_GLRENDER'
  439 |   SOGL_TRISTRIPSET_GLRENDER_RESOLVE_ARG1(normalbinding, materialbinding, texturing, args)
      |   ^~~~~~~~~~~~~~~~~~~~~~~~~~~~~~~~~~~~~~~~~~~~~~~~~~~~~~~~~~~~~~~~~~~~~~~~~~~~~~~~~~~~~~~
/home/user/dev/FreeCAD/src/3rdParty/coin/src/shapenodes/SoTriangleStripSet.cpp:421:8: note: expanded from macro 'SOGL_TRISTRIPSET_GLRENDER_RESOLVE_ARG1'
  420 |   switch (normalbinding) {                                                \
      |           ~~~~~~~~~~~~~
  421 |   case SoGL::TriStripSet::OVERALL:                                        \
      |        ^~~~~~~~~~~~~~~~~~~~~~~~~~
21 warnings generated.
In file included from /home/user/dev/FreeCAD/src/3rdParty/coin/src/shapenodes/SoQuadMesh.cpp:172:
/home/user/dev/FreeCAD/build/clang-profile/src/3rdParty/coin/src/config.h:137:9: warning: 'HAVE_FREETYPE' macro redefined [-Wmacro-redefined]
  137 | #define HAVE_FREETYPE
      |         ^
<command line>:9:9: note: previous definition is here
    9 | #define HAVE_FREETYPE 1
      |         ^
/home/user/dev/FreeCAD/src/3rdParty/coin/src/shapenodes/SoQuadMesh.cpp:320:35: warning: unused parameter 'value' [-Wunused-parameter]
  320 | static float qmeshGetWeight(float value)
      |                                   ^
/home/user/dev/FreeCAD/src/3rdParty/coin/src/shapenodes/SoQuadMesh.cpp:575:24: warning: unused variable 'quadok' [-Wunused-variable]
  575 |                 SbBool quadok = qmeshNormalize(n, n1->sqrLength() + n2->sqrLength() +
      |                        ^~~~~~
/home/user/dev/FreeCAD/src/3rdParty/coin/src/shapenodes/SoQuadMesh.cpp:965:3: warning: comparison of different enumeration types in switch statement ('Binding' and '(anonymous namespace)::SoGL::QuadMesh::AttributeBinding') [-Wenum-compare-switch]
  965 |   SOGL_QUADMESH_GLRENDER(nbind, mbind, doTextures, (coords,
      |   ^~~~~~~~~~~~~~~~~~~~~~~~~~~~~~~~~~~~~~~~~~~~~~~~~~~~~~~~~
  966 |                                                     normals,
      |                                                     ~~~~~~~~
  967 |                                                     &mb,
      |                                                     ~~~~
  968 |                                                     &tb,
      |                                                     ~~~~
  969 |                                                     needNormals,
      |                                                     ~~~~~~~~~~~~
  970 |                                                     rowsize,
      |                                                     ~~~~~~~~
  971 |                                                     colsize,
      |                                                     ~~~~~~~~
  972 |                                                     start,
      |                                                     ~~~~~~
  973 |                                                     pl));
      |                                                     ~~~~
/home/user/dev/FreeCAD/src/3rdParty/coin/src/shapenodes/SoQuadMesh.cpp:849:3: note: expanded from macro 'SOGL_QUADMESH_GLRENDER'
  849 |   SOGL_QUADMESH_GLRENDER_RESOLVE_ARG1(normalbinding, materialbinding, texturing, args)
      |   ^~~~~~~~~~~~~~~~~~~~~~~~~~~~~~~~~~~~~~~~~~~~~~~~~~~~~~~~~~~~~~~~~~~~~~~~~~~~~~~~~~~~
/home/user/dev/FreeCAD/src/3rdParty/coin/src/shapenodes/SoQuadMesh.cpp:832:5: note: expanded from macro 'SOGL_QUADMESH_GLRENDER_RESOLVE_ARG1'
  832 |     SOGL_QUADMESH_GLRENDER_RESOLVE_ARG2(SoGL::QuadMesh::OVERALL, materialbinding, texturing, args); \
      |     ^~~~~~~~~~~~~~~~~~~~~~~~~~~~~~~~~~~~~~~~~~~~~~~~~~~~~~~~~~~~~~~~~~~~~~~~~~~~~~~~~~~~~~~~~~~~~~
/home/user/dev/FreeCAD/src/3rdParty/coin/src/shapenodes/SoQuadMesh.cpp:821:8: note: expanded from macro 'SOGL_QUADMESH_GLRENDER_RESOLVE_ARG2'
  811 |   switch (materialbinding) {                                            \
      |           ~~~~~~~~~~~~~~~
  812 |   case SoGL::QuadMesh::OVERALL:                                         \
  813 |     SOGL_QUADMESH_GLRENDER_RESOLVE_ARG3(normalbinding, SoGL::QuadMesh::OVERALL, texturing, args); \
  814 |     break;                                                              \
  815 |   case SoGL::QuadMesh::PER_ROW:                                                \
  816 |     SOGL_QUADMESH_GLRENDER_RESOLVE_ARG3(normalbinding, SoGL::QuadMesh::PER_ROW, texturing, args); \
  817 |     break;                                                              \
  818 |   case SoGL::QuadMesh::PER_FACE:                                        \
  819 |     SOGL_QUADMESH_GLRENDER_RESOLVE_ARG3(normalbinding, SoGL::QuadMesh::PER_FACE, texturing, args); \
  820 |     break;                                                              \
  821 |   case SoGL::QuadMesh::PER_VERTEX:                                      \
      |        ^~~~~~~~~~~~~~~~~~~~~~~~~~
/home/user/dev/FreeCAD/src/3rdParty/coin/src/shapenodes/SoQuadMesh.cpp:965:3: warning: comparison of different enumeration types in switch statement ('Binding' and '(anonymous namespace)::SoGL::QuadMesh::AttributeBinding') [-Wenum-compare-switch]
  965 |   SOGL_QUADMESH_GLRENDER(nbind, mbind, doTextures, (coords,
      |   ^~~~~~~~~~~~~~~~~~~~~~~~~~~~~~~~~~~~~~~~~~~~~~~~~~~~~~~~~
  966 |                                                     normals,
      |                                                     ~~~~~~~~
  967 |                                                     &mb,
      |                                                     ~~~~
  968 |                                                     &tb,
      |                                                     ~~~~
  969 |                                                     needNormals,
      |                                                     ~~~~~~~~~~~~
  970 |                                                     rowsize,
      |                                                     ~~~~~~~~
  971 |                                                     colsize,
      |                                                     ~~~~~~~~
  972 |                                                     start,
      |                                                     ~~~~~~
  973 |                                                     pl));
      |                                                     ~~~~
/home/user/dev/FreeCAD/src/3rdParty/coin/src/shapenodes/SoQuadMesh.cpp:849:3: note: expanded from macro 'SOGL_QUADMESH_GLRENDER'
  849 |   SOGL_QUADMESH_GLRENDER_RESOLVE_ARG1(normalbinding, materialbinding, texturing, args)
      |   ^~~~~~~~~~~~~~~~~~~~~~~~~~~~~~~~~~~~~~~~~~~~~~~~~~~~~~~~~~~~~~~~~~~~~~~~~~~~~~~~~~~~
/home/user/dev/FreeCAD/src/3rdParty/coin/src/shapenodes/SoQuadMesh.cpp:832:5: note: expanded from macro 'SOGL_QUADMESH_GLRENDER_RESOLVE_ARG1'
  832 |     SOGL_QUADMESH_GLRENDER_RESOLVE_ARG2(SoGL::QuadMesh::OVERALL, materialbinding, texturing, args); \
      |     ^~~~~~~~~~~~~~~~~~~~~~~~~~~~~~~~~~~~~~~~~~~~~~~~~~~~~~~~~~~~~~~~~~~~~~~~~~~~~~~~~~~~~~~~~~~~~~
/home/user/dev/FreeCAD/src/3rdParty/coin/src/shapenodes/SoQuadMesh.cpp:818:8: note: expanded from macro 'SOGL_QUADMESH_GLRENDER_RESOLVE_ARG2'
  811 |   switch (materialbinding) {                                            \
      |           ~~~~~~~~~~~~~~~
  812 |   case SoGL::QuadMesh::OVERALL:                                         \
  813 |     SOGL_QUADMESH_GLRENDER_RESOLVE_ARG3(normalbinding, SoGL::QuadMesh::OVERALL, texturing, args); \
  814 |     break;                                                              \
  815 |   case SoGL::QuadMesh::PER_ROW:                                                \
  816 |     SOGL_QUADMESH_GLRENDER_RESOLVE_ARG3(normalbinding, SoGL::QuadMesh::PER_ROW, texturing, args); \
  817 |     break;                                                              \
  818 |   case SoGL::QuadMesh::PER_FACE:                                        \
      |        ^~~~~~~~~~~~~~~~~~~~~~~~
/home/user/dev/FreeCAD/src/3rdParty/coin/src/shapenodes/SoQuadMesh.cpp:965:3: warning: comparison of different enumeration types in switch statement ('Binding' and '(anonymous namespace)::SoGL::QuadMesh::AttributeBinding') [-Wenum-compare-switch]
  965 |   SOGL_QUADMESH_GLRENDER(nbind, mbind, doTextures, (coords,
      |   ^~~~~~~~~~~~~~~~~~~~~~~~~~~~~~~~~~~~~~~~~~~~~~~~~~~~~~~~~
  966 |                                                     normals,
      |                                                     ~~~~~~~~
  967 |                                                     &mb,
      |                                                     ~~~~
  968 |                                                     &tb,
      |                                                     ~~~~
  969 |                                                     needNormals,
      |                                                     ~~~~~~~~~~~~
  970 |                                                     rowsize,
      |                                                     ~~~~~~~~
  971 |                                                     colsize,
      |                                                     ~~~~~~~~
  972 |                                                     start,
      |                                                     ~~~~~~
  973 |                                                     pl));
      |                                                     ~~~~
/home/user/dev/FreeCAD/src/3rdParty/coin/src/shapenodes/SoQuadMesh.cpp:849:3: note: expanded from macro 'SOGL_QUADMESH_GLRENDER'
  849 |   SOGL_QUADMESH_GLRENDER_RESOLVE_ARG1(normalbinding, materialbinding, texturing, args)
      |   ^~~~~~~~~~~~~~~~~~~~~~~~~~~~~~~~~~~~~~~~~~~~~~~~~~~~~~~~~~~~~~~~~~~~~~~~~~~~~~~~~~~~
/home/user/dev/FreeCAD/src/3rdParty/coin/src/shapenodes/SoQuadMesh.cpp:832:5: note: expanded from macro 'SOGL_QUADMESH_GLRENDER_RESOLVE_ARG1'
  832 |     SOGL_QUADMESH_GLRENDER_RESOLVE_ARG2(SoGL::QuadMesh::OVERALL, materialbinding, texturing, args); \
      |     ^~~~~~~~~~~~~~~~~~~~~~~~~~~~~~~~~~~~~~~~~~~~~~~~~~~~~~~~~~~~~~~~~~~~~~~~~~~~~~~~~~~~~~~~~~~~~~
/home/user/dev/FreeCAD/src/3rdParty/coin/src/shapenodes/SoQuadMesh.cpp:815:8: note: expanded from macro 'SOGL_QUADMESH_GLRENDER_RESOLVE_ARG2'
  811 |   switch (materialbinding) {                                            \
      |           ~~~~~~~~~~~~~~~
  812 |   case SoGL::QuadMesh::OVERALL:                                         \
  813 |     SOGL_QUADMESH_GLRENDER_RESOLVE_ARG3(normalbinding, SoGL::QuadMesh::OVERALL, texturing, args); \
  814 |     break;                                                              \
  815 |   case SoGL::QuadMesh::PER_ROW:                                                \
      |        ^~~~~~~~~~~~~~~~~~~~~~~
/home/user/dev/FreeCAD/src/3rdParty/coin/src/shapenodes/SoQuadMesh.cpp:965:3: warning: comparison of different enumeration types in switch statement ('Binding' and '(anonymous namespace)::SoGL::QuadMesh::AttributeBinding') [-Wenum-compare-switch]
  965 |   SOGL_QUADMESH_GLRENDER(nbind, mbind, doTextures, (coords,
      |   ^~~~~~~~~~~~~~~~~~~~~~~~~~~~~~~~~~~~~~~~~~~~~~~~~~~~~~~~~
  966 |                                                     normals,
      |                                                     ~~~~~~~~
  967 |                                                     &mb,
      |                                                     ~~~~
  968 |                                                     &tb,
      |                                                     ~~~~
  969 |                                                     needNormals,
      |                                                     ~~~~~~~~~~~~
  970 |                                                     rowsize,
      |                                                     ~~~~~~~~
  971 |                                                     colsize,
      |                                                     ~~~~~~~~
  972 |                                                     start,
      |                                                     ~~~~~~
  973 |                                                     pl));
      |                                                     ~~~~
/home/user/dev/FreeCAD/src/3rdParty/coin/src/shapenodes/SoQuadMesh.cpp:849:3: note: expanded from macro 'SOGL_QUADMESH_GLRENDER'
  849 |   SOGL_QUADMESH_GLRENDER_RESOLVE_ARG1(normalbinding, materialbinding, texturing, args)
      |   ^~~~~~~~~~~~~~~~~~~~~~~~~~~~~~~~~~~~~~~~~~~~~~~~~~~~~~~~~~~~~~~~~~~~~~~~~~~~~~~~~~~~
/home/user/dev/FreeCAD/src/3rdParty/coin/src/shapenodes/SoQuadMesh.cpp:832:5: note: expanded from macro 'SOGL_QUADMESH_GLRENDER_RESOLVE_ARG1'
  832 |     SOGL_QUADMESH_GLRENDER_RESOLVE_ARG2(SoGL::QuadMesh::OVERALL, materialbinding, texturing, args); \
      |     ^~~~~~~~~~~~~~~~~~~~~~~~~~~~~~~~~~~~~~~~~~~~~~~~~~~~~~~~~~~~~~~~~~~~~~~~~~~~~~~~~~~~~~~~~~~~~~
/home/user/dev/FreeCAD/src/3rdParty/coin/src/shapenodes/SoQuadMesh.cpp:812:8: note: expanded from macro 'SOGL_QUADMESH_GLRENDER_RESOLVE_ARG2'
  811 |   switch (materialbinding) {                                            \
      |           ~~~~~~~~~~~~~~~
  812 |   case SoGL::QuadMesh::OVERALL:                                         \
      |        ^~~~~~~~~~~~~~~~~~~~~~~
/home/user/dev/FreeCAD/src/3rdParty/coin/src/shapenodes/SoQuadMesh.cpp:965:3: warning: comparison of different enumeration types in switch statement ('Binding' and '(anonymous namespace)::SoGL::QuadMesh::AttributeBinding') [-Wenum-compare-switch]
  965 |   SOGL_QUADMESH_GLRENDER(nbind, mbind, doTextures, (coords,
      |   ^~~~~~~~~~~~~~~~~~~~~~~~~~~~~~~~~~~~~~~~~~~~~~~~~~~~~~~~~
  966 |                                                     normals,
      |                                                     ~~~~~~~~
  967 |                                                     &mb,
      |                                                     ~~~~
  968 |                                                     &tb,
      |                                                     ~~~~
  969 |                                                     needNormals,
      |                                                     ~~~~~~~~~~~~
  970 |                                                     rowsize,
      |                                                     ~~~~~~~~
  971 |                                                     colsize,
      |                                                     ~~~~~~~~
  972 |                                                     start,
      |                                                     ~~~~~~
  973 |                                                     pl));
      |                                                     ~~~~
/home/user/dev/FreeCAD/src/3rdParty/coin/src/shapenodes/SoQuadMesh.cpp:849:3: note: expanded from macro 'SOGL_QUADMESH_GLRENDER'
  849 |   SOGL_QUADMESH_GLRENDER_RESOLVE_ARG1(normalbinding, materialbinding, texturing, args)
      |   ^~~~~~~~~~~~~~~~~~~~~~~~~~~~~~~~~~~~~~~~~~~~~~~~~~~~~~~~~~~~~~~~~~~~~~~~~~~~~~~~~~~~
/home/user/dev/FreeCAD/src/3rdParty/coin/src/shapenodes/SoQuadMesh.cpp:835:5: note: expanded from macro 'SOGL_QUADMESH_GLRENDER_RESOLVE_ARG1'
  835 |     SOGL_QUADMESH_GLRENDER_RESOLVE_ARG2(SoGL::QuadMesh::PER_ROW, materialbinding, texturing, args); \
      |     ^~~~~~~~~~~~~~~~~~~~~~~~~~~~~~~~~~~~~~~~~~~~~~~~~~~~~~~~~~~~~~~~~~~~~~~~~~~~~~~~~~~~~~~~~~~~~~
/home/user/dev/FreeCAD/src/3rdParty/coin/src/shapenodes/SoQuadMesh.cpp:821:8: note: expanded from macro 'SOGL_QUADMESH_GLRENDER_RESOLVE_ARG2'
  811 |   switch (materialbinding) {                                            \
      |           ~~~~~~~~~~~~~~~
  812 |   case SoGL::QuadMesh::OVERALL:                                         \
  813 |     SOGL_QUADMESH_GLRENDER_RESOLVE_ARG3(normalbinding, SoGL::QuadMesh::OVERALL, texturing, args); \
  814 |     break;                                                              \
  815 |   case SoGL::QuadMesh::PER_ROW:                                                \
  816 |     SOGL_QUADMESH_GLRENDER_RESOLVE_ARG3(normalbinding, SoGL::QuadMesh::PER_ROW, texturing, args); \
  817 |     break;                                                              \
  818 |   case SoGL::QuadMesh::PER_FACE:                                        \
  819 |     SOGL_QUADMESH_GLRENDER_RESOLVE_ARG3(normalbinding, SoGL::QuadMesh::PER_FACE, texturing, args); \
  820 |     break;                                                              \
  821 |   case SoGL::QuadMesh::PER_VERTEX:                                      \
      |        ^~~~~~~~~~~~~~~~~~~~~~~~~~
/home/user/dev/FreeCAD/src/3rdParty/coin/src/shapenodes/SoQuadMesh.cpp:965:3: warning: comparison of different enumeration types in switch statement ('Binding' and '(anonymous namespace)::SoGL::QuadMesh::AttributeBinding') [-Wenum-compare-switch]
  965 |   SOGL_QUADMESH_GLRENDER(nbind, mbind, doTextures, (coords,
      |   ^~~~~~~~~~~~~~~~~~~~~~~~~~~~~~~~~~~~~~~~~~~~~~~~~~~~~~~~~
  966 |                                                     normals,
      |                                                     ~~~~~~~~
  967 |                                                     &mb,
      |                                                     ~~~~
  968 |                                                     &tb,
      |                                                     ~~~~
  969 |                                                     needNormals,
      |                                                     ~~~~~~~~~~~~
  970 |                                                     rowsize,
      |                                                     ~~~~~~~~
  971 |                                                     colsize,
      |                                                     ~~~~~~~~
  972 |                                                     start,
      |                                                     ~~~~~~
  973 |                                                     pl));
      |                                                     ~~~~
/home/user/dev/FreeCAD/src/3rdParty/coin/src/shapenodes/SoQuadMesh.cpp:849:3: note: expanded from macro 'SOGL_QUADMESH_GLRENDER'
  849 |   SOGL_QUADMESH_GLRENDER_RESOLVE_ARG1(normalbinding, materialbinding, texturing, args)
      |   ^~~~~~~~~~~~~~~~~~~~~~~~~~~~~~~~~~~~~~~~~~~~~~~~~~~~~~~~~~~~~~~~~~~~~~~~~~~~~~~~~~~~
/home/user/dev/FreeCAD/src/3rdParty/coin/src/shapenodes/SoQuadMesh.cpp:835:5: note: expanded from macro 'SOGL_QUADMESH_GLRENDER_RESOLVE_ARG1'
  835 |     SOGL_QUADMESH_GLRENDER_RESOLVE_ARG2(SoGL::QuadMesh::PER_ROW, materialbinding, texturing, args); \
      |     ^~~~~~~~~~~~~~~~~~~~~~~~~~~~~~~~~~~~~~~~~~~~~~~~~~~~~~~~~~~~~~~~~~~~~~~~~~~~~~~~~~~~~~~~~~~~~~
/home/user/dev/FreeCAD/src/3rdParty/coin/src/shapenodes/SoQuadMesh.cpp:818:8: note: expanded from macro 'SOGL_QUADMESH_GLRENDER_RESOLVE_ARG2'
  811 |   switch (materialbinding) {                                            \
      |           ~~~~~~~~~~~~~~~
  812 |   case SoGL::QuadMesh::OVERALL:                                         \
  813 |     SOGL_QUADMESH_GLRENDER_RESOLVE_ARG3(normalbinding, SoGL::QuadMesh::OVERALL, texturing, args); \
  814 |     break;                                                              \
  815 |   case SoGL::QuadMesh::PER_ROW:                                                \
  816 |     SOGL_QUADMESH_GLRENDER_RESOLVE_ARG3(normalbinding, SoGL::QuadMesh::PER_ROW, texturing, args); \
  817 |     break;                                                              \
  818 |   case SoGL::QuadMesh::PER_FACE:                                        \
      |        ^~~~~~~~~~~~~~~~~~~~~~~~
/home/user/dev/FreeCAD/src/3rdParty/coin/src/shapenodes/SoQuadMesh.cpp:965:3: warning: comparison of different enumeration types in switch statement ('Binding' and '(anonymous namespace)::SoGL::QuadMesh::AttributeBinding') [-Wenum-compare-switch]
  965 |   SOGL_QUADMESH_GLRENDER(nbind, mbind, doTextures, (coords,
      |   ^~~~~~~~~~~~~~~~~~~~~~~~~~~~~~~~~~~~~~~~~~~~~~~~~~~~~~~~~
  966 |                                                     normals,
      |                                                     ~~~~~~~~
  967 |                                                     &mb,
      |                                                     ~~~~
  968 |                                                     &tb,
      |                                                     ~~~~
  969 |                                                     needNormals,
      |                                                     ~~~~~~~~~~~~
  970 |                                                     rowsize,
      |                                                     ~~~~~~~~
  971 |                                                     colsize,
      |                                                     ~~~~~~~~
  972 |                                                     start,
      |                                                     ~~~~~~
  973 |                                                     pl));
      |                                                     ~~~~
/home/user/dev/FreeCAD/src/3rdParty/coin/src/shapenodes/SoQuadMesh.cpp:849:3: note: expanded from macro 'SOGL_QUADMESH_GLRENDER'
  849 |   SOGL_QUADMESH_GLRENDER_RESOLVE_ARG1(normalbinding, materialbinding, texturing, args)
      |   ^~~~~~~~~~~~~~~~~~~~~~~~~~~~~~~~~~~~~~~~~~~~~~~~~~~~~~~~~~~~~~~~~~~~~~~~~~~~~~~~~~~~
/home/user/dev/FreeCAD/src/3rdParty/coin/src/shapenodes/SoQuadMesh.cpp:835:5: note: expanded from macro 'SOGL_QUADMESH_GLRENDER_RESOLVE_ARG1'
  835 |     SOGL_QUADMESH_GLRENDER_RESOLVE_ARG2(SoGL::QuadMesh::PER_ROW, materialbinding, texturing, args); \
      |     ^~~~~~~~~~~~~~~~~~~~~~~~~~~~~~~~~~~~~~~~~~~~~~~~~~~~~~~~~~~~~~~~~~~~~~~~~~~~~~~~~~~~~~~~~~~~~~
/home/user/dev/FreeCAD/src/3rdParty/coin/src/shapenodes/SoQuadMesh.cpp:815:8: note: expanded from macro 'SOGL_QUADMESH_GLRENDER_RESOLVE_ARG2'
  811 |   switch (materialbinding) {                                            \
      |           ~~~~~~~~~~~~~~~
  812 |   case SoGL::QuadMesh::OVERALL:                                         \
  813 |     SOGL_QUADMESH_GLRENDER_RESOLVE_ARG3(normalbinding, SoGL::QuadMesh::OVERALL, texturing, args); \
  814 |     break;                                                              \
  815 |   case SoGL::QuadMesh::PER_ROW:                                                \
      |        ^~~~~~~~~~~~~~~~~~~~~~~
/home/user/dev/FreeCAD/src/3rdParty/coin/src/shapenodes/SoQuadMesh.cpp:965:3: warning: comparison of different enumeration types in switch statement ('Binding' and '(anonymous namespace)::SoGL::QuadMesh::AttributeBinding') [-Wenum-compare-switch]
  965 |   SOGL_QUADMESH_GLRENDER(nbind, mbind, doTextures, (coords,
      |   ^~~~~~~~~~~~~~~~~~~~~~~~~~~~~~~~~~~~~~~~~~~~~~~~~~~~~~~~~
  966 |                                                     normals,
      |                                                     ~~~~~~~~
  967 |                                                     &mb,
      |                                                     ~~~~
  968 |                                                     &tb,
      |                                                     ~~~~
  969 |                                                     needNormals,
      |                                                     ~~~~~~~~~~~~
  970 |                                                     rowsize,
      |                                                     ~~~~~~~~
  971 |                                                     colsize,
      |                                                     ~~~~~~~~
  972 |                                                     start,
      |                                                     ~~~~~~
  973 |                                                     pl));
      |                                                     ~~~~
/home/user/dev/FreeCAD/src/3rdParty/coin/src/shapenodes/SoQuadMesh.cpp:849:3: note: expanded from macro 'SOGL_QUADMESH_GLRENDER'
  849 |   SOGL_QUADMESH_GLRENDER_RESOLVE_ARG1(normalbinding, materialbinding, texturing, args)
      |   ^~~~~~~~~~~~~~~~~~~~~~~~~~~~~~~~~~~~~~~~~~~~~~~~~~~~~~~~~~~~~~~~~~~~~~~~~~~~~~~~~~~~
/home/user/dev/FreeCAD/src/3rdParty/coin/src/shapenodes/SoQuadMesh.cpp:835:5: note: expanded from macro 'SOGL_QUADMESH_GLRENDER_RESOLVE_ARG1'
  835 |     SOGL_QUADMESH_GLRENDER_RESOLVE_ARG2(SoGL::QuadMesh::PER_ROW, materialbinding, texturing, args); \
      |     ^~~~~~~~~~~~~~~~~~~~~~~~~~~~~~~~~~~~~~~~~~~~~~~~~~~~~~~~~~~~~~~~~~~~~~~~~~~~~~~~~~~~~~~~~~~~~~
/home/user/dev/FreeCAD/src/3rdParty/coin/src/shapenodes/SoQuadMesh.cpp:812:8: note: expanded from macro 'SOGL_QUADMESH_GLRENDER_RESOLVE_ARG2'
  811 |   switch (materialbinding) {                                            \
      |           ~~~~~~~~~~~~~~~
  812 |   case SoGL::QuadMesh::OVERALL:                                         \
      |        ^~~~~~~~~~~~~~~~~~~~~~~
/home/user/dev/FreeCAD/src/3rdParty/coin/src/shapenodes/SoQuadMesh.cpp:965:3: warning: comparison of different enumeration types in switch statement ('Binding' and '(anonymous namespace)::SoGL::QuadMesh::AttributeBinding') [-Wenum-compare-switch]
  965 |   SOGL_QUADMESH_GLRENDER(nbind, mbind, doTextures, (coords,
      |   ^~~~~~~~~~~~~~~~~~~~~~~~~~~~~~~~~~~~~~~~~~~~~~~~~~~~~~~~~
  966 |                                                     normals,
      |                                                     ~~~~~~~~
  967 |                                                     &mb,
      |                                                     ~~~~
  968 |                                                     &tb,
      |                                                     ~~~~
  969 |                                                     needNormals,
      |                                                     ~~~~~~~~~~~~
  970 |                                                     rowsize,
      |                                                     ~~~~~~~~
  971 |                                                     colsize,
      |                                                     ~~~~~~~~
  972 |                                                     start,
      |                                                     ~~~~~~
  973 |                                                     pl));
      |                                                     ~~~~
/home/user/dev/FreeCAD/src/3rdParty/coin/src/shapenodes/SoQuadMesh.cpp:849:3: note: expanded from macro 'SOGL_QUADMESH_GLRENDER'
  849 |   SOGL_QUADMESH_GLRENDER_RESOLVE_ARG1(normalbinding, materialbinding, texturing, args)
      |   ^~~~~~~~~~~~~~~~~~~~~~~~~~~~~~~~~~~~~~~~~~~~~~~~~~~~~~~~~~~~~~~~~~~~~~~~~~~~~~~~~~~~
/home/user/dev/FreeCAD/src/3rdParty/coin/src/shapenodes/SoQuadMesh.cpp:838:5: note: expanded from macro 'SOGL_QUADMESH_GLRENDER_RESOLVE_ARG1'
  838 |     SOGL_QUADMESH_GLRENDER_RESOLVE_ARG2(SoGL::QuadMesh::PER_FACE, materialbinding, texturing, args); \
      |     ^~~~~~~~~~~~~~~~~~~~~~~~~~~~~~~~~~~~~~~~~~~~~~~~~~~~~~~~~~~~~~~~~~~~~~~~~~~~~~~~~~~~~~~~~~~~~~~
/home/user/dev/FreeCAD/src/3rdParty/coin/src/shapenodes/SoQuadMesh.cpp:821:8: note: expanded from macro 'SOGL_QUADMESH_GLRENDER_RESOLVE_ARG2'
  811 |   switch (materialbinding) {                                            \
      |           ~~~~~~~~~~~~~~~
  812 |   case SoGL::QuadMesh::OVERALL:                                         \
  813 |     SOGL_QUADMESH_GLRENDER_RESOLVE_ARG3(normalbinding, SoGL::QuadMesh::OVERALL, texturing, args); \
  814 |     break;                                                              \
  815 |   case SoGL::QuadMesh::PER_ROW:                                                \
  816 |     SOGL_QUADMESH_GLRENDER_RESOLVE_ARG3(normalbinding, SoGL::QuadMesh::PER_ROW, texturing, args); \
  817 |     break;                                                              \
  818 |   case SoGL::QuadMesh::PER_FACE:                                        \
  819 |     SOGL_QUADMESH_GLRENDER_RESOLVE_ARG3(normalbinding, SoGL::QuadMesh::PER_FACE, texturing, args); \
  820 |     break;                                                              \
  821 |   case SoGL::QuadMesh::PER_VERTEX:                                      \
      |        ^~~~~~~~~~~~~~~~~~~~~~~~~~
/home/user/dev/FreeCAD/src/3rdParty/coin/src/shapenodes/SoQuadMesh.cpp:965:3: warning: comparison of different enumeration types in switch statement ('Binding' and '(anonymous namespace)::SoGL::QuadMesh::AttributeBinding') [-Wenum-compare-switch]
  965 |   SOGL_QUADMESH_GLRENDER(nbind, mbind, doTextures, (coords,
      |   ^~~~~~~~~~~~~~~~~~~~~~~~~~~~~~~~~~~~~~~~~~~~~~~~~~~~~~~~~
  966 |                                                     normals,
      |                                                     ~~~~~~~~
  967 |                                                     &mb,
      |                                                     ~~~~
  968 |                                                     &tb,
      |                                                     ~~~~
  969 |                                                     needNormals,
      |                                                     ~~~~~~~~~~~~
  970 |                                                     rowsize,
      |                                                     ~~~~~~~~
  971 |                                                     colsize,
      |                                                     ~~~~~~~~
  972 |                                                     start,
      |                                                     ~~~~~~
  973 |                                                     pl));
      |                                                     ~~~~
/home/user/dev/FreeCAD/src/3rdParty/coin/src/shapenodes/SoQuadMesh.cpp:849:3: note: expanded from macro 'SOGL_QUADMESH_GLRENDER'
  849 |   SOGL_QUADMESH_GLRENDER_RESOLVE_ARG1(normalbinding, materialbinding, texturing, args)
      |   ^~~~~~~~~~~~~~~~~~~~~~~~~~~~~~~~~~~~~~~~~~~~~~~~~~~~~~~~~~~~~~~~~~~~~~~~~~~~~~~~~~~~
/home/user/dev/FreeCAD/src/3rdParty/coin/src/shapenodes/SoQuadMesh.cpp:838:5: note: expanded from macro 'SOGL_QUADMESH_GLRENDER_RESOLVE_ARG1'
  838 |     SOGL_QUADMESH_GLRENDER_RESOLVE_ARG2(SoGL::QuadMesh::PER_FACE, materialbinding, texturing, args); \
      |     ^~~~~~~~~~~~~~~~~~~~~~~~~~~~~~~~~~~~~~~~~~~~~~~~~~~~~~~~~~~~~~~~~~~~~~~~~~~~~~~~~~~~~~~~~~~~~~~
/home/user/dev/FreeCAD/src/3rdParty/coin/src/shapenodes/SoQuadMesh.cpp:818:8: note: expanded from macro 'SOGL_QUADMESH_GLRENDER_RESOLVE_ARG2'
  811 |   switch (materialbinding) {                                            \
      |           ~~~~~~~~~~~~~~~
  812 |   case SoGL::QuadMesh::OVERALL:                                         \
  813 |     SOGL_QUADMESH_GLRENDER_RESOLVE_ARG3(normalbinding, SoGL::QuadMesh::OVERALL, texturing, args); \
  814 |     break;                                                              \
  815 |   case SoGL::QuadMesh::PER_ROW:                                                \
  816 |     SOGL_QUADMESH_GLRENDER_RESOLVE_ARG3(normalbinding, SoGL::QuadMesh::PER_ROW, texturing, args); \
  817 |     break;                                                              \
  818 |   case SoGL::QuadMesh::PER_FACE:                                        \
      |        ^~~~~~~~~~~~~~~~~~~~~~~~
/home/user/dev/FreeCAD/src/3rdParty/coin/src/shapenodes/SoQuadMesh.cpp:965:3: warning: comparison of different enumeration types in switch statement ('Binding' and '(anonymous namespace)::SoGL::QuadMesh::AttributeBinding') [-Wenum-compare-switch]
  965 |   SOGL_QUADMESH_GLRENDER(nbind, mbind, doTextures, (coords,
      |   ^~~~~~~~~~~~~~~~~~~~~~~~~~~~~~~~~~~~~~~~~~~~~~~~~~~~~~~~~
  966 |                                                     normals,
      |                                                     ~~~~~~~~
  967 |                                                     &mb,
      |                                                     ~~~~
  968 |                                                     &tb,
      |                                                     ~~~~
  969 |                                                     needNormals,
      |                                                     ~~~~~~~~~~~~
  970 |                                                     rowsize,
      |                                                     ~~~~~~~~
  971 |                                                     colsize,
      |                                                     ~~~~~~~~
  972 |                                                     start,
      |                                                     ~~~~~~
  973 |                                                     pl));
      |                                                     ~~~~
/home/user/dev/FreeCAD/src/3rdParty/coin/src/shapenodes/SoQuadMesh.cpp:849:3: note: expanded from macro 'SOGL_QUADMESH_GLRENDER'
  849 |   SOGL_QUADMESH_GLRENDER_RESOLVE_ARG1(normalbinding, materialbinding, texturing, args)
      |   ^~~~~~~~~~~~~~~~~~~~~~~~~~~~~~~~~~~~~~~~~~~~~~~~~~~~~~~~~~~~~~~~~~~~~~~~~~~~~~~~~~~~
/home/user/dev/FreeCAD/src/3rdParty/coin/src/shapenodes/SoQuadMesh.cpp:838:5: note: expanded from macro 'SOGL_QUADMESH_GLRENDER_RESOLVE_ARG1'
  838 |     SOGL_QUADMESH_GLRENDER_RESOLVE_ARG2(SoGL::QuadMesh::PER_FACE, materialbinding, texturing, args); \
      |     ^~~~~~~~~~~~~~~~~~~~~~~~~~~~~~~~~~~~~~~~~~~~~~~~~~~~~~~~~~~~~~~~~~~~~~~~~~~~~~~~~~~~~~~~~~~~~~~
/home/user/dev/FreeCAD/src/3rdParty/coin/src/shapenodes/SoQuadMesh.cpp:815:8: note: expanded from macro 'SOGL_QUADMESH_GLRENDER_RESOLVE_ARG2'
  811 |   switch (materialbinding) {                                            \
      |           ~~~~~~~~~~~~~~~
  812 |   case SoGL::QuadMesh::OVERALL:                                         \
  813 |     SOGL_QUADMESH_GLRENDER_RESOLVE_ARG3(normalbinding, SoGL::QuadMesh::OVERALL, texturing, args); \
  814 |     break;                                                              \
  815 |   case SoGL::QuadMesh::PER_ROW:                                                \
      |        ^~~~~~~~~~~~~~~~~~~~~~~
/home/user/dev/FreeCAD/src/3rdParty/coin/src/shapenodes/SoQuadMesh.cpp:965:3: warning: comparison of different enumeration types in switch statement ('Binding' and '(anonymous namespace)::SoGL::QuadMesh::AttributeBinding') [-Wenum-compare-switch]
  965 |   SOGL_QUADMESH_GLRENDER(nbind, mbind, doTextures, (coords,
      |   ^~~~~~~~~~~~~~~~~~~~~~~~~~~~~~~~~~~~~~~~~~~~~~~~~~~~~~~~~
  966 |                                                     normals,
      |                                                     ~~~~~~~~
  967 |                                                     &mb,
      |                                                     ~~~~
  968 |                                                     &tb,
      |                                                     ~~~~
  969 |                                                     needNormals,
      |                                                     ~~~~~~~~~~~~
  970 |                                                     rowsize,
      |                                                     ~~~~~~~~
  971 |                                                     colsize,
      |                                                     ~~~~~~~~
  972 |                                                     start,
      |                                                     ~~~~~~
  973 |                                                     pl));
      |                                                     ~~~~
/home/user/dev/FreeCAD/src/3rdParty/coin/src/shapenodes/SoQuadMesh.cpp:849:3: note: expanded from macro 'SOGL_QUADMESH_GLRENDER'
  849 |   SOGL_QUADMESH_GLRENDER_RESOLVE_ARG1(normalbinding, materialbinding, texturing, args)
      |   ^~~~~~~~~~~~~~~~~~~~~~~~~~~~~~~~~~~~~~~~~~~~~~~~~~~~~~~~~~~~~~~~~~~~~~~~~~~~~~~~~~~~
/home/user/dev/FreeCAD/src/3rdParty/coin/src/shapenodes/SoQuadMesh.cpp:838:5: note: expanded from macro 'SOGL_QUADMESH_GLRENDER_RESOLVE_ARG1'
  838 |     SOGL_QUADMESH_GLRENDER_RESOLVE_ARG2(SoGL::QuadMesh::PER_FACE, materialbinding, texturing, args); \
      |     ^~~~~~~~~~~~~~~~~~~~~~~~~~~~~~~~~~~~~~~~~~~~~~~~~~~~~~~~~~~~~~~~~~~~~~~~~~~~~~~~~~~~~~~~~~~~~~~
/home/user/dev/FreeCAD/src/3rdParty/coin/src/shapenodes/SoQuadMesh.cpp:812:8: note: expanded from macro 'SOGL_QUADMESH_GLRENDER_RESOLVE_ARG2'
  811 |   switch (materialbinding) {                                            \
      |           ~~~~~~~~~~~~~~~
  812 |   case SoGL::QuadMesh::OVERALL:                                         \
      |        ^~~~~~~~~~~~~~~~~~~~~~~
/home/user/dev/FreeCAD/src/3rdParty/coin/src/shapenodes/SoQuadMesh.cpp:965:3: warning: comparison of different enumeration types in switch statement ('Binding' and '(anonymous namespace)::SoGL::QuadMesh::AttributeBinding') [-Wenum-compare-switch]
  965 |   SOGL_QUADMESH_GLRENDER(nbind, mbind, doTextures, (coords,
      |   ^~~~~~~~~~~~~~~~~~~~~~~~~~~~~~~~~~~~~~~~~~~~~~~~~~~~~~~~~
  966 |                                                     normals,
      |                                                     ~~~~~~~~
  967 |                                                     &mb,
      |                                                     ~~~~
  968 |                                                     &tb,
      |                                                     ~~~~
  969 |                                                     needNormals,
      |                                                     ~~~~~~~~~~~~
  970 |                                                     rowsize,
      |                                                     ~~~~~~~~
  971 |                                                     colsize,
      |                                                     ~~~~~~~~
  972 |                                                     start,
      |                                                     ~~~~~~
  973 |                                                     pl));
      |                                                     ~~~~
/home/user/dev/FreeCAD/src/3rdParty/coin/src/shapenodes/SoQuadMesh.cpp:849:3: note: expanded from macro 'SOGL_QUADMESH_GLRENDER'
  849 |   SOGL_QUADMESH_GLRENDER_RESOLVE_ARG1(normalbinding, materialbinding, texturing, args)
      |   ^~~~~~~~~~~~~~~~~~~~~~~~~~~~~~~~~~~~~~~~~~~~~~~~~~~~~~~~~~~~~~~~~~~~~~~~~~~~~~~~~~~~
/home/user/dev/FreeCAD/src/3rdParty/coin/src/shapenodes/SoQuadMesh.cpp:841:5: note: expanded from macro 'SOGL_QUADMESH_GLRENDER_RESOLVE_ARG1'
  841 |     SOGL_QUADMESH_GLRENDER_RESOLVE_ARG2(SoGL::QuadMesh::PER_VERTEX, materialbinding, texturing, args); \
      |     ^~~~~~~~~~~~~~~~~~~~~~~~~~~~~~~~~~~~~~~~~~~~~~~~~~~~~~~~~~~~~~~~~~~~~~~~~~~~~~~~~~~~~~~~~~~~~~~~~
/home/user/dev/FreeCAD/src/3rdParty/coin/src/shapenodes/SoQuadMesh.cpp:821:8: note: expanded from macro 'SOGL_QUADMESH_GLRENDER_RESOLVE_ARG2'
  811 |   switch (materialbinding) {                                            \
      |           ~~~~~~~~~~~~~~~
  812 |   case SoGL::QuadMesh::OVERALL:                                         \
  813 |     SOGL_QUADMESH_GLRENDER_RESOLVE_ARG3(normalbinding, SoGL::QuadMesh::OVERALL, texturing, args); \
  814 |     break;                                                              \
  815 |   case SoGL::QuadMesh::PER_ROW:                                                \
  816 |     SOGL_QUADMESH_GLRENDER_RESOLVE_ARG3(normalbinding, SoGL::QuadMesh::PER_ROW, texturing, args); \
  817 |     break;                                                              \
  818 |   case SoGL::QuadMesh::PER_FACE:                                        \
  819 |     SOGL_QUADMESH_GLRENDER_RESOLVE_ARG3(normalbinding, SoGL::QuadMesh::PER_FACE, texturing, args); \
  820 |     break;                                                              \
  821 |   case SoGL::QuadMesh::PER_VERTEX:                                      \
      |        ^~~~~~~~~~~~~~~~~~~~~~~~~~
/home/user/dev/FreeCAD/src/3rdParty/coin/src/shapenodes/SoQuadMesh.cpp:965:3: warning: comparison of different enumeration types in switch statement ('Binding' and '(anonymous namespace)::SoGL::QuadMesh::AttributeBinding') [-Wenum-compare-switch]
  965 |   SOGL_QUADMESH_GLRENDER(nbind, mbind, doTextures, (coords,
      |   ^~~~~~~~~~~~~~~~~~~~~~~~~~~~~~~~~~~~~~~~~~~~~~~~~~~~~~~~~
  966 |                                                     normals,
      |                                                     ~~~~~~~~
  967 |                                                     &mb,
      |                                                     ~~~~
  968 |                                                     &tb,
      |                                                     ~~~~
  969 |                                                     needNormals,
      |                                                     ~~~~~~~~~~~~
  970 |                                                     rowsize,
      |                                                     ~~~~~~~~
  971 |                                                     colsize,
      |                                                     ~~~~~~~~
  972 |                                                     start,
      |                                                     ~~~~~~
  973 |                                                     pl));
      |                                                     ~~~~
/home/user/dev/FreeCAD/src/3rdParty/coin/src/shapenodes/SoQuadMesh.cpp:849:3: note: expanded from macro 'SOGL_QUADMESH_GLRENDER'
  849 |   SOGL_QUADMESH_GLRENDER_RESOLVE_ARG1(normalbinding, materialbinding, texturing, args)
      |   ^~~~~~~~~~~~~~~~~~~~~~~~~~~~~~~~~~~~~~~~~~~~~~~~~~~~~~~~~~~~~~~~~~~~~~~~~~~~~~~~~~~~
/home/user/dev/FreeCAD/src/3rdParty/coin/src/shapenodes/SoQuadMesh.cpp:841:5: note: expanded from macro 'SOGL_QUADMESH_GLRENDER_RESOLVE_ARG1'
  841 |     SOGL_QUADMESH_GLRENDER_RESOLVE_ARG2(SoGL::QuadMesh::PER_VERTEX, materialbinding, texturing, args); \
      |     ^~~~~~~~~~~~~~~~~~~~~~~~~~~~~~~~~~~~~~~~~~~~~~~~~~~~~~~~~~~~~~~~~~~~~~~~~~~~~~~~~~~~~~~~~~~~~~~~~
/home/user/dev/FreeCAD/src/3rdParty/coin/src/shapenodes/SoQuadMesh.cpp:818:8: note: expanded from macro 'SOGL_QUADMESH_GLRENDER_RESOLVE_ARG2'
  811 |   switch (materialbinding) {                                            \
      |           ~~~~~~~~~~~~~~~
  812 |   case SoGL::QuadMesh::OVERALL:                                         \
  813 |     SOGL_QUADMESH_GLRENDER_RESOLVE_ARG3(normalbinding, SoGL::QuadMesh::OVERALL, texturing, args); \
  814 |     break;                                                              \
  815 |   case SoGL::QuadMesh::PER_ROW:                                                \
  816 |     SOGL_QUADMESH_GLRENDER_RESOLVE_ARG3(normalbinding, SoGL::QuadMesh::PER_ROW, texturing, args); \
  817 |     break;                                                              \
  818 |   case SoGL::QuadMesh::PER_FACE:                                        \
      |        ^~~~~~~~~~~~~~~~~~~~~~~~
/home/user/dev/FreeCAD/src/3rdParty/coin/src/shapenodes/SoQuadMesh.cpp:965:3: warning: comparison of different enumeration types in switch statement ('Binding' and '(anonymous namespace)::SoGL::QuadMesh::AttributeBinding') [-Wenum-compare-switch]
  965 |   SOGL_QUADMESH_GLRENDER(nbind, mbind, doTextures, (coords,
      |   ^~~~~~~~~~~~~~~~~~~~~~~~~~~~~~~~~~~~~~~~~~~~~~~~~~~~~~~~~
  966 |                                                     normals,
      |                                                     ~~~~~~~~
  967 |                                                     &mb,
      |                                                     ~~~~
  968 |                                                     &tb,
      |                                                     ~~~~
  969 |                                                     needNormals,
      |                                                     ~~~~~~~~~~~~
  970 |                                                     rowsize,
      |                                                     ~~~~~~~~
  971 |                                                     colsize,
      |                                                     ~~~~~~~~
  972 |                                                     start,
      |                                                     ~~~~~~
  973 |                                                     pl));
      |                                                     ~~~~
/home/user/dev/FreeCAD/src/3rdParty/coin/src/shapenodes/SoQuadMesh.cpp:849:3: note: expanded from macro 'SOGL_QUADMESH_GLRENDER'
  849 |   SOGL_QUADMESH_GLRENDER_RESOLVE_ARG1(normalbinding, materialbinding, texturing, args)
      |   ^~~~~~~~~~~~~~~~~~~~~~~~~~~~~~~~~~~~~~~~~~~~~~~~~~~~~~~~~~~~~~~~~~~~~~~~~~~~~~~~~~~~
/home/user/dev/FreeCAD/src/3rdParty/coin/src/shapenodes/SoQuadMesh.cpp:841:5: note: expanded from macro 'SOGL_QUADMESH_GLRENDER_RESOLVE_ARG1'
  841 |     SOGL_QUADMESH_GLRENDER_RESOLVE_ARG2(SoGL::QuadMesh::PER_VERTEX, materialbinding, texturing, args); \
      |     ^~~~~~~~~~~~~~~~~~~~~~~~~~~~~~~~~~~~~~~~~~~~~~~~~~~~~~~~~~~~~~~~~~~~~~~~~~~~~~~~~~~~~~~~~~~~~~~~~
/home/user/dev/FreeCAD/src/3rdParty/coin/src/shapenodes/SoQuadMesh.cpp:815:8: note: expanded from macro 'SOGL_QUADMESH_GLRENDER_RESOLVE_ARG2'
  811 |   switch (materialbinding) {                                            \
      |           ~~~~~~~~~~~~~~~
  812 |   case SoGL::QuadMesh::OVERALL:                                         \
  813 |     SOGL_QUADMESH_GLRENDER_RESOLVE_ARG3(normalbinding, SoGL::QuadMesh::OVERALL, texturing, args); \
  814 |     break;                                                              \
  815 |   case SoGL::QuadMesh::PER_ROW:                                                \
      |        ^~~~~~~~~~~~~~~~~~~~~~~
/home/user/dev/FreeCAD/src/3rdParty/coin/src/shapenodes/SoQuadMesh.cpp:965:3: warning: comparison of different enumeration types in switch statement ('Binding' and '(anonymous namespace)::SoGL::QuadMesh::AttributeBinding') [-Wenum-compare-switch]
  965 |   SOGL_QUADMESH_GLRENDER(nbind, mbind, doTextures, (coords,
      |   ^~~~~~~~~~~~~~~~~~~~~~~~~~~~~~~~~~~~~~~~~~~~~~~~~~~~~~~~~
  966 |                                                     normals,
      |                                                     ~~~~~~~~
  967 |                                                     &mb,
      |                                                     ~~~~
  968 |                                                     &tb,
      |                                                     ~~~~
  969 |                                                     needNormals,
      |                                                     ~~~~~~~~~~~~
  970 |                                                     rowsize,
      |                                                     ~~~~~~~~
  971 |                                                     colsize,
      |                                                     ~~~~~~~~
  972 |                                                     start,
      |                                                     ~~~~~~
  973 |                                                     pl));
      |                                                     ~~~~
/home/user/dev/FreeCAD/src/3rdParty/coin/src/shapenodes/SoQuadMesh.cpp:849:3: note: expanded from macro 'SOGL_QUADMESH_GLRENDER'
  849 |   SOGL_QUADMESH_GLRENDER_RESOLVE_ARG1(normalbinding, materialbinding, texturing, args)
      |   ^~~~~~~~~~~~~~~~~~~~~~~~~~~~~~~~~~~~~~~~~~~~~~~~~~~~~~~~~~~~~~~~~~~~~~~~~~~~~~~~~~~~
/home/user/dev/FreeCAD/src/3rdParty/coin/src/shapenodes/SoQuadMesh.cpp:841:5: note: expanded from macro 'SOGL_QUADMESH_GLRENDER_RESOLVE_ARG1'
  841 |     SOGL_QUADMESH_GLRENDER_RESOLVE_ARG2(SoGL::QuadMesh::PER_VERTEX, materialbinding, texturing, args); \
      |     ^~~~~~~~~~~~~~~~~~~~~~~~~~~~~~~~~~~~~~~~~~~~~~~~~~~~~~~~~~~~~~~~~~~~~~~~~~~~~~~~~~~~~~~~~~~~~~~~~
/home/user/dev/FreeCAD/src/3rdParty/coin/src/shapenodes/SoQuadMesh.cpp:812:8: note: expanded from macro 'SOGL_QUADMESH_GLRENDER_RESOLVE_ARG2'
  811 |   switch (materialbinding) {                                            \
      |           ~~~~~~~~~~~~~~~
  812 |   case SoGL::QuadMesh::OVERALL:                                         \
      |        ^~~~~~~~~~~~~~~~~~~~~~~
/home/user/dev/FreeCAD/src/3rdParty/coin/src/shapenodes/SoQuadMesh.cpp:965:3: warning: comparison of different enumeration types in switch statement ('Binding' and '(anonymous namespace)::SoGL::QuadMesh::AttributeBinding') [-Wenum-compare-switch]
  965 |   SOGL_QUADMESH_GLRENDER(nbind, mbind, doTextures, (coords,
      |   ^~~~~~~~~~~~~~~~~~~~~~~~~~~~~~~~~~~~~~~~~~~~~~~~~~~~~~~~~
  966 |                                                     normals,
      |                                                     ~~~~~~~~
  967 |                                                     &mb,
      |                                                     ~~~~
  968 |                                                     &tb,
      |                                                     ~~~~
  969 |                                                     needNormals,
      |                                                     ~~~~~~~~~~~~
  970 |                                                     rowsize,
      |                                                     ~~~~~~~~
  971 |                                                     colsize,
      |                                                     ~~~~~~~~
  972 |                                                     start,
      |                                                     ~~~~~~
  973 |                                                     pl));
      |                                                     ~~~~
/home/user/dev/FreeCAD/src/3rdParty/coin/src/shapenodes/SoQuadMesh.cpp:849:3: note: expanded from macro 'SOGL_QUADMESH_GLRENDER'
  849 |   SOGL_QUADMESH_GLRENDER_RESOLVE_ARG1(normalbinding, materialbinding, texturing, args)
      |   ^~~~~~~~~~~~~~~~~~~~~~~~~~~~~~~~~~~~~~~~~~~~~~~~~~~~~~~~~~~~~~~~~~~~~~~~~~~~~~~~~~~~
/home/user/dev/FreeCAD/src/3rdParty/coin/src/shapenodes/SoQuadMesh.cpp:840:8: note: expanded from macro 'SOGL_QUADMESH_GLRENDER_RESOLVE_ARG1'
  830 |   switch (normalbinding) {                                              \
      |           ~~~~~~~~~~~~~
  831 |   case SoGL::QuadMesh::OVERALL:                                         \
  832 |     SOGL_QUADMESH_GLRENDER_RESOLVE_ARG2(SoGL::QuadMesh::OVERALL, materialbinding, texturing, args); \
  833 |     break;                                                              \
  834 |   case SoGL::QuadMesh::PER_ROW:                                         \
  835 |     SOGL_QUADMESH_GLRENDER_RESOLVE_ARG2(SoGL::QuadMesh::PER_ROW, materialbinding, texturing, args); \
  836 |     break;                                                              \
  837 |   case SoGL::QuadMesh::PER_FACE:                                        \
  838 |     SOGL_QUADMESH_GLRENDER_RESOLVE_ARG2(SoGL::QuadMesh::PER_FACE, materialbinding, texturing, args); \
  839 |     break;                                                              \
  840 |   case SoGL::QuadMesh::PER_VERTEX:                                      \
      |        ^~~~~~~~~~~~~~~~~~~~~~~~~~
/home/user/dev/FreeCAD/src/3rdParty/coin/src/shapenodes/SoQuadMesh.cpp:965:3: warning: comparison of different enumeration types in switch statement ('Binding' and '(anonymous namespace)::SoGL::QuadMesh::AttributeBinding') [-Wenum-compare-switch]
  965 |   SOGL_QUADMESH_GLRENDER(nbind, mbind, doTextures, (coords,
      |   ^~~~~~~~~~~~~~~~~~~~~~~~~~~~~~~~~~~~~~~~~~~~~~~~~~~~~~~~~
  966 |                                                     normals,
      |                                                     ~~~~~~~~
  967 |                                                     &mb,
      |                                                     ~~~~
  968 |                                                     &tb,
      |                                                     ~~~~
  969 |                                                     needNormals,
      |                                                     ~~~~~~~~~~~~
  970 |                                                     rowsize,
      |                                                     ~~~~~~~~
  971 |                                                     colsize,
      |                                                     ~~~~~~~~
  972 |                                                     start,
      |                                                     ~~~~~~
  973 |                                                     pl));
      |                                                     ~~~~
/home/user/dev/FreeCAD/src/3rdParty/coin/src/shapenodes/SoQuadMesh.cpp:849:3: note: expanded from macro 'SOGL_QUADMESH_GLRENDER'
  849 |   SOGL_QUADMESH_GLRENDER_RESOLVE_ARG1(normalbinding, materialbinding, texturing, args)
      |   ^~~~~~~~~~~~~~~~~~~~~~~~~~~~~~~~~~~~~~~~~~~~~~~~~~~~~~~~~~~~~~~~~~~~~~~~~~~~~~~~~~~~
/home/user/dev/FreeCAD/src/3rdParty/coin/src/shapenodes/SoQuadMesh.cpp:837:8: note: expanded from macro 'SOGL_QUADMESH_GLRENDER_RESOLVE_ARG1'
  830 |   switch (normalbinding) {                                              \
      |           ~~~~~~~~~~~~~
  831 |   case SoGL::QuadMesh::OVERALL:                                         \
  832 |     SOGL_QUADMESH_GLRENDER_RESOLVE_ARG2(SoGL::QuadMesh::OVERALL, materialbinding, texturing, args); \
  833 |     break;                                                              \
  834 |   case SoGL::QuadMesh::PER_ROW:                                         \
  835 |     SOGL_QUADMESH_GLRENDER_RESOLVE_ARG2(SoGL::QuadMesh::PER_ROW, materialbinding, texturing, args); \
  836 |     break;                                                              \
  837 |   case SoGL::QuadMesh::PER_FACE:                                        \
      |        ^~~~~~~~~~~~~~~~~~~~~~~~
/home/user/dev/FreeCAD/src/3rdParty/coin/src/shapenodes/SoQuadMesh.cpp:965:3: warning: comparison of different enumeration types in switch statement ('Binding' and '(anonymous namespace)::SoGL::QuadMesh::AttributeBinding') [-Wenum-compare-switch]
  965 |   SOGL_QUADMESH_GLRENDER(nbind, mbind, doTextures, (coords,
      |   ^~~~~~~~~~~~~~~~~~~~~~~~~~~~~~~~~~~~~~~~~~~~~~~~~~~~~~~~~
  966 |                                                     normals,
      |                                                     ~~~~~~~~
  967 |                                                     &mb,
      |                                                     ~~~~
  968 |                                                     &tb,
      |                                                     ~~~~
  969 |                                                     needNormals,
      |                                                     ~~~~~~~~~~~~
  970 |                                                     rowsize,
      |                                                     ~~~~~~~~
  971 |                                                     colsize,
      |                                                     ~~~~~~~~
  972 |                                                     start,
      |                                                     ~~~~~~
  973 |                                                     pl));
      |                                                     ~~~~
/home/user/dev/FreeCAD/src/3rdParty/coin/src/shapenodes/SoQuadMesh.cpp:849:3: note: expanded from macro 'SOGL_QUADMESH_GLRENDER'
  849 |   SOGL_QUADMESH_GLRENDER_RESOLVE_ARG1(normalbinding, materialbinding, texturing, args)
      |   ^~~~~~~~~~~~~~~~~~~~~~~~~~~~~~~~~~~~~~~~~~~~~~~~~~~~~~~~~~~~~~~~~~~~~~~~~~~~~~~~~~~~
/home/user/dev/FreeCAD/src/3rdParty/coin/src/shapenodes/SoQuadMesh.cpp:834:8: note: expanded from macro 'SOGL_QUADMESH_GLRENDER_RESOLVE_ARG1'
  830 |   switch (normalbinding) {                                              \
      |           ~~~~~~~~~~~~~
  831 |   case SoGL::QuadMesh::OVERALL:                                         \
  832 |     SOGL_QUADMESH_GLRENDER_RESOLVE_ARG2(SoGL::QuadMesh::OVERALL, materialbinding, texturing, args); \
  833 |     break;                                                              \
  834 |   case SoGL::QuadMesh::PER_ROW:                                         \
      |        ^~~~~~~~~~~~~~~~~~~~~~~
/home/user/dev/FreeCAD/src/3rdParty/coin/src/shapenodes/SoQuadMesh.cpp:965:3: warning: comparison of different enumeration types in switch statement ('Binding' and '(anonymous namespace)::SoGL::QuadMesh::AttributeBinding') [-Wenum-compare-switch]
  965 |   SOGL_QUADMESH_GLRENDER(nbind, mbind, doTextures, (coords,
      |   ^~~~~~~~~~~~~~~~~~~~~~~~~~~~~~~~~~~~~~~~~~~~~~~~~~~~~~~~~
  966 |                                                     normals,
      |                                                     ~~~~~~~~
  967 |                                                     &mb,
      |                                                     ~~~~
  968 |                                                     &tb,
      |                                                     ~~~~
  969 |                                                     needNormals,
      |                                                     ~~~~~~~~~~~~
  970 |                                                     rowsize,
      |                                                     ~~~~~~~~
  971 |                                                     colsize,
      |                                                     ~~~~~~~~
  972 |                                                     start,
      |                                                     ~~~~~~
  973 |                                                     pl));
      |                                                     ~~~~
/home/user/dev/FreeCAD/src/3rdParty/coin/src/shapenodes/SoQuadMesh.cpp:849:3: note: expanded from macro 'SOGL_QUADMESH_GLRENDER'
  849 |   SOGL_QUADMESH_GLRENDER_RESOLVE_ARG1(normalbinding, materialbinding, texturing, args)
      |   ^~~~~~~~~~~~~~~~~~~~~~~~~~~~~~~~~~~~~~~~~~~~~~~~~~~~~~~~~~~~~~~~~~~~~~~~~~~~~~~~~~~~
/home/user/dev/FreeCAD/src/3rdParty/coin/src/shapenodes/SoQuadMesh.cpp:831:8: note: expanded from macro 'SOGL_QUADMESH_GLRENDER_RESOLVE_ARG1'
  830 |   switch (normalbinding) {                                              \
      |           ~~~~~~~~~~~~~
  831 |   case SoGL::QuadMesh::OVERALL:                                         \
      |        ^~~~~~~~~~~~~~~~~~~~~~~
23 warnings generated.
In file included from /home/user/dev/FreeCAD/src/3rdParty/coin/src/shapenodes/soshape_primdata.cpp:47:
In file included from /home/user/dev/FreeCAD/src/3rdParty/coin/src/base/SbGLUTessellator.h:45:
In file included from /home/user/dev/FreeCAD/src/3rdParty/coin/src/glue/GLUWrapper.h:41:
/home/user/dev/FreeCAD/build/clang-profile/src/3rdParty/coin/src/config.h:137:9: warning: 'HAVE_FREETYPE' macro redefined [-Wmacro-redefined]
  137 | #define HAVE_FREETYPE
      |         ^
<command line>:9:9: note: previous definition is here
    9 | #define HAVE_FREETYPE 1
      |         ^
/home/user/dev/FreeCAD/src/3rdParty/coin/src/shapenodes/soshape_primdata.cpp:203:14: warning: first argument in call to 'memcpy' is a pointer to non-trivially copyable type 'SoPrimitiveVertex' [-Wnontrivial-memcall]
  203 |       memcpy(newArray, this->vertsArray,
      |              ^
/home/user/dev/FreeCAD/src/3rdParty/coin/src/shapenodes/soshape_primdata.cpp:203:14: note: explicitly cast the pointer to silence this warning
  203 |       memcpy(newArray, this->vertsArray,
      |              ^
      |              (void*)
/home/user/dev/FreeCAD/src/3rdParty/coin/src/shapenodes/soshape_primdata.cpp:209:14: warning: destination for this 'memcpy' call is a pointer to dynamic class 'SoPointDetail'; vtable pointer will be overwritten [-Wdynamic-class-memaccess]
  209 |       memcpy(newparray, this->pointDetails,
      |       ~~~~~~ ^
/home/user/dev/FreeCAD/src/3rdParty/coin/src/shapenodes/soshape_primdata.cpp:209:14: note: explicitly cast the pointer to silence this warning
  209 |       memcpy(newparray, this->pointDetails,
      |              ^
      |              (void*)
3 warnings generated.
In file included from /home/user/dev/FreeCAD/src/3rdParty/coin/src/shapenodes/soshape_bumprender.cpp:33:
In file included from /home/user/dev/FreeCAD/src/3rdParty/coin/src/shapenodes/soshape_bumprender.h:43:
In file included from /home/user/dev/FreeCAD/src/3rdParty/coin/src/misc/SbHash.h:59:
In file included from /home/user/dev/FreeCAD/src/3rdParty/coin/src/coindefs.h:47:
/home/user/dev/FreeCAD/build/clang-profile/src/3rdParty/coin/src/config.h:137:9: warning: 'HAVE_FREETYPE' macro redefined [-Wmacro-redefined]
  137 | #define HAVE_FREETYPE
      |         ^
<command line>:9:9: note: previous definition is here
    9 | #define HAVE_FREETYPE 1
      |         ^
/home/user/dev/FreeCAD/src/3rdParty/coin/src/shapenodes/soshape_bumprender.cpp:233:1: warning: unused function 'soshape_bumprender_diffuseprogramdeletion' [-Wunused-function]
  233 | soshape_bumprender_diffuseprogramdeletion(unsigned long COIN_UNUSED_ARG(key), void * COIN_UNUSED_ARG(value))
      | ^~~~~~~~~~~~~~~~~~~~~~~~~~~~~~~~~~~~~~~~~
/home/user/dev/FreeCAD/src/3rdParty/coin/src/shapenodes/soshape_bumprender.cpp:247:1: warning: unused function 'soshape_bumprender_specularprogramdeletion' [-Wunused-function]
  247 | soshape_bumprender_specularprogramdeletion(unsigned long COIN_UNUSED_ARG(key), void * COIN_UNUSED_ARG(value))
      | ^~~~~~~~~~~~~~~~~~~~~~~~~~~~~~~~~~~~~~~~~~
3 warnings generated.
In file included from /home/user/dev/FreeCAD/src/3rdParty/coin/src/shapenodes/soshape_trianglesort.cpp:39:
/home/user/dev/FreeCAD/build/clang-profile/src/3rdParty/coin/src/config.h:137:9: warning: 'HAVE_FREETYPE' macro redefined [-Wmacro-redefined]
  137 | #define HAVE_FREETYPE
      |         ^
<command line>:9:9: note: previous definition is here
    9 | #define HAVE_FREETYPE 1
      |         ^
1 warning generated.
In file included from /home/user/dev/FreeCAD/src/3rdParty/coin/src/projectors/SbProjector.cpp:64:
In file included from /home/user/dev/FreeCAD/src/3rdParty/coin/src/coindefs.h:47:
/home/user/dev/FreeCAD/build/clang-profile/src/3rdParty/coin/src/config.h:137:9: warning: 'HAVE_FREETYPE' macro redefined [-Wmacro-redefined]
  137 | #define HAVE_FREETYPE
      |         ^
<command line>:9:9: note: previous definition is here
    9 | #define HAVE_FREETYPE 1
      |         ^
1 warning generated.
In file included from /home/user/dev/FreeCAD/src/3rdParty/coin/src/sensors/SoSensor.cpp:66:
In file included from /home/user/dev/FreeCAD/src/3rdParty/coin/src/coindefs.h:47:
/home/user/dev/FreeCAD/build/clang-profile/src/3rdParty/coin/src/config.h:137:9: warning: 'HAVE_FREETYPE' macro redefined [-Wmacro-redefined]
  137 | #define HAVE_FREETYPE
      |         ^
<command line>:9:9: note: previous definition is here
    9 | #define HAVE_FREETYPE 1
      |         ^
1 warning generated.
In file included from /home/user/dev/FreeCAD/src/3rdParty/coin/src/upgraders/SoUpgrader.cpp:56:
In file included from /home/user/dev/FreeCAD/src/3rdParty/coin/src/io/SoInputP.h:42:
In file included from /home/user/dev/FreeCAD/src/3rdParty/coin/src/misc/SbHash.h:59:
In file included from /home/user/dev/FreeCAD/src/3rdParty/coin/src/coindefs.h:47:
/home/user/dev/FreeCAD/build/clang-profile/src/3rdParty/coin/src/config.h:137:9: warning: 'HAVE_FREETYPE' macro redefined [-Wmacro-redefined]
  137 | #define HAVE_FREETYPE
      |         ^
<command line>:9:9: note: previous definition is here
    9 | #define HAVE_FREETYPE 1
      |         ^
1 warning generated.
In file included from /home/user/dev/FreeCAD/src/3rdParty/coin/src/sensors/SoSensorManager.cpp:90:
/home/user/dev/FreeCAD/build/clang-profile/src/3rdParty/coin/src/config.h:137:9: warning: 'HAVE_FREETYPE' macro redefined [-Wmacro-redefined]
  137 | #define HAVE_FREETYPE
      |         ^
<command line>:9:9: note: previous definition is here
    9 | #define HAVE_FREETYPE 1
      |         ^
1 warning generated.
In file included from /home/user/dev/FreeCAD/src/3rdParty/coin/src/3ds/SoStream.cpp:39:
In file included from /home/user/dev/FreeCAD/src/3rdParty/coin/src/coindefs.h:47:
/home/user/dev/FreeCAD/build/clang-profile/src/3rdParty/coin/src/config.h:137:9: warning: 'HAVE_FREETYPE' macro redefined [-Wmacro-redefined]
  137 | #define HAVE_FREETYPE
      |         ^
<command line>:9:9: note: previous definition is here
    9 | #define HAVE_FREETYPE 1
      |         ^
In file included from /home/user/dev/FreeCAD/src/3rdParty/coin/src/3ds/SoStream.cpp:37:
/home/user/dev/FreeCAD/src/3rdParty/coin/src/3ds/SoStream.h:197:22: warning: private field 'reallocCallback' is not used [-Wunused-private-field]
  197 |   SoStreamReallocCB *reallocCallback;
      |                      ^
2 warnings generated.
In file included from /home/user/dev/FreeCAD/src/3rdParty/coin/src/hardcopy/VectorizeAction.cpp:180:
In file included from /home/user/dev/FreeCAD/src/3rdParty/coin/src/coindefs.h:47:
/home/user/dev/FreeCAD/build/clang-profile/src/3rdParty/coin/src/config.h:137:9: warning: 'HAVE_FREETYPE' macro redefined [-Wmacro-redefined]
  137 | #define HAVE_FREETYPE
      |         ^
<command line>:9:9: note: previous definition is here
    9 | #define HAVE_FREETYPE 1
      |         ^
1 warning generated.
In file included from /home/user/dev/FreeCAD/src/3rdParty/coin/src/3ds/3dsLoader.cpp:95:
In file included from /home/user/dev/FreeCAD/src/3rdParty/coin/src/coindefs.h:47:
/home/user/dev/FreeCAD/build/clang-profile/src/3rdParty/coin/src/config.h:137:9: warning: 'HAVE_FREETYPE' macro redefined [-Wmacro-redefined]
  137 | #define HAVE_FREETYPE
      |         ^
<command line>:9:9: note: previous definition is here
    9 | #define HAVE_FREETYPE 1
      |         ^
/home/user/dev/FreeCAD/src/3rdParty/coin/src/3ds/3dsLoader.cpp:1802:66: warning: unused parameter 'con' [-Wunused-parameter]
 1802 | SoTriangleStripSet* FaceGroup::createSoTriStripSet_n(tagContext *con)
      |                                                                  ^
2 warnings generated.
In file included from /home/user/dev/FreeCAD/src/3rdParty/coin/src/collision/SoIntersectionDetectionAction.cpp:133:
/home/user/dev/FreeCAD/build/clang-profile/src/3rdParty/coin/src/config.h:137:9: warning: 'HAVE_FREETYPE' macro redefined [-Wmacro-redefined]
  137 | #define HAVE_FREETYPE
      |         ^
<command line>:9:9: note: previous definition is here
    9 | #define HAVE_FREETYPE 1
      |         ^
1 warning generated.
In file included from /home/user/dev/FreeCAD/src/3rdParty/coin/src/hardcopy/VectorizeActionP.cpp:38:
In file included from /home/user/dev/FreeCAD/src/3rdParty/coin/src/coindefs.h:47:
/home/user/dev/FreeCAD/build/clang-profile/src/3rdParty/coin/src/config.h:137:9: warning: 'HAVE_FREETYPE' macro redefined [-Wmacro-redefined]
  137 | #define HAVE_FREETYPE
      |         ^
<command line>:9:9: note: previous definition is here
    9 | #define HAVE_FREETYPE 1
      |         ^
/home/user/dev/FreeCAD/src/3rdParty/coin/src/hardcopy/VectorizeActionP.cpp:556:11: warning: unused variable 'vpsize' [-Wunused-variable]
  556 |   SbVec2s vpsize = vp.getViewportSizePixels();
      |           ^~~~~~
/home/user/dev/FreeCAD/src/3rdParty/coin/src/hardcopy/VectorizeActionP.cpp:823:15: warning: variable 'A' set but not used [-Wunused-but-set-variable]
  823 |   float R,G,B,A;
      |               ^
/home/user/dev/FreeCAD/src/3rdParty/coin/src/hardcopy/VectorizeActionP.cpp:1070:103: warning: unused parameter 'node' [-Wunused-parameter]
 1070 | SoVectorizeActionP::camera_cb(void * COIN_UNUSED_ARG(data), SoCallbackAction * action, const SoNode * node)
      |                                                                                                       ^
4 warnings generated.
In file included from /home/user/dev/FreeCAD/src/3rdParty/coin/src/shadows/SoGLShadowCullingElement.cpp:47:
In file included from /home/user/dev/FreeCAD/src/3rdParty/coin/src/coindefs.h:47:
/home/user/dev/FreeCAD/build/clang-profile/src/3rdParty/coin/src/config.h:137:9: warning: 'HAVE_FREETYPE' macro redefined [-Wmacro-redefined]
  137 | #define HAVE_FREETYPE
      |         ^
<command line>:9:9: note: previous definition is here
    9 | #define HAVE_FREETYPE 1
      |         ^
1 warning generated.
In file included from /home/user/dev/FreeCAD/src/3rdParty/coin/src/shadows/SoShadowGroup.cpp:277:
In file included from /home/user/dev/FreeCAD/src/3rdParty/coin/src/coindefs.h:47:
/home/user/dev/FreeCAD/build/clang-profile/src/3rdParty/coin/src/config.h:137:9: warning: 'HAVE_FREETYPE' macro redefined [-Wmacro-redefined]
  137 | #define HAVE_FREETYPE
      |         ^
<command line>:9:9: note: previous definition is here
    9 | #define HAVE_FREETYPE 1
      |         ^
/home/user/dev/FreeCAD/src/3rdParty/coin/src/shadows/SoShadowGroup.cpp:952:11: warning: variable 'smoothing' set but not used [-Wunused-but-set-variable]
  952 |     float smoothing = PUBLIC(this)->smoothBorder.getValue();
      |           ^
2 warnings generated.
In file included from /home/user/dev/FreeCAD/src/3rdParty/coin/src/geo/SoGeo.cpp:41:
In file included from /home/user/dev/FreeCAD/src/3rdParty/coin/src/coindefs.h:47:
/home/user/dev/FreeCAD/build/clang-profile/src/3rdParty/coin/src/config.h:137:9: warning: 'HAVE_FREETYPE' macro redefined [-Wmacro-redefined]
  137 | #define HAVE_FREETYPE
      |         ^
<command line>:9:9: note: previous definition is here
    9 | #define HAVE_FREETYPE 1
      |         ^
/home/user/dev/FreeCAD/src/3rdParty/coin/src/geo/SoGeo.cpp:84:30: warning: unused parameter 'originsystem' [-Wunused-parameter]
   84 | SoGeo::toGD(const SbString * originsystem,
      |                              ^
/home/user/dev/FreeCAD/src/3rdParty/coin/src/geo/SoGeo.cpp:85:23: warning: unused parameter 'numoriginsys' [-Wunused-parameter]
   85 |             const int numoriginsys,
      |                       ^
/home/user/dev/FreeCAD/src/3rdParty/coin/src/geo/SoGeo.cpp:86:29: warning: unused parameter 'origincoords' [-Wunused-parameter]
   86 |             const SbVec3d & origincoords)
      |                             ^
/home/user/dev/FreeCAD/src/3rdParty/coin/src/geo/SoGeo.cpp:97:31: warning: unused parameter 'gd' [-Wunused-parameter]
   97 | SoGeo::fromGD(const SbVec3d & gd,
      |                               ^
/home/user/dev/FreeCAD/src/3rdParty/coin/src/geo/SoGeo.cpp:98:32: warning: unused parameter 'tosystem' [-Wunused-parameter]
   98 |               const SbString * tosystem,
      |                                ^
/home/user/dev/FreeCAD/src/3rdParty/coin/src/geo/SoGeo.cpp:99:25: warning: unused parameter 'numtosys' [-Wunused-parameter]
   99 |               const int numtosys)
      |                         ^
/home/user/dev/FreeCAD/src/3rdParty/coin/src/geo/SoGeo.cpp:206:24: warning: unused function 'find_utm_projection' [-Wunused-function]
  206 | static SbUTMProjection find_utm_projection(const SbString * system,
      |                        ^~~~~~~~~~~~~~~~~~~
8 warnings generated.
In file included from /home/user/dev/FreeCAD/src/3rdParty/coin/src/geo/SoGeoLocation.cpp:62:
/home/user/dev/FreeCAD/src/3rdParty/coin/include/Inventor/nodes/SoGeoLocation.h:72:20: warning: private field 'pimpl' is not used [-Wunused-private-field]
   72 |   SoGeoLocationP * pimpl;
      |                    ^
1 warning generated.
In file included from /home/user/dev/FreeCAD/src/3rdParty/coin/src/geo/SoGeoOrigin.cpp:199:
/home/user/dev/FreeCAD/src/3rdParty/coin/include/Inventor/nodes/SoGeoOrigin.h:67:18: warning: private field 'pimpl' is not used [-Wunused-private-field]
   67 |   SoGeoOriginP * pimpl;
      |                  ^
1 warning generated.
In file included from /home/user/dev/FreeCAD/src/3rdParty/coin/src/threads/common.cpp:36:
/home/user/dev/FreeCAD/build/clang-profile/src/3rdParty/coin/src/config.h:137:9: warning: 'HAVE_FREETYPE' macro redefined [-Wmacro-redefined]
  137 | #define HAVE_FREETYPE
      |         ^
<command line>:9:9: note: previous definition is here
    9 | #define HAVE_FREETYPE 1
      |         ^
1 warning generated.
In file included from /home/user/dev/FreeCAD/src/3rdParty/coin/src/threads/thread.cpp:68:
/home/user/dev/FreeCAD/build/clang-profile/src/3rdParty/coin/src/config.h:137:9: warning: 'HAVE_FREETYPE' macro redefined [-Wmacro-redefined]
  137 | #define HAVE_FREETYPE
      |         ^
<command line>:9:9: note: previous definition is here
    9 | #define HAVE_FREETYPE 1
      |         ^
/home/user/dev/FreeCAD/src/3rdParty/coin/src/threads/thread.cpp:132:7: warning: variable 'ok' set but not used [-Wunused-but-set-variable]
  132 |   int ok;
      |       ^
2 warnings generated.
In file included from /home/user/dev/FreeCAD/src/3rdParty/coin/src/threads/rwmutex.cpp:68:
In file included from /home/user/dev/FreeCAD/src/3rdParty/coin/src/threads/rwmutexp.h:41:
In file included from /home/user/dev/FreeCAD/src/3rdParty/coin/src/threads/mutexp.h:41:
/home/user/dev/FreeCAD/build/clang-profile/src/3rdParty/coin/src/config.h:137:9: warning: 'HAVE_FREETYPE' macro redefined [-Wmacro-redefined]
  137 | #define HAVE_FREETYPE
      |         ^
<command line>:9:9: note: previous definition is here
    9 | #define HAVE_FREETYPE 1
      |         ^
1 warning generated.
In file included from /home/user/dev/FreeCAD/src/3rdParty/coin/src/threads/mutex.cpp:66:
In file included from /home/user/dev/FreeCAD/src/3rdParty/coin/src/threads/mutexp.h:41:
/home/user/dev/FreeCAD/build/clang-profile/src/3rdParty/coin/src/config.h:137:9: warning: 'HAVE_FREETYPE' macro redefined [-Wmacro-redefined]
  137 | #define HAVE_FREETYPE
      |         ^
<command line>:9:9: note: previous definition is here
    9 | #define HAVE_FREETYPE 1
      |         ^
/home/user/dev/FreeCAD/src/3rdParty/coin/src/threads/mutex.cpp:96:7: warning: variable 'ok' set but not used [-Wunused-but-set-variable]
   96 |   int ok;
      |       ^
/home/user/dev/FreeCAD/src/3rdParty/coin/src/threads/mutex.cpp:115:7: warning: variable 'ok' set but not used [-Wunused-but-set-variable]
  115 |   int ok;
      |       ^
/home/user/dev/FreeCAD/src/3rdParty/coin/src/threads/mutex.cpp:193:7: warning: variable 'ok' set but not used [-Wunused-but-set-variable]
  193 |   int ok;
      |       ^
/home/user/dev/FreeCAD/src/3rdParty/coin/src/threads/mutex.cpp:252:7: warning: variable 'ok' set but not used [-Wunused-but-set-variable]
  252 |   int ok;
      |       ^
5 warnings generated.
In file included from /home/user/dev/FreeCAD/src/3rdParty/coin/src/threads/storage.cpp:58:
In file included from /home/user/dev/FreeCAD/src/3rdParty/coin/src/coindefs.h:47:
/home/user/dev/FreeCAD/build/clang-profile/src/3rdParty/coin/src/config.h:137:9: warning: 'HAVE_FREETYPE' macro redefined [-Wmacro-redefined]
  137 | #define HAVE_FREETYPE
      |         ^
<command line>:9:9: note: previous definition is here
    9 | #define HAVE_FREETYPE 1
      |         ^
1 warning generated.
In file included from /home/user/dev/FreeCAD/src/3rdParty/coin/src/threads/condvar.cpp:61:
In file included from /home/user/dev/FreeCAD/src/3rdParty/coin/src/threads/condvarp.h:41:
/home/user/dev/FreeCAD/build/clang-profile/src/3rdParty/coin/src/config.h:137:9: warning: 'HAVE_FREETYPE' macro redefined [-Wmacro-redefined]
  137 | #define HAVE_FREETYPE
      |         ^
<command line>:9:9: note: previous definition is here
    9 | #define HAVE_FREETYPE 1
      |         ^
/home/user/dev/FreeCAD/src/3rdParty/coin/src/threads/condvar.cpp:79:7: warning: variable 'ok' set but not used [-Wunused-but-set-variable]
   79 |   int ok;
      |       ^
/home/user/dev/FreeCAD/src/3rdParty/coin/src/threads/condvar.cpp:90:7: warning: variable 'ok' set but not used [-Wunused-but-set-variable]
   90 |   int ok;
      |       ^
/home/user/dev/FreeCAD/src/3rdParty/coin/src/threads/condvar.cpp:153:7: warning: variable 'ok' set but not used [-Wunused-but-set-variable]
  153 |   int ok;
      |       ^
/home/user/dev/FreeCAD/src/3rdParty/coin/src/threads/condvar.cpp:164:7: warning: variable 'ok' set but not used [-Wunused-but-set-variable]
  164 |   int ok;
      |       ^
5 warnings generated.
In file included from /home/user/dev/FreeCAD/src/3rdParty/coin/src/threads/worker.cpp:55:
In file included from /home/user/dev/FreeCAD/src/3rdParty/coin/src/threads/workerp.h:43:
/home/user/dev/FreeCAD/build/clang-profile/src/3rdParty/coin/src/config.h:137:9: warning: 'HAVE_FREETYPE' macro redefined [-Wmacro-redefined]
  137 | #define HAVE_FREETYPE
      |         ^
<command line>:9:9: note: previous definition is here
    9 | #define HAVE_FREETYPE 1
      |         ^
1 warning generated.
In file included from /home/user/dev/FreeCAD/src/3rdParty/coin/src/threads/wpool.cpp:55:
In file included from /home/user/dev/FreeCAD/src/3rdParty/coin/src/threads/wpoolp.h:44:
/home/user/dev/FreeCAD/build/clang-profile/src/3rdParty/coin/src/config.h:137:9: warning: 'HAVE_FREETYPE' macro redefined [-Wmacro-redefined]
  137 | #define HAVE_FREETYPE
      |         ^
<command line>:9:9: note: previous definition is here
    9 | #define HAVE_FREETYPE 1
      |         ^
1 warning generated.
In file included from /home/user/dev/FreeCAD/src/3rdParty/coin/src/threads/recmutex.cpp:56:
In file included from /home/user/dev/FreeCAD/src/3rdParty/coin/src/threads/recmutexp.h:42:
In file included from /home/user/dev/FreeCAD/src/3rdParty/coin/src/threads/mutexp.h:41:
/home/user/dev/FreeCAD/build/clang-profile/src/3rdParty/coin/src/config.h:137:9: warning: 'HAVE_FREETYPE' macro redefined [-Wmacro-redefined]
  137 | #define HAVE_FREETYPE
      |         ^
<command line>:9:9: note: previous definition is here
    9 | #define HAVE_FREETYPE 1
      |         ^
1 warning generated.
In file included from /home/user/dev/FreeCAD/src/3rdParty/coin/src/threads/sync.cpp:34:
In file included from /home/user/dev/FreeCAD/src/3rdParty/coin/src/coindefs.h:47:
/home/user/dev/FreeCAD/build/clang-profile/src/3rdParty/coin/src/config.h:137:9: warning: 'HAVE_FREETYPE' macro redefined [-Wmacro-redefined]
  137 | #define HAVE_FREETYPE
      |         ^
<command line>:9:9: note: previous definition is here
    9 | #define HAVE_FREETYPE 1
      |         ^
1 warning generated.
In file included from /home/user/dev/FreeCAD/src/3rdParty/coin/src/threads/fifo.cpp:54:
In file included from /home/user/dev/FreeCAD/src/3rdParty/coin/src/threads/fifop.h:43:
/home/user/dev/FreeCAD/build/clang-profile/src/3rdParty/coin/src/config.h:137:9: warning: 'HAVE_FREETYPE' macro redefined [-Wmacro-redefined]
  137 | #define HAVE_FREETYPE
      |         ^
<command line>:9:9: note: previous definition is here
    9 | #define HAVE_FREETYPE 1
      |         ^
1 warning generated.
In file included from /home/user/dev/FreeCAD/src/3rdParty/coin/src/threads/sched.cpp:50:
/home/user/dev/FreeCAD/build/clang-profile/src/3rdParty/coin/src/config.h:137:9: warning: 'HAVE_FREETYPE' macro redefined [-Wmacro-redefined]
  137 | #define HAVE_FREETYPE
      |         ^
<command line>:9:9: note: previous definition is here
    9 | #define HAVE_FREETYPE 1
      |         ^
1 warning generated.
In file included from /home/user/dev/FreeCAD/src/3rdParty/coin/src/threads/barrier.cpp:54:
In file included from /home/user/dev/FreeCAD/src/3rdParty/coin/src/threads/barrierp.h:43:
/home/user/dev/FreeCAD/build/clang-profile/src/3rdParty/coin/src/config.h:137:9: warning: 'HAVE_FREETYPE' macro redefined [-Wmacro-redefined]
  137 | #define HAVE_FREETYPE
      |         ^
<command line>:9:9: note: previous definition is here
    9 | #define HAVE_FREETYPE 1
      |         ^
1 warning generated.
In file included from /home/user/dev/FreeCAD/src/3rdParty/coin/src/shaders/SoFragmentShader.cpp:61:
In file included from /home/user/dev/FreeCAD/src/3rdParty/coin/src/glue/glp.h:41:
/home/user/dev/FreeCAD/build/clang-profile/src/3rdParty/coin/src/config.h:137:9: warning: 'HAVE_FREETYPE' macro redefined [-Wmacro-redefined]
  137 | #define HAVE_FREETYPE
      |         ^
<command line>:9:9: note: previous definition is here
    9 | #define HAVE_FREETYPE 1
      |         ^
1 warning generated.
In file included from /home/user/dev/FreeCAD/src/3rdParty/coin/src/shaders/SoGLARBShaderParameter.cpp:35:
In file included from /home/user/dev/FreeCAD/src/3rdParty/coin/src/coindefs.h:47:
/home/user/dev/FreeCAD/build/clang-profile/src/3rdParty/coin/src/config.h:137:9: warning: 'HAVE_FREETYPE' macro redefined [-Wmacro-redefined]
  137 | #define HAVE_FREETYPE
      |         ^
<command line>:9:9: note: previous definition is here
    9 | #define HAVE_FREETYPE 1
      |         ^
1 warning generated.
In file included from /home/user/dev/FreeCAD/src/3rdParty/coin/src/shaders/SoGeometryShader.cpp:140:
In file included from /home/user/dev/FreeCAD/src/3rdParty/coin/src/glue/glp.h:41:
/home/user/dev/FreeCAD/build/clang-profile/src/3rdParty/coin/src/config.h:137:9: warning: 'HAVE_FREETYPE' macro redefined [-Wmacro-redefined]
  137 | #define HAVE_FREETYPE
      |         ^
<command line>:9:9: note: previous definition is here
    9 | #define HAVE_FREETYPE 1
      |         ^
1 warning generated.
In file included from /home/user/dev/FreeCAD/src/3rdParty/coin/src/shaders/SoGLCgShaderObject.cpp:33:
In file included from /home/user/dev/FreeCAD/src/3rdParty/coin/src/shaders/SoGLCgShaderObject.h:46:
In file included from /home/user/dev/FreeCAD/src/3rdParty/coin/src/glue/cg.h:41:
/home/user/dev/FreeCAD/build/clang-profile/src/3rdParty/coin/src/config.h:137:9: warning: 'HAVE_FREETYPE' macro redefined [-Wmacro-redefined]
  137 | #define HAVE_FREETYPE
      |         ^
<command line>:9:9: note: previous definition is here
    9 | #define HAVE_FREETYPE 1
      |         ^
1 warning generated.
In file included from /home/user/dev/FreeCAD/src/3rdParty/coin/src/shaders/SoGLCgShaderParameter.cpp:33:
In file included from /home/user/dev/FreeCAD/src/3rdParty/coin/src/shaders/SoGLCgShaderParameter.h:46:
In file included from /home/user/dev/FreeCAD/src/3rdParty/coin/src/glue/cg.h:41:
/home/user/dev/FreeCAD/build/clang-profile/src/3rdParty/coin/src/config.h:137:9: warning: 'HAVE_FREETYPE' macro redefined [-Wmacro-redefined]
  137 | #define HAVE_FREETYPE
      |         ^
<command line>:9:9: note: previous definition is here
    9 | #define HAVE_FREETYPE 1
      |         ^
1 warning generated.
In file included from /home/user/dev/FreeCAD/src/3rdParty/coin/src/shaders/SoGLCgShaderProgram.cpp:38:
In file included from /home/user/dev/FreeCAD/src/3rdParty/coin/src/shaders/SoGLCgShaderObject.h:46:
In file included from /home/user/dev/FreeCAD/src/3rdParty/coin/src/glue/cg.h:41:
/home/user/dev/FreeCAD/build/clang-profile/src/3rdParty/coin/src/config.h:137:9: warning: 'HAVE_FREETYPE' macro redefined [-Wmacro-redefined]
  137 | #define HAVE_FREETYPE
      |         ^
<command line>:9:9: note: previous definition is here
    9 | #define HAVE_FREETYPE 1
      |         ^
1 warning generated.
In file included from /home/user/dev/FreeCAD/src/3rdParty/coin/src/shaders/SoGLShaderObject.cpp:34:
In file included from /home/user/dev/FreeCAD/src/3rdParty/coin/src/coindefs.h:47:
/home/user/dev/FreeCAD/build/clang-profile/src/3rdParty/coin/src/config.h:137:9: warning: 'HAVE_FREETYPE' macro redefined [-Wmacro-redefined]
  137 | #define HAVE_FREETYPE
      |         ^
<command line>:9:9: note: previous definition is here
    9 | #define HAVE_FREETYPE 1
      |         ^
1 warning generated.
In file included from /home/user/dev/FreeCAD/src/3rdParty/coin/src/shaders/SoGLSLShaderParameter.cpp:33:
In file included from /home/user/dev/FreeCAD/src/3rdParty/coin/src/shaders/SoGLSLShaderParameter.h:46:
In file included from /home/user/dev/FreeCAD/src/3rdParty/coin/src/glue/glp.h:41:
/home/user/dev/FreeCAD/build/clang-profile/src/3rdParty/coin/src/config.h:137:9: warning: 'HAVE_FREETYPE' macro redefined [-Wmacro-redefined]
  137 | #define HAVE_FREETYPE
      |         ^
<command line>:9:9: note: previous definition is here
    9 | #define HAVE_FREETYPE 1
      |         ^
1 warning generated.
In file included from /home/user/dev/FreeCAD/src/3rdParty/coin/src/shaders/SoGLShaderParameter.cpp:38:
In file included from /home/user/dev/FreeCAD/src/3rdParty/coin/src/shaders/SoGLCgShaderParameter.h:46:
In file included from /home/user/dev/FreeCAD/src/3rdParty/coin/src/glue/cg.h:41:
/home/user/dev/FreeCAD/build/clang-profile/src/3rdParty/coin/src/config.h:137:9: warning: 'HAVE_FREETYPE' macro redefined [-Wmacro-redefined]
  137 | #define HAVE_FREETYPE
      |         ^
<command line>:9:9: note: previous definition is here
    9 | #define HAVE_FREETYPE 1
      |         ^
1 warning generated.
In file included from /home/user/dev/FreeCAD/src/3rdParty/coin/src/shaders/SoGLSLShaderProgram.cpp:33:
In file included from /home/user/dev/FreeCAD/src/3rdParty/coin/src/shaders/SoGLSLShaderProgram.h:44:
In file included from /home/user/dev/FreeCAD/src/3rdParty/coin/src/misc/SbHash.h:59:
In file included from /home/user/dev/FreeCAD/src/3rdParty/coin/src/coindefs.h:47:
/home/user/dev/FreeCAD/build/clang-profile/src/3rdParty/coin/src/config.h:137:9: warning: 'HAVE_FREETYPE' macro redefined [-Wmacro-redefined]
  137 | #define HAVE_FREETYPE
      |         ^
<command line>:9:9: note: previous definition is here
    9 | #define HAVE_FREETYPE 1
      |         ^
1 warning generated.
In file included from /home/user/dev/FreeCAD/src/3rdParty/coin/src/shaders/SoGLShaderProgram.cpp:40:
In file included from /home/user/dev/FreeCAD/src/3rdParty/coin/src/shaders/SoGLSLShaderProgram.h:44:
In file included from /home/user/dev/FreeCAD/src/3rdParty/coin/src/misc/SbHash.h:59:
In file included from /home/user/dev/FreeCAD/src/3rdParty/coin/src/coindefs.h:47:
/home/user/dev/FreeCAD/build/clang-profile/src/3rdParty/coin/src/config.h:137:9: warning: 'HAVE_FREETYPE' macro redefined [-Wmacro-redefined]
  137 | #define HAVE_FREETYPE
      |         ^
<command line>:9:9: note: previous definition is here
    9 | #define HAVE_FREETYPE 1
      |         ^
1 warning generated.
In file included from /home/user/dev/FreeCAD/src/3rdParty/coin/src/shaders/SoShaderProgram.cpp:205:
In file included from /home/user/dev/FreeCAD/src/3rdParty/coin/src/coindefs.h:47:
/home/user/dev/FreeCAD/build/clang-profile/src/3rdParty/coin/src/config.h:137:9: warning: 'HAVE_FREETYPE' macro redefined [-Wmacro-redefined]
  137 | #define HAVE_FREETYPE
      |         ^
<command line>:9:9: note: previous definition is here
    9 | #define HAVE_FREETYPE 1
      |         ^
1 warning generated.
In file included from /home/user/dev/FreeCAD/src/3rdParty/coin/src/shaders/SoGLSLShaderObject.cpp:33:
In file included from /home/user/dev/FreeCAD/src/3rdParty/coin/src/shaders/SoGLSLShaderObject.h:44:
In file included from /home/user/dev/FreeCAD/src/3rdParty/coin/src/glue/glp.h:41:
/home/user/dev/FreeCAD/build/clang-profile/src/3rdParty/coin/src/config.h:137:9: warning: 'HAVE_FREETYPE' macro redefined [-Wmacro-redefined]
  137 | #define HAVE_FREETYPE
      |         ^
<command line>:9:9: note: previous definition is here
    9 | #define HAVE_FREETYPE 1
      |         ^
1 warning generated.
In file included from /home/user/dev/FreeCAD/src/3rdParty/coin/src/shaders/SoVertexShader.cpp:61:
In file included from /home/user/dev/FreeCAD/src/3rdParty/coin/src/glue/glp.h:41:
/home/user/dev/FreeCAD/build/clang-profile/src/3rdParty/coin/src/config.h:137:9: warning: 'HAVE_FREETYPE' macro redefined [-Wmacro-redefined]
  137 | #define HAVE_FREETYPE
      |         ^
<command line>:9:9: note: previous definition is here
    9 | #define HAVE_FREETYPE 1
      |         ^
1 warning generated.
In file included from /home/user/dev/FreeCAD/src/3rdParty/coin/src/shaders/SoShaderObject.cpp:127:
In file included from /home/user/dev/FreeCAD/src/3rdParty/coin/src/misc/SbHash.h:59:
In file included from /home/user/dev/FreeCAD/src/3rdParty/coin/src/coindefs.h:47:
/home/user/dev/FreeCAD/build/clang-profile/src/3rdParty/coin/src/config.h:137:9: warning: 'HAVE_FREETYPE' macro redefined [-Wmacro-redefined]
  137 | #define HAVE_FREETYPE
      |         ^
<command line>:9:9: note: previous definition is here
    9 | #define HAVE_FREETYPE 1
      |         ^
1 warning generated.
In file included from /home/user/dev/FreeCAD/src/3rdParty/coin/src/shaders/SoShader.cpp:196:
In file included from /home/user/dev/FreeCAD/src/3rdParty/coin/src/glue/cg.h:41:
/home/user/dev/FreeCAD/build/clang-profile/src/3rdParty/coin/src/config.h:137:9: warning: 'HAVE_FREETYPE' macro redefined [-Wmacro-redefined]
  137 | #define HAVE_FREETYPE
      |         ^
<command line>:9:9: note: previous definition is here
    9 | #define HAVE_FREETYPE 1
      |         ^
1 warning generated.
In file included from /home/user/dev/FreeCAD/src/3rdParty/coin/src/profiler/SoProfilingReportGenerator.cpp:34:
In file included from /home/user/dev/FreeCAD/src/3rdParty/coin/src/coindefs.h:47:
/home/user/dev/FreeCAD/build/clang-profile/src/3rdParty/coin/src/config.h:137:9: warning: 'HAVE_FREETYPE' macro redefined [-Wmacro-redefined]
  137 | #define HAVE_FREETYPE
      |         ^
<command line>:9:9: note: previous definition is here
    9 | #define HAVE_FREETYPE 1
      |         ^
1 warning generated.
In file included from /home/user/dev/FreeCAD/src/3rdParty/coin/src/profiler/SoProfiler.cpp:69:
/home/user/dev/FreeCAD/build/clang-profile/src/3rdParty/coin/src/config.h:137:9: warning: 'HAVE_FREETYPE' macro redefined [-Wmacro-redefined]
  137 | #define HAVE_FREETYPE
      |         ^
<command line>:9:9: note: previous definition is here
    9 | #define HAVE_FREETYPE 1
      |         ^
1 warning generated.
In file included from /home/user/dev/FreeCAD/src/3rdParty/coin/src/shaders/SoShaderParameter.cpp:378:
In file included from /home/user/dev/FreeCAD/src/3rdParty/coin/src/misc/SbHash.h:59:
In file included from /home/user/dev/FreeCAD/src/3rdParty/coin/src/coindefs.h:47:
/home/user/dev/FreeCAD/build/clang-profile/src/3rdParty/coin/src/config.h:137:9: warning: 'HAVE_FREETYPE' macro redefined [-Wmacro-redefined]
  137 | #define HAVE_FREETYPE
      |         ^
<command line>:9:9: note: previous definition is here
    9 | #define HAVE_FREETYPE 1
      |         ^
/home/user/dev/FreeCAD/src/3rdParty/coin/src/shaders/SoShaderParameter.cpp:709:5: warning: variable 'type' is used uninitialized whenever switch default is taken [-Wsometimes-uninitialized]
  709 |     default: assert(0 && "illegal shader type"); break;
      |     ^~~~~~~
/home/user/dev/FreeCAD/src/3rdParty/coin/src/shaders/SoShaderParameter.cpp:723:29: note: uninitialized use occurs here
  723 |     param->setState(shader, type, tform, this->name.getValue().getString());
      |                             ^~~~
/home/user/dev/FreeCAD/src/3rdParty/coin/src/shaders/SoShaderParameter.cpp:703:5: note: variable 'type' is declared here
  703 |     CGGLenum type;
      |     ^
/home/user/dev/FreeCAD/src/3rdParty/coin/src/shaders/SoShaderParameter.cpp:718:5: warning: variable 'tform' is used uninitialized whenever switch default is taken [-Wsometimes-uninitialized]
  718 |     default: assert(0 && "illegal matrix transform type"); break;
      |     ^~~~~~~
/home/user/dev/FreeCAD/src/3rdParty/coin/src/shaders/SoShaderParameter.cpp:723:35: note: uninitialized use occurs here
  723 |     param->setState(shader, type, tform, this->name.getValue().getString());
      |                                   ^~~~~
/home/user/dev/FreeCAD/src/3rdParty/coin/src/shaders/SoShaderParameter.cpp:712:5: note: variable 'tform' is declared here
  712 |     CGGLenum tform;
      |     ^
3 warnings generated.
In file included from /home/user/dev/FreeCAD/src/3rdParty/coin/src/profiler/SoProfilerOverlayKit.cpp:41:
/home/user/dev/FreeCAD/build/clang-profile/src/3rdParty/coin/src/config.h:137:9: warning: 'HAVE_FREETYPE' macro redefined [-Wmacro-redefined]
  137 | #define HAVE_FREETYPE
      |         ^
<command line>:9:9: note: previous definition is here
    9 | #define HAVE_FREETYPE 1
      |         ^
In file included from /home/user/dev/FreeCAD/src/3rdParty/coin/src/profiler/SoProfilerOverlayKit.cpp:46:
/home/user/dev/FreeCAD/src/3rdParty/coin/include/Inventor/annex/Profiler/nodekits/SoProfilerOverlayKit.h:31:34: warning: private field 'pimpl' is not used [-Wunused-private-field]
   31 |   struct SoProfilerOverlayKitP * pimpl;
      |                                  ^
2 warnings generated.
In file included from /home/user/dev/FreeCAD/src/3rdParty/coin/src/profiler/SoProfilerStats.cpp:56:
In file included from /home/user/dev/FreeCAD/src/3rdParty/coin/src/misc/SbHash.h:59:
In file included from /home/user/dev/FreeCAD/src/3rdParty/coin/src/coindefs.h:47:
/home/user/dev/FreeCAD/build/clang-profile/src/3rdParty/coin/src/config.h:137:9: warning: 'HAVE_FREETYPE' macro redefined [-Wmacro-redefined]
  137 | #define HAVE_FREETYPE
      |         ^
<command line>:9:9: note: previous definition is here
    9 | #define HAVE_FREETYPE 1
      |         ^
1 warning generated.
In file included from /home/user/dev/FreeCAD/src/3rdParty/coin/src/profiler/SoProfilerTopKit.cpp:41:
/home/user/dev/FreeCAD/build/clang-profile/src/3rdParty/coin/src/config.h:137:9: warning: 'HAVE_FREETYPE' macro redefined [-Wmacro-redefined]
  137 | #define HAVE_FREETYPE
      |         ^
<command line>:9:9: note: previous definition is here
    9 | #define HAVE_FREETYPE 1
      |         ^
1 warning generated.
In file included from /home/user/dev/FreeCAD/src/3rdParty/coin/src/profiler/SoScrollingGraphKit.cpp:41:
/home/user/dev/FreeCAD/build/clang-profile/src/3rdParty/coin/src/config.h:137:9: warning: 'HAVE_FREETYPE' macro redefined [-Wmacro-redefined]
  137 | #define HAVE_FREETYPE
      |         ^
<command line>:9:9: note: previous definition is here
    9 | #define HAVE_FREETYPE 1
      |         ^
1 warning generated.
In file included from /home/user/dev/FreeCAD/src/3rdParty/coin/src/profiler/SoProfilerVisualizeKit.cpp:41:
/home/user/dev/FreeCAD/build/clang-profile/src/3rdParty/coin/src/config.h:137:9: warning: 'HAVE_FREETYPE' macro redefined [-Wmacro-redefined]
  137 | #define HAVE_FREETYPE
      |         ^
<command line>:9:9: note: previous definition is here
    9 | #define HAVE_FREETYPE 1
      |         ^
1 warning generated.
In file included from /home/user/dev/FreeCAD/src/3rdParty/coin/src/vrml97/AudioClip.cpp:34:
/home/user/dev/FreeCAD/build/clang-profile/src/3rdParty/coin/src/config.h:137:9: warning: 'HAVE_FREETYPE' macro redefined [-Wmacro-redefined]
  137 | #define HAVE_FREETYPE
      |         ^
<command line>:9:9: note: previous definition is here
    9 | #define HAVE_FREETYPE 1
      |         ^
/home/user/dev/FreeCAD/src/3rdParty/coin/src/vrml97/AudioClip.cpp:902:103: warning: unused parameter 'whence' [-Wunused-parameter]
  902 | SoVRMLAudioClipP::internal_seek(void * COIN_UNUSED_ARG(datasource), long COIN_UNUSED_ARG(offset), int whence,
      |                                                                                                       ^
/home/user/dev/FreeCAD/src/3rdParty/coin/src/vrml97/AudioClip.cpp:903:41: warning: unused parameter 'clip' [-Wunused-parameter]
  903 |                        SoVRMLAudioClip *clip)
      |                                         ^
3 warnings generated.
In file included from /home/user/dev/FreeCAD/src/3rdParty/coin/src/vrml97/Anchor.cpp:34:
/home/user/dev/FreeCAD/build/clang-profile/src/3rdParty/coin/src/config.h:137:9: warning: 'HAVE_FREETYPE' macro redefined [-Wmacro-redefined]
  137 | #define HAVE_FREETYPE
      |         ^
<command line>:9:9: note: previous definition is here
    9 | #define HAVE_FREETYPE 1
      |         ^
In file included from /home/user/dev/FreeCAD/src/3rdParty/coin/src/vrml97/Anchor.cpp:186:
/home/user/dev/FreeCAD/src/3rdParty/coin/include/Inventor/VRMLnodes/SoVRMLAnchor.h:74:19: warning: private field 'pimpl' is not used [-Wunused-private-field]
   74 |   SoVRMLAnchorP * pimpl;
      |                   ^
2 warnings generated.
In file included from /home/user/dev/FreeCAD/src/3rdParty/coin/src/profiler/SoNodeVisualize.cpp:43:
/home/user/dev/FreeCAD/build/clang-profile/src/3rdParty/coin/src/config.h:137:9: warning: 'HAVE_FREETYPE' macro redefined [-Wmacro-redefined]
  137 | #define HAVE_FREETYPE
      |         ^
<command line>:9:9: note: previous definition is here
    9 | #define HAVE_FREETYPE 1
      |         ^
/home/user/dev/FreeCAD/src/3rdParty/coin/src/profiler/SoNodeVisualize.cpp:476:58: warning: use of logical '&&' with constant operand [-Wconstant-logical-operand]
  476 |   if(this->node->isOfType(SoSeparator::getClassTypeId()) &&
      |                                                          ^
  477 |      0 // FIXME: larsa
      |      ~
/home/user/dev/FreeCAD/src/3rdParty/coin/src/profiler/SoNodeVisualize.cpp:476:58: note: use '&' for a bitwise operation
  476 |   if(this->node->isOfType(SoSeparator::getClassTypeId()) &&
      |                                                          ^~
      |                                                          &
/home/user/dev/FreeCAD/src/3rdParty/coin/src/profiler/SoNodeVisualize.cpp:476:58: note: remove constant to silence this warning
  476 |   if(this->node->isOfType(SoSeparator::getClassTypeId()) &&
      |                                                          ^~
  477 |      0 // FIXME: larsa
      |      ~
/home/user/dev/FreeCAD/src/3rdParty/coin/src/profiler/SoNodeVisualize.cpp:663:13: warning: unused variable 'point' [-Wunused-variable]
  663 |     SbVec3f point = pp->getPoint();
      |             ^~~~~
3 warnings generated.
In file included from /home/user/dev/FreeCAD/src/3rdParty/coin/src/profiler/SbProfilingData.cpp:48:
In file included from /home/user/dev/FreeCAD/src/3rdParty/coin/src/coindefs.h:47:
/home/user/dev/FreeCAD/build/clang-profile/src/3rdParty/coin/src/config.h:137:9: warning: 'HAVE_FREETYPE' macro redefined [-Wmacro-redefined]
  137 | #define HAVE_FREETYPE
      |         ^
<command line>:9:9: note: previous definition is here
    9 | #define HAVE_FREETYPE 1
      |         ^
/home/user/dev/FreeCAD/src/3rdParty/coin/src/profiler/SbProfilingData.cpp:673:22: warning: unused variable 'parent' [-Wunused-variable]
  673 |   SbProfilingNodeKey parent =
      |                      ^~~~~~
/home/user/dev/FreeCAD/src/3rdParty/coin/src/profiler/SbProfilingData.cpp:675:7: warning: unused variable 'pidx' [-Wunused-variable]
  675 |   int pidx = fullpath->getIndex(pathlen - 2);
      |       ^~~~
/home/user/dev/FreeCAD/src/3rdParty/coin/src/profiler/SbProfilingData.cpp:713:22: warning: unused variable 'parent' [-Wunused-variable]
  713 |   SbProfilingNodeKey parent =
      |                      ^~~~~~
/home/user/dev/FreeCAD/src/3rdParty/coin/src/profiler/SbProfilingData.cpp:715:7: warning: unused variable 'pidx' [-Wunused-variable]
  715 |   int pidx = fullpath->getIndex(pathlen - 2);
      |       ^~~~
5 warnings generated.
In file included from /home/user/dev/FreeCAD/src/3rdParty/coin/src/vrml97/Appearance.cpp:34:
/home/user/dev/FreeCAD/build/clang-profile/src/3rdParty/coin/src/config.h:137:9: warning: 'HAVE_FREETYPE' macro redefined [-Wmacro-redefined]
  137 | #define HAVE_FREETYPE
      |         ^
<command line>:9:9: note: previous definition is here
    9 | #define HAVE_FREETYPE 1
      |         ^
1 warning generated.
In file included from /home/user/dev/FreeCAD/src/3rdParty/coin/src/vrml97/Billboard.cpp:34:
/home/user/dev/FreeCAD/build/clang-profile/src/3rdParty/coin/src/config.h:137:9: warning: 'HAVE_FREETYPE' macro redefined [-Wmacro-redefined]
  137 | #define HAVE_FREETYPE
      |         ^
<command line>:9:9: note: previous definition is here
    9 | #define HAVE_FREETYPE 1
      |         ^
1 warning generated.
In file included from /home/user/dev/FreeCAD/src/3rdParty/coin/src/vrml97/Background.cpp:34:
/home/user/dev/FreeCAD/build/clang-profile/src/3rdParty/coin/src/config.h:137:9: warning: 'HAVE_FREETYPE' macro redefined [-Wmacro-redefined]
  137 | #define HAVE_FREETYPE
      |         ^
<command line>:9:9: note: previous definition is here
    9 | #define HAVE_FREETYPE 1
      |         ^
/home/user/dev/FreeCAD/src/3rdParty/coin/src/vrml97/Background.cpp:658:17: warning: floating-point comparison is always true; constant cannot be represented exactly in type 'float' [-Wliteral-range]
  658 |       if (angle != M_PI)
      |           ~~~~~ ^  ~~~~
2 warnings generated.
In file included from /home/user/dev/FreeCAD/src/3rdParty/coin/src/vrml97/Box.cpp:34:
/home/user/dev/FreeCAD/build/clang-profile/src/3rdParty/coin/src/config.h:137:9: warning: 'HAVE_FREETYPE' macro redefined [-Wmacro-redefined]
  137 | #define HAVE_FREETYPE
      |         ^
<command line>:9:9: note: previous definition is here
    9 | #define HAVE_FREETYPE 1
      |         ^
/home/user/dev/FreeCAD/src/3rdParty/coin/src/vrml97/Box.cpp:199:35: warning: unused parameter 'action' [-Wunused-parameter]
  199 | SoVRMLBox::computeBBox(SoAction * action,
      |                                   ^
2 warnings generated.
In file included from /home/user/dev/FreeCAD/src/3rdParty/coin/src/vrml97/Collision.cpp:34:
/home/user/dev/FreeCAD/build/clang-profile/src/3rdParty/coin/src/config.h:137:9: warning: 'HAVE_FREETYPE' macro redefined [-Wmacro-redefined]
  137 | #define HAVE_FREETYPE
      |         ^
<command line>:9:9: note: previous definition is here
    9 | #define HAVE_FREETYPE 1
      |         ^
In file included from /home/user/dev/FreeCAD/src/3rdParty/coin/src/vrml97/Collision.cpp:152:
/home/user/dev/FreeCAD/src/3rdParty/coin/include/Inventor/VRMLnodes/SoVRMLCollision.h:67:22: warning: private field 'pimpl' is not used [-Wunused-private-field]
   67 |   SoVRMLCollisionP * pimpl;
      |                      ^
2 warnings generated.
In file included from /home/user/dev/FreeCAD/src/3rdParty/coin/src/vrml97/Color.cpp:34:
/home/user/dev/FreeCAD/build/clang-profile/src/3rdParty/coin/src/config.h:137:9: warning: 'HAVE_FREETYPE' macro redefined [-Wmacro-redefined]
  137 | #define HAVE_FREETYPE
      |         ^
<command line>:9:9: note: previous definition is here
    9 | #define HAVE_FREETYPE 1
      |         ^
1 warning generated.
In file included from /home/user/dev/FreeCAD/src/3rdParty/coin/src/vrml97/ColorInterpolator.cpp:34:
/home/user/dev/FreeCAD/build/clang-profile/src/3rdParty/coin/src/config.h:137:9: warning: 'HAVE_FREETYPE' macro redefined [-Wmacro-redefined]
  137 | #define HAVE_FREETYPE
      |         ^
<command line>:9:9: note: previous definition is here
    9 | #define HAVE_FREETYPE 1
      |         ^
1 warning generated.
In file included from /home/user/dev/FreeCAD/src/3rdParty/coin/src/vrml97/Coordinate.cpp:34:
/home/user/dev/FreeCAD/build/clang-profile/src/3rdParty/coin/src/config.h:137:9: warning: 'HAVE_FREETYPE' macro redefined [-Wmacro-redefined]
  137 | #define HAVE_FREETYPE
      |         ^
<command line>:9:9: note: previous definition is here
    9 | #define HAVE_FREETYPE 1
      |         ^
1 warning generated.
In file included from /home/user/dev/FreeCAD/src/3rdParty/coin/src/vrml97/Cone.cpp:34:
/home/user/dev/FreeCAD/build/clang-profile/src/3rdParty/coin/src/config.h:137:9: warning: 'HAVE_FREETYPE' macro redefined [-Wmacro-redefined]
  137 | #define HAVE_FREETYPE
      |         ^
<command line>:9:9: note: previous definition is here
    9 | #define HAVE_FREETYPE 1
      |         ^
1 warning generated.
In file included from /home/user/dev/FreeCAD/src/3rdParty/coin/src/vrml97/CoordinateInterpolator.cpp:34:
/home/user/dev/FreeCAD/build/clang-profile/src/3rdParty/coin/src/config.h:137:9: warning: 'HAVE_FREETYPE' macro redefined [-Wmacro-redefined]
  137 | #define HAVE_FREETYPE
      |         ^
<command line>:9:9: note: previous definition is here
    9 | #define HAVE_FREETYPE 1
      |         ^
1 warning generated.
In file included from /home/user/dev/FreeCAD/src/3rdParty/coin/src/vrml97/CylinderSensor.cpp:34:
/home/user/dev/FreeCAD/build/clang-profile/src/3rdParty/coin/src/config.h:137:9: warning: 'HAVE_FREETYPE' macro redefined [-Wmacro-redefined]
  137 | #define HAVE_FREETYPE
      |         ^
<command line>:9:9: note: previous definition is here
    9 | #define HAVE_FREETYPE 1
      |         ^
1 warning generated.
In file included from /home/user/dev/FreeCAD/src/3rdParty/coin/src/vrml97/DragSensor.cpp:34:
/home/user/dev/FreeCAD/build/clang-profile/src/3rdParty/coin/src/config.h:137:9: warning: 'HAVE_FREETYPE' macro redefined [-Wmacro-redefined]
  137 | #define HAVE_FREETYPE
      |         ^
<command line>:9:9: note: previous definition is here
    9 | #define HAVE_FREETYPE 1
      |         ^
1 warning generated.
In file included from /home/user/dev/FreeCAD/src/3rdParty/coin/src/vrml97/Cylinder.cpp:34:
/home/user/dev/FreeCAD/build/clang-profile/src/3rdParty/coin/src/config.h:137:9: warning: 'HAVE_FREETYPE' macro redefined [-Wmacro-redefined]
  137 | #define HAVE_FREETYPE
      |         ^
<command line>:9:9: note: previous definition is here
    9 | #define HAVE_FREETYPE 1
      |         ^
1 warning generated.
In file included from /home/user/dev/FreeCAD/src/3rdParty/coin/src/vrml97/DirectionalLight.cpp:34:
/home/user/dev/FreeCAD/build/clang-profile/src/3rdParty/coin/src/config.h:137:9: warning: 'HAVE_FREETYPE' macro redefined [-Wmacro-redefined]
  137 | #define HAVE_FREETYPE
      |         ^
<command line>:9:9: note: previous definition is here
    9 | #define HAVE_FREETYPE 1
      |         ^
1 warning generated.
In file included from /home/user/dev/FreeCAD/src/3rdParty/coin/src/vrml97/Fog.cpp:34:
/home/user/dev/FreeCAD/build/clang-profile/src/3rdParty/coin/src/config.h:137:9: warning: 'HAVE_FREETYPE' macro redefined [-Wmacro-redefined]
  137 | #define HAVE_FREETYPE
      |         ^
<command line>:9:9: note: previous definition is here
    9 | #define HAVE_FREETYPE 1
      |         ^
1 warning generated.
In file included from /home/user/dev/FreeCAD/src/3rdParty/coin/src/vrml97/FontStyle.cpp:34:
/home/user/dev/FreeCAD/build/clang-profile/src/3rdParty/coin/src/config.h:137:9: warning: 'HAVE_FREETYPE' macro redefined [-Wmacro-redefined]
  137 | #define HAVE_FREETYPE
      |         ^
<command line>:9:9: note: previous definition is here
    9 | #define HAVE_FREETYPE 1
      |         ^
In file included from /home/user/dev/FreeCAD/src/3rdParty/coin/src/vrml97/FontStyle.cpp:261:
/home/user/dev/FreeCAD/src/3rdParty/coin/include/Inventor/VRMLnodes/SoVRMLFontStyle.h:95:22: warning: private field 'pimpl' is not used [-Wunused-private-field]
   95 |   SoVRMLFontStyleP * pimpl;
      |                      ^
2 warnings generated.
In file included from /home/user/dev/FreeCAD/src/3rdParty/coin/src/vrml97/ElevationGrid.cpp:34:
/home/user/dev/FreeCAD/build/clang-profile/src/3rdParty/coin/src/config.h:137:9: warning: 'HAVE_FREETYPE' macro redefined [-Wmacro-redefined]
  137 | #define HAVE_FREETYPE
      |         ^
<command line>:9:9: note: previous definition is here
    9 | #define HAVE_FREETYPE 1
      |         ^
1 warning generated.
In file included from /home/user/dev/FreeCAD/src/3rdParty/coin/src/vrml97/Extrusion.cpp:34:
/home/user/dev/FreeCAD/build/clang-profile/src/3rdParty/coin/src/config.h:137:9: warning: 'HAVE_FREETYPE' macro redefined [-Wmacro-redefined]
  137 | #define HAVE_FREETYPE
      |         ^
<command line>:9:9: note: previous definition is here
    9 | #define HAVE_FREETYPE 1
      |         ^
1 warning generated.
In file included from /home/user/dev/FreeCAD/src/3rdParty/coin/src/vrml97/Geometry.cpp:34:
/home/user/dev/FreeCAD/build/clang-profile/src/3rdParty/coin/src/config.h:137:9: warning: 'HAVE_FREETYPE' macro redefined [-Wmacro-redefined]
  137 | #define HAVE_FREETYPE
      |         ^
<command line>:9:9: note: previous definition is here
    9 | #define HAVE_FREETYPE 1
      |         ^
1 warning generated.
In file included from /home/user/dev/FreeCAD/src/3rdParty/coin/src/vrml97/ImageTexture.cpp:34:
/home/user/dev/FreeCAD/build/clang-profile/src/3rdParty/coin/src/config.h:137:9: warning: 'HAVE_FREETYPE' macro redefined [-Wmacro-redefined]
  137 | #define HAVE_FREETYPE
      |         ^
<command line>:9:9: note: previous definition is here
    9 | #define HAVE_FREETYPE 1
      |         ^
/home/user/dev/FreeCAD/src/3rdParty/coin/src/vrml97/ImageTexture.cpp:735:72: warning: unused parameter 'image' [-Wunused-parameter]
  735 | SoVRMLImageTexture::image_read_cb(const SbString & filename, SbImage * image, void * closure)
      |                                                                        ^
2 warnings generated.
In file included from /home/user/dev/FreeCAD/src/3rdParty/coin/src/vrml97/IndexedLine.cpp:34:
/home/user/dev/FreeCAD/build/clang-profile/src/3rdParty/coin/src/config.h:137:9: warning: 'HAVE_FREETYPE' macro redefined [-Wmacro-redefined]
  137 | #define HAVE_FREETYPE
      |         ^
<command line>:9:9: note: previous definition is here
    9 | #define HAVE_FREETYPE 1
      |         ^
/home/user/dev/FreeCAD/src/3rdParty/coin/src/vrml97/IndexedLine.cpp:90:7: warning: unused variable 'numCoords' [-Wunused-variable]
   90 |   int numCoords = node->point.getNum();
      |       ^~~~~~~~~
2 warnings generated.
In file included from /home/user/dev/FreeCAD/src/3rdParty/coin/src/vrml97/Group.cpp:34:
/home/user/dev/FreeCAD/build/clang-profile/src/3rdParty/coin/src/config.h:137:9: warning: 'HAVE_FREETYPE' macro redefined [-Wmacro-redefined]
  137 | #define HAVE_FREETYPE
      |         ^
<command line>:9:9: note: previous definition is here
    9 | #define HAVE_FREETYPE 1
      |         ^
1 warning generated.
In file included from /home/user/dev/FreeCAD/src/3rdParty/coin/src/vrml97/IndexedFaceSet.cpp:34:
/home/user/dev/FreeCAD/build/clang-profile/src/3rdParty/coin/src/config.h:137:9: warning: 'HAVE_FREETYPE' macro redefined [-Wmacro-redefined]
  137 | #define HAVE_FREETYPE
      |         ^
<command line>:9:9: note: previous definition is here
    9 | #define HAVE_FREETYPE 1
      |         ^
1 warning generated.
In file included from /home/user/dev/FreeCAD/src/3rdParty/coin/src/vrml97/IndexedShape.cpp:34:
/home/user/dev/FreeCAD/build/clang-profile/src/3rdParty/coin/src/config.h:137:9: warning: 'HAVE_FREETYPE' macro redefined [-Wmacro-redefined]
  137 | #define HAVE_FREETYPE
      |         ^
<command line>:9:9: note: previous definition is here
    9 | #define HAVE_FREETYPE 1
      |         ^
1 warning generated.
In file included from /home/user/dev/FreeCAD/src/3rdParty/coin/src/vrml97/IndexedLineSet.cpp:34:
/home/user/dev/FreeCAD/build/clang-profile/src/3rdParty/coin/src/config.h:137:9: warning: 'HAVE_FREETYPE' macro redefined [-Wmacro-redefined]
  137 | #define HAVE_FREETYPE
      |         ^
<command line>:9:9: note: previous definition is here
    9 | #define HAVE_FREETYPE 1
      |         ^
1 warning generated.
In file included from /home/user/dev/FreeCAD/src/3rdParty/coin/src/vrml97/Interpolator.cpp:34:
/home/user/dev/FreeCAD/build/clang-profile/src/3rdParty/coin/src/config.h:137:9: warning: 'HAVE_FREETYPE' macro redefined [-Wmacro-redefined]
  137 | #define HAVE_FREETYPE
      |         ^
<command line>:9:9: note: previous definition is here
    9 | #define HAVE_FREETYPE 1
      |         ^
1 warning generated.
In file included from /home/user/dev/FreeCAD/src/3rdParty/coin/src/vrml97/Init.cpp:34:
/home/user/dev/FreeCAD/build/clang-profile/src/3rdParty/coin/src/config.h:137:9: warning: 'HAVE_FREETYPE' macro redefined [-Wmacro-redefined]
  137 | #define HAVE_FREETYPE
      |         ^
<command line>:9:9: note: previous definition is here
    9 | #define HAVE_FREETYPE 1
      |         ^
1 warning generated.
In file included from /home/user/dev/FreeCAD/src/3rdParty/coin/src/vrml97/NavigationInfo.cpp:34:
/home/user/dev/FreeCAD/build/clang-profile/src/3rdParty/coin/src/config.h:137:9: warning: 'HAVE_FREETYPE' macro redefined [-Wmacro-redefined]
  137 | #define HAVE_FREETYPE
      |         ^
<command line>:9:9: note: previous definition is here
    9 | #define HAVE_FREETYPE 1
      |         ^
In file included from /home/user/dev/FreeCAD/src/3rdParty/coin/src/vrml97/NavigationInfo.cpp:256:
/home/user/dev/FreeCAD/src/3rdParty/coin/include/Inventor/VRMLnodes/SoVRMLNavigationInfo.h:69:27: warning: private field 'pimpl' is not used [-Wunused-private-field]
   69 |   SoVRMLNavigationInfoP * pimpl;
      |                           ^
2 warnings generated.
In file included from /home/user/dev/FreeCAD/src/3rdParty/coin/src/vrml97/Inline.cpp:34:
/home/user/dev/FreeCAD/build/clang-profile/src/3rdParty/coin/src/config.h:137:9: warning: 'HAVE_FREETYPE' macro redefined [-Wmacro-redefined]
  137 | #define HAVE_FREETYPE
      |         ^
<command line>:9:9: note: previous definition is here
    9 | #define HAVE_FREETYPE 1
      |         ^
1 warning generated.
In file included from /home/user/dev/FreeCAD/src/3rdParty/coin/src/vrml97/Light.cpp:34:
/home/user/dev/FreeCAD/build/clang-profile/src/3rdParty/coin/src/config.h:137:9: warning: 'HAVE_FREETYPE' macro redefined [-Wmacro-redefined]
  137 | #define HAVE_FREETYPE
      |         ^
<command line>:9:9: note: previous definition is here
    9 | #define HAVE_FREETYPE 1
      |         ^
1 warning generated.
In file included from /home/user/dev/FreeCAD/src/3rdParty/coin/src/vrml97/MovieTexture.cpp:34:
/home/user/dev/FreeCAD/build/clang-profile/src/3rdParty/coin/src/config.h:137:9: warning: 'HAVE_FREETYPE' macro redefined [-Wmacro-redefined]
  137 | #define HAVE_FREETYPE
      |         ^
<command line>:9:9: note: previous definition is here
    9 | #define HAVE_FREETYPE 1
      |         ^
In file included from /home/user/dev/FreeCAD/src/3rdParty/coin/src/vrml97/MovieTexture.cpp:174:
/home/user/dev/FreeCAD/src/3rdParty/coin/include/Inventor/VRMLnodes/SoVRMLMovieTexture.h:76:25: warning: private field 'pimpl' is not used [-Wunused-private-field]
   76 |   SoVRMLMovieTextureP * pimpl;
      |                         ^
2 warnings generated.
In file included from /home/user/dev/FreeCAD/src/3rdParty/coin/src/vrml97/LOD.cpp:34:
/home/user/dev/FreeCAD/build/clang-profile/src/3rdParty/coin/src/config.h:137:9: warning: 'HAVE_FREETYPE' macro redefined [-Wmacro-redefined]
  137 | #define HAVE_FREETYPE
      |         ^
<command line>:9:9: note: previous definition is here
    9 | #define HAVE_FREETYPE 1
      |         ^
1 warning generated.
In file included from /home/user/dev/FreeCAD/src/3rdParty/coin/src/vrml97/Material.cpp:34:
/home/user/dev/FreeCAD/build/clang-profile/src/3rdParty/coin/src/config.h:137:9: warning: 'HAVE_FREETYPE' macro redefined [-Wmacro-redefined]
  137 | #define HAVE_FREETYPE
      |         ^
<command line>:9:9: note: previous definition is here
    9 | #define HAVE_FREETYPE 1
      |         ^
1 warning generated.
In file included from /home/user/dev/FreeCAD/src/3rdParty/coin/src/vrml97/Normal.cpp:34:
/home/user/dev/FreeCAD/build/clang-profile/src/3rdParty/coin/src/config.h:137:9: warning: 'HAVE_FREETYPE' macro redefined [-Wmacro-redefined]
  137 | #define HAVE_FREETYPE
      |         ^
<command line>:9:9: note: previous definition is here
    9 | #define HAVE_FREETYPE 1
      |         ^
1 warning generated.
In file included from /home/user/dev/FreeCAD/src/3rdParty/coin/src/vrml97/Parent.cpp:34:
/home/user/dev/FreeCAD/build/clang-profile/src/3rdParty/coin/src/config.h:137:9: warning: 'HAVE_FREETYPE' macro redefined [-Wmacro-redefined]
  137 | #define HAVE_FREETYPE
      |         ^
<command line>:9:9: note: previous definition is here
    9 | #define HAVE_FREETYPE 1
      |         ^
1 warning generated.
In file included from /home/user/dev/FreeCAD/src/3rdParty/coin/src/vrml97/NormalInterpolator.cpp:34:
/home/user/dev/FreeCAD/build/clang-profile/src/3rdParty/coin/src/config.h:137:9: warning: 'HAVE_FREETYPE' macro redefined [-Wmacro-redefined]
  137 | #define HAVE_FREETYPE
      |         ^
<command line>:9:9: note: previous definition is here
    9 | #define HAVE_FREETYPE 1
      |         ^
1 warning generated.
In file included from /home/user/dev/FreeCAD/src/3rdParty/coin/src/vrml97/OrientationInterpolator.cpp:34:
/home/user/dev/FreeCAD/build/clang-profile/src/3rdParty/coin/src/config.h:137:9: warning: 'HAVE_FREETYPE' macro redefined [-Wmacro-redefined]
  137 | #define HAVE_FREETYPE
      |         ^
<command line>:9:9: note: previous definition is here
    9 | #define HAVE_FREETYPE 1
      |         ^
1 warning generated.
In file included from /home/user/dev/FreeCAD/src/3rdParty/coin/src/vrml97/PixelTexture.cpp:34:
/home/user/dev/FreeCAD/build/clang-profile/src/3rdParty/coin/src/config.h:137:9: warning: 'HAVE_FREETYPE' macro redefined [-Wmacro-redefined]
  137 | #define HAVE_FREETYPE
      |         ^
<command line>:9:9: note: previous definition is here
    9 | #define HAVE_FREETYPE 1
      |         ^
1 warning generated.
In file included from /home/user/dev/FreeCAD/src/3rdParty/coin/src/vrml97/PlaneSensor.cpp:34:
/home/user/dev/FreeCAD/build/clang-profile/src/3rdParty/coin/src/config.h:137:9: warning: 'HAVE_FREETYPE' macro redefined [-Wmacro-redefined]
  137 | #define HAVE_FREETYPE
      |         ^
<command line>:9:9: note: previous definition is here
    9 | #define HAVE_FREETYPE 1
      |         ^
1 warning generated.
In file included from /home/user/dev/FreeCAD/src/3rdParty/coin/src/vrml97/ScalarInterpolator.cpp:34:
/home/user/dev/FreeCAD/build/clang-profile/src/3rdParty/coin/src/config.h:137:9: warning: 'HAVE_FREETYPE' macro redefined [-Wmacro-redefined]
  137 | #define HAVE_FREETYPE
      |         ^
<command line>:9:9: note: previous definition is here
    9 | #define HAVE_FREETYPE 1
      |         ^
1 warning generated.
In file included from /home/user/dev/FreeCAD/src/3rdParty/coin/src/vrml97/PointLight.cpp:34:
/home/user/dev/FreeCAD/build/clang-profile/src/3rdParty/coin/src/config.h:137:9: warning: 'HAVE_FREETYPE' macro redefined [-Wmacro-redefined]
  137 | #define HAVE_FREETYPE
      |         ^
<command line>:9:9: note: previous definition is here
    9 | #define HAVE_FREETYPE 1
      |         ^
1 warning generated.
In file included from /home/user/dev/FreeCAD/src/3rdParty/coin/src/vrml97/Script.cpp:44:
/home/user/dev/FreeCAD/build/clang-profile/src/3rdParty/coin/src/config.h:137:9: warning: 'HAVE_FREETYPE' macro redefined [-Wmacro-redefined]
  137 | #define HAVE_FREETYPE
      |         ^
<command line>:9:9: note: previous definition is here
    9 | #define HAVE_FREETYPE 1
      |         ^
/home/user/dev/FreeCAD/src/3rdParty/coin/src/vrml97/Script.cpp:589:14: warning: unused variable 'ok' [-Wunused-variable]
  589 |       SbBool ok = this->getFieldName(f, name);
      |              ^~
2 warnings generated.
In file included from /home/user/dev/FreeCAD/src/3rdParty/coin/src/vrml97/PointSet.cpp:34:
/home/user/dev/FreeCAD/build/clang-profile/src/3rdParty/coin/src/config.h:137:9: warning: 'HAVE_FREETYPE' macro redefined [-Wmacro-redefined]
  137 | #define HAVE_FREETYPE
      |         ^
<command line>:9:9: note: previous definition is here
    9 | #define HAVE_FREETYPE 1
      |         ^
1 warning generated.
In file included from /home/user/dev/FreeCAD/src/3rdParty/coin/src/vrml97/Sensor.cpp:34:
/home/user/dev/FreeCAD/build/clang-profile/src/3rdParty/coin/src/config.h:137:9: warning: 'HAVE_FREETYPE' macro redefined [-Wmacro-redefined]
  137 | #define HAVE_FREETYPE
      |         ^
<command line>:9:9: note: previous definition is here
    9 | #define HAVE_FREETYPE 1
      |         ^
1 warning generated.
In file included from /home/user/dev/FreeCAD/src/3rdParty/coin/src/vrml97/PositionInterpolator.cpp:34:
/home/user/dev/FreeCAD/build/clang-profile/src/3rdParty/coin/src/config.h:137:9: warning: 'HAVE_FREETYPE' macro redefined [-Wmacro-redefined]
  137 | #define HAVE_FREETYPE
      |         ^
<command line>:9:9: note: previous definition is here
    9 | #define HAVE_FREETYPE 1
      |         ^
1 warning generated.
In file included from /home/user/dev/FreeCAD/src/3rdParty/coin/src/vrml97/ProximitySensor.cpp:34:
/home/user/dev/FreeCAD/build/clang-profile/src/3rdParty/coin/src/config.h:137:9: warning: 'HAVE_FREETYPE' macro redefined [-Wmacro-redefined]
  137 | #define HAVE_FREETYPE
      |         ^
<command line>:9:9: note: previous definition is here
    9 | #define HAVE_FREETYPE 1
      |         ^
1 warning generated.
In file included from /home/user/dev/FreeCAD/src/3rdParty/coin/src/vrml97/Texture.cpp:34:
/home/user/dev/FreeCAD/build/clang-profile/src/3rdParty/coin/src/config.h:137:9: warning: 'HAVE_FREETYPE' macro redefined [-Wmacro-redefined]
  137 | #define HAVE_FREETYPE
      |         ^
<command line>:9:9: note: previous definition is here
    9 | #define HAVE_FREETYPE 1
      |         ^
1 warning generated.
In file included from /home/user/dev/FreeCAD/src/3rdParty/coin/src/vrml97/Shape.cpp:34:
/home/user/dev/FreeCAD/build/clang-profile/src/3rdParty/coin/src/config.h:137:9: warning: 'HAVE_FREETYPE' macro redefined [-Wmacro-redefined]
  137 | #define HAVE_FREETYPE
      |         ^
<command line>:9:9: note: previous definition is here
    9 | #define HAVE_FREETYPE 1
      |         ^
1 warning generated.
In file included from /home/user/dev/FreeCAD/src/3rdParty/coin/src/vrml97/SphereSensor.cpp:34:
/home/user/dev/FreeCAD/build/clang-profile/src/3rdParty/coin/src/config.h:137:9: warning: 'HAVE_FREETYPE' macro redefined [-Wmacro-redefined]
  137 | #define HAVE_FREETYPE
      |         ^
<command line>:9:9: note: previous definition is here
    9 | #define HAVE_FREETYPE 1
      |         ^
1 warning generated.
In file included from /home/user/dev/FreeCAD/src/3rdParty/coin/src/vrml97/Sound.cpp:34:
/home/user/dev/FreeCAD/build/clang-profile/src/3rdParty/coin/src/config.h:137:9: warning: 'HAVE_FREETYPE' macro redefined [-Wmacro-redefined]
  137 | #define HAVE_FREETYPE
      |         ^
<command line>:9:9: note: previous definition is here
    9 | #define HAVE_FREETYPE 1
      |         ^
1 warning generated.
In file included from /home/user/dev/FreeCAD/src/3rdParty/coin/src/vrml97/Sphere.cpp:34:
/home/user/dev/FreeCAD/build/clang-profile/src/3rdParty/coin/src/config.h:137:9: warning: 'HAVE_FREETYPE' macro redefined [-Wmacro-redefined]
  137 | #define HAVE_FREETYPE
      |         ^
<command line>:9:9: note: previous definition is here
    9 | #define HAVE_FREETYPE 1
      |         ^
1 warning generated.
In file included from /home/user/dev/FreeCAD/src/3rdParty/coin/src/vrml97/SpotLight.cpp:34:
/home/user/dev/FreeCAD/build/clang-profile/src/3rdParty/coin/src/config.h:137:9: warning: 'HAVE_FREETYPE' macro redefined [-Wmacro-redefined]
  137 | #define HAVE_FREETYPE
      |         ^
<command line>:9:9: note: previous definition is here
    9 | #define HAVE_FREETYPE 1
      |         ^
1 warning generated.
In file included from /home/user/dev/FreeCAD/src/3rdParty/coin/src/vrml97/Switch.cpp:34:
/home/user/dev/FreeCAD/build/clang-profile/src/3rdParty/coin/src/config.h:137:9: warning: 'HAVE_FREETYPE' macro redefined [-Wmacro-redefined]
  137 | #define HAVE_FREETYPE
      |         ^
<command line>:9:9: note: previous definition is here
    9 | #define HAVE_FREETYPE 1
      |         ^
1 warning generated.
In file included from /home/user/dev/FreeCAD/src/3rdParty/coin/src/vrml97/Text.cpp:34:
/home/user/dev/FreeCAD/build/clang-profile/src/3rdParty/coin/src/config.h:137:9: warning: 'HAVE_FREETYPE' macro redefined [-Wmacro-redefined]
  137 | #define HAVE_FREETYPE
      |         ^
<command line>:9:9: note: previous definition is here
    9 | #define HAVE_FREETYPE 1
      |         ^
1 warning generated.
In file included from /home/user/dev/FreeCAD/src/3rdParty/coin/src/vrml97/TimeSensor.cpp:34:
/home/user/dev/FreeCAD/build/clang-profile/src/3rdParty/coin/src/config.h:137:9: warning: 'HAVE_FREETYPE' macro redefined [-Wmacro-redefined]
  137 | #define HAVE_FREETYPE
      |         ^
<command line>:9:9: note: previous definition is here
    9 | #define HAVE_FREETYPE 1
      |         ^
/home/user/dev/FreeCAD/src/3rdParty/coin/src/vrml97/TimeSensor.cpp:404:16: warning: unused variable 'old' [-Wunused-variable]
  404 |         SbBool old = this->timeIn.enableNotify(TRUE);
      |                ^~~
2 warnings generated.
In file included from /home/user/dev/FreeCAD/src/3rdParty/coin/src/vrml97/TextureCoordinate.cpp:34:
/home/user/dev/FreeCAD/build/clang-profile/src/3rdParty/coin/src/config.h:137:9: warning: 'HAVE_FREETYPE' macro redefined [-Wmacro-redefined]
  137 | #define HAVE_FREETYPE
      |         ^
<command line>:9:9: note: previous definition is here
    9 | #define HAVE_FREETYPE 1
      |         ^
1 warning generated.
In file included from /home/user/dev/FreeCAD/src/3rdParty/coin/src/vrml97/TextureTransform.cpp:34:
/home/user/dev/FreeCAD/build/clang-profile/src/3rdParty/coin/src/config.h:137:9: warning: 'HAVE_FREETYPE' macro redefined [-Wmacro-redefined]
  137 | #define HAVE_FREETYPE
      |         ^
<command line>:9:9: note: previous definition is here
    9 | #define HAVE_FREETYPE 1
      |         ^
1 warning generated.
In file included from /home/user/dev/FreeCAD/src/3rdParty/coin/src/vrml97/TouchSensor.cpp:34:
/home/user/dev/FreeCAD/build/clang-profile/src/3rdParty/coin/src/config.h:137:9: warning: 'HAVE_FREETYPE' macro redefined [-Wmacro-redefined]
  137 | #define HAVE_FREETYPE
      |         ^
<command line>:9:9: note: previous definition is here
    9 | #define HAVE_FREETYPE 1
      |         ^
1 warning generated.
In file included from /home/user/dev/FreeCAD/src/3rdParty/coin/src/vrml97/Transform.cpp:34:
/home/user/dev/FreeCAD/build/clang-profile/src/3rdParty/coin/src/config.h:137:9: warning: 'HAVE_FREETYPE' macro redefined [-Wmacro-redefined]
  137 | #define HAVE_FREETYPE
      |         ^
<command line>:9:9: note: previous definition is here
    9 | #define HAVE_FREETYPE 1
      |         ^
1 warning generated.
In file included from /home/user/dev/FreeCAD/src/3rdParty/coin/src/vrml97/VertexLine.cpp:34:
/home/user/dev/FreeCAD/build/clang-profile/src/3rdParty/coin/src/config.h:137:9: warning: 'HAVE_FREETYPE' macro redefined [-Wmacro-redefined]
  137 | #define HAVE_FREETYPE
      |         ^
<command line>:9:9: note: previous definition is here
    9 | #define HAVE_FREETYPE 1
      |         ^
1 warning generated.
In file included from /home/user/dev/FreeCAD/src/3rdParty/coin/src/vrml97/VertexPoint.cpp:34:
/home/user/dev/FreeCAD/build/clang-profile/src/3rdParty/coin/src/config.h:137:9: warning: 'HAVE_FREETYPE' macro redefined [-Wmacro-redefined]
  137 | #define HAVE_FREETYPE
      |         ^
<command line>:9:9: note: previous definition is here
    9 | #define HAVE_FREETYPE 1
      |         ^
1 warning generated.
In file included from /home/user/dev/FreeCAD/src/3rdParty/coin/src/vrml97/Viewpoint.cpp:34:
/home/user/dev/FreeCAD/build/clang-profile/src/3rdParty/coin/src/config.h:137:9: warning: 'HAVE_FREETYPE' macro redefined [-Wmacro-redefined]
  137 | #define HAVE_FREETYPE
      |         ^
<command line>:9:9: note: previous definition is here
    9 | #define HAVE_FREETYPE 1
      |         ^
In file included from /home/user/dev/FreeCAD/src/3rdParty/coin/src/vrml97/Viewpoint.cpp:304:
/home/user/dev/FreeCAD/src/3rdParty/coin/include/Inventor/VRMLnodes/SoVRMLViewpoint.h:71:22: warning: private field 'pimpl' is not used [-Wunused-private-field]
   71 |   SoVRMLViewpointP * pimpl;
      |                      ^
2 warnings generated.
In file included from /home/user/dev/FreeCAD/src/3rdParty/coin/src/vrml97/WorldInfo.cpp:34:
/home/user/dev/FreeCAD/build/clang-profile/src/3rdParty/coin/src/config.h:137:9: warning: 'HAVE_FREETYPE' macro redefined [-Wmacro-redefined]
  137 | #define HAVE_FREETYPE
      |         ^
<command line>:9:9: note: previous definition is here
    9 | #define HAVE_FREETYPE 1
      |         ^
1 warning generated.
In file included from /home/user/dev/FreeCAD/src/3rdParty/coin/src/vrml97/VertexShape.cpp:34:
/home/user/dev/FreeCAD/build/clang-profile/src/3rdParty/coin/src/config.h:137:9: warning: 'HAVE_FREETYPE' macro redefined [-Wmacro-redefined]
  137 | #define HAVE_FREETYPE
      |         ^
<command line>:9:9: note: previous definition is here
    9 | #define HAVE_FREETYPE 1
      |         ^
1 warning generated.
In file included from /home/user/dev/FreeCAD/src/3rdParty/coin/src/foreignfiles/steel-wrapper.cpp:34:
/home/user/dev/FreeCAD/build/clang-profile/src/3rdParty/coin/src/config.h:137:9: warning: 'HAVE_FREETYPE' macro redefined [-Wmacro-redefined]
  137 | #define HAVE_FREETYPE
      |         ^
<command line>:9:9: note: previous definition is here
    9 | #define HAVE_FREETYPE 1
      |         ^
In file included from /home/user/dev/FreeCAD/src/3rdParty/coin/src/foreignfiles/steel-wrapper.cpp:39:
steel.l:368:7: warning: variable 'readok' set but not used [-Wunused-but-set-variable]
  368 |   int readok = 1; 
      |       ^
steel.l:427:7: warning: variable 'writeok' set but not used [-Wunused-but-set-variable]
  427 |   int writeok = 1;
      |       ^
steel.l:425:62: warning: unused parameter 'facet' [-Wunused-parameter]
  425 | stl_writer_put_binary_facet(stl_writer * writer, stl_facet * facet)
      |                                                              ^
steel.l:780:35: warning: unused parameter 'facet' [-Wunused-parameter]
  780 | stl_facet_set_padding(stl_facet * facet, unsigned int padding)
      |                                   ^
steel.l:780:55: warning: unused parameter 'padding' [-Wunused-parameter]
  780 | stl_facet_set_padding(stl_facet * facet, unsigned int padding)
      |                                                       ^
steel.l:789:35: warning: unused parameter 'facet' [-Wunused-parameter]
  789 | stl_facet_get_padding(stl_facet * facet)
      |                                   ^
steel.l:855:9: warning: variable 'readok' set but not used [-Wunused-but-set-variable]
  855 |     int readok = 1;
      |         ^
steel.l:880:9: warning: variable 'readok' set but not used [-Wunused-but-set-variable]
  880 |     int readok = 1;
      |         ^
steel.l:1087:9: warning: variable 'writeok' set but not used [-Wunused-but-set-variable]
 1087 |     int writeok = 1;
      |         ^
10 warnings generated.
In file included from /home/user/dev/FreeCAD/src/3rdParty/coin/src/foreignfiles/SoForeignFileKit.cpp:34:
/home/user/dev/FreeCAD/build/clang-profile/src/3rdParty/coin/src/config.h:137:9: warning: 'HAVE_FREETYPE' macro redefined [-Wmacro-redefined]
  137 | #define HAVE_FREETYPE
      |         ^
<command line>:9:9: note: previous definition is here
    9 | #define HAVE_FREETYPE 1
      |         ^
1 warning generated.
In file included from /home/user/dev/FreeCAD/src/3rdParty/coin/src/vrml97/VisibilitySensor.cpp:34:
/home/user/dev/FreeCAD/build/clang-profile/src/3rdParty/coin/src/config.h:137:9: warning: 'HAVE_FREETYPE' macro redefined [-Wmacro-redefined]
  137 | #define HAVE_FREETYPE
      |         ^
<command line>:9:9: note: previous definition is here
    9 | #define HAVE_FREETYPE 1
      |         ^
1 warning generated.
In file included from /home/user/dev/FreeCAD/src/3rdParty/coin/src/scxml/ScXMLP.cpp:47:
In file included from /home/user/dev/FreeCAD/src/3rdParty/coin/src/threads/threadsutilp.h:41:
/home/user/dev/FreeCAD/build/clang-profile/src/3rdParty/coin/src/config.h:137:9: warning: 'HAVE_FREETYPE' macro redefined [-Wmacro-redefined]
  137 | #define HAVE_FREETYPE
      |         ^
<command line>:9:9: note: previous definition is here
    9 | #define HAVE_FREETYPE 1
      |         ^
1 warning generated.
In file included from /home/user/dev/FreeCAD/src/3rdParty/coin/src/foreignfiles/SoSTLFileKit.cpp:34:
/home/user/dev/FreeCAD/build/clang-profile/src/3rdParty/coin/src/config.h:137:9: warning: 'HAVE_FREETYPE' macro redefined [-Wmacro-redefined]
  137 | #define HAVE_FREETYPE
      |         ^
<command line>:9:9: note: previous definition is here
    9 | #define HAVE_FREETYPE 1
      |         ^
/home/user/dev/FreeCAD/src/3rdParty/coin/src/foreignfiles/SoSTLFileKit.cpp:691:22: warning: unused variable 'facets' [-Wunused-variable]
  691 |   SoIndexedFaceSet * facets =
      |                      ^~~~~~
2 warnings generated.
In file included from /home/user/dev/FreeCAD/src/3rdParty/coin/src/vrml97/JS_VRMLClasses.cpp:2:
/home/user/dev/FreeCAD/build/clang-profile/src/3rdParty/coin/src/config.h:137:9: warning: 'HAVE_FREETYPE' macro redefined [-Wmacro-redefined]
  137 | #define HAVE_FREETYPE
      |         ^
<command line>:9:9: note: previous definition is here
    9 | #define HAVE_FREETYPE 1
      |         ^
/home/user/dev/FreeCAD/src/3rdParty/coin/src/vrml97/JS_VRMLClasses.cpp:231:12: warning: unused variable 'ok' [-Wunused-variable]
  231 |     SbBool ok = spidermonkey()->JS_NewDoubleValue(cx, (double)var, rval);
      |            ^~
/home/user/dev/FreeCAD/src/3rdParty/coin/src/vrml97/JS_VRMLClasses.cpp:307:16: warning: unused variable 'ok' [-Wunused-variable]
  307 |         SbBool ok = spidermonkey()->JS_SetElement(cx, array, i, &argv[i]);
      |                ^~
/home/user/dev/FreeCAD/src/3rdParty/coin/src/vrml97/JS_VRMLClasses.cpp:298:12: warning: unused variable 'ok' [-Wunused-variable]
  298 |     SbBool ok = spidermonkey()->JS_AddRoot(cx, val);
      |            ^~
/home/user/dev/FreeCAD/src/3rdParty/coin/src/vrml97/JS_VRMLClasses.cpp:323:14: warning: unused variable 'ok' [-Wunused-variable]
  323 |       SbBool ok = spidermonkey()->JS_RemoveRoot(cx, val);
      |              ^~
/home/user/dev/FreeCAD/src/3rdParty/coin/src/vrml97/JS_VRMLClasses.cpp:402:16: warning: unused variable 'ok' [-Wunused-variable]
  402 |         SbBool ok = spidermonkey()->JS_SetElement(cx, array, length, &val);
      |                ^~
/home/user/dev/FreeCAD/src/3rdParty/coin/src/vrml97/JS_VRMLClasses.cpp:339:12: warning: unused variable 'ok' [-Wunused-variable]
  339 |     SbBool ok = spidermonkey()->JS_GetArrayLength(cx, array, &length);
      |            ^~
/home/user/dev/FreeCAD/src/3rdParty/coin/src/vrml97/JS_VRMLClasses.cpp:423:16: warning: unused variable 'ok' [-Wunused-variable]
  423 |         SbBool ok = spidermonkey()->JS_GetArrayLength(cx, JSVAL_TO_OBJECT(*array), &length);
      |                ^~
/home/user/dev/FreeCAD/src/3rdParty/coin/src/vrml97/JS_VRMLClasses.cpp:457:16: warning: unused variable 'ok' [-Wunused-variable]
  457 |         SbBool ok = spidermonkey()->JS_SetElement(cx, JSVAL_TO_OBJECT(*array), index, val);
      |                ^~
/home/user/dev/FreeCAD/src/3rdParty/coin/src/vrml97/JS_VRMLClasses.cpp:447:14: warning: unused variable 'ok' [-Wunused-variable]
  447 |       SbBool ok = spidermonkey()->JS_GetArrayLength(cx, JSVAL_TO_OBJECT(*array), &length);
      |              ^~
/home/user/dev/FreeCAD/src/3rdParty/coin/src/vrml97/JS_VRMLClasses.cpp:493:14: warning: variable 'ok' set but not used [-Wunused-but-set-variable]
  493 |       JSBool ok = spidermonkey()->JS_GetArrayLength(cx, JSVAL_TO_OBJECT(*array), &num);
      |              ^
/home/user/dev/FreeCAD/src/3rdParty/coin/src/vrml97/JS_VRMLClasses.cpp:524:14: warning: unused variable 'ok' [-Wunused-variable]
  524 |       SbBool ok = SoJavaScriptEngine::getEngine(cx)->field2jsval(field, &vals[i]);
      |              ^~
12 warnings generated.
In file included from /home/user/dev/FreeCAD/src/3rdParty/coin/src/scxml/ScXMLElt.cpp:34:
In file included from /home/user/dev/FreeCAD/src/3rdParty/coin/src/coindefs.h:47:
/home/user/dev/FreeCAD/build/clang-profile/src/3rdParty/coin/src/config.h:137:9: warning: 'HAVE_FREETYPE' macro redefined [-Wmacro-redefined]
  137 | #define HAVE_FREETYPE
      |         ^
<command line>:9:9: note: previous definition is here
    9 | #define HAVE_FREETYPE 1
      |         ^
1 warning generated.
In file included from /home/user/dev/FreeCAD/src/3rdParty/coin/src/scxml/ScXMLAbstractStateElt.cpp:46:
In file included from /home/user/dev/FreeCAD/src/3rdParty/coin/src/scxml/ScXMLCommonP.h:40:
In file included from /home/user/dev/FreeCAD/src/3rdParty/coin/src/coindefs.h:47:
/home/user/dev/FreeCAD/build/clang-profile/src/3rdParty/coin/src/config.h:137:9: warning: 'HAVE_FREETYPE' macro redefined [-Wmacro-redefined]
  137 | #define HAVE_FREETYPE
      |         ^
<command line>:9:9: note: previous definition is here
    9 | #define HAVE_FREETYPE 1
      |         ^
1 warning generated.
In file included from /home/user/dev/FreeCAD/src/3rdParty/coin/src/scxml/ScXMLEventTarget.cpp:62:
In file included from /home/user/dev/FreeCAD/src/3rdParty/coin/src/scxml/ScXMLCommonP.h:40:
In file included from /home/user/dev/FreeCAD/src/3rdParty/coin/src/coindefs.h:47:
/home/user/dev/FreeCAD/build/clang-profile/src/3rdParty/coin/src/config.h:137:9: warning: 'HAVE_FREETYPE' macro redefined [-Wmacro-redefined]
  137 | #define HAVE_FREETYPE
      |         ^
<command line>:9:9: note: previous definition is here
    9 | #define HAVE_FREETYPE 1
      |         ^
1 warning generated.
In file included from /home/user/dev/FreeCAD/src/3rdParty/coin/src/scxml/ScXMLInitialElt.cpp:56:
In file included from /home/user/dev/FreeCAD/src/3rdParty/coin/src/scxml/ScXMLCommonP.h:40:
In file included from /home/user/dev/FreeCAD/src/3rdParty/coin/src/coindefs.h:47:
/home/user/dev/FreeCAD/build/clang-profile/src/3rdParty/coin/src/config.h:137:9: warning: 'HAVE_FREETYPE' macro redefined [-Wmacro-redefined]
  137 | #define HAVE_FREETYPE
      |         ^
<command line>:9:9: note: previous definition is here
    9 | #define HAVE_FREETYPE 1
      |         ^
1 warning generated.
In file included from /home/user/dev/FreeCAD/src/3rdParty/coin/src/scxml/ScXMLDocument.cpp:70:
In file included from /home/user/dev/FreeCAD/src/3rdParty/coin/src/coindefs.h:47:
/home/user/dev/FreeCAD/build/clang-profile/src/3rdParty/coin/src/config.h:137:9: warning: 'HAVE_FREETYPE' macro redefined [-Wmacro-redefined]
  137 | #define HAVE_FREETYPE
      |         ^
<command line>:9:9: note: previous definition is here
    9 | #define HAVE_FREETYPE 1
      |         ^
1 warning generated.
In file included from /home/user/dev/FreeCAD/src/3rdParty/coin/src/scxml/ScXMLScxmlElt.cpp:79:
In file included from /home/user/dev/FreeCAD/src/3rdParty/coin/src/scxml/ScXMLCommonP.h:40:
In file included from /home/user/dev/FreeCAD/src/3rdParty/coin/src/coindefs.h:47:
/home/user/dev/FreeCAD/build/clang-profile/src/3rdParty/coin/src/config.h:137:9: warning: 'HAVE_FREETYPE' macro redefined [-Wmacro-redefined]
  137 | #define HAVE_FREETYPE
      |         ^
<command line>:9:9: note: previous definition is here
    9 | #define HAVE_FREETYPE 1
      |         ^
1 warning generated.
In file included from /home/user/dev/FreeCAD/src/3rdParty/coin/src/scxml/ScXMLStateMachine.cpp:78:
In file included from /home/user/dev/FreeCAD/src/3rdParty/coin/src/misc/SbHash.h:59:
In file included from /home/user/dev/FreeCAD/src/3rdParty/coin/src/coindefs.h:47:
/home/user/dev/FreeCAD/build/clang-profile/src/3rdParty/coin/src/config.h:137:9: warning: 'HAVE_FREETYPE' macro redefined [-Wmacro-redefined]
  137 | #define HAVE_FREETYPE
      |         ^
<command line>:9:9: note: previous definition is here
    9 | #define HAVE_FREETYPE 1
      |         ^
1 warning generated.
In file included from /home/user/dev/FreeCAD/src/3rdParty/coin/src/scxml/ScXMLOnEntryElt.cpp:58:
In file included from /home/user/dev/FreeCAD/src/3rdParty/coin/src/scxml/ScXMLCommonP.h:40:
In file included from /home/user/dev/FreeCAD/src/3rdParty/coin/src/coindefs.h:47:
/home/user/dev/FreeCAD/build/clang-profile/src/3rdParty/coin/src/config.h:137:9: warning: 'HAVE_FREETYPE' macro redefined [-Wmacro-redefined]
  137 | #define HAVE_FREETYPE
      |         ^
<command line>:9:9: note: previous definition is here
    9 | #define HAVE_FREETYPE 1
      |         ^
1 warning generated.
In file included from /home/user/dev/FreeCAD/src/3rdParty/coin/src/scxml/ScXMLExecutableElt.cpp:46:
In file included from /home/user/dev/FreeCAD/src/3rdParty/coin/src/SbBasicP.h:119:
In file included from /home/user/dev/FreeCAD/src/3rdParty/coin/src/coindefs.h:47:
/home/user/dev/FreeCAD/build/clang-profile/src/3rdParty/coin/src/config.h:137:9: warning: 'HAVE_FREETYPE' macro redefined [-Wmacro-redefined]
  137 | #define HAVE_FREETYPE
      |         ^
<command line>:9:9: note: previous definition is here
    9 | #define HAVE_FREETYPE 1
      |         ^
1 warning generated.
In file included from /home/user/dev/FreeCAD/src/3rdParty/coin/src/scxml/ScXMLOnExitElt.cpp:58:
In file included from /home/user/dev/FreeCAD/src/3rdParty/coin/src/scxml/ScXMLCommonP.h:40:
In file included from /home/user/dev/FreeCAD/src/3rdParty/coin/src/coindefs.h:47:
/home/user/dev/FreeCAD/build/clang-profile/src/3rdParty/coin/src/config.h:137:9: warning: 'HAVE_FREETYPE' macro redefined [-Wmacro-redefined]
  137 | #define HAVE_FREETYPE
      |         ^
<command line>:9:9: note: previous definition is here
    9 | #define HAVE_FREETYPE 1
      |         ^
1 warning generated.
In file included from /home/user/dev/FreeCAD/src/3rdParty/coin/src/scxml/ScXMLFinalElt.cpp:57:
In file included from /home/user/dev/FreeCAD/src/3rdParty/coin/src/scxml/ScXMLCommonP.h:40:
In file included from /home/user/dev/FreeCAD/src/3rdParty/coin/src/coindefs.h:47:
/home/user/dev/FreeCAD/build/clang-profile/src/3rdParty/coin/src/config.h:137:9: warning: 'HAVE_FREETYPE' macro redefined [-Wmacro-redefined]
  137 | #define HAVE_FREETYPE
      |         ^
<command line>:9:9: note: previous definition is here
    9 | #define HAVE_FREETYPE 1
      |         ^
1 warning generated.
In file included from /home/user/dev/FreeCAD/src/3rdParty/coin/src/scxml/ScXMLStateElt.cpp:67:
In file included from /home/user/dev/FreeCAD/src/3rdParty/coin/src/scxml/ScXMLCommonP.h:40:
In file included from /home/user/dev/FreeCAD/src/3rdParty/coin/src/coindefs.h:47:
/home/user/dev/FreeCAD/build/clang-profile/src/3rdParty/coin/src/config.h:137:9: warning: 'HAVE_FREETYPE' macro redefined [-Wmacro-redefined]
  137 | #define HAVE_FREETYPE
      |         ^
<command line>:9:9: note: previous definition is here
    9 | #define HAVE_FREETYPE 1
      |         ^
1 warning generated.
In file included from /home/user/dev/FreeCAD/src/3rdParty/coin/src/scxml/ScXMLParallelElt.cpp:67:
In file included from /home/user/dev/FreeCAD/src/3rdParty/coin/src/scxml/ScXMLCommonP.h:40:
In file included from /home/user/dev/FreeCAD/src/3rdParty/coin/src/coindefs.h:47:
/home/user/dev/FreeCAD/build/clang-profile/src/3rdParty/coin/src/config.h:137:9: warning: 'HAVE_FREETYPE' macro redefined [-Wmacro-redefined]
  137 | #define HAVE_FREETYPE
      |         ^
<command line>:9:9: note: previous definition is here
    9 | #define HAVE_FREETYPE 1
      |         ^
1 warning generated.
In file included from /home/user/dev/FreeCAD/src/3rdParty/coin/src/scxml/ScXMLEventElt.cpp:52:
In file included from /home/user/dev/FreeCAD/src/3rdParty/coin/src/scxml/ScXMLCommonP.h:40:
In file included from /home/user/dev/FreeCAD/src/3rdParty/coin/src/coindefs.h:47:
/home/user/dev/FreeCAD/build/clang-profile/src/3rdParty/coin/src/config.h:137:9: warning: 'HAVE_FREETYPE' macro redefined [-Wmacro-redefined]
  137 | #define HAVE_FREETYPE
      |         ^
<command line>:9:9: note: previous definition is here
    9 | #define HAVE_FREETYPE 1
      |         ^
1 warning generated.
In file included from /home/user/dev/FreeCAD/src/3rdParty/coin/src/scxml/ScXMLTransitionElt.cpp:122:
In file included from /home/user/dev/FreeCAD/src/3rdParty/coin/src/scxml/ScXMLCommonP.h:40:
In file included from /home/user/dev/FreeCAD/src/3rdParty/coin/src/coindefs.h:47:
/home/user/dev/FreeCAD/build/clang-profile/src/3rdParty/coin/src/config.h:137:9: warning: 'HAVE_FREETYPE' macro redefined [-Wmacro-redefined]
  137 | #define HAVE_FREETYPE
      |         ^
<command line>:9:9: note: previous definition is here
    9 | #define HAVE_FREETYPE 1
      |         ^
1 warning generated.
In file included from /home/user/dev/FreeCAD/src/3rdParty/coin/src/scxml/ScXMLHistoryElt.cpp:56:
In file included from /home/user/dev/FreeCAD/src/3rdParty/coin/src/scxml/ScXMLCommonP.h:40:
In file included from /home/user/dev/FreeCAD/src/3rdParty/coin/src/coindefs.h:47:
/home/user/dev/FreeCAD/build/clang-profile/src/3rdParty/coin/src/config.h:137:9: warning: 'HAVE_FREETYPE' macro redefined [-Wmacro-redefined]
  137 | #define HAVE_FREETYPE
      |         ^
<command line>:9:9: note: previous definition is here
    9 | #define HAVE_FREETYPE 1
      |         ^
1 warning generated.
In file included from /home/user/dev/FreeCAD/src/3rdParty/coin/src/scxml/ScXMLElseIfElt.cpp:54:
In file included from /home/user/dev/FreeCAD/src/3rdParty/coin/src/scxml/ScXMLCommonP.h:40:
In file included from /home/user/dev/FreeCAD/src/3rdParty/coin/src/coindefs.h:47:
/home/user/dev/FreeCAD/build/clang-profile/src/3rdParty/coin/src/config.h:137:9: warning: 'HAVE_FREETYPE' macro redefined [-Wmacro-redefined]
  137 | #define HAVE_FREETYPE
      |         ^
<command line>:9:9: note: previous definition is here
    9 | #define HAVE_FREETYPE 1
      |         ^
1 warning generated.
In file included from /home/user/dev/FreeCAD/src/3rdParty/coin/src/scxml/ScXMLElseElt.cpp:48:
In file included from /home/user/dev/FreeCAD/src/3rdParty/coin/src/scxml/ScXMLCommonP.h:40:
In file included from /home/user/dev/FreeCAD/src/3rdParty/coin/src/coindefs.h:47:
/home/user/dev/FreeCAD/build/clang-profile/src/3rdParty/coin/src/config.h:137:9: warning: 'HAVE_FREETYPE' macro redefined [-Wmacro-redefined]
  137 | #define HAVE_FREETYPE
      |         ^
<command line>:9:9: note: previous definition is here
    9 | #define HAVE_FREETYPE 1
      |         ^
1 warning generated.
In file included from /home/user/dev/FreeCAD/src/3rdParty/coin/src/scxml/ScXMLLogElt.cpp:51:
In file included from /home/user/dev/FreeCAD/src/3rdParty/coin/src/scxml/ScXMLCommonP.h:40:
In file included from /home/user/dev/FreeCAD/src/3rdParty/coin/src/coindefs.h:47:
/home/user/dev/FreeCAD/build/clang-profile/src/3rdParty/coin/src/config.h:137:9: warning: 'HAVE_FREETYPE' macro redefined [-Wmacro-redefined]
  137 | #define HAVE_FREETYPE
      |         ^
<command line>:9:9: note: previous definition is here
    9 | #define HAVE_FREETYPE 1
      |         ^
1 warning generated.
In file included from /home/user/dev/FreeCAD/src/3rdParty/coin/src/scxml/ScXMLDataModelElt.cpp:50:
In file included from /home/user/dev/FreeCAD/src/3rdParty/coin/src/scxml/ScXMLCommonP.h:40:
In file included from /home/user/dev/FreeCAD/src/3rdParty/coin/src/coindefs.h:47:
/home/user/dev/FreeCAD/build/clang-profile/src/3rdParty/coin/src/config.h:137:9: warning: 'HAVE_FREETYPE' macro redefined [-Wmacro-redefined]
  137 | #define HAVE_FREETYPE
      |         ^
<command line>:9:9: note: previous definition is here
    9 | #define HAVE_FREETYPE 1
      |         ^
1 warning generated.
In file included from /home/user/dev/FreeCAD/src/3rdParty/coin/src/scxml/ScXMLDataElt.cpp:76:
In file included from /home/user/dev/FreeCAD/src/3rdParty/coin/src/scxml/ScXMLCommonP.h:40:
In file included from /home/user/dev/FreeCAD/src/3rdParty/coin/src/coindefs.h:47:
/home/user/dev/FreeCAD/build/clang-profile/src/3rdParty/coin/src/config.h:137:9: warning: 'HAVE_FREETYPE' macro redefined [-Wmacro-redefined]
  137 | #define HAVE_FREETYPE
      |         ^
<command line>:9:9: note: previous definition is here
    9 | #define HAVE_FREETYPE 1
      |         ^
1 warning generated.
In file included from /home/user/dev/FreeCAD/src/3rdParty/coin/src/scxml/ScXMLIfElt.cpp:64:
In file included from /home/user/dev/FreeCAD/src/3rdParty/coin/src/scxml/ScXMLCommonP.h:40:
In file included from /home/user/dev/FreeCAD/src/3rdParty/coin/src/coindefs.h:47:
/home/user/dev/FreeCAD/build/clang-profile/src/3rdParty/coin/src/config.h:137:9: warning: 'HAVE_FREETYPE' macro redefined [-Wmacro-redefined]
  137 | #define HAVE_FREETYPE
      |         ^
<command line>:9:9: note: previous definition is here
    9 | #define HAVE_FREETYPE 1
      |         ^
1 warning generated.
In file included from /home/user/dev/FreeCAD/src/3rdParty/coin/src/scxml/ScXMLValidateElt.cpp:49:
In file included from /home/user/dev/FreeCAD/src/3rdParty/coin/src/scxml/ScXMLCommonP.h:40:
In file included from /home/user/dev/FreeCAD/src/3rdParty/coin/src/coindefs.h:47:
/home/user/dev/FreeCAD/build/clang-profile/src/3rdParty/coin/src/config.h:137:9: warning: 'HAVE_FREETYPE' macro redefined [-Wmacro-redefined]
  137 | #define HAVE_FREETYPE
      |         ^
<command line>:9:9: note: previous definition is here
    9 | #define HAVE_FREETYPE 1
      |         ^
1 warning generated.
In file included from /home/user/dev/FreeCAD/src/3rdParty/coin/src/scxml/ScXMLAssignElt.cpp:83:
In file included from /home/user/dev/FreeCAD/src/3rdParty/coin/src/coindefs.h:47:
/home/user/dev/FreeCAD/build/clang-profile/src/3rdParty/coin/src/config.h:137:9: warning: 'HAVE_FREETYPE' macro redefined [-Wmacro-redefined]
  137 | #define HAVE_FREETYPE
      |         ^
<command line>:9:9: note: previous definition is here
    9 | #define HAVE_FREETYPE 1
      |         ^
1 warning generated.
In file included from /home/user/dev/FreeCAD/src/3rdParty/coin/src/scxml/ScXMLSendElt.cpp:126:
In file included from /home/user/dev/FreeCAD/src/3rdParty/coin/src/scxml/ScXMLCommonP.h:40:
In file included from /home/user/dev/FreeCAD/src/3rdParty/coin/src/coindefs.h:47:
/home/user/dev/FreeCAD/build/clang-profile/src/3rdParty/coin/src/config.h:137:9: warning: 'HAVE_FREETYPE' macro redefined [-Wmacro-redefined]
  137 | #define HAVE_FREETYPE
      |         ^
<command line>:9:9: note: previous definition is here
    9 | #define HAVE_FREETYPE 1
      |         ^
1 warning generated.
In file included from /home/user/dev/FreeCAD/src/3rdParty/coin/src/scxml/ScXMLScriptElt.cpp:49:
In file included from /home/user/dev/FreeCAD/src/3rdParty/coin/src/coindefs.h:47:
/home/user/dev/FreeCAD/build/clang-profile/src/3rdParty/coin/src/config.h:137:9: warning: 'HAVE_FREETYPE' macro redefined [-Wmacro-redefined]
  137 | #define HAVE_FREETYPE
      |         ^
<command line>:9:9: note: previous definition is here
    9 | #define HAVE_FREETYPE 1
      |         ^
1 warning generated.
In file included from /home/user/dev/FreeCAD/src/3rdParty/coin/src/scxml/ScXMLParamElt.cpp:48:
In file included from /home/user/dev/FreeCAD/src/3rdParty/coin/src/scxml/ScXMLCommonP.h:40:
In file included from /home/user/dev/FreeCAD/src/3rdParty/coin/src/coindefs.h:47:
/home/user/dev/FreeCAD/build/clang-profile/src/3rdParty/coin/src/config.h:137:9: warning: 'HAVE_FREETYPE' macro redefined [-Wmacro-redefined]
  137 | #define HAVE_FREETYPE
      |         ^
<command line>:9:9: note: previous definition is here
    9 | #define HAVE_FREETYPE 1
      |         ^
1 warning generated.
In file included from /home/user/dev/FreeCAD/src/3rdParty/coin/src/scxml/ScXMLFinalizeElt.cpp:48:
In file included from /home/user/dev/FreeCAD/src/3rdParty/coin/src/scxml/ScXMLCommonP.h:40:
In file included from /home/user/dev/FreeCAD/src/3rdParty/coin/src/coindefs.h:47:
/home/user/dev/FreeCAD/build/clang-profile/src/3rdParty/coin/src/config.h:137:9: warning: 'HAVE_FREETYPE' macro redefined [-Wmacro-redefined]
  137 | #define HAVE_FREETYPE
      |         ^
<command line>:9:9: note: previous definition is here
    9 | #define HAVE_FREETYPE 1
      |         ^
1 warning generated.
In file included from /home/user/dev/FreeCAD/src/3rdParty/coin/src/scxml/ScXMLContentElt.cpp:48:
In file included from /home/user/dev/FreeCAD/src/3rdParty/coin/src/coindefs.h:47:
/home/user/dev/FreeCAD/build/clang-profile/src/3rdParty/coin/src/config.h:137:9: warning: 'HAVE_FREETYPE' macro redefined [-Wmacro-redefined]
  137 | #define HAVE_FREETYPE
      |         ^
<command line>:9:9: note: previous definition is here
    9 | #define HAVE_FREETYPE 1
      |         ^
1 warning generated.
In file included from /home/user/dev/FreeCAD/src/3rdParty/coin/src/scxml/ScXMLInvokeElt.cpp:75:
In file included from /home/user/dev/FreeCAD/src/3rdParty/coin/src/scxml/ScXMLCommonP.h:40:
In file included from /home/user/dev/FreeCAD/src/3rdParty/coin/src/coindefs.h:47:
/home/user/dev/FreeCAD/build/clang-profile/src/3rdParty/coin/src/config.h:137:9: warning: 'HAVE_FREETYPE' macro redefined [-Wmacro-redefined]
  137 | #define HAVE_FREETYPE
      |         ^
<command line>:9:9: note: previous definition is here
    9 | #define HAVE_FREETYPE 1
      |         ^
1 warning generated.
In file included from /home/user/dev/FreeCAD/src/3rdParty/coin/src/scxml/ScXMLAnchorElt.cpp:53:
In file included from /home/user/dev/FreeCAD/src/3rdParty/coin/src/scxml/ScXMLCommonP.h:40:
In file included from /home/user/dev/FreeCAD/src/3rdParty/coin/src/coindefs.h:47:
/home/user/dev/FreeCAD/build/clang-profile/src/3rdParty/coin/src/config.h:137:9: warning: 'HAVE_FREETYPE' macro redefined [-Wmacro-redefined]
  137 | #define HAVE_FREETYPE
      |         ^
<command line>:9:9: note: previous definition is here
    9 | #define HAVE_FREETYPE 1
      |         ^
1 warning generated.
In file included from eval-minimum-tab.y:41:
/home/user/dev/FreeCAD/build/clang-profile/src/3rdParty/coin/src/config.h:137:9: warning: 'HAVE_FREETYPE' macro redefined [-Wmacro-redefined]
  137 | #define HAVE_FREETYPE
      |         ^
<command line>:9:9: note: previous definition is here
    9 | #define HAVE_FREETYPE 1
      |         ^
1 warning generated.
In file included from /home/user/dev/FreeCAD/src/3rdParty/coin/src/scxml/ScXMLXPathEvaluator.cpp:34:
In file included from /home/user/dev/FreeCAD/src/3rdParty/coin/src/coindefs.h:47:
/home/user/dev/FreeCAD/build/clang-profile/src/3rdParty/coin/src/config.h:137:9: warning: 'HAVE_FREETYPE' macro redefined [-Wmacro-redefined]
  137 | #define HAVE_FREETYPE
      |         ^
<command line>:9:9: note: previous definition is here
    9 | #define HAVE_FREETYPE 1
      |         ^
1 warning generated.
In file included from /home/user/dev/FreeCAD/src/3rdParty/coin/src/scxml/ScXMLECMAScriptEvaluator.cpp:34:
In file included from /home/user/dev/FreeCAD/src/3rdParty/coin/src/coindefs.h:47:
/home/user/dev/FreeCAD/build/clang-profile/src/3rdParty/coin/src/config.h:137:9: warning: 'HAVE_FREETYPE' macro redefined [-Wmacro-redefined]
  137 | #define HAVE_FREETYPE
      |         ^
<command line>:9:9: note: previous definition is here
    9 | #define HAVE_FREETYPE 1
      |         ^
1 warning generated.
In file included from eval-coin-tab.y:41:
/home/user/dev/FreeCAD/build/clang-profile/src/3rdParty/coin/src/config.h:137:9: warning: 'HAVE_FREETYPE' macro redefined [-Wmacro-redefined]
  137 | #define HAVE_FREETYPE
      |         ^
<command line>:9:9: note: previous definition is here
    9 | #define HAVE_FREETYPE 1
      |         ^
1 warning generated.
In file included from /home/user/dev/FreeCAD/src/3rdParty/coin/src/scxml/ScXMLMinimumEvaluator.cpp:59:
In file included from /home/user/dev/FreeCAD/src/3rdParty/coin/src/scxml/ScXMLCommonP.h:40:
In file included from /home/user/dev/FreeCAD/src/3rdParty/coin/src/coindefs.h:47:
/home/user/dev/FreeCAD/build/clang-profile/src/3rdParty/coin/src/config.h:137:9: warning: 'HAVE_FREETYPE' macro redefined [-Wmacro-redefined]
  137 | #define HAVE_FREETYPE
      |         ^
<command line>:9:9: note: previous definition is here
    9 | #define HAVE_FREETYPE 1
      |         ^
1 warning generated.
In file included from /home/user/dev/FreeCAD/src/3rdParty/coin/src/soscxml/SoScXMLStateMachine.cpp:61:
In file included from /home/user/dev/FreeCAD/src/3rdParty/coin/src/SbBasicP.h:119:
In file included from /home/user/dev/FreeCAD/src/3rdParty/coin/src/coindefs.h:47:
/home/user/dev/FreeCAD/build/clang-profile/src/3rdParty/coin/src/config.h:137:9: warning: 'HAVE_FREETYPE' macro redefined [-Wmacro-redefined]
  137 | #define HAVE_FREETYPE
      |         ^
<command line>:9:9: note: previous definition is here
    9 | #define HAVE_FREETYPE 1
      |         ^
In file included from /home/user/dev/FreeCAD/src/3rdParty/coin/src/soscxml/SoScXMLStateMachine.cpp:50:
/home/user/dev/FreeCAD/src/3rdParty/coin/include/Inventor/SbViewportRegion.h:45:3: warning: definition of implicit copy assignment operator for 'SbViewportRegion' is deprecated because it has a user-provided copy constructor [-Wdeprecated-copy-with-user-provided-copy]
   45 |   SbViewportRegion(const SbViewportRegion & vpReg);
      |   ^
/home/user/dev/FreeCAD/src/3rdParty/coin/src/soscxml/SoScXMLStateMachine.cpp:139:27: note: in implicit copy assignment operator for 'SbViewportRegion' first required here
  139 |   PRIVATE(this)->viewport = vp;
      |                           ^
2 warnings generated.
In file included from /home/user/dev/FreeCAD/src/3rdParty/coin/src/soscxml/ScXMLCoinEvaluator.cpp:66:
In file included from /home/user/dev/FreeCAD/src/3rdParty/coin/src/scxml/ScXMLCommonP.h:40:
In file included from /home/user/dev/FreeCAD/src/3rdParty/coin/src/coindefs.h:47:
/home/user/dev/FreeCAD/build/clang-profile/src/3rdParty/coin/src/config.h:137:9: warning: 'HAVE_FREETYPE' macro redefined [-Wmacro-redefined]
  137 | #define HAVE_FREETYPE
      |         ^
<command line>:9:9: note: previous definition is here
    9 | #define HAVE_FREETYPE 1
      |         ^
1 warning generated.
/home/user/dev/FreeCAD/src/3rdParty/salomesmesh/src/SMDS/SMDS_Mesh.cpp:2601:7: warning: variable 'sizeofnodes' set but not used [-Wunused-but-set-variable]
 2601 |   int sizeofnodes = 0;
      |       ^
/home/user/dev/FreeCAD/src/3rdParty/salomesmesh/src/SMDS/SMDS_Mesh.cpp:2602:7: warning: variable 'sizeoffaces' set but not used [-Wunused-but-set-variable]
 2602 |   int sizeoffaces = 0;
      |       ^
2 warnings generated.
/home/user/dev/FreeCAD/src/3rdParty/libE57Format/src/WriterImpl.cpp:859:42: warning: implicit capture of 'this' with a capture default of '=' is deprecated [-Wdeprecated-this-capture]
  859 |                return ScaledIntegerNode( imf_, 0, pointRangeMinimum, pointRangeMaximum,
      |                                          ^
/home/user/dev/FreeCAD/src/3rdParty/libE57Format/src/WriterImpl.cpp:834:35: note: add an explicit capture of 'this' to capture '*this' by reference
  834 |       const auto getPointProto = [=]() -> Node {
      |                                   ^
      |                                    , this
/home/user/dev/FreeCAD/src/3rdParty/libE57Format/src/WriterImpl.cpp:926:42: warning: implicit capture of 'this' with a capture default of '=' is deprecated [-Wdeprecated-this-capture]
  926 |                return ScaledIntegerNode( imf_, 0, angleMinimum, angleMaximum, angleScale,
      |                                          ^
/home/user/dev/FreeCAD/src/3rdParty/libE57Format/src/WriterImpl.cpp:903:35: note: add an explicit capture of 'this' to capture '*this' by reference
  903 |       const auto getAngleProto = [=]() -> Node {
      |                                   ^
      |                                    , this
2 warnings generated.
/home/user/dev/FreeCAD/src/3rdParty/salomesmesh/src/MEFISTO2/aptrte.cpp:144:9: warning: variable 'tcpu' set but not used [-Wunused-but-set-variable]
  144 |   R  d, tcpu=0;
      |         ^
/home/user/dev/FreeCAD/src/3rdParty/salomesmesh/src/MEFISTO2/aptrte.cpp:797:9: warning: variable 'aire' set but not used [-Wunused-but-set-variable]
  797 |   R  d, aire, qualite;
      |         ^
2 warnings generated.
/home/user/dev/FreeCAD/src/3rdParty/salomesmesh/src/DriverSTL/DriverSTL_R_SMDS_Mesh.cpp:213:3: warning: ignoring return value of function declared with 'warn_unused_result' attribute [-Wunused-result]
  213 |   fscanf(file,"%*s %f %f %f\n",&coord[0],&coord[1],&coord[2]);
      |   ^~~~~~ ~~~~~~~~~~~~~~~~~~~~~~~~~~~~~~~~~~~~~~~~~~~~~~~~~~~
/home/user/dev/FreeCAD/src/3rdParty/salomesmesh/src/DriverSTL/DriverSTL_R_SMDS_Mesh.cpp:268:5: warning: ignoring return value of function declared with 'warn_unused_result' attribute [-Wunused-result]
  268 |     fscanf(file,"%*s %*s %f %f %f\n",&normal[0],&normal[1],&normal[2]);
      |     ^~~~~~ ~~~~~~~~~~~~~~~~~~~~~~~~~~~~~~~~~~~~~~~~~~~~~~~~~~~~~~~~~~
/home/user/dev/FreeCAD/src/3rdParty/salomesmesh/src/DriverSTL/DriverSTL_R_SMDS_Mesh.cpp:271:5: warning: ignoring return value of function declared with 'warn_unused_result' attribute [-Wunused-result]
  271 |     fscanf(file,"%*s %*s");
      |     ^~~~~~ ~~~~~~~~~~~~~~
/home/user/dev/FreeCAD/src/3rdParty/salomesmesh/src/DriverSTL/DriverSTL_R_SMDS_Mesh.cpp:282:5: warning: ignoring return value of function declared with 'warn_unused_result' attribute [-Wunused-result]
  282 |     fscanf(file,"%*s");
      |     ^~~~~~ ~~~~~~~~~~
/home/user/dev/FreeCAD/src/3rdParty/salomesmesh/src/DriverSTL/DriverSTL_R_SMDS_Mesh.cpp:285:5: warning: ignoring return value of function declared with 'warn_unused_result' attribute [-Wunused-result]
  285 |     fscanf(file,"%*s");
      |     ^~~~~~ ~~~~~~~~~~
5 warnings generated.
/home/user/dev/FreeCAD/src/3rdParty/salomesmesh/src/DriverDAT/DriverDAT_R_SMDS_Mesh.cpp:61:3: warning: ignoring return value of function declared with 'warn_unused_result' attribute [-Wunused-result]
   61 |   fscanf(aFileId, "%d %d\n", &nbNodes, &nbCells);
      |   ^~~~~~ ~~~~~~~~~~~~~~~~~~~~~~~~~~~~~~~~~~~~~~
/home/user/dev/FreeCAD/src/3rdParty/salomesmesh/src/DriverDAT/DriverDAT_R_SMDS_Mesh.cpp:71:5: warning: ignoring return value of function declared with 'warn_unused_result' attribute [-Wunused-result]
   71 |     fscanf(aFileId, "%d %e %e %e\n", &intNumPoint, &coordX, &coordY, &coordZ);
      |     ^~~~~~ ~~~~~~~~~~~~~~~~~~~~~~~~~~~~~~~~~~~~~~~~~~~~~~~~~~~~~~~~~~~~~~~~~
/home/user/dev/FreeCAD/src/3rdParty/salomesmesh/src/DriverDAT/DriverDAT_R_SMDS_Mesh.cpp:86:5: warning: ignoring return value of function declared with 'warn_unused_result' attribute [-Wunused-result]
   86 |     fscanf(aFileId, "%d %d", &intNumMaille, &ValElement);
      |     ^~~~~~ ~~~~~~~~~~~~~~~~~~~~~~~~~~~~~~~~~~~~~~~~~~~~
/home/user/dev/FreeCAD/src/3rdParty/salomesmesh/src/DriverDAT/DriverDAT_R_SMDS_Mesh.cpp:92:7: warning: ignoring return value of function declared with 'warn_unused_result' attribute [-Wunused-result]
   92 |       fscanf(aFileId, "%d", &NoeudMaille);
      |       ^~~~~~ ~~~~~~~~~~~~~~~~~~~~~~~~~~~
4 warnings generated.
/home/user/dev/FreeCAD/src/3rdParty/OndselSolver/OndselSolver/ASMTAssembly.cpp:401:10: warning: unused variable 'bool1' [-Wunused-variable]
  401 |     bool bool1 = lines[0] == "freeCAD: 3D CAD with Motion Simulation  by  askoh.com";
      |          ^~~~~
/home/user/dev/FreeCAD/src/3rdParty/OndselSolver/OndselSolver/ASMTAssembly.cpp:402:10: warning: unused variable 'bool2' [-Wunused-variable]
  402 |     bool bool2 = lines[0] == "OndselSolver";
      |          ^~~~~
/home/user/dev/FreeCAD/src/3rdParty/OndselSolver/OndselSolver/ASMTAssembly.cpp:559:10: warning: unused variable 'bool1' [-Wunused-variable]
  559 |     bool bool1 = lines[0] == "freeCAD: 3D CAD with Motion Simulation  by  askoh.com";
      |          ^~~~~
/home/user/dev/FreeCAD/src/3rdParty/OndselSolver/OndselSolver/ASMTAssembly.cpp:560:10: warning: unused variable 'bool2' [-Wunused-variable]
  560 |     bool bool2 = lines[0] == "OndselSolver";
      |          ^~~~~
4 warnings generated.
AutoMoc: /home/user/dev/FreeCAD/src/Gui/UiLoader.h: note: No relevant classes found. No output generated.
Removed plural forms as the target language has less forms.
If this sounds wrong, possibly the target language is not set or recognized.
Removed plural forms as the target language has less forms.
If this sounds wrong, possibly the target language is not set or recognized.
Removed plural forms as the target language has less forms.
If this sounds wrong, possibly the target language is not set or recognized.
Removed plural forms as the target language has less forms.
If this sounds wrong, possibly the target language is not set or recognized.
Removed plural forms as the target language has less forms.
If this sounds wrong, possibly the target language is not set or recognized.
Removed plural forms as the target language has less forms.
If this sounds wrong, possibly the target language is not set or recognized.
Removed plural forms as the target language has less forms.
If this sounds wrong, possibly the target language is not set or recognized.
Removed plural forms as the target language has less forms.
If this sounds wrong, possibly the target language is not set or recognized.
Removed plural forms as the target language has less forms.
If this sounds wrong, possibly the target language is not set or recognized.
/home/user/dev/FreeCAD/src/3rdParty/salomesmesh/src/SMESH/DriverGMF_Write.cpp:207:3: warning: variable 'gmfID' set but not used [-Wunused-but-set-variable]
  207 |   BEGIN_ELEM_WRITE( SMDSGeom_TETRA, GmfTetrahedra, tetra )
      |   ^
/home/user/dev/FreeCAD/src/3rdParty/salomesmesh/src/SMESH/DriverGMF_Write.cpp:49:13: note: expanded from macro 'BEGIN_ELEM_WRITE'
   49 |   for ( int gmfID = 1; elemIt->more(); ++gmfID )                        \
      |             ^
/home/user/dev/FreeCAD/src/3rdParty/salomesmesh/src/SMESH/DriverGMF_Write.cpp:227:3: warning: variable 'gmfID' set but not used [-Wunused-but-set-variable]
  227 |   BEGIN_ELEM_WRITE( SMDSEntity_Pyramid, GmfPyramids, pyra )
      |   ^
/home/user/dev/FreeCAD/src/3rdParty/salomesmesh/src/SMESH/DriverGMF_Write.cpp:49:13: note: expanded from macro 'BEGIN_ELEM_WRITE'
   49 |   for ( int gmfID = 1; elemIt->more(); ++gmfID )                        \
      |             ^
/home/user/dev/FreeCAD/src/3rdParty/salomesmesh/src/SMESH/DriverGMF_Write.cpp:236:3: warning: variable 'gmfID' set but not used [-Wunused-but-set-variable]
  236 |   BEGIN_ELEM_WRITE( SMDSGeom_HEXA, GmfHexahedra, hexa )
      |   ^
/home/user/dev/FreeCAD/src/3rdParty/salomesmesh/src/SMESH/DriverGMF_Write.cpp:49:13: note: expanded from macro 'BEGIN_ELEM_WRITE'
   49 |   for ( int gmfID = 1; elemIt->more(); ++gmfID )                        \
      |             ^
/home/user/dev/FreeCAD/src/3rdParty/salomesmesh/src/SMESH/DriverGMF_Write.cpp:272:3: warning: variable 'gmfID' set but not used [-Wunused-but-set-variable]
  272 |   BEGIN_ELEM_WRITE( SMDSEntity_Penta, GmfPrisms, prism )
      |   ^
/home/user/dev/FreeCAD/src/3rdParty/salomesmesh/src/SMESH/DriverGMF_Write.cpp:49:13: note: expanded from macro 'BEGIN_ELEM_WRITE'
   49 |   for ( int gmfID = 1; elemIt->more(); ++gmfID )                        \
      |             ^
4 warnings generated.
/home/user/dev/FreeCAD/src/3rdParty/salomesmesh/src/SMESH/SMESH_Block.cpp:1004:7: warning: variable 'nbGetUV' set but not used [-Wunused-but-set-variable]
 1004 |   int nbGetUV = 0; // just for statistics
      |       ^
1 warning generated.
Removed plural forms as the target language has less forms.
If this sounds wrong, possibly the target language is not set or recognized.
Removed plural forms as the target language has less forms.
If this sounds wrong, possibly the target language is not set or recognized.
/home/user/dev/FreeCAD/src/3rdParty/salomesmesh/src/SMESH/SMESH_Mesh.cpp:1512:3: warning: ignoring return value of function declared with 'warn_unused_result' attribute [-Wunused-result]
 1512 |   system(cmd.c_str());
      |   ^~~~~~ ~~~~~~~~~~~
/home/user/dev/FreeCAD/src/3rdParty/salomesmesh/src/SMESH/SMESH_Mesh.cpp:1522:3: warning: ignoring return value of function declared with 'warn_unused_result' attribute [-Wunused-result]
 1522 |   system(cmd.c_str());
      |   ^~~~~~ ~~~~~~~~~~~
/home/user/dev/FreeCAD/src/3rdParty/salomesmesh/src/SMESH/SMESH_Mesh.cpp:1531:3: warning: ignoring return value of function declared with 'warn_unused_result' attribute [-Wunused-result]
 1531 |   system(cmd.c_str());
      |   ^~~~~~ ~~~~~~~~~~~
3 warnings generated.
Removed plural forms as the target language has less forms.
If this sounds wrong, possibly the target language is not set or recognized.
Removed plural forms as the target language has less forms.
If this sounds wrong, possibly the target language is not set or recognized.
Removed plural forms as the target language has less forms.
If this sounds wrong, possibly the target language is not set or recognized.
Removed plural forms as the target language has less forms.
If this sounds wrong, possibly the target language is not set or recognized.
Removed plural forms as the target language has less forms.
If this sounds wrong, possibly the target language is not set or recognized.
Removed plural forms as the target language has less forms.
If this sounds wrong, possibly the target language is not set or recognized.
Removed plural forms as the target language has less forms.
If this sounds wrong, possibly the target language is not set or recognized.
Removed plural forms as the target language has less forms.
If this sounds wrong, possibly the target language is not set or recognized.
Removed plural forms as the target language has less forms.
If this sounds wrong, possibly the target language is not set or recognized.
/home/user/dev/FreeCAD/src/3rdParty/salomesmesh/src/SMESH/libmesh.c:276:25: warning: ignoring return value of function declared with 'warn_unused_result' attribute [-Wunused-result]
  276 |                         fread((unsigned char *)&msh->cod, WrdSiz, 1, msh->hdl);
      |                         ^~~~~ ~~~~~~~~~~~~~~~~~~~~~~~~~~~~~~~~~~~~~~~~~~~~~~~
/home/user/dev/FreeCAD/src/3rdParty/salomesmesh/src/SMESH/libmesh.c:322:25: warning: ignoring return value of function declared with 'warn_unused_result' attribute [-Wunused-result]
  322 |                         fscanf(msh->hdl, "%d", &msh->ver);
      |                         ^~~~~~ ~~~~~~~~~~~~~~~~~~~~~~~~~
/home/user/dev/FreeCAD/src/3rdParty/salomesmesh/src/SMESH/libmesh.c:341:25: warning: ignoring return value of function declared with 'warn_unused_result' attribute [-Wunused-result]
  341 |                         fscanf(msh->hdl, "%d", &msh->dim);
      |                         ^~~~~~ ~~~~~~~~~~~~~~~~~~~~~~~~~
/home/user/dev/FreeCAD/src/3rdParty/salomesmesh/src/SMESH/libmesh.c:697:49: warning: ignoring return value of function declared with 'warn_unused_result' attribute [-Wunused-result]
  697 |                                                 fscanf(msh->hdl, "%f", va_arg(VarArg, float *));
      |                                                 ^~~~~~ ~~~~~~~~~~~~~~~~~~~~~~~~~~~~~~~~~~~~~~~
/home/user/dev/FreeCAD/src/3rdParty/salomesmesh/src/SMESH/libmesh.c:699:49: warning: ignoring return value of function declared with 'warn_unused_result' attribute [-Wunused-result]
  699 |                                                 fscanf(msh->hdl, "%d", &nb_repeat);
      |                                                 ^~~~~~ ~~~~~~~~~~~~~~~~~~~~~~~~~~
/home/user/dev/FreeCAD/src/3rdParty/salomesmesh/src/SMESH/libmesh.c:702:57: warning: ignoring return value of function declared with 'warn_unused_result' attribute [-Wunused-result]
  702 |                                                         fscanf(msh->hdl, "%d", va_arg(VarArg, int *));
      |                                                         ^~~~~~ ~~~~~~~~~~~~~~~~~~~~~~~~~~~~~~~~~~~~~
/home/user/dev/FreeCAD/src/3rdParty/salomesmesh/src/SMESH/libmesh.c:705:49: warning: ignoring return value of function declared with 'warn_unused_result' attribute [-Wunused-result]
  705 |                                                 fscanf(msh->hdl, "%d", va_arg(VarArg, int *));
      |                                                 ^~~~~~ ~~~~~~~~~~~~~~~~~~~~~~~~~~~~~~~~~~~~~
/home/user/dev/FreeCAD/src/3rdParty/salomesmesh/src/SMESH/libmesh.c:728:49: warning: ignoring return value of function declared with 'warn_unused_result' attribute [-Wunused-result]
  728 |                                                 fscanf(msh->hdl, "%lf", va_arg(VarArg, double *));
      |                                                 ^~~~~~ ~~~~~~~~~~~~~~~~~~~~~~~~~~~~~~~~~~~~~~~~~
/home/user/dev/FreeCAD/src/3rdParty/salomesmesh/src/SMESH/libmesh.c:730:49: warning: ignoring return value of function declared with 'warn_unused_result' attribute [-Wunused-result]
  730 |                                                 fscanf(msh->hdl, "%d", &nb_repeat);
      |                                                 ^~~~~~ ~~~~~~~~~~~~~~~~~~~~~~~~~~
/home/user/dev/FreeCAD/src/3rdParty/salomesmesh/src/SMESH/libmesh.c:733:57: warning: ignoring return value of function declared with 'warn_unused_result' attribute [-Wunused-result]
  733 |                                                         fscanf(msh->hdl, "%d", va_arg(VarArg, int *));
      |                                                         ^~~~~~ ~~~~~~~~~~~~~~~~~~~~~~~~~~~~~~~~~~~~~
/home/user/dev/FreeCAD/src/3rdParty/salomesmesh/src/SMESH/libmesh.c:736:49: warning: ignoring return value of function declared with 'warn_unused_result' attribute [-Wunused-result]
  736 |                                                 fscanf(msh->hdl, "%d", va_arg(VarArg, int *));
      |                                                 ^~~~~~ ~~~~~~~~~~~~~~~~~~~~~~~~~~~~~~~~~~~~~
/home/user/dev/FreeCAD/src/3rdParty/salomesmesh/src/SMESH/libmesh.c:760:41: warning: ignoring return value of function declared with 'warn_unused_result' attribute [-Wunused-result]
  760 |                                         fscanf(msh->hdl, "%f", &FltSolTab[j]);
      |                                         ^~~~~~ ~~~~~~~~~~~~~~~~~~~~~~~~~~~~~
/home/user/dev/FreeCAD/src/3rdParty/salomesmesh/src/SMESH/libmesh.c:770:41: warning: ignoring return value of function declared with 'warn_unused_result' attribute [-Wunused-result]
  770 |                                         fscanf(msh->hdl, "%lf", &DblSolTab[j]);
      |                                         ^~~~~~ ~~~~~~~~~~~~~~~~~~~~~~~~~~~~~~
/home/user/dev/FreeCAD/src/3rdParty/salomesmesh/src/SMESH/libmesh.c:937:41: warning: ignoring return value of function declared with 'warn_unused_result' attribute [-Wunused-result]
  937 |                                         fscanf(InpMsh->hdl, "%f", &f);
      |                                         ^~~~~~ ~~~~~~~~~~~~~~~~~~~~~
/home/user/dev/FreeCAD/src/3rdParty/salomesmesh/src/SMESH/libmesh.c:946:41: warning: ignoring return value of function declared with 'warn_unused_result' attribute [-Wunused-result]
  946 |                                         fscanf(InpMsh->hdl, "%lf", &d);
      |                                         ^~~~~~ ~~~~~~~~~~~~~~~~~~~~~~
/home/user/dev/FreeCAD/src/3rdParty/salomesmesh/src/SMESH/libmesh.c:969:33: warning: ignoring return value of function declared with 'warn_unused_result' attribute [-Wunused-result]
  969 |                                 fscanf(InpMsh->hdl, "%d", &a);
      |                                 ^~~~~~ ~~~~~~~~~~~~~~~~~~~~~
/home/user/dev/FreeCAD/src/3rdParty/salomesmesh/src/SMESH/libmesh.c:982:41: warning: ignoring return value of function declared with 'warn_unused_result' attribute [-Wunused-result]
  982 |                                         fscanf(InpMsh->hdl, "%d", &a);
      |                                         ^~~~~~ ~~~~~~~~~~~~~~~~~~~~~
/home/user/dev/FreeCAD/src/3rdParty/salomesmesh/src/SMESH/libmesh.c:995:33: warning: ignoring return value of function declared with 'warn_unused_result' attribute [-Wunused-result]
  995 |                                 fscanf(InpMsh->hdl, "%d", &a);
      |                                 ^~~~~~ ~~~~~~~~~~~~~~~~~~~~~
/home/user/dev/FreeCAD/src/3rdParty/salomesmesh/src/SMESH/libmesh.c:1094:25: warning: ignoring return value of function declared with 'warn_unused_result' attribute [-Wunused-result]
 1094 |                         fscanf(msh->hdl, "%d", &kwd->NmbLin);
      |                         ^~~~~~ ~~~~~~~~~~~~~~~~~~~~~~~~~~~~
/home/user/dev/FreeCAD/src/3rdParty/salomesmesh/src/SMESH/libmesh.c:1105:25: warning: ignoring return value of function declared with 'warn_unused_result' attribute [-Wunused-result]
 1105 |                         fscanf(msh->hdl, "%d", &kwd->NmbTyp);
      |                         ^~~~~~ ~~~~~~~~~~~~~~~~~~~~~~~~~~~~
/home/user/dev/FreeCAD/src/3rdParty/salomesmesh/src/SMESH/libmesh.c:1108:33: warning: ignoring return value of function declared with 'warn_unused_result' attribute [-Wunused-result]
 1108 |                                 fscanf(msh->hdl, "%d", &kwd->TypTab[i]);
      |                                 ^~~~~~ ~~~~~~~~~~~~~~~~~~~~~~~~~~~~~~~
/home/user/dev/FreeCAD/src/3rdParty/salomesmesh/src/SMESH/libmesh.c:1200:9: warning: ignoring return value of function declared with 'warn_unused_result' attribute [-Wunused-result]
 1200 |         fread(wrd, WrdSiz, 1, msh->hdl);
      |         ^~~~~ ~~~~~~~~~~~~~~~~~~~~~~~~
/home/user/dev/FreeCAD/src/3rdParty/salomesmesh/src/SMESH/libmesh.c:1224:9: warning: ignoring return value of function declared with 'warn_unused_result' attribute [-Wunused-result]
 1224 |         fread(wrd, WrdSiz, 2, msh->hdl);
      |         ^~~~~ ~~~~~~~~~~~~~~~~~~~~~~~~
/home/user/dev/FreeCAD/src/3rdParty/salomesmesh/src/SMESH/libmesh.c:1247:9: warning: ignoring return value of function declared with 'warn_unused_result' attribute [-Wunused-result]
 1247 |         fread(blk, WrdSiz, siz, msh->hdl);
      |         ^~~~~ ~~~~~~~~~~~~~~~~~~~~~~~~~~
24 warnings generated.
/home/user/dev/FreeCAD/src/3rdParty/salomesmesh/src/SMESH/SMESH_MesherHelper.cpp:5128:27: warning: variable 'biQuadQua' set but not used [-Wunused-but-set-variable]
 5128 |   const SMDS_MeshElement *biQuadQua, *triQuadHex;
      |                           ^
1 warning generated.
/home/user/dev/FreeCAD/src/3rdParty/salomesmesh/src/SMESH/SMESH_MeshEditor.cpp:3877:7: warning: variable 'nbElems' set but not used [-Wunused-but-set-variable]
 3877 |   int nbElems = 0;
      |       ^
/home/user/dev/FreeCAD/src/3rdParty/salomesmesh/src/SMESH/SMESH_MeshEditor.cpp:6564:11: warning: variable 'nodeIndex' set but not used [-Wunused-but-set-variable]
 6564 |       int nodeIndex = -1;
      |           ^
/home/user/dev/FreeCAD/src/3rdParty/salomesmesh/src/SMESH/SMESH_MeshEditor.cpp:10968:9: warning: variable 'ielem' set but not used [-Wunused-but-set-variable]
 10968 |     int ielem;
       |         ^
/home/user/dev/FreeCAD/src/3rdParty/salomesmesh/src/SMESH/SMESH_MeshEditor.cpp:11071:9: warning: variable 'ielem' set but not used [-Wunused-but-set-variable]
 11071 |     int ielem;
       |         ^
/home/user/dev/FreeCAD/src/3rdParty/salomesmesh/src/SMESH/SMESH_MeshEditor.cpp:12105:11: warning: variable 'k' set but not used [-Wunused-but-set-variable]
 12105 |       int k = 0;
       |           ^
/home/user/dev/FreeCAD/src/3rdParty/salomesmesh/src/SMESH/SMESH_MeshEditor.cpp:12137:11: warning: variable 'nodeId' set but not used [-Wunused-but-set-variable]
 12137 |       int nodeId = 0;
       |           ^
6 warnings generated.
/home/user/dev/FreeCAD/src/3rdParty/OndselSolver/OndselSolver/FunctionX.cpp:34:42: warning: unused parameter 'arg' [-Wunused-parameter]
   34 | Symsptr MbD::FunctionX::copyWith(Symsptr arg)
      |                                          ^
1 warning generated.
/home/user/dev/FreeCAD/src/3rdParty/OndselSolver/OndselSolver/FunctionXY.cpp:24:43: warning: unused parameter 'argx' [-Wunused-parameter]
   24 | Symsptr MbD::FunctionXY::copyWith(Symsptr argx, Symsptr argy)
      |                                           ^
/home/user/dev/FreeCAD/src/3rdParty/OndselSolver/OndselSolver/FunctionXY.cpp:24:57: warning: unused parameter 'argy' [-Wunused-parameter]
   24 | Symsptr MbD::FunctionXY::copyWith(Symsptr argx, Symsptr argy)
      |                                                         ^
2 warnings generated.
/home/user/dev/FreeCAD/src/3rdParty/OndselSolver/OndselSolver/Product.cpp:165:7: warning: variable 'hasInfinity' set but not used [-Wunused-but-set-variable]
  165 |         bool hasInfinity = false;
      |              ^
1 warning generated.
/home/user/dev/FreeCAD/src/3rdParty/salomesmesh/src/StdMeshers/StdMeshers_Adaptive1D.cpp:355:33: warning: 'Triangles' is deprecated: Deprecated method, Triangle() should be used instead [-Wdeprecated-declarations]
  355 |       myPolyTrias       = & tr->Triangles();
      |                                 ^
/nix/store/njpvi46a41av7k4xqanvf94nawfci0f0-opencascade-occt-7.9.3/include/opencascade/Poly_Triangulation.hxx:337:3: note: 'Triangles' has been explicitly marked deprecated here
  337 |   Standard_DEPRECATED("Deprecated method, Triangle() should be used instead")
      |   ^
/nix/store/njpvi46a41av7k4xqanvf94nawfci0f0-opencascade-occt-7.9.3/include/opencascade/Standard_Macro.hxx:160:56: note: expanded from macro 'Standard_DEPRECATED'
  160 |     #define Standard_DEPRECATED(theMsg) __attribute__((deprecated(theMsg)))
      |                                                        ^
1 warning generated.
/home/user/dev/FreeCAD/src/3rdParty/salomesmesh/src/StdMeshers/StdMeshers_Penta_3D.cpp:1527:7: warning: variable 'col' set but not used [-Wunused-but-set-variable]
 1527 |   int col = 0;
      |       ^
1 warning generated.
/home/user/dev/FreeCAD/src/3rdParty/salomesmesh/src/StdMeshers/StdMeshers_Prism_3D.cpp:2945:18: warning: variable 'anyFaceSM' set but not used [-Wunused-but-set-variable]
 2945 |   SMESH_subMesh* anyFaceSM = 0;
      |                  ^
/home/user/dev/FreeCAD/src/3rdParty/salomesmesh/src/StdMeshers/StdMeshers_Prism_3D.cpp:3441:53: warning: arithmetic between different enumeration types ('(unnamed enum at /home/user/dev/FreeCAD/src/3rdParty/salomesmesh/src/StdMeshers/StdMeshers_Prism_3D.cpp:89:1)' and 'SMESH_Block::TShapeID') is deprecated [-Wdeprecated-anon-enum-enum-conversion]
 3441 |     SMESH_Block::TFace& tFace = myFace[ ID_BOT_FACE - ID_FirstF ];
      |                                         ~~~~~~~~~~~ ^ ~~~~~~~~~
/home/user/dev/FreeCAD/src/3rdParty/salomesmesh/src/StdMeshers/StdMeshers_Prism_3D.cpp:3446:53: warning: arithmetic between different enumeration types ('(unnamed enum at /home/user/dev/FreeCAD/src/3rdParty/salomesmesh/src/StdMeshers/StdMeshers_Prism_3D.cpp:89:1)' and 'SMESH_Block::TShapeID') is deprecated [-Wdeprecated-anon-enum-enum-conversion]
 3446 |     SMESH_Block::TFace& tFace = myFace[ ID_TOP_FACE - ID_FirstF ];
      |                                         ~~~~~~~~~~~ ^ ~~~~~~~~~
3 warnings generated.
/home/user/dev/FreeCAD/src/3rdParty/salomesmesh/src/StdMeshers/StdMeshers_ViscousLayers2D.cpp:1385:7: warning: variable 'nbSteps' set but not used [-Wunused-but-set-variable]
 1385 |   int nbSteps = 0;
      |       ^
1 warning generated.
/home/user/dev/FreeCAD/src/3rdParty/salomesmesh/src/StdMeshers/StdMeshers_ViscousLayers.cpp:3971:27: warning: variable 'closestFace' set but not used [-Wunused-but-set-variable]
 3971 |   const SMDS_MeshElement* closestFace = 0;
      |                           ^
/home/user/dev/FreeCAD/src/3rdParty/salomesmesh/src/StdMeshers/StdMeshers_ViscousLayers.cpp:3972:15: warning: variable 'le' set but not used [-Wunused-but-set-variable]
 3972 |   _LayerEdge* le = 0;
      |               ^
/home/user/dev/FreeCAD/src/3rdParty/salomesmesh/src/StdMeshers/StdMeshers_ViscousLayers.cpp:6662:36: warning: variable 'f' set but not used [-Wunused-but-set-variable]
 6662 |       if ( const SMDS_MeshElement* f = fIt->next() )
      |                                    ^
3 warnings generated.
Removed plural forms as the target language has less forms.
If this sounds wrong, possibly the target language is not set or recognized.
Removed plural forms as the target language has less forms.
If this sounds wrong, possibly the target language is not set or recognized.
Removed plural forms as the target language has less forms.
If this sounds wrong, possibly the target language is not set or recognized.
Removed plural forms as the target language has less forms.
If this sounds wrong, possibly the target language is not set or recognized.
Removed plural forms as the target language has less forms.
If this sounds wrong, possibly the target language is not set or recognized.
Removed plural forms as the target language has less forms.
If this sounds wrong, possibly the target language is not set or recognized.
Removed plural forms as the target language has less forms.
If this sounds wrong, possibly the target language is not set or recognized.
Removed plural forms as the target language has less forms.
If this sounds wrong, possibly the target language is not set or recognized.
Removed plural forms as the target language has less forms.
If this sounds wrong, possibly the target language is not set or recognized.
Removed plural forms as the target language has less forms.
If this sounds wrong, possibly the target language is not set or recognized.
Removed plural forms as the target language has less forms.
If this sounds wrong, possibly the target language is not set or recognized.
Removed plural forms as the target language has less forms.
If this sounds wrong, possibly the target language is not set or recognized.
Removed plural forms as the target language has less forms.
If this sounds wrong, possibly the target language is not set or recognized.
AutoUic: /home/user/dev/FreeCAD/src/Mod/Sketcher/Gui/SketcherSettingsAppearance.ui: Warning: The name 'label_3' (QLabel) is already in use, defaulting to 'label_31'.
Removed plural forms as the target language has less forms.
If this sounds wrong, possibly the target language is not set or recognized.
Removed plural forms as the target language has less forms.
If this sounds wrong, possibly the target language is not set or recognized.
Removed plural forms as the target language has less forms.
If this sounds wrong, possibly the target language is not set or recognized.
Removed plural forms as the target language has less forms.
If this sounds wrong, possibly the target language is not set or recognized.
Removed plural forms as the target language has less forms.
If this sounds wrong, possibly the target language is not set or recognized.
Removed plural forms as the target language has less forms.
If this sounds wrong, possibly the target language is not set or recognized.
Removed plural forms as the target language has less forms.
If this sounds wrong, possibly the target language is not set or recognized.
Removed plural forms as the target language has less forms.
If this sounds wrong, possibly the target language is not set or recognized.
Removed plural forms as the target language has less forms.
If this sounds wrong, possibly the target language is not set or recognized.
Removed plural forms as the target language has less forms.
If this sounds wrong, possibly the target language is not set or recognized.
Removed plural forms as the target language has less forms.
If this sounds wrong, possibly the target language is not set or recognized.
Removed plural forms as the target language has less forms.
If this sounds wrong, possibly the target language is not set or recognized.
Removed plural forms as the target language has less forms.
If this sounds wrong, possibly the target language is not set or recognized.
Removed plural forms as the target language has less forms.
If this sounds wrong, possibly the target language is not set or recognized.
Removed plural forms as the target language has less forms.
If this sounds wrong, possibly the target language is not set or recognized.
Removed plural forms as the target language has less forms.
If this sounds wrong, possibly the target language is not set or recognized.
Removed plural forms as the target language has less forms.
If this sounds wrong, possibly the target language is not set or recognized.
Removed plural forms as the target language has less forms.
If this sounds wrong, possibly the target language is not set or recognized.
Removed plural forms as the target language has less forms.
If this sounds wrong, possibly the target language is not set or recognized.
Removed plural forms as the target language has less forms.
If this sounds wrong, possibly the target language is not set or recognized.
Removed plural forms as the target language has less forms.
If this sounds wrong, possibly the target language is not set or recognized.
Deprecated command line option: -py3. Ignored, this option is no longer supported.
/home/user/dev/FreeCAD/src/3rdParty/pivy/Inventor/SbDict.h:73: Warning 362: operator= ignored
/home/user/dev/FreeCAD/src/3rdParty/pivy/Inventor/lists/SbPList.h:53: Warning 362: operator= ignored
/home/user/dev/FreeCAD/src/3rdParty/pivy/Inventor/lists/SbPList.h:66: Warning 389: operator[] ignored (consider using %extend)
/home/user/dev/FreeCAD/src/3rdParty/pivy/Inventor/lists/SbIntList.h:60: Warning 389: operator[] ignored (consider using %extend)
/home/user/dev/FreeCAD/src/3rdParty/pivy/Inventor/SbString.h:102: Warning 389: operator[] ignored (consider using %extend)
/home/user/dev/FreeCAD/src/3rdParty/pivy/Inventor/SbString.h:105: Warning 362: operator= ignored
/home/user/dev/FreeCAD/src/3rdParty/pivy/Inventor/SbString.h:107: Warning 362: operator= ignored
/home/user/dev/FreeCAD/src/3rdParty/pivy/Inventor/SbString.h:116: Warning 361: operator! ignored
/home/user/dev/FreeCAD/src/3rdParty/pivy/Inventor/SbString.h:140: Warning 314: 'print' is a python keyword, renaming to '_print'
/home/user/dev/FreeCAD/src/3rdParty/pivy/Inventor/SbName.h:55: Warning 361: operator! ignored
/home/user/dev/FreeCAD/src/3rdParty/pivy/Inventor/SbVec2s.h:76: Warning 389: operator[] ignored (consider using %extend)
/home/user/dev/FreeCAD/src/3rdParty/pivy/Inventor/SbVec2s.h:77: Warning 389: operator[] ignored (consider using %extend)
/home/user/dev/FreeCAD/src/3rdParty/pivy/Inventor/SbVec2f.h:73: Warning 389: operator[] ignored (consider using %extend)
/home/user/dev/FreeCAD/src/3rdParty/pivy/Inventor/SbVec2f.h:74: Warning 389: operator[] ignored (consider using %extend)
/home/user/dev/FreeCAD/src/3rdParty/coin/include/Inventor/events/SoEvent.h:82: Warning 312: Nested struct not currently supported (ignored).
/home/user/dev/FreeCAD/src/3rdParty/pivy/Inventor/fields/SoField.h:204: Warning 312: Nested union not currently supported (ignored).
/home/user/dev/FreeCAD/src/3rdParty/pivy/Inventor/misc/SoBase.h:130: Warning 312: Nested struct not currently supported (ignored).
/home/user/dev/FreeCAD/src/3rdParty/pivy/Inventor/misc/SoBase.h:105: Warning 302: Redefinition of identifier '~SoBase' by %extend ignored,
/home/user/dev/FreeCAD/src/3rdParty/pivy/Inventor/misc/SoBase.i:5: Warning 302: %extend definition of '~SoBase'.
/home/user/dev/FreeCAD/src/3rdParty/coin/include/Inventor/lists/SbList.h:102: Warning 362: operator= ignored
/home/user/dev/FreeCAD/src/3rdParty/coin/include/Inventor/lists/SbList.h:200: Warning 389: operator[] ignored (consider using %extend)
/home/user/dev/FreeCAD/src/3rdParty/coin/include/Inventor/lists/SbList.h:207: Warning 389: operator[] ignored (consider using %extend)
/home/user/dev/FreeCAD/src/3rdParty/pivy/Inventor/lists/SoBaseList.h:58: Warning 362: operator= ignored
/home/user/dev/FreeCAD/src/3rdParty/pivy/Inventor/lists/SoBaseList.h:59: Warning 389: operator[] ignored (consider using %extend)
/home/user/dev/FreeCAD/src/3rdParty/pivy/Inventor/lists/SoNodeList.h:54: Warning 389: operator[] ignored (consider using %extend)
/home/user/dev/FreeCAD/src/3rdParty/pivy/Inventor/lists/SoNodeList.h:55: Warning 362: operator= ignored
/home/user/dev/FreeCAD/src/3rdParty/pivy/Inventor/lists/SoDetailList.h:62: Warning 362: operator= ignored
/home/user/dev/FreeCAD/src/3rdParty/pivy/Inventor/lists/SoDetailList.h:65: Warning 389: operator[] ignored (consider using %extend)
/home/user/dev/FreeCAD/src/3rdParty/pivy/Inventor/lists/SoTypeList.h:52: Warning 389: operator[] ignored (consider using %extend)
/home/user/dev/FreeCAD/src/3rdParty/pivy/Inventor/lists/SoEngineOutputList.h:58: Warning 389: operator[] ignored (consider using %extend)
/home/user/dev/FreeCAD/src/3rdParty/pivy/Inventor/lists/SoEngineList.h:54: Warning 389: operator[] ignored (consider using %extend)
/home/user/dev/FreeCAD/src/3rdParty/pivy/Inventor/lists/SoEngineList.h:55: Warning 362: operator= ignored
/home/user/dev/FreeCAD/src/3rdParty/pivy/Inventor/lists/SoFieldList.h:59: Warning 389: operator[] ignored (consider using %extend)
/home/user/dev/FreeCAD/src/3rdParty/pivy/Inventor/lists/SoPathList.h:54: Warning 389: operator[] ignored (consider using %extend)
/home/user/dev/FreeCAD/src/3rdParty/pivy/Inventor/lists/SoPathList.h:55: Warning 362: operator= ignored
/home/user/dev/FreeCAD/src/3rdParty/pivy/Inventor/lists/SoPickedPointList.h:59: Warning 389: operator[] ignored (consider using %extend)
/home/user/dev/FreeCAD/src/3rdParty/pivy/Inventor/SoPath.h:66: Warning 362: operator= ignored
/home/user/dev/FreeCAD/src/3rdParty/coin/include/Inventor/tools/SbPimplPtr.h:65: Warning 362: operator= ignored
/home/user/dev/FreeCAD/src/3rdParty/pivy/Inventor/lists/SoActionMethodList.h:55: Warning 389: operator[] ignored (consider using %extend)
/home/user/dev/FreeCAD/src/3rdParty/pivy/Inventor/fields/SoSFEnum.h:47: Warning 362: operator= ignored
/home/user/dev/FreeCAD/src/3rdParty/pivy/Inventor/fields/SoSFEnum.h:47: Warning 362: operator= ignored
/home/user/dev/FreeCAD/src/3rdParty/pivy/Inventor/fields/SoSFFloat.h:46: Warning 362: operator= ignored
/home/user/dev/FreeCAD/src/3rdParty/pivy/Inventor/fields/SoSFFloat.h:46: Warning 362: operator= ignored
/home/user/dev/FreeCAD/src/3rdParty/pivy/Inventor/fields/SoSFUShort.h:46: Warning 362: operator= ignored
/home/user/dev/FreeCAD/src/3rdParty/pivy/Inventor/fields/SoSFUShort.h:46: Warning 362: operator= ignored
/home/user/dev/FreeCAD/src/3rdParty/pivy/Inventor/fields/SoSFInt32.h:46: Warning 362: operator= ignored
/home/user/dev/FreeCAD/src/3rdParty/pivy/Inventor/fields/SoSFInt32.h:46: Warning 362: operator= ignored
/home/user/dev/FreeCAD/src/3rdParty/coin/include/Inventor/SbByteBuffer.h:45: Warning 389: operator[] ignored (consider using %extend)
/home/user/dev/FreeCAD/src/3rdParty/coin/include/Inventor/SbByteBuffer.h:46: Warning 362: operator= ignored
/home/user/dev/FreeCAD/src/3rdParty/pivy/Inventor/SbVec3f.h:80: Warning 389: operator[] ignored (consider using %extend)
/home/user/dev/FreeCAD/src/3rdParty/pivy/Inventor/SbVec3f.h:81: Warning 389: operator[] ignored (consider using %extend)
/home/user/dev/FreeCAD/src/3rdParty/pivy/Inventor/elements/SoLazyElement.h:243: Warning 325: Nested struct not currently supported (CoinState ignored)
/home/user/dev/FreeCAD/src/3rdParty/pivy/Inventor/fields/SoSFBool.h:46: Warning 362: operator= ignored
/home/user/dev/FreeCAD/src/3rdParty/pivy/Inventor/fields/SoSFBool.h:46: Warning 362: operator= ignored
/home/user/dev/FreeCAD/src/3rdParty/pivy/Inventor/fields/SoSFImage.h:50: Warning 362: operator= ignored
/home/user/dev/FreeCAD/src/3rdParty/pivy/Inventor/fields/SoSFString.h:47: Warning 362: operator= ignored
/home/user/dev/FreeCAD/src/3rdParty/pivy/Inventor/fields/SoSFString.h:47: Warning 362: operator= ignored
/home/user/dev/FreeCAD/src/3rdParty/pivy/Inventor/fields/SoSFColor.h:47: Warning 362: operator= ignored
/home/user/dev/FreeCAD/src/3rdParty/pivy/Inventor/fields/SoSFColor.h:47: Warning 362: operator= ignored
/home/user/dev/FreeCAD/src/3rdParty/pivy/Inventor/SbVec3s.h:77: Warning 389: operator[] ignored (consider using %extend)
/home/user/dev/FreeCAD/src/3rdParty/pivy/Inventor/SbVec3s.h:78: Warning 389: operator[] ignored (consider using %extend)
/home/user/dev/FreeCAD/src/3rdParty/coin/include/Inventor/elements/SoMultiTextureImageElement.h:166: Warning 325: Nested class not currently supported (UnitData ignored)
/home/user/dev/FreeCAD/src/3rdParty/coin/include/Inventor/tools/SbLazyPimplPtr.h:66: Warning 362: operator= ignored
/home/user/dev/FreeCAD/src/3rdParty/pivy/Inventor/SbMatrix.h:113: Warning 389: operator[] ignored (consider using %extend)
/home/user/dev/FreeCAD/src/3rdParty/pivy/Inventor/SbMatrix.h:114: Warning 389: operator[] ignored (consider using %extend)
/home/user/dev/FreeCAD/src/3rdParty/pivy/Inventor/SbMatrix.h:116: Warning 362: operator= ignored
/home/user/dev/FreeCAD/src/3rdParty/pivy/Inventor/SbMatrix.h:117: Warning 362: operator= ignored
/home/user/dev/FreeCAD/src/3rdParty/pivy/Inventor/SbMatrix.h:118: Warning 362: operator= ignored
/home/user/dev/FreeCAD/src/3rdParty/pivy/Inventor/SbVec4f.h:73: Warning 389: operator[] ignored (consider using %extend)
/home/user/dev/FreeCAD/src/3rdParty/pivy/Inventor/SbVec4f.h:74: Warning 389: operator[] ignored (consider using %extend)
/home/user/dev/FreeCAD/src/3rdParty/pivy/Inventor/SbRotation.h:72: Warning 389: operator[] ignored (consider using %extend)
/home/user/dev/FreeCAD/src/3rdParty/coin/include/Inventor/elements/SoMultiTextureCoordinateElement.h:120: Warning 325: Nested class not currently supported (UnitData ignored)
/home/user/dev/FreeCAD/src/3rdParty/coin/include/Inventor/elements/SoGLMultiTextureCoordinateElement.h:76: Warning 325: Nested class not currently supported (GLUnitData ignored)
/home/user/dev/FreeCAD/src/3rdParty/coin/include/Inventor/elements/SoGLLazyElement.h:100: Warning 325: Nested struct not currently supported (GLState ignored)
/home/user/dev/FreeCAD/src/3rdParty/pivy/Inventor/fields/SoSFNode.h:54: Warning 362: operator= ignored
/home/user/dev/FreeCAD/src/3rdParty/pivy/Inventor/fields/SoSFNode.h:54: Warning 362: operator= ignored
/home/user/dev/FreeCAD/src/3rdParty/pivy/Inventor/fields/SoSFName.h:47: Warning 362: operator= ignored
/home/user/dev/FreeCAD/src/3rdParty/pivy/Inventor/fields/SoSFName.h:47: Warning 362: operator= ignored
/home/user/dev/FreeCAD/src/3rdParty/pivy/Inventor/fields/SoMFName.h:47: Warning 362: operator= ignored
/home/user/dev/FreeCAD/src/3rdParty/pivy/Inventor/fields/SoMFName.h:47: Warning 389: operator[] ignored (consider using %extend)
/home/user/dev/FreeCAD/src/3rdParty/pivy/Inventor/fields/SoMFName.h:47: Warning 362: operator= ignored
/home/user/dev/FreeCAD/src/3rdParty/pivy/Inventor/SbVec3d.h:79: Warning 389: operator[] ignored (consider using %extend)
/home/user/dev/FreeCAD/src/3rdParty/pivy/Inventor/SbVec3d.h:80: Warning 389: operator[] ignored (consider using %extend)
/home/user/dev/FreeCAD/src/3rdParty/pivy/Inventor/fields/SoSFVec3f.h:47: Warning 362: operator= ignored
/home/user/dev/FreeCAD/src/3rdParty/pivy/Inventor/fields/SoSFVec3f.h:47: Warning 362: operator= ignored
/home/user/dev/FreeCAD/src/3rdParty/pivy/Inventor/fields/SoSFRotation.h:47: Warning 362: operator= ignored
/home/user/dev/FreeCAD/src/3rdParty/pivy/Inventor/fields/SoSFRotation.h:47: Warning 362: operator= ignored
/home/user/dev/FreeCAD/src/3rdParty/pivy/Inventor/fields/SoSFVec2f.h:47: Warning 362: operator= ignored
/home/user/dev/FreeCAD/src/3rdParty/pivy/Inventor/fields/SoSFVec2f.h:47: Warning 362: operator= ignored
/home/user/dev/FreeCAD/src/3rdParty/coin/include/Inventor/elements/SoMultiTextureMatrixElement.h:66: Warning 325: Nested class not currently supported (UnitData ignored)
/home/user/dev/FreeCAD/src/3rdParty/coin/include/Inventor/elements/SoGLMultiTextureImageElement.h:75: Warning 325: Nested class not currently supported (GLUnitData ignored)
/home/user/dev/FreeCAD/src/3rdParty/pivy/Inventor/SbColor4f.h:68: Warning 389: operator[] ignored (consider using %extend)
/home/user/dev/FreeCAD/src/3rdParty/pivy/Inventor/SbColor4f.h:69: Warning 389: operator[] ignored (consider using %extend)
/home/user/dev/FreeCAD/src/3rdParty/coin/include/Inventor/elements/SoTextureCombineElement.h:140: Warning 325: Nested class not currently supported (UnitData ignored)
/home/user/dev/FreeCAD/src/3rdParty/coin/include/Inventor/engines/SoEngineOutput.h:63: Warning 389: operator[] ignored (consider using %extend)
/home/user/dev/FreeCAD/src/3rdParty/pivy/Inventor/fields/SoMFBool.h:46: Warning 362: operator= ignored
/home/user/dev/FreeCAD/src/3rdParty/pivy/Inventor/fields/SoMFBool.h:46: Warning 389: operator[] ignored (consider using %extend)
/home/user/dev/FreeCAD/src/3rdParty/pivy/Inventor/fields/SoMFBool.h:46: Warning 362: operator= ignored
/home/user/dev/FreeCAD/src/3rdParty/pivy/Inventor/fields/SoMFEnum.h:46: Warning 362: operator= ignored
/home/user/dev/FreeCAD/src/3rdParty/pivy/Inventor/fields/SoMFEnum.h:46: Warning 389: operator[] ignored (consider using %extend)
/home/user/dev/FreeCAD/src/3rdParty/pivy/Inventor/fields/SoMFEnum.h:46: Warning 362: operator= ignored
/home/user/dev/FreeCAD/src/3rdParty/pivy/Inventor/fields/SoMFFloat.h:46: Warning 362: operator= ignored
/home/user/dev/FreeCAD/src/3rdParty/pivy/Inventor/fields/SoMFFloat.h:46: Warning 389: operator[] ignored (consider using %extend)
/home/user/dev/FreeCAD/src/3rdParty/pivy/Inventor/fields/SoMFFloat.h:46: Warning 362: operator= ignored
/home/user/dev/FreeCAD/src/3rdParty/pivy/Inventor/fields/SoMFVec3f.h:47: Warning 362: operator= ignored
/home/user/dev/FreeCAD/src/3rdParty/pivy/Inventor/fields/SoMFVec3f.h:47: Warning 389: operator[] ignored (consider using %extend)
/home/user/dev/FreeCAD/src/3rdParty/pivy/Inventor/fields/SoMFVec3f.h:47: Warning 362: operator= ignored
/home/user/dev/FreeCAD/src/3rdParty/pivy/Inventor/fields/SoMFString.h:47: Warning 362: operator= ignored
/home/user/dev/FreeCAD/src/3rdParty/pivy/Inventor/fields/SoMFString.h:47: Warning 389: operator[] ignored (consider using %extend)
/home/user/dev/FreeCAD/src/3rdParty/pivy/Inventor/fields/SoMFString.h:47: Warning 362: operator= ignored
/home/user/dev/FreeCAD/src/3rdParty/pivy/Inventor/fields/SoMFVec2f.h:47: Warning 362: operator= ignored
/home/user/dev/FreeCAD/src/3rdParty/pivy/Inventor/fields/SoMFVec2f.h:47: Warning 389: operator[] ignored (consider using %extend)
/home/user/dev/FreeCAD/src/3rdParty/pivy/Inventor/fields/SoMFVec2f.h:47: Warning 362: operator= ignored
/home/user/dev/FreeCAD/src/3rdParty/pivy/Inventor/fields/SoMFVec4f.h:47: Warning 362: operator= ignored
/home/user/dev/FreeCAD/src/3rdParty/pivy/Inventor/fields/SoMFVec4f.h:47: Warning 389: operator[] ignored (consider using %extend)
/home/user/dev/FreeCAD/src/3rdParty/pivy/Inventor/fields/SoMFVec4f.h:47: Warning 362: operator= ignored
/home/user/dev/FreeCAD/src/3rdParty/pivy/Inventor/fields/SoMFRotation.h:47: Warning 362: operator= ignored
/home/user/dev/FreeCAD/src/3rdParty/pivy/Inventor/fields/SoMFRotation.h:47: Warning 389: operator[] ignored (consider using %extend)
/home/user/dev/FreeCAD/src/3rdParty/pivy/Inventor/fields/SoMFRotation.h:47: Warning 362: operator= ignored
/home/user/dev/FreeCAD/src/3rdParty/pivy/Inventor/fields/SoMFMatrix.h:47: Warning 362: operator= ignored
/home/user/dev/FreeCAD/src/3rdParty/pivy/Inventor/fields/SoMFMatrix.h:47: Warning 389: operator[] ignored (consider using %extend)
/home/user/dev/FreeCAD/src/3rdParty/pivy/Inventor/fields/SoMFMatrix.h:47: Warning 362: operator= ignored
/home/user/dev/FreeCAD/src/3rdParty/pivy/Inventor/fields/SoSFPath.h:50: Warning 362: operator= ignored
/home/user/dev/FreeCAD/src/3rdParty/pivy/Inventor/fields/SoSFPath.h:50: Warning 362: operator= ignored
/home/user/dev/FreeCAD/src/3rdParty/pivy/Inventor/fields/SoSFTrigger.h:49: Warning 362: operator= ignored
/home/user/dev/FreeCAD/src/3rdParty/pivy/Inventor/fields/SoSFShort.h:46: Warning 362: operator= ignored
/home/user/dev/FreeCAD/src/3rdParty/pivy/Inventor/fields/SoSFShort.h:46: Warning 362: operator= ignored
/home/user/dev/FreeCAD/src/3rdParty/pivy/Inventor/fields/SoSFTime.h:47: Warning 362: operator= ignored
/home/user/dev/FreeCAD/src/3rdParty/pivy/Inventor/fields/SoSFTime.h:47: Warning 362: operator= ignored
/home/user/dev/FreeCAD/src/3rdParty/coin/include/Inventor/fields/SoSFBitMask.h:41: Warning 362: operator= ignored
/home/user/dev/FreeCAD/src/3rdParty/coin/include/Inventor/fields/SoSFBitMask.h:41: Warning 362: operator= ignored
/home/user/dev/FreeCAD/src/3rdParty/coin/include/Inventor/fields/SoSFBox2s.h:43: Warning 362: operator= ignored
/home/user/dev/FreeCAD/src/3rdParty/coin/include/Inventor/fields/SoSFBox2s.h:43: Warning 362: operator= ignored
/home/user/dev/FreeCAD/src/3rdParty/coin/include/Inventor/SbVec2i32.h:71: Warning 389: operator[] ignored (consider using %extend)
/home/user/dev/FreeCAD/src/3rdParty/coin/include/Inventor/SbVec2i32.h:72: Warning 389: operator[] ignored (consider using %extend)
/home/user/dev/FreeCAD/src/3rdParty/coin/include/Inventor/fields/SoSFBox2i32.h:43: Warning 362: operator= ignored
/home/user/dev/FreeCAD/src/3rdParty/coin/include/Inventor/fields/SoSFBox2i32.h:43: Warning 362: operator= ignored
/home/user/dev/FreeCAD/src/3rdParty/coin/include/Inventor/fields/SoSFBox2f.h:43: Warning 362: operator= ignored
/home/user/dev/FreeCAD/src/3rdParty/coin/include/Inventor/fields/SoSFBox2f.h:43: Warning 362: operator= ignored
/home/user/dev/FreeCAD/src/3rdParty/pivy/Inventor/SbVec2d.h:72: Warning 389: operator[] ignored (consider using %extend)
/home/user/dev/FreeCAD/src/3rdParty/pivy/Inventor/SbVec2d.h:73: Warning 389: operator[] ignored (consider using %extend)
/home/user/dev/FreeCAD/src/3rdParty/coin/include/Inventor/fields/SoSFBox2d.h:43: Warning 362: operator= ignored
/home/user/dev/FreeCAD/src/3rdParty/coin/include/Inventor/fields/SoSFBox2d.h:43: Warning 362: operator= ignored
/home/user/dev/FreeCAD/src/3rdParty/coin/include/Inventor/fields/SoSFBox3s.h:43: Warning 362: operator= ignored
/home/user/dev/FreeCAD/src/3rdParty/coin/include/Inventor/fields/SoSFBox3s.h:43: Warning 362: operator= ignored
/home/user/dev/FreeCAD/src/3rdParty/coin/include/Inventor/SbVec3i32.h:69: Warning 389: operator[] ignored (consider using %extend)
/home/user/dev/FreeCAD/src/3rdParty/coin/include/Inventor/SbVec3i32.h:70: Warning 389: operator[] ignored (consider using %extend)
/home/user/dev/FreeCAD/src/3rdParty/coin/include/Inventor/fields/SoSFBox3i32.h:43: Warning 362: operator= ignored
/home/user/dev/FreeCAD/src/3rdParty/coin/include/Inventor/fields/SoSFBox3i32.h:43: Warning 362: operator= ignored
/home/user/dev/FreeCAD/src/3rdParty/coin/include/Inventor/fields/SoSFBox3f.h:43: Warning 362: operator= ignored
/home/user/dev/FreeCAD/src/3rdParty/coin/include/Inventor/fields/SoSFBox3f.h:43: Warning 362: operator= ignored
/home/user/dev/FreeCAD/src/3rdParty/coin/include/Inventor/fields/SoSFBox3d.h:43: Warning 362: operator= ignored
/home/user/dev/FreeCAD/src/3rdParty/coin/include/Inventor/fields/SoSFBox3d.h:43: Warning 362: operator= ignored
/home/user/dev/FreeCAD/src/3rdParty/coin/include/Inventor/fields/SoSFColorRGBA.h:43: Warning 362: operator= ignored
/home/user/dev/FreeCAD/src/3rdParty/coin/include/Inventor/fields/SoSFColorRGBA.h:43: Warning 362: operator= ignored
/home/user/dev/FreeCAD/src/3rdParty/coin/include/Inventor/fields/SoSFDouble.h:42: Warning 362: operator= ignored
/home/user/dev/FreeCAD/src/3rdParty/coin/include/Inventor/fields/SoSFDouble.h:42: Warning 362: operator= ignored
/home/user/dev/FreeCAD/src/3rdParty/pivy/Inventor/fields/SoSFEngine.h:54: Warning 362: operator= ignored
/home/user/dev/FreeCAD/src/3rdParty/pivy/Inventor/fields/SoSFEngine.h:54: Warning 362: operator= ignored
/home/user/dev/FreeCAD/src/3rdParty/pivy/Inventor/fields/SoSFImage3.h:48: Warning 362: operator= ignored
/home/user/dev/FreeCAD/src/3rdParty/pivy/Inventor/fields/SoSFMatrix.h:47: Warning 362: operator= ignored
/home/user/dev/FreeCAD/src/3rdParty/pivy/Inventor/fields/SoSFMatrix.h:47: Warning 362: operator= ignored
/home/user/dev/FreeCAD/src/3rdParty/pivy/Inventor/fields/SoSFPlane.h:47: Warning 362: operator= ignored
/home/user/dev/FreeCAD/src/3rdParty/pivy/Inventor/fields/SoSFPlane.h:47: Warning 362: operator= ignored
/home/user/dev/FreeCAD/src/3rdParty/pivy/Inventor/fields/SoSFUInt32.h:46: Warning 362: operator= ignored
/home/user/dev/FreeCAD/src/3rdParty/pivy/Inventor/fields/SoSFUInt32.h:46: Warning 362: operator= ignored
/home/user/dev/FreeCAD/src/3rdParty/coin/include/Inventor/SbVec2b.h:69: Warning 389: operator[] ignored (consider using %extend)
/home/user/dev/FreeCAD/src/3rdParty/coin/include/Inventor/SbVec2b.h:70: Warning 389: operator[] ignored (consider using %extend)
/home/user/dev/FreeCAD/src/3rdParty/coin/include/Inventor/fields/SoSFVec2b.h:43: Warning 362: operator= ignored
/home/user/dev/FreeCAD/src/3rdParty/coin/include/Inventor/fields/SoSFVec2b.h:43: Warning 362: operator= ignored
/home/user/dev/FreeCAD/src/3rdParty/coin/include/Inventor/fields/SoSFVec2s.h:43: Warning 362: operator= ignored
/home/user/dev/FreeCAD/src/3rdParty/coin/include/Inventor/fields/SoSFVec2s.h:43: Warning 362: operator= ignored
/home/user/dev/FreeCAD/src/3rdParty/coin/include/Inventor/fields/SoSFVec2i32.h:43: Warning 362: operator= ignored
/home/user/dev/FreeCAD/src/3rdParty/coin/include/Inventor/fields/SoSFVec2i32.h:43: Warning 362: operator= ignored
/home/user/dev/FreeCAD/src/3rdParty/coin/include/Inventor/fields/SoSFVec2d.h:43: Warning 362: operator= ignored
/home/user/dev/FreeCAD/src/3rdParty/coin/include/Inventor/fields/SoSFVec2d.h:43: Warning 362: operator= ignored
/home/user/dev/FreeCAD/src/3rdParty/coin/include/Inventor/SbVec3b.h:69: Warning 389: operator[] ignored (consider using %extend)
/home/user/dev/FreeCAD/src/3rdParty/coin/include/Inventor/SbVec3b.h:70: Warning 389: operator[] ignored (consider using %extend)
/home/user/dev/FreeCAD/src/3rdParty/coin/include/Inventor/fields/SoSFVec3b.h:43: Warning 362: operator= ignored
/home/user/dev/FreeCAD/src/3rdParty/coin/include/Inventor/fields/SoSFVec3b.h:43: Warning 362: operator= ignored
/home/user/dev/FreeCAD/src/3rdParty/coin/include/Inventor/fields/SoSFVec3s.h:43: Warning 362: operator= ignored
/home/user/dev/FreeCAD/src/3rdParty/coin/include/Inventor/fields/SoSFVec3s.h:43: Warning 362: operator= ignored
/home/user/dev/FreeCAD/src/3rdParty/coin/include/Inventor/fields/SoSFVec3i32.h:43: Warning 362: operator= ignored
/home/user/dev/FreeCAD/src/3rdParty/coin/include/Inventor/fields/SoSFVec3i32.h:43: Warning 362: operator= ignored
/home/user/dev/FreeCAD/src/3rdParty/coin/include/Inventor/fields/SoSFVec3d.h:43: Warning 362: operator= ignored
/home/user/dev/FreeCAD/src/3rdParty/coin/include/Inventor/fields/SoSFVec3d.h:43: Warning 362: operator= ignored
/home/user/dev/FreeCAD/src/3rdParty/coin/include/Inventor/SbVec4b.h:69: Warning 389: operator[] ignored (consider using %extend)
/home/user/dev/FreeCAD/src/3rdParty/coin/include/Inventor/SbVec4b.h:70: Warning 389: operator[] ignored (consider using %extend)
/home/user/dev/FreeCAD/src/3rdParty/coin/include/Inventor/fields/SoSFVec4b.h:43: Warning 362: operator= ignored
/home/user/dev/FreeCAD/src/3rdParty/coin/include/Inventor/fields/SoSFVec4b.h:43: Warning 362: operator= ignored
/home/user/dev/FreeCAD/src/3rdParty/coin/include/Inventor/SbVec4ub.h:63: Warning 389: operator[] ignored (consider using %extend)
/home/user/dev/FreeCAD/src/3rdParty/coin/include/Inventor/SbVec4ub.h:64: Warning 389: operator[] ignored (consider using %extend)
/home/user/dev/FreeCAD/src/3rdParty/coin/include/Inventor/fields/SoSFVec4ub.h:43: Warning 362: operator= ignored
/home/user/dev/FreeCAD/src/3rdParty/coin/include/Inventor/fields/SoSFVec4ub.h:43: Warning 362: operator= ignored
/home/user/dev/FreeCAD/src/3rdParty/coin/include/Inventor/SbVec4s.h:70: Warning 389: operator[] ignored (consider using %extend)
/home/user/dev/FreeCAD/src/3rdParty/coin/include/Inventor/SbVec4s.h:71: Warning 389: operator[] ignored (consider using %extend)
/home/user/dev/FreeCAD/src/3rdParty/coin/include/Inventor/fields/SoSFVec4s.h:43: Warning 362: operator= ignored
/home/user/dev/FreeCAD/src/3rdParty/coin/include/Inventor/fields/SoSFVec4s.h:43: Warning 362: operator= ignored
/home/user/dev/FreeCAD/src/3rdParty/coin/include/Inventor/SbVec4us.h:63: Warning 389: operator[] ignored (consider using %extend)
/home/user/dev/FreeCAD/src/3rdParty/coin/include/Inventor/SbVec4us.h:64: Warning 389: operator[] ignored (consider using %extend)
/home/user/dev/FreeCAD/src/3rdParty/coin/include/Inventor/fields/SoSFVec4us.h:43: Warning 362: operator= ignored
/home/user/dev/FreeCAD/src/3rdParty/coin/include/Inventor/fields/SoSFVec4us.h:43: Warning 362: operator= ignored
/home/user/dev/FreeCAD/src/3rdParty/coin/include/Inventor/SbVec4i32.h:69: Warning 389: operator[] ignored (consider using %extend)
/home/user/dev/FreeCAD/src/3rdParty/coin/include/Inventor/SbVec4i32.h:70: Warning 389: operator[] ignored (consider using %extend)
/home/user/dev/FreeCAD/src/3rdParty/coin/include/Inventor/fields/SoSFVec4i32.h:43: Warning 362: operator= ignored
/home/user/dev/FreeCAD/src/3rdParty/coin/include/Inventor/fields/SoSFVec4i32.h:43: Warning 362: operator= ignored
/home/user/dev/FreeCAD/src/3rdParty/coin/include/Inventor/SbVec4ui32.h:63: Warning 389: operator[] ignored (consider using %extend)
/home/user/dev/FreeCAD/src/3rdParty/coin/include/Inventor/SbVec4ui32.h:64: Warning 389: operator[] ignored (consider using %extend)
/home/user/dev/FreeCAD/src/3rdParty/coin/include/Inventor/fields/SoSFVec4ui32.h:43: Warning 362: operator= ignored
/home/user/dev/FreeCAD/src/3rdParty/coin/include/Inventor/fields/SoSFVec4ui32.h:43: Warning 362: operator= ignored
/home/user/dev/FreeCAD/src/3rdParty/pivy/Inventor/fields/SoSFVec4f.h:47: Warning 362: operator= ignored
/home/user/dev/FreeCAD/src/3rdParty/pivy/Inventor/fields/SoSFVec4f.h:47: Warning 362: operator= ignored
/home/user/dev/FreeCAD/src/3rdParty/pivy/Inventor/SbVec4d.h:73: Warning 389: operator[] ignored (consider using %extend)
/home/user/dev/FreeCAD/src/3rdParty/pivy/Inventor/SbVec4d.h:74: Warning 389: operator[] ignored (consider using %extend)
/home/user/dev/FreeCAD/src/3rdParty/coin/include/Inventor/fields/SoSFVec4d.h:43: Warning 362: operator= ignored
/home/user/dev/FreeCAD/src/3rdParty/coin/include/Inventor/fields/SoSFVec4d.h:43: Warning 362: operator= ignored
/home/user/dev/FreeCAD/src/3rdParty/pivy/Inventor/fields/SoMFColor.h:47: Warning 362: operator= ignored
/home/user/dev/FreeCAD/src/3rdParty/pivy/Inventor/fields/SoMFColor.h:47: Warning 389: operator[] ignored (consider using %extend)
/home/user/dev/FreeCAD/src/3rdParty/pivy/Inventor/fields/SoMFColor.h:47: Warning 362: operator= ignored
/home/user/dev/FreeCAD/src/3rdParty/coin/include/Inventor/fields/SoMFColorRGBA.h:43: Warning 362: operator= ignored
/home/user/dev/FreeCAD/src/3rdParty/coin/include/Inventor/fields/SoMFColorRGBA.h:43: Warning 389: operator[] ignored (consider using %extend)
/home/user/dev/FreeCAD/src/3rdParty/coin/include/Inventor/fields/SoMFColorRGBA.h:43: Warning 362: operator= ignored
/home/user/dev/FreeCAD/src/3rdParty/coin/include/Inventor/fields/SoMFDouble.h:42: Warning 362: operator= ignored
/home/user/dev/FreeCAD/src/3rdParty/coin/include/Inventor/fields/SoMFDouble.h:42: Warning 389: operator[] ignored (consider using %extend)
/home/user/dev/FreeCAD/src/3rdParty/coin/include/Inventor/fields/SoMFDouble.h:42: Warning 362: operator= ignored
/home/user/dev/FreeCAD/src/3rdParty/pivy/Inventor/fields/SoMFEngine.h:48: Warning 362: operator= ignored
/home/user/dev/FreeCAD/src/3rdParty/pivy/Inventor/fields/SoMFEngine.h:48: Warning 389: operator[] ignored (consider using %extend)
/home/user/dev/FreeCAD/src/3rdParty/pivy/Inventor/fields/SoMFEngine.h:48: Warning 362: operator= ignored
/home/user/dev/FreeCAD/src/3rdParty/coin/include/Inventor/fields/SoMFBitMask.h:41: Warning 362: operator= ignored
/home/user/dev/FreeCAD/src/3rdParty/coin/include/Inventor/fields/SoMFBitMask.h:41: Warning 362: operator= ignored
/home/user/dev/FreeCAD/src/3rdParty/pivy/Inventor/fields/SoMFInt32.h:46: Warning 362: operator= ignored
/home/user/dev/FreeCAD/src/3rdParty/pivy/Inventor/fields/SoMFInt32.h:46: Warning 389: operator[] ignored (consider using %extend)
/home/user/dev/FreeCAD/src/3rdParty/pivy/Inventor/fields/SoMFInt32.h:46: Warning 362: operator= ignored
/home/user/dev/FreeCAD/src/3rdParty/pivy/Inventor/fields/SoMFNode.h:48: Warning 362: operator= ignored
/home/user/dev/FreeCAD/src/3rdParty/pivy/Inventor/fields/SoMFNode.h:48: Warning 389: operator[] ignored (consider using %extend)
/home/user/dev/FreeCAD/src/3rdParty/pivy/Inventor/fields/SoMFNode.h:48: Warning 362: operator= ignored
/home/user/dev/FreeCAD/src/3rdParty/pivy/Inventor/fields/SoMFPath.h:51: Warning 362: operator= ignored
/home/user/dev/FreeCAD/src/3rdParty/pivy/Inventor/fields/SoMFPath.h:51: Warning 389: operator[] ignored (consider using %extend)
/home/user/dev/FreeCAD/src/3rdParty/pivy/Inventor/fields/SoMFPath.h:51: Warning 362: operator= ignored
/home/user/dev/FreeCAD/src/3rdParty/pivy/Inventor/fields/SoMFPlane.h:47: Warning 362: operator= ignored
/home/user/dev/FreeCAD/src/3rdParty/pivy/Inventor/fields/SoMFPlane.h:47: Warning 389: operator[] ignored (consider using %extend)
/home/user/dev/FreeCAD/src/3rdParty/pivy/Inventor/fields/SoMFPlane.h:47: Warning 362: operator= ignored
/home/user/dev/FreeCAD/src/3rdParty/pivy/Inventor/fields/SoMFShort.h:46: Warning 362: operator= ignored
/home/user/dev/FreeCAD/src/3rdParty/pivy/Inventor/fields/SoMFShort.h:46: Warning 389: operator[] ignored (consider using %extend)
/home/user/dev/FreeCAD/src/3rdParty/pivy/Inventor/fields/SoMFShort.h:46: Warning 362: operator= ignored
/home/user/dev/FreeCAD/src/3rdParty/pivy/Inventor/fields/SoMFTime.h:47: Warning 362: operator= ignored
/home/user/dev/FreeCAD/src/3rdParty/pivy/Inventor/fields/SoMFTime.h:47: Warning 389: operator[] ignored (consider using %extend)
/home/user/dev/FreeCAD/src/3rdParty/pivy/Inventor/fields/SoMFTime.h:47: Warning 362: operator= ignored
/home/user/dev/FreeCAD/src/3rdParty/pivy/Inventor/fields/SoMFUInt32.h:46: Warning 362: operator= ignored
/home/user/dev/FreeCAD/src/3rdParty/pivy/Inventor/fields/SoMFUInt32.h:46: Warning 389: operator[] ignored (consider using %extend)
/home/user/dev/FreeCAD/src/3rdParty/pivy/Inventor/fields/SoMFUInt32.h:46: Warning 362: operator= ignored
/home/user/dev/FreeCAD/src/3rdParty/pivy/Inventor/fields/SoMFUShort.h:46: Warning 362: operator= ignored
/home/user/dev/FreeCAD/src/3rdParty/pivy/Inventor/fields/SoMFUShort.h:46: Warning 389: operator[] ignored (consider using %extend)
/home/user/dev/FreeCAD/src/3rdParty/pivy/Inventor/fields/SoMFUShort.h:46: Warning 362: operator= ignored
/home/user/dev/FreeCAD/src/3rdParty/coin/include/Inventor/fields/SoMFVec2b.h:43: Warning 362: operator= ignored
/home/user/dev/FreeCAD/src/3rdParty/coin/include/Inventor/fields/SoMFVec2b.h:43: Warning 389: operator[] ignored (consider using %extend)
/home/user/dev/FreeCAD/src/3rdParty/coin/include/Inventor/fields/SoMFVec2b.h:43: Warning 362: operator= ignored
/home/user/dev/FreeCAD/src/3rdParty/coin/include/Inventor/fields/SoMFVec2s.h:43: Warning 362: operator= ignored
/home/user/dev/FreeCAD/src/3rdParty/coin/include/Inventor/fields/SoMFVec2s.h:43: Warning 389: operator[] ignored (consider using %extend)
/home/user/dev/FreeCAD/src/3rdParty/coin/include/Inventor/fields/SoMFVec2s.h:43: Warning 362: operator= ignored
/home/user/dev/FreeCAD/src/3rdParty/coin/include/Inventor/fields/SoMFVec2i32.h:43: Warning 362: operator= ignored
/home/user/dev/FreeCAD/src/3rdParty/coin/include/Inventor/fields/SoMFVec2i32.h:43: Warning 389: operator[] ignored (consider using %extend)
/home/user/dev/FreeCAD/src/3rdParty/coin/include/Inventor/fields/SoMFVec2i32.h:43: Warning 362: operator= ignored
/home/user/dev/FreeCAD/src/3rdParty/coin/include/Inventor/fields/SoMFVec2d.h:43: Warning 362: operator= ignored
/home/user/dev/FreeCAD/src/3rdParty/coin/include/Inventor/fields/SoMFVec2d.h:43: Warning 389: operator[] ignored (consider using %extend)
/home/user/dev/FreeCAD/src/3rdParty/coin/include/Inventor/fields/SoMFVec2d.h:43: Warning 362: operator= ignored
/home/user/dev/FreeCAD/src/3rdParty/coin/include/Inventor/fields/SoMFVec3b.h:43: Warning 362: operator= ignored
/home/user/dev/FreeCAD/src/3rdParty/coin/include/Inventor/fields/SoMFVec3b.h:43: Warning 389: operator[] ignored (consider using %extend)
/home/user/dev/FreeCAD/src/3rdParty/coin/include/Inventor/fields/SoMFVec3b.h:43: Warning 362: operator= ignored
/home/user/dev/FreeCAD/src/3rdParty/coin/include/Inventor/fields/SoMFVec3s.h:43: Warning 362: operator= ignored
/home/user/dev/FreeCAD/src/3rdParty/coin/include/Inventor/fields/SoMFVec3s.h:43: Warning 389: operator[] ignored (consider using %extend)
/home/user/dev/FreeCAD/src/3rdParty/coin/include/Inventor/fields/SoMFVec3s.h:43: Warning 362: operator= ignored
/home/user/dev/FreeCAD/src/3rdParty/coin/include/Inventor/fields/SoMFVec3i32.h:43: Warning 362: operator= ignored
/home/user/dev/FreeCAD/src/3rdParty/coin/include/Inventor/fields/SoMFVec3i32.h:43: Warning 389: operator[] ignored (consider using %extend)
/home/user/dev/FreeCAD/src/3rdParty/coin/include/Inventor/fields/SoMFVec3i32.h:43: Warning 362: operator= ignored
/home/user/dev/FreeCAD/src/3rdParty/pivy/Inventor/fields/SoMFVec3d.h:47: Warning 362: operator= ignored
/home/user/dev/FreeCAD/src/3rdParty/pivy/Inventor/fields/SoMFVec3d.h:47: Warning 389: operator[] ignored (consider using %extend)
/home/user/dev/FreeCAD/src/3rdParty/pivy/Inventor/fields/SoMFVec3d.h:47: Warning 362: operator= ignored
/home/user/dev/FreeCAD/src/3rdParty/coin/include/Inventor/fields/SoMFVec4b.h:43: Warning 362: operator= ignored
/home/user/dev/FreeCAD/src/3rdParty/coin/include/Inventor/fields/SoMFVec4b.h:43: Warning 389: operator[] ignored (consider using %extend)
/home/user/dev/FreeCAD/src/3rdParty/coin/include/Inventor/fields/SoMFVec4b.h:43: Warning 362: operator= ignored
/home/user/dev/FreeCAD/src/3rdParty/coin/include/Inventor/fields/SoMFVec4ub.h:43: Warning 362: operator= ignored
/home/user/dev/FreeCAD/src/3rdParty/coin/include/Inventor/fields/SoMFVec4ub.h:43: Warning 389: operator[] ignored (consider using %extend)
/home/user/dev/FreeCAD/src/3rdParty/coin/include/Inventor/fields/SoMFVec4ub.h:43: Warning 362: operator= ignored
/home/user/dev/FreeCAD/src/3rdParty/coin/include/Inventor/fields/SoMFVec4s.h:43: Warning 362: operator= ignored
/home/user/dev/FreeCAD/src/3rdParty/coin/include/Inventor/fields/SoMFVec4s.h:43: Warning 389: operator[] ignored (consider using %extend)
/home/user/dev/FreeCAD/src/3rdParty/coin/include/Inventor/fields/SoMFVec4s.h:43: Warning 362: operator= ignored
/home/user/dev/FreeCAD/src/3rdParty/coin/include/Inventor/fields/SoMFVec4us.h:43: Warning 362: operator= ignored
/home/user/dev/FreeCAD/src/3rdParty/coin/include/Inventor/fields/SoMFVec4us.h:43: Warning 389: operator[] ignored (consider using %extend)
/home/user/dev/FreeCAD/src/3rdParty/coin/include/Inventor/fields/SoMFVec4us.h:43: Warning 362: operator= ignored
/home/user/dev/FreeCAD/src/3rdParty/coin/include/Inventor/fields/SoMFVec4i32.h:43: Warning 362: operator= ignored
/home/user/dev/FreeCAD/src/3rdParty/coin/include/Inventor/fields/SoMFVec4i32.h:43: Warning 389: operator[] ignored (consider using %extend)
/home/user/dev/FreeCAD/src/3rdParty/coin/include/Inventor/fields/SoMFVec4i32.h:43: Warning 362: operator= ignored
/home/user/dev/FreeCAD/src/3rdParty/coin/include/Inventor/fields/SoMFVec4ui32.h:43: Warning 362: operator= ignored
/home/user/dev/FreeCAD/src/3rdParty/coin/include/Inventor/fields/SoMFVec4ui32.h:43: Warning 389: operator[] ignored (consider using %extend)
/home/user/dev/FreeCAD/src/3rdParty/coin/include/Inventor/fields/SoMFVec4ui32.h:43: Warning 362: operator= ignored
/home/user/dev/FreeCAD/src/3rdParty/coin/include/Inventor/fields/SoMFVec4d.h:43: Warning 362: operator= ignored
/home/user/dev/FreeCAD/src/3rdParty/coin/include/Inventor/fields/SoMFVec4d.h:43: Warning 389: operator[] ignored (consider using %extend)
/home/user/dev/FreeCAD/src/3rdParty/coin/include/Inventor/fields/SoMFVec4d.h:43: Warning 362: operator= ignored
/home/user/dev/FreeCAD/src/3rdParty/pivy/Inventor/lists/SbStringList.h:60: Warning 389: operator[] ignored (consider using %extend)
/home/user/dev/FreeCAD/src/3rdParty/pivy/Inventor/lists/SbVec3fList.h:60: Warning 389: operator[] ignored (consider using %extend)
/home/user/dev/FreeCAD/src/3rdParty/pivy/Inventor/SbDPMatrix.h:112: Warning 389: operator[] ignored (consider using %extend)
/home/user/dev/FreeCAD/src/3rdParty/pivy/Inventor/SbDPMatrix.h:113: Warning 389: operator[] ignored (consider using %extend)
/home/user/dev/FreeCAD/src/3rdParty/pivy/Inventor/SbDPMatrix.h:115: Warning 362: operator= ignored
/home/user/dev/FreeCAD/src/3rdParty/pivy/Inventor/SbDPMatrix.h:116: Warning 362: operator= ignored
/home/user/dev/FreeCAD/src/3rdParty/pivy/Inventor/SbDPMatrix.h:117: Warning 362: operator= ignored
/home/user/dev/FreeCAD/src/3rdParty/pivy/Inventor/nodes/SoSelection.h:84: Warning 389: operator[] ignored (consider using %extend)
/home/user/dev/FreeCAD/src/3rdParty/coin/include/Inventor/SbHeap.h:60: Warning 389: operator[] ignored (consider using %extend)
/home/user/dev/FreeCAD/src/3rdParty/pivy/Inventor/SbImage.h:80: Warning 362: operator= ignored
/home/user/dev/FreeCAD/src/3rdParty/coin/include/Inventor/SoPrimitiveVertex.h:48: Warning 362: operator= ignored
/home/user/dev/FreeCAD/src/3rdParty/pivy/Inventor/SoRenderManager.h:83: Warning 325: Nested class not currently supported (Superimposition ignored)
/home/user/dev/FreeCAD/src/3rdParty/coin/include/Inventor/navigation/SoScXMLNavigationTarget.h:61: Warning 325: Nested class not currently supported (Data ignored)
/home/user/dev/FreeCAD/src/3rdParty/pivy/Inventor/SbString.h:69: Warning 467: Overloaded method SbString::SbString(SbString const &) not supported (incomplete type checking rule - no precedence level in typecheck typemap for 'SbString const &').
/home/user/dev/FreeCAD/src/3rdParty/pivy/Inventor/SbString.h:112: Warning 467: Overloaded method SbString::operator +=(SbString const &) not supported (incomplete type checking rule - no precedence level in typecheck typemap for 'SbString const &').
/home/user/dev/FreeCAD/src/3rdParty/pivy/Inventor/SbString.h:142: Warning 503: Can't wrap 'operator ==' unless renamed to a valid identifier.
/home/user/dev/FreeCAD/src/3rdParty/pivy/Inventor/SbString.h:143: Warning 503: Can't wrap 'operator ==' unless renamed to a valid identifier.
/home/user/dev/FreeCAD/src/3rdParty/pivy/Inventor/SbString.h:144: Warning 503: Can't wrap 'operator ==' unless renamed to a valid identifier.
/home/user/dev/FreeCAD/src/3rdParty/pivy/Inventor/SbString.h:145: Warning 503: Can't wrap 'operator !=' unless renamed to a valid identifier.
/home/user/dev/FreeCAD/src/3rdParty/pivy/Inventor/SbString.h:146: Warning 503: Can't wrap 'operator !=' unless renamed to a valid identifier.
/home/user/dev/FreeCAD/src/3rdParty/pivy/Inventor/SbString.h:147: Warning 503: Can't wrap 'operator !=' unless renamed to a valid identifier.
/home/user/dev/FreeCAD/src/3rdParty/pivy/Inventor/SbString.h:148: Warning 503: Can't wrap 'operator <' unless renamed to a valid identifier.
/home/user/dev/FreeCAD/src/3rdParty/pivy/Inventor/SbString.h:149: Warning 503: Can't wrap 'operator <' unless renamed to a valid identifier.
/home/user/dev/FreeCAD/src/3rdParty/pivy/Inventor/SbString.h:150: Warning 503: Can't wrap 'operator <' unless renamed to a valid identifier.
/home/user/dev/FreeCAD/src/3rdParty/pivy/Inventor/SbString.h:151: Warning 503: Can't wrap 'operator >' unless renamed to a valid identifier.
/home/user/dev/FreeCAD/src/3rdParty/pivy/Inventor/SbString.h:152: Warning 503: Can't wrap 'operator >' unless renamed to a valid identifier.
/home/user/dev/FreeCAD/src/3rdParty/pivy/Inventor/SbString.h:153: Warning 503: Can't wrap 'operator >' unless renamed to a valid identifier.
/home/user/dev/FreeCAD/src/3rdParty/pivy/Inventor/SbString.h:154: Warning 503: Can't wrap 'operator +' unless renamed to a valid identifier.
/home/user/dev/FreeCAD/src/3rdParty/pivy/Inventor/SbString.h:155: Warning 503: Can't wrap 'operator +' unless renamed to a valid identifier.
/home/user/dev/FreeCAD/src/3rdParty/pivy/Inventor/SbString.h:156: Warning 503: Can't wrap 'operator +' unless renamed to a valid identifier.
/home/user/dev/FreeCAD/src/3rdParty/pivy/Inventor/SbString.i:5: Warning 467: Overloaded method SbString::__eq__(SbString const &) not supported (incomplete type checking rule - no precedence level in typecheck typemap for 'SbString const &').
/home/user/dev/FreeCAD/src/3rdParty/pivy/Inventor/SbString.i:6: Warning 467: Overloaded method SbString::__nq__(SbString const &) not supported (incomplete type checking rule - no precedence level in typecheck typemap for 'SbString const &').
/home/user/dev/FreeCAD/src/3rdParty/pivy/Inventor/SbName.h:48: Warning 467: Overloaded method SbName::SbName(SbString const &) not supported (incomplete type checking rule - no precedence level in typecheck typemap for 'SbString const &').
/home/user/dev/FreeCAD/src/3rdParty/pivy/Inventor/SbName.h:49: Warning 467: Overloaded method SbName::SbName(SbName const &) not supported (incomplete type checking rule - no precedence level in typecheck typemap for 'SbName const &').
/home/user/dev/FreeCAD/src/3rdParty/pivy/Inventor/SbName.h:56: Warning 503: Can't wrap 'operator ==' unless renamed to a valid identifier.
/home/user/dev/FreeCAD/src/3rdParty/pivy/Inventor/SbName.h:57: Warning 503: Can't wrap 'operator ==' unless renamed to a valid identifier.
/home/user/dev/FreeCAD/src/3rdParty/pivy/Inventor/SbName.h:58: Warning 503: Can't wrap 'operator ==' unless renamed to a valid identifier.
/home/user/dev/FreeCAD/src/3rdParty/pivy/Inventor/SbName.h:59: Warning 503: Can't wrap 'operator !=' unless renamed to a valid identifier.
/home/user/dev/FreeCAD/src/3rdParty/pivy/Inventor/SbName.h:60: Warning 503: Can't wrap 'operator !=' unless renamed to a valid identifier.
/home/user/dev/FreeCAD/src/3rdParty/pivy/Inventor/SbName.h:61: Warning 503: Can't wrap 'operator !=' unless renamed to a valid identifier.
/home/user/dev/FreeCAD/src/3rdParty/pivy/Inventor/SbName.h:63: Warning 503: Can't wrap 'operator const char*' unless renamed to a valid identifier.
/home/user/dev/FreeCAD/src/3rdParty/pivy/Inventor/SbName.i:3: Warning 467: Overloaded method SbName::__eq__(SbName const &) not supported (incomplete type checking rule - no precedence level in typecheck typemap for 'SbName const &').
/home/user/dev/FreeCAD/src/3rdParty/pivy/Inventor/SbName.i:7: Warning 467: Overloaded method SbName::__eq__(SbString const &) not supported (incomplete type checking rule - no precedence level in typecheck typemap for 'SbString const &').
/home/user/dev/FreeCAD/src/3rdParty/pivy/Inventor/SbName.i:4: Warning 467: Overloaded method SbName::__nq__(SbName const &) not supported (incomplete type checking rule - no precedence level in typecheck typemap for 'SbName const &').
/home/user/dev/FreeCAD/src/3rdParty/pivy/Inventor/SbName.i:8: Warning 467: Overloaded method SbName::__nq__(SbString const &) not supported (incomplete type checking rule - no precedence level in typecheck typemap for 'SbString const &').
/home/user/dev/FreeCAD/src/3rdParty/pivy/Inventor/SbVec2s.h:57: Warning 467: Overloaded method SbVec2s::SbVec2s(short const [2]) not supported (incomplete type checking rule - no precedence level in typecheck typemap for 'short const [2]').
/home/user/dev/FreeCAD/src/3rdParty/pivy/Inventor/SbVec2s.h:65: Warning 467: Overloaded method SbVec2s::setValue(short const [2]) not supported (incomplete type checking rule - no precedence level in typecheck typemap for 'short const [2]').
/home/user/dev/FreeCAD/src/3rdParty/pivy/Inventor/SbVec2s.h:102: Warning 503: Can't wrap 'operator *' unless renamed to a valid identifier.
/home/user/dev/FreeCAD/src/3rdParty/pivy/Inventor/SbVec2s.h:106: Warning 503: Can't wrap 'operator *' unless renamed to a valid identifier.
/home/user/dev/FreeCAD/src/3rdParty/pivy/Inventor/SbVec2s.h:110: Warning 503: Can't wrap 'operator *' unless renamed to a valid identifier.
/home/user/dev/FreeCAD/src/3rdParty/pivy/Inventor/SbVec2s.h:114: Warning 503: Can't wrap 'operator *' unless renamed to a valid identifier.
/home/user/dev/FreeCAD/src/3rdParty/pivy/Inventor/SbVec2s.h:119: Warning 503: Can't wrap 'operator /' unless renamed to a valid identifier.
/home/user/dev/FreeCAD/src/3rdParty/pivy/Inventor/SbVec2s.h:124: Warning 503: Can't wrap 'operator /' unless renamed to a valid identifier.
/home/user/dev/FreeCAD/src/3rdParty/pivy/Inventor/SbVec2s.h:128: Warning 503: Can't wrap 'operator +' unless renamed to a valid identifier.
/home/user/dev/FreeCAD/src/3rdParty/pivy/Inventor/SbVec2s.h:132: Warning 503: Can't wrap 'operator -' unless renamed to a valid identifier.
/home/user/dev/FreeCAD/src/3rdParty/pivy/Inventor/SbVec2s.h:136: Warning 503: Can't wrap 'operator ==' unless renamed to a valid identifier.
/home/user/dev/FreeCAD/src/3rdParty/pivy/Inventor/SbVec2s.h:140: Warning 503: Can't wrap 'operator !=' unless renamed to a valid identifier.
/home/user/dev/FreeCAD/src/3rdParty/pivy/Inventor/SbVec2f.h:56: Warning 467: Overloaded method SbVec2f::SbVec2f(float const [2]) not supported (incomplete type checking rule - no precedence level in typecheck typemap for 'float const [2]').
/home/user/dev/FreeCAD/src/3rdParty/pivy/Inventor/SbVec2f.h:63: Warning 467: Overloaded method SbVec2f::setValue(float const [2]) not supported (incomplete type checking rule - no precedence level in typecheck typemap for 'float const [2]').
/home/user/dev/FreeCAD/src/3rdParty/pivy/Inventor/SbVec2f.h:101: Warning 503: Can't wrap 'operator *' unless renamed to a valid identifier.
/home/user/dev/FreeCAD/src/3rdParty/pivy/Inventor/SbVec2f.h:105: Warning 503: Can't wrap 'operator *' unless renamed to a valid identifier.
/home/user/dev/FreeCAD/src/3rdParty/pivy/Inventor/SbVec2f.h:110: Warning 503: Can't wrap 'operator /' unless renamed to a valid identifier.
/home/user/dev/FreeCAD/src/3rdParty/pivy/Inventor/SbVec2f.h:114: Warning 503: Can't wrap 'operator +' unless renamed to a valid identifier.
/home/user/dev/FreeCAD/src/3rdParty/pivy/Inventor/SbVec2f.h:118: Warning 503: Can't wrap 'operator -' unless renamed to a valid identifier.
/home/user/dev/FreeCAD/src/3rdParty/pivy/Inventor/SbVec2f.h:122: Warning 503: Can't wrap 'operator ==' unless renamed to a valid identifier.
/home/user/dev/FreeCAD/src/3rdParty/pivy/Inventor/SbVec2f.h:126: Warning 503: Can't wrap 'operator !=' unless renamed to a valid identifier.
/home/user/dev/FreeCAD/src/3rdParty/pivy/Inventor/SbTime.h:78: Warning 503: Can't wrap 'operator +' unless renamed to a valid identifier.
/home/user/dev/FreeCAD/src/3rdParty/pivy/Inventor/SbTime.h:79: Warning 503: Can't wrap 'operator -' unless renamed to a valid identifier.
/home/user/dev/FreeCAD/src/3rdParty/pivy/Inventor/SbTime.h:83: Warning 503: Can't wrap 'operator *' unless renamed to a valid identifier.
/home/user/dev/FreeCAD/src/3rdParty/pivy/Inventor/SbTime.h:84: Warning 503: Can't wrap 'operator *' unless renamed to a valid identifier.
/home/user/dev/FreeCAD/src/3rdParty/pivy/Inventor/SbTime.h:85: Warning 503: Can't wrap 'operator /' unless renamed to a valid identifier.
/home/user/dev/FreeCAD/src/3rdParty/pivy/Inventor/SoPath.h:92: Warning 503: Can't wrap 'operator ==' unless renamed to a valid identifier.
/home/user/dev/FreeCAD/src/3rdParty/pivy/Inventor/SoPath.h:93: Warning 503: Can't wrap 'operator !=' unless renamed to a valid identifier.
/home/user/dev/FreeCAD/src/3rdParty/coin/include/Inventor/fields/SoFieldData.h:52: Warning 509: Overloaded method SoFieldData::SoFieldData(SoFieldData const *) effectively ignored,
/home/user/dev/FreeCAD/src/3rdParty/coin/include/Inventor/fields/SoFieldData.h:51: Warning 509: as it is shadowed by SoFieldData::SoFieldData(SoFieldData const &).
/home/user/dev/FreeCAD/src/3rdParty/coin/include/Inventor/fields/SoFieldData.h:74: Warning 467: Overloaded method SoFieldData::read(SoInput *,SoFieldContainer *,SbName const &,SbBool &) const not supported (incomplete type checking rule - no precedence level in typecheck typemap for 'SbName const &').
/home/user/dev/FreeCAD/src/3rdParty/pivy/Inventor/sensors/SoSensorManager.i:28: Warning 467: Overloaded method SoSensorManager::setChangedCallback(PyObject *,PyObject *) not supported (incomplete type checking rule - no precedence level in typecheck typemap for 'PyObject *').
/home/user/dev/FreeCAD/src/3rdParty/pivy/Inventor/SoInput.h:103: Warning 467: Overloaded method SoInput::read(SbString &) not supported (incomplete type checking rule - no precedence level in typecheck typemap for 'SbString &').
/home/user/dev/FreeCAD/src/3rdParty/pivy/Inventor/SoInput.h:104: Warning 467: Overloaded method SoInput::read(SbName &) not supported (incomplete type checking rule - no precedence level in typecheck typemap for 'SbName &').
/home/user/dev/FreeCAD/src/3rdParty/pivy/Inventor/SoInput.h:104: Warning 467: Overloaded method SoInput::read(SbName &,SbBool) not supported (incomplete type checking rule - no precedence level in typecheck typemap for 'SbName &').
/home/user/dev/FreeCAD/src/3rdParty/pivy/Inventor/SoInput.h:149: Warning 467: Overloaded method SoInput::getPathname(SbString const &) not supported (incomplete type checking rule - no precedence level in typecheck typemap for 'SbString const &').
/home/user/dev/FreeCAD/src/3rdParty/pivy/Inventor/SoInput.h:151: Warning 467: Overloaded method SoInput::getBasename(SbString const &) not supported (incomplete type checking rule - no precedence level in typecheck typemap for 'SbString const &').
/home/user/dev/FreeCAD/src/3rdParty/coin/include/Inventor/SoOutput.h:88: Warning 467: Overloaded method SoOutput::write(SbString const &) not supported (incomplete type checking rule - no precedence level in typecheck typemap for 'SbString const &').
/home/user/dev/FreeCAD/src/3rdParty/coin/include/Inventor/SoOutput.h:89: Warning 467: Overloaded method SoOutput::write(SbName const &) not supported (incomplete type checking rule - no precedence level in typecheck typemap for 'SbName const &').
/home/user/dev/FreeCAD/src/3rdParty/pivy/Inventor/fields/SoSFEnum.h:52: Warning 467: Overloaded method SoSFEnum::setValue(SbName const) not supported (incomplete type checking rule - no precedence level in typecheck typemap for 'SbName const').
/home/user/dev/FreeCAD/src/3rdParty/pivy/Inventor/SbVec3f.h:58: Warning 467: Overloaded method SbVec3f::SbVec3f(float const [3]) not supported (incomplete type checking rule - no precedence level in typecheck typemap for 'float const [3]').
/home/user/dev/FreeCAD/src/3rdParty/pivy/Inventor/SbVec3f.h:66: Warning 467: Overloaded method SbVec3f::setValue(float const [3]) not supported (incomplete type checking rule - no precedence level in typecheck typemap for 'float const [3]').
/home/user/dev/FreeCAD/src/3rdParty/pivy/Inventor/SbVec3f.h:110: Warning 503: Can't wrap 'operator *' unless renamed to a valid identifier.
/home/user/dev/FreeCAD/src/3rdParty/pivy/Inventor/SbVec3f.h:114: Warning 503: Can't wrap 'operator *' unless renamed to a valid identifier.
/home/user/dev/FreeCAD/src/3rdParty/pivy/Inventor/SbVec3f.h:119: Warning 503: Can't wrap 'operator /' unless renamed to a valid identifier.
/home/user/dev/FreeCAD/src/3rdParty/pivy/Inventor/SbVec3f.h:123: Warning 503: Can't wrap 'operator +' unless renamed to a valid identifier.
/home/user/dev/FreeCAD/src/3rdParty/pivy/Inventor/SbVec3f.h:127: Warning 503: Can't wrap 'operator -' unless renamed to a valid identifier.
/home/user/dev/FreeCAD/src/3rdParty/pivy/Inventor/SbVec3f.h:131: Warning 503: Can't wrap 'operator ==' unless renamed to a valid identifier.
/home/user/dev/FreeCAD/src/3rdParty/pivy/Inventor/SbVec3f.h:135: Warning 503: Can't wrap 'operator !=' unless renamed to a valid identifier.
/home/user/dev/FreeCAD/src/3rdParty/pivy/Inventor/SbColor.h:46: Warning 467: Overloaded method SbColor::SbColor(float const *const) not supported (incomplete type checking rule - no precedence level in typecheck typemap for 'float const *const').
/home/user/dev/FreeCAD/src/3rdParty/pivy/Inventor/fields/SoSFImage.h:63: Warning 509: Overloaded method SoSFImage::getValue() const effectively ignored,
/home/user/dev/FreeCAD/src/3rdParty/pivy/Inventor/fields/SoSFImage.h:62: Warning 509: as it is shadowed by SoSFImage::getValue(SbVec2s &,int &) const.
/home/user/dev/FreeCAD/src/3rdParty/pivy/Inventor/fields/SoSFString.h:47: Warning 467: Overloaded method SoSFString::setValue(SbString const &) not supported (incomplete type checking rule - no precedence level in typecheck typemap for 'SbString const &').
/home/user/dev/FreeCAD/src/3rdParty/pivy/Inventor/fields/SoSFColor.h:54: Warning 467: Overloaded method SoSFColor::setValue(float const [3]) not supported (incomplete type checking rule - no precedence level in typecheck typemap for 'float const [3]').
/home/user/dev/FreeCAD/src/3rdParty/pivy/Inventor/SbVec3s.h:58: Warning 467: Overloaded method SbVec3s::SbVec3s(short const [3]) not supported (incomplete type checking rule - no precedence level in typecheck typemap for 'short const [3]').
/home/user/dev/FreeCAD/src/3rdParty/pivy/Inventor/SbVec3s.h:66: Warning 467: Overloaded method SbVec3s::setValue(short const [3]) not supported (incomplete type checking rule - no precedence level in typecheck typemap for 'short const [3]').
/home/user/dev/FreeCAD/src/3rdParty/pivy/Inventor/SbVec3s.h:102: Warning 503: Can't wrap 'operator *' unless renamed to a valid identifier.
/home/user/dev/FreeCAD/src/3rdParty/pivy/Inventor/SbVec3s.h:106: Warning 503: Can't wrap 'operator *' unless renamed to a valid identifier.
/home/user/dev/FreeCAD/src/3rdParty/pivy/Inventor/SbVec3s.h:110: Warning 503: Can't wrap 'operator *' unless renamed to a valid identifier.
/home/user/dev/FreeCAD/src/3rdParty/pivy/Inventor/SbVec3s.h:114: Warning 503: Can't wrap 'operator *' unless renamed to a valid identifier.
/home/user/dev/FreeCAD/src/3rdParty/pivy/Inventor/SbVec3s.h:119: Warning 503: Can't wrap 'operator /' unless renamed to a valid identifier.
/home/user/dev/FreeCAD/src/3rdParty/pivy/Inventor/SbVec3s.h:124: Warning 503: Can't wrap 'operator /' unless renamed to a valid identifier.
/home/user/dev/FreeCAD/src/3rdParty/pivy/Inventor/SbVec3s.h:128: Warning 503: Can't wrap 'operator +' unless renamed to a valid identifier.
/home/user/dev/FreeCAD/src/3rdParty/pivy/Inventor/SbVec3s.h:132: Warning 503: Can't wrap 'operator -' unless renamed to a valid identifier.
/home/user/dev/FreeCAD/src/3rdParty/pivy/Inventor/SbVec3s.h:136: Warning 503: Can't wrap 'operator ==' unless renamed to a valid identifier.
/home/user/dev/FreeCAD/src/3rdParty/pivy/Inventor/SbVec3s.h:140: Warning 503: Can't wrap 'operator !=' unless renamed to a valid identifier.
/home/user/dev/FreeCAD/src/3rdParty/coin/include/Inventor/elements/SoMultiTextureImageElement.h:191: Warning 509: Overloaded method SoMultiTextureImageElement::set(SoState *const,SoNode *const,SbVec2s const &,int const,unsigned char const *,SoMultiTextureImageElement::Wrap const,SoMultiTextureImageElement::Wrap const,SoMultiTextureImageElement::Model const,SbColor const &) effectively ignored,
/home/user/dev/FreeCAD/src/3rdParty/coin/include/Inventor/elements/SoMultiTextureImageElement.h:183: Warning 509: as it is shadowed by SoMultiTextureImageElement::set(SoState *const,SoNode *const,SbVec2s const &,int const,unsigned char const *,int const,int const,int const,SbColor const &).
/home/user/dev/FreeCAD/src/3rdParty/coin/include/Inventor/elements/SoMultiTextureImageElement.h:209: Warning 509: Overloaded method SoMultiTextureImageElement::set(SoState *const,SoNode *const,SbVec3s const &,int const,unsigned char const *,SoMultiTextureImageElement::Wrap const,SoMultiTextureImageElement::Wrap const,SoMultiTextureImageElement::Wrap const,SoMultiTextureImageElement::Model const,SbColor const &) effectively ignored,
/home/user/dev/FreeCAD/src/3rdParty/coin/include/Inventor/elements/SoMultiTextureImageElement.h:200: Warning 509: as it is shadowed by SoMultiTextureImageElement::set(SoState *const,SoNode *const,SbVec3s const &,int const,unsigned char const *,int const,int const,int const,int const,SbColor const &).
/home/user/dev/FreeCAD/src/3rdParty/pivy/Inventor/actions/SoCallbackAction.i:162: Warning 467: Overloaded method SoCallbackAction::addPreCallback(SoType const,PyObject *,PyObject *) not supported (incomplete type checking rule - no precedence level in typecheck typemap for 'PyObject *').
/home/user/dev/FreeCAD/src/3rdParty/pivy/Inventor/actions/SoCallbackAction.i:169: Warning 467: Overloaded method SoCallbackAction::addPostCallback(SoType const,PyObject *,PyObject *) not supported (incomplete type checking rule - no precedence level in typecheck typemap for 'PyObject *').
/home/user/dev/FreeCAD/src/3rdParty/pivy/Inventor/actions/SoCallbackAction.i:176: Warning 467: Overloaded method SoCallbackAction::addPreTailCallback(PyObject *,PyObject *) not supported (incomplete type checking rule - no precedence level in typecheck typemap for 'PyObject *').
/home/user/dev/FreeCAD/src/3rdParty/pivy/Inventor/actions/SoCallbackAction.i:183: Warning 467: Overloaded method SoCallbackAction::addPostTailCallback(PyObject *,PyObject *) not supported (incomplete type checking rule - no precedence level in typecheck typemap for 'PyObject *').
/home/user/dev/FreeCAD/src/3rdParty/pivy/Inventor/actions/SoCallbackAction.i:190: Warning 467: Overloaded method SoCallbackAction::addTriangleCallback(SoType const,PyObject *,PyObject *) not supported (incomplete type checking rule - no precedence level in typecheck typemap for 'PyObject *').
/home/user/dev/FreeCAD/src/3rdParty/pivy/Inventor/actions/SoCallbackAction.i:197: Warning 467: Overloaded method SoCallbackAction::addLineSegmentCallback(SoType const,PyObject *,PyObject *) not supported (incomplete type checking rule - no precedence level in typecheck typemap for 'PyObject *').
/home/user/dev/FreeCAD/src/3rdParty/pivy/Inventor/actions/SoCallbackAction.i:204: Warning 467: Overloaded method SoCallbackAction::addPointCallback(SoType const,PyObject *,PyObject *) not supported (incomplete type checking rule - no precedence level in typecheck typemap for 'PyObject *').
/home/user/dev/FreeCAD/src/3rdParty/pivy/Inventor/SbViewportRegion.h:71: Warning 503: Can't wrap 'operator ==' unless renamed to a valid identifier.
/home/user/dev/FreeCAD/src/3rdParty/pivy/Inventor/SbViewportRegion.h:74: Warning 503: Can't wrap 'operator !=' unless renamed to a valid identifier.
/home/user/dev/FreeCAD/src/3rdParty/pivy/Inventor/actions/SoGLRenderAction.i:87: Warning 467: Overloaded method SoGLRenderAction::setPassCallback(PyObject *,PyObject *) not supported (incomplete type checking rule - no precedence level in typecheck typemap for 'PyObject *').
/home/user/dev/FreeCAD/src/3rdParty/pivy/Inventor/actions/SoGLRenderAction.i:94: Warning 467: Overloaded method SoGLRenderAction::setAbortCallback(PyObject *,PyObject *) not supported (incomplete type checking rule - no precedence level in typecheck typemap for 'PyObject *').
/home/user/dev/FreeCAD/src/3rdParty/pivy/Inventor/actions/SoGLRenderAction.i:101: Warning 467: Overloaded method SoGLRenderAction::addPreRenderCallback(PyObject *,PyObject *) not supported (incomplete type checking rule - no precedence level in typecheck typemap for 'PyObject *').
/home/user/dev/FreeCAD/src/3rdParty/pivy/Inventor/actions/SoGLRenderAction.i:108: Warning 467: Overloaded method SoGLRenderAction::removePreRenderCallback(PyObject *,PyObject *) not supported (incomplete type checking rule - no precedence level in typecheck typemap for 'PyObject *').
/home/user/dev/FreeCAD/src/3rdParty/pivy/Inventor/SbBox3f.h:117: Warning 503: Can't wrap 'operator ==' unless renamed to a valid identifier.
/home/user/dev/FreeCAD/src/3rdParty/pivy/Inventor/SbBox3f.h:121: Warning 503: Can't wrap 'operator !=' unless renamed to a valid identifier.
/home/user/dev/FreeCAD/src/3rdParty/pivy/Inventor/SbMatrix.h:58: Warning 467: Overloaded method SbMatrix::SbMatrix(SbMat const &) not supported (incomplete type checking rule - no precedence level in typecheck typemap for 'SbMat const &').
/home/user/dev/FreeCAD/src/3rdParty/pivy/Inventor/SbMatrix.h:63: Warning 467: Overloaded method SbMatrix::setValue(SbMat const &) not supported (incomplete type checking rule - no precedence level in typecheck typemap for 'SbMat const &').
/home/user/dev/FreeCAD/src/3rdParty/pivy/Inventor/SbMatrix.h:110: Warning 503: Can't wrap 'operator float*' unless renamed to a valid identifier.
/home/user/dev/FreeCAD/src/3rdParty/pivy/Inventor/SbMatrix.h:111: Warning 503: Can't wrap 'operator SbMat&' unless renamed to a valid identifier.
/home/user/dev/FreeCAD/src/3rdParty/pivy/Inventor/SbMatrix.h:121: Warning 503: Can't wrap 'operator *' unless renamed to a valid identifier.
/home/user/dev/FreeCAD/src/3rdParty/pivy/Inventor/SbMatrix.h:122: Warning 503: Can't wrap 'operator ==' unless renamed to a valid identifier.
/home/user/dev/FreeCAD/src/3rdParty/pivy/Inventor/SbMatrix.h:123: Warning 503: Can't wrap 'operator !=' unless renamed to a valid identifier.
/home/user/dev/FreeCAD/src/3rdParty/pivy/Inventor/SbXfBox3f.h:65: Warning 503: Can't wrap 'operator ==' unless renamed to a valid identifier.
/home/user/dev/FreeCAD/src/3rdParty/pivy/Inventor/SbXfBox3f.h:66: Warning 503: Can't wrap 'operator !=' unless renamed to a valid identifier.
/home/user/dev/FreeCAD/src/3rdParty/pivy/Inventor/SbVec4f.h:56: Warning 467: Overloaded method SbVec4f::SbVec4f(float const [4]) not supported (incomplete type checking rule - no precedence level in typecheck typemap for 'float const [4]').
/home/user/dev/FreeCAD/src/3rdParty/pivy/Inventor/SbVec4f.h:63: Warning 467: Overloaded method SbVec4f::setValue(float const [4]) not supported (incomplete type checking rule - no precedence level in typecheck typemap for 'float const [4]').
/home/user/dev/FreeCAD/src/3rdParty/pivy/Inventor/SbVec4f.h:99: Warning 503: Can't wrap 'operator *' unless renamed to a valid identifier.
/home/user/dev/FreeCAD/src/3rdParty/pivy/Inventor/SbVec4f.h:103: Warning 503: Can't wrap 'operator *' unless renamed to a valid identifier.
/home/user/dev/FreeCAD/src/3rdParty/pivy/Inventor/SbVec4f.h:108: Warning 503: Can't wrap 'operator /' unless renamed to a valid identifier.
/home/user/dev/FreeCAD/src/3rdParty/pivy/Inventor/SbVec4f.h:112: Warning 503: Can't wrap 'operator +' unless renamed to a valid identifier.
/home/user/dev/FreeCAD/src/3rdParty/pivy/Inventor/SbVec4f.h:116: Warning 503: Can't wrap 'operator -' unless renamed to a valid identifier.
/home/user/dev/FreeCAD/src/3rdParty/pivy/Inventor/SbVec4f.h:120: Warning 503: Can't wrap 'operator ==' unless renamed to a valid identifier.
/home/user/dev/FreeCAD/src/3rdParty/pivy/Inventor/SbVec4f.h:124: Warning 503: Can't wrap 'operator !=' unless renamed to a valid identifier.
/home/user/dev/FreeCAD/src/3rdParty/pivy/Inventor/SbRotation.h:52: Warning 467: Overloaded method SbRotation::SbRotation(float const [4]) not supported (incomplete type checking rule - no precedence level in typecheck typemap for 'float const [4]').
/home/user/dev/FreeCAD/src/3rdParty/pivy/Inventor/SbRotation.h:64: Warning 467: Overloaded method SbRotation::setValue(float const [4]) not supported (incomplete type checking rule - no precedence level in typecheck typemap for 'float const [4]').
/home/user/dev/FreeCAD/src/3rdParty/pivy/Inventor/SbRotation.h:70: Warning 503: Can't wrap 'operator ==' unless renamed to a valid identifier.
/home/user/dev/FreeCAD/src/3rdParty/pivy/Inventor/SbRotation.h:71: Warning 503: Can't wrap 'operator !=' unless renamed to a valid identifier.
/home/user/dev/FreeCAD/src/3rdParty/pivy/Inventor/SbRotation.h:75: Warning 503: Can't wrap 'operator *' unless renamed to a valid identifier.
/home/user/dev/FreeCAD/src/3rdParty/coin/include/Inventor/actions/SoRayPickAction.h:76: Warning 509: Overloaded method SoRayPickAction::setObjectSpace(SbMatrix const &) effectively ignored,
/home/user/dev/FreeCAD/src/3rdParty/coin/include/Inventor/actions/SoRayPickAction.h:75: Warning 509: as it is shadowed by SoRayPickAction::setObjectSpace().
/home/user/dev/FreeCAD/src/3rdParty/pivy/Inventor/collision/SoIntersectionDetectionAction.i:103: Warning 467: Overloaded method SoIntersectionDetectionAction::addVisitationCallback(SoType,PyObject *,PyObject *) not supported (incomplete type checking rule - no precedence level in typecheck typemap for 'PyObject *').
/home/user/dev/FreeCAD/src/3rdParty/pivy/Inventor/collision/SoIntersectionDetectionAction.i:110: Warning 467: Overloaded method SoIntersectionDetectionAction::removeVisitationCallback(SoType,PyObject *,PyObject *) not supported (incomplete type checking rule - no precedence level in typecheck typemap for 'PyObject *').
/home/user/dev/FreeCAD/src/3rdParty/pivy/Inventor/collision/SoIntersectionDetectionAction.i:117: Warning 467: Overloaded method SoIntersectionDetectionAction::setFilterCallback(PyObject *) not supported (incomplete type checking rule - no precedence level in typecheck typemap for 'PyObject *').
/home/user/dev/FreeCAD/src/3rdParty/pivy/Inventor/collision/SoIntersectionDetectionAction.i:117: Warning 467: Overloaded method SoIntersectionDetectionAction::setFilterCallback(PyObject *,PyObject *) not supported (incomplete type checking rule - no precedence level in typecheck typemap for 'PyObject *').
/home/user/dev/FreeCAD/src/3rdParty/pivy/Inventor/collision/SoIntersectionDetectionAction.i:124: Warning 467: Overloaded method SoIntersectionDetectionAction::addIntersectionCallback(PyObject *) not supported (incomplete type checking rule - no precedence level in typecheck typemap for 'PyObject *').
/home/user/dev/FreeCAD/src/3rdParty/pivy/Inventor/collision/SoIntersectionDetectionAction.i:124: Warning 467: Overloaded method SoIntersectionDetectionAction::addIntersectionCallback(PyObject *,PyObject *) not supported (incomplete type checking rule - no precedence level in typecheck typemap for 'PyObject *').
/home/user/dev/FreeCAD/src/3rdParty/pivy/Inventor/collision/SoIntersectionDetectionAction.i:131: Warning 467: Overloaded method SoIntersectionDetectionAction::removeIntersectionCallback(PyObject *) not supported (incomplete type checking rule - no precedence level in typecheck typemap for 'PyObject *').
/home/user/dev/FreeCAD/src/3rdParty/pivy/Inventor/collision/SoIntersectionDetectionAction.i:131: Warning 467: Overloaded method SoIntersectionDetectionAction::removeIntersectionCallback(PyObject *,PyObject *) not supported (incomplete type checking rule - no precedence level in typecheck typemap for 'PyObject *').
/home/user/dev/FreeCAD/src/3rdParty/coin/include/Inventor/nodekits/SoNodekitCatalog.h:57: Warning 467: Overloaded method SoNodekitCatalog::getType(SbName const &) const not supported (incomplete type checking rule - no precedence level in typecheck typemap for 'SbName const &').
/home/user/dev/FreeCAD/src/3rdParty/coin/include/Inventor/nodekits/SoNodekitCatalog.h:59: Warning 467: Overloaded method SoNodekitCatalog::getDefaultType(SbName const &) const not supported (incomplete type checking rule - no precedence level in typecheck typemap for 'SbName const &').
/home/user/dev/FreeCAD/src/3rdParty/coin/include/Inventor/nodekits/SoNodekitCatalog.h:61: Warning 467: Overloaded method SoNodekitCatalog::isNullByDefault(SbName const &) const not supported (incomplete type checking rule - no precedence level in typecheck typemap for 'SbName const &').
/home/user/dev/FreeCAD/src/3rdParty/coin/include/Inventor/nodekits/SoNodekitCatalog.h:64: Warning 467: Overloaded method SoNodekitCatalog::isLeaf(SbName const &) const not supported (incomplete type checking rule - no precedence level in typecheck typemap for 'SbName const &').
/home/user/dev/FreeCAD/src/3rdParty/coin/include/Inventor/nodekits/SoNodekitCatalog.h:66: Warning 467: Overloaded method SoNodekitCatalog::getParentName(SbName const &) const not supported (incomplete type checking rule - no precedence level in typecheck typemap for 'SbName const &').
/home/user/dev/FreeCAD/src/3rdParty/coin/include/Inventor/nodekits/SoNodekitCatalog.h:68: Warning 467: Overloaded method SoNodekitCatalog::getParentPartNumber(SbName const &) const not supported (incomplete type checking rule - no precedence level in typecheck typemap for 'SbName const &').
/home/user/dev/FreeCAD/src/3rdParty/coin/include/Inventor/nodekits/SoNodekitCatalog.h:70: Warning 467: Overloaded method SoNodekitCatalog::getRightSiblingName(SbName const &) const not supported (incomplete type checking rule - no precedence level in typecheck typemap for 'SbName const &').
/home/user/dev/FreeCAD/src/3rdParty/coin/include/Inventor/nodekits/SoNodekitCatalog.h:72: Warning 467: Overloaded method SoNodekitCatalog::getRightSiblingPartNumber(SbName const &) const not supported (incomplete type checking rule - no precedence level in typecheck typemap for 'SbName const &').
/home/user/dev/FreeCAD/src/3rdParty/coin/include/Inventor/nodekits/SoNodekitCatalog.h:75: Warning 467: Overloaded method SoNodekitCatalog::isList(SbName const &) const not supported (incomplete type checking rule - no precedence level in typecheck typemap for 'SbName const &').
/home/user/dev/FreeCAD/src/3rdParty/coin/include/Inventor/nodekits/SoNodekitCatalog.h:77: Warning 467: Overloaded method SoNodekitCatalog::getListContainerType(SbName const &) const not supported (incomplete type checking rule - no precedence level in typecheck typemap for 'SbName const &').
/home/user/dev/FreeCAD/src/3rdParty/coin/include/Inventor/nodekits/SoNodekitCatalog.h:79: Warning 467: Overloaded method SoNodekitCatalog::getListItemTypes(SbName const &) const not supported (incomplete type checking rule - no precedence level in typecheck typemap for 'SbName const &').
/home/user/dev/FreeCAD/src/3rdParty/coin/include/Inventor/nodekits/SoNodekitCatalog.h:82: Warning 467: Overloaded method SoNodekitCatalog::isPublic(SbName const &) const not supported (incomplete type checking rule - no precedence level in typecheck typemap for 'SbName const &').
/home/user/dev/FreeCAD/src/3rdParty/coin/include/Inventor/nodekits/SoNodekitCatalog.h:92: Warning 467: Overloaded method SoNodekitCatalog::addListItemType(SbName const &,SoType) not supported (incomplete type checking rule - no precedence level in typecheck typemap for 'SbName const &').
/home/user/dev/FreeCAD/src/3rdParty/pivy/Inventor/fields/SoSFName.h:47: Warning 467: Overloaded method SoSFName::setValue(SbName const &) not supported (incomplete type checking rule - no precedence level in typecheck typemap for 'SbName const &').
/home/user/dev/FreeCAD/src/3rdParty/pivy/Inventor/fields/SoMFName.h:47: Warning 467: Overloaded method SoMFName::setValue(SbName const &) not supported (incomplete type checking rule - no precedence level in typecheck typemap for 'SbName const &').
/home/user/dev/FreeCAD/src/3rdParty/pivy/Inventor/SoNodeKitPath.h:61: Warning 503: Can't wrap 'operator ==' unless renamed to a valid identifier.
/home/user/dev/FreeCAD/src/3rdParty/coin/include/Inventor/nodekits/SoInteractionKit.h:74: Warning 467: Overloaded method SoInteractionKit::setPartAsDefault(SbName const &,SoNode *) not supported (incomplete type checking rule - no precedence level in typecheck typemap for 'SbName const &').
/home/user/dev/FreeCAD/src/3rdParty/coin/include/Inventor/nodekits/SoInteractionKit.h:77: Warning 467: Overloaded method SoInteractionKit::setPartAsDefault(SbName const &,SbName const &,SbBool) not supported (incomplete type checking rule - no precedence level in typecheck typemap for 'SbName const &').
/home/user/dev/FreeCAD/src/3rdParty/pivy/Inventor/SbVec3d.h:57: Warning 467: Overloaded method SbVec3d::SbVec3d(double const [3]) not supported (incomplete type checking rule - no precedence level in typecheck typemap for 'double const [3]').
/home/user/dev/FreeCAD/src/3rdParty/pivy/Inventor/SbVec3d.h:65: Warning 467: Overloaded method SbVec3d::setValue(double const [3]) not supported (incomplete type checking rule - no precedence level in typecheck typemap for 'double const [3]').
/home/user/dev/FreeCAD/src/3rdParty/pivy/Inventor/SbVec3d.h:109: Warning 503: Can't wrap 'operator *' unless renamed to a valid identifier.
/home/user/dev/FreeCAD/src/3rdParty/pivy/Inventor/SbVec3d.h:113: Warning 503: Can't wrap 'operator *' unless renamed to a valid identifier.
/home/user/dev/FreeCAD/src/3rdParty/pivy/Inventor/SbVec3d.h:118: Warning 503: Can't wrap 'operator /' unless renamed to a valid identifier.
/home/user/dev/FreeCAD/src/3rdParty/pivy/Inventor/SbVec3d.h:122: Warning 503: Can't wrap 'operator +' unless renamed to a valid identifier.
/home/user/dev/FreeCAD/src/3rdParty/pivy/Inventor/SbVec3d.h:126: Warning 503: Can't wrap 'operator -' unless renamed to a valid identifier.
/home/user/dev/FreeCAD/src/3rdParty/pivy/Inventor/SbVec3d.h:130: Warning 503: Can't wrap 'operator ==' unless renamed to a valid identifier.
/home/user/dev/FreeCAD/src/3rdParty/pivy/Inventor/SbVec3d.h:134: Warning 503: Can't wrap 'operator !=' unless renamed to a valid identifier.
/home/user/dev/FreeCAD/src/3rdParty/pivy/Inventor/fields/SoSFVec3f.h:53: Warning 467: Overloaded method SoSFVec3f::setValue(float const [3]) not supported (incomplete type checking rule - no precedence level in typecheck typemap for 'float const [3]').
/home/user/dev/FreeCAD/src/3rdParty/pivy/Inventor/draggers/SoDragger.i:44: Warning 467: Overloaded method SoDragger::addStartCallback(PyObject *) not supported (incomplete type checking rule - no precedence level in typecheck typemap for 'PyObject *').
/home/user/dev/FreeCAD/src/3rdParty/pivy/Inventor/draggers/SoDragger.i:44: Warning 467: Overloaded method SoDragger::addStartCallback(PyObject *,PyObject *) not supported (incomplete type checking rule - no precedence level in typecheck typemap for 'PyObject *').
/home/user/dev/FreeCAD/src/3rdParty/pivy/Inventor/draggers/SoDragger.i:51: Warning 467: Overloaded method SoDragger::removeStartCallback(PyObject *) not supported (incomplete type checking rule - no precedence level in typecheck typemap for 'PyObject *').
/home/user/dev/FreeCAD/src/3rdParty/pivy/Inventor/draggers/SoDragger.i:51: Warning 467: Overloaded method SoDragger::removeStartCallback(PyObject *,PyObject *) not supported (incomplete type checking rule - no precedence level in typecheck typemap for 'PyObject *').
/home/user/dev/FreeCAD/src/3rdParty/pivy/Inventor/draggers/SoDragger.i:58: Warning 467: Overloaded method SoDragger::addMotionCallback(PyObject *) not supported (incomplete type checking rule - no precedence level in typecheck typemap for 'PyObject *').
/home/user/dev/FreeCAD/src/3rdParty/pivy/Inventor/draggers/SoDragger.i:58: Warning 467: Overloaded method SoDragger::addMotionCallback(PyObject *,PyObject *) not supported (incomplete type checking rule - no precedence level in typecheck typemap for 'PyObject *').
/home/user/dev/FreeCAD/src/3rdParty/pivy/Inventor/draggers/SoDragger.i:65: Warning 467: Overloaded method SoDragger::removeMotionCallback(PyObject *) not supported (incomplete type checking rule - no precedence level in typecheck typemap for 'PyObject *').
/home/user/dev/FreeCAD/src/3rdParty/pivy/Inventor/draggers/SoDragger.i:65: Warning 467: Overloaded method SoDragger::removeMotionCallback(PyObject *,PyObject *) not supported (incomplete type checking rule - no precedence level in typecheck typemap for 'PyObject *').
/home/user/dev/FreeCAD/src/3rdParty/pivy/Inventor/draggers/SoDragger.i:72: Warning 467: Overloaded method SoDragger::addFinishCallback(PyObject *) not supported (incomplete type checking rule - no precedence level in typecheck typemap for 'PyObject *').
/home/user/dev/FreeCAD/src/3rdParty/pivy/Inventor/draggers/SoDragger.i:72: Warning 467: Overloaded method SoDragger::addFinishCallback(PyObject *,PyObject *) not supported (incomplete type checking rule - no precedence level in typecheck typemap for 'PyObject *').
/home/user/dev/FreeCAD/src/3rdParty/pivy/Inventor/draggers/SoDragger.i:79: Warning 467: Overloaded method SoDragger::removeFinishCallback(PyObject *) not supported (incomplete type checking rule - no precedence level in typecheck typemap for 'PyObject *').
/home/user/dev/FreeCAD/src/3rdParty/pivy/Inventor/draggers/SoDragger.i:79: Warning 467: Overloaded method SoDragger::removeFinishCallback(PyObject *,PyObject *) not supported (incomplete type checking rule - no precedence level in typecheck typemap for 'PyObject *').
/home/user/dev/FreeCAD/src/3rdParty/pivy/Inventor/draggers/SoDragger.i:86: Warning 467: Overloaded method SoDragger::addValueChangedCallback(PyObject *) not supported (incomplete type checking rule - no precedence level in typecheck typemap for 'PyObject *').
/home/user/dev/FreeCAD/src/3rdParty/pivy/Inventor/draggers/SoDragger.i:86: Warning 467: Overloaded method SoDragger::addValueChangedCallback(PyObject *,PyObject *) not supported (incomplete type checking rule - no precedence level in typecheck typemap for 'PyObject *').
/home/user/dev/FreeCAD/src/3rdParty/pivy/Inventor/draggers/SoDragger.i:93: Warning 467: Overloaded method SoDragger::removeValueChangedCallback(PyObject *) not supported (incomplete type checking rule - no precedence level in typecheck typemap for 'PyObject *').
/home/user/dev/FreeCAD/src/3rdParty/pivy/Inventor/draggers/SoDragger.i:93: Warning 467: Overloaded method SoDragger::removeValueChangedCallback(PyObject *,PyObject *) not supported (incomplete type checking rule - no precedence level in typecheck typemap for 'PyObject *').
/home/user/dev/FreeCAD/src/3rdParty/pivy/Inventor/draggers/SoDragger.i:100: Warning 467: Overloaded method SoDragger::addOtherEventCallback(PyObject *) not supported (incomplete type checking rule - no precedence level in typecheck typemap for 'PyObject *').
/home/user/dev/FreeCAD/src/3rdParty/pivy/Inventor/draggers/SoDragger.i:100: Warning 467: Overloaded method SoDragger::addOtherEventCallback(PyObject *,PyObject *) not supported (incomplete type checking rule - no precedence level in typecheck typemap for 'PyObject *').
/home/user/dev/FreeCAD/src/3rdParty/pivy/Inventor/draggers/SoDragger.i:107: Warning 467: Overloaded method SoDragger::removeOtherEventCallback(PyObject *) not supported (incomplete type checking rule - no precedence level in typecheck typemap for 'PyObject *').
/home/user/dev/FreeCAD/src/3rdParty/pivy/Inventor/draggers/SoDragger.i:107: Warning 467: Overloaded method SoDragger::removeOtherEventCallback(PyObject *,PyObject *) not supported (incomplete type checking rule - no precedence level in typecheck typemap for 'PyObject *').
/home/user/dev/FreeCAD/src/3rdParty/pivy/Inventor/fields/SoSFRotation.h:54: Warning 467: Overloaded method SoSFRotation::setValue(float const [4]) not supported (incomplete type checking rule - no precedence level in typecheck typemap for 'float const [4]').
/home/user/dev/FreeCAD/src/3rdParty/pivy/Inventor/fields/SoSFVec2f.h:53: Warning 467: Overloaded method SoSFVec2f::setValue(float const [2]) not supported (incomplete type checking rule - no precedence level in typecheck typemap for 'float const [2]').
/home/user/dev/FreeCAD/src/3rdParty/pivy/Inventor/SbPlane.h:61: Warning 503: Can't wrap 'operator ==' unless renamed to a valid identifier.
/home/user/dev/FreeCAD/src/3rdParty/pivy/Inventor/SbPlane.h:62: Warning 503: Can't wrap 'operator !=' unless renamed to a valid identifier.
/home/user/dev/FreeCAD/src/3rdParty/pivy/Inventor/SbColor4f.h:50: Warning 467: Overloaded method SbColor4f::SbColor4f(float const *const) not supported (incomplete type checking rule - no precedence level in typecheck typemap for 'float const *const').
/home/user/dev/FreeCAD/src/3rdParty/pivy/Inventor/SbColor4f.h:76: Warning 503: Can't wrap 'operator *' unless renamed to a valid identifier.
/home/user/dev/FreeCAD/src/3rdParty/pivy/Inventor/SbColor4f.h:77: Warning 503: Can't wrap 'operator *' unless renamed to a valid identifier.
/home/user/dev/FreeCAD/src/3rdParty/pivy/Inventor/SbColor4f.h:78: Warning 503: Can't wrap 'operator /' unless renamed to a valid identifier.
/home/user/dev/FreeCAD/src/3rdParty/pivy/Inventor/SbColor4f.h:79: Warning 503: Can't wrap 'operator +' unless renamed to a valid identifier.
/home/user/dev/FreeCAD/src/3rdParty/pivy/Inventor/SbColor4f.h:80: Warning 503: Can't wrap 'operator -' unless renamed to a valid identifier.
/home/user/dev/FreeCAD/src/3rdParty/pivy/Inventor/SbColor4f.h:81: Warning 503: Can't wrap 'operator ==' unless renamed to a valid identifier.
/home/user/dev/FreeCAD/src/3rdParty/pivy/Inventor/SbColor4f.h:82: Warning 503: Can't wrap 'operator !=' unless renamed to a valid identifier.
/home/user/dev/FreeCAD/src/3rdParty/pivy/Inventor/fields/SoMFBool.h:48: Warning 509: Overloaded method SoMFBool::setValuesPointer(int const,SbBool *) effectively ignored,
/home/user/dev/FreeCAD/src/3rdParty/pivy/Inventor/fields/SoMFBool.h:48: Warning 509: as it is shadowed by SoMFBool::setValuesPointer(int const,SbBool const *).
/home/user/dev/FreeCAD/src/3rdParty/pivy/Inventor/fields/SoMFEnum.h:52: Warning 467: Overloaded method SoMFEnum::set1Value(int const,SbName const) not supported (incomplete type checking rule - no precedence level in typecheck typemap for 'SbName const').
/home/user/dev/FreeCAD/src/3rdParty/pivy/Inventor/fields/SoMFEnum.h:51: Warning 467: Overloaded method SoMFEnum::setValue(SbName const) not supported (incomplete type checking rule - no precedence level in typecheck typemap for 'SbName const').
/home/user/dev/FreeCAD/src/3rdParty/pivy/Inventor/fields/SoMFFloat.h:48: Warning 509: Overloaded method SoMFFloat::setValuesPointer(int const,float *) effectively ignored,
/home/user/dev/FreeCAD/src/3rdParty/pivy/Inventor/fields/SoMFFloat.h:48: Warning 509: as it is shadowed by SoMFFloat::setValuesPointer(int const,float const *).
/home/user/dev/FreeCAD/src/3rdParty/pivy/Inventor/fields/SoMFVec3f.h:48: Warning 509: Overloaded method SoMFVec3f::setValuesPointer(int const,SbVec3f *) effectively ignored,
/home/user/dev/FreeCAD/src/3rdParty/pivy/Inventor/fields/SoMFVec3f.h:48: Warning 509: as it is shadowed by SoMFVec3f::setValuesPointer(int const,SbVec3f const *).
/home/user/dev/FreeCAD/src/3rdParty/pivy/Inventor/fields/SoMFVec3f.h:49: Warning 509: Overloaded method SoMFVec3f::setValuesPointer(int const,float *) effectively ignored,
/home/user/dev/FreeCAD/src/3rdParty/pivy/Inventor/fields/SoMFVec3f.h:49: Warning 509: as it is shadowed by SoMFVec3f::setValuesPointer(int const,float const *).
/home/user/dev/FreeCAD/src/3rdParty/pivy/Inventor/fields/SoMFString.h:47: Warning 467: Overloaded method SoMFString::setValue(SbString const &) not supported (incomplete type checking rule - no precedence level in typecheck typemap for 'SbString const &').
/home/user/dev/FreeCAD/src/3rdParty/pivy/Inventor/fields/SoMFVec2f.h:49: Warning 509: Overloaded method SoMFVec2f::setValuesPointer(int const,SbVec2f *) effectively ignored,
/home/user/dev/FreeCAD/src/3rdParty/pivy/Inventor/fields/SoMFVec2f.h:49: Warning 509: as it is shadowed by SoMFVec2f::setValuesPointer(int const,SbVec2f const *).
/home/user/dev/FreeCAD/src/3rdParty/pivy/Inventor/fields/SoMFVec2f.h:50: Warning 509: Overloaded method SoMFVec2f::setValuesPointer(int const,float *) effectively ignored,
/home/user/dev/FreeCAD/src/3rdParty/pivy/Inventor/fields/SoMFVec2f.h:50: Warning 509: as it is shadowed by SoMFVec2f::setValuesPointer(int const,float const *).
/home/user/dev/FreeCAD/src/3rdParty/pivy/Inventor/fields/SoMFVec4f.h:49: Warning 509: Overloaded method SoMFVec4f::setValuesPointer(int const,SbVec4f *) effectively ignored,
/home/user/dev/FreeCAD/src/3rdParty/pivy/Inventor/fields/SoMFVec4f.h:49: Warning 509: as it is shadowed by SoMFVec4f::setValuesPointer(int const,SbVec4f const *).
/home/user/dev/FreeCAD/src/3rdParty/pivy/Inventor/fields/SoMFVec4f.h:50: Warning 509: Overloaded method SoMFVec4f::setValuesPointer(int const,float *) effectively ignored,
/home/user/dev/FreeCAD/src/3rdParty/pivy/Inventor/fields/SoMFVec4f.h:50: Warning 509: as it is shadowed by SoMFVec4f::setValuesPointer(int const,float const *).
/home/user/dev/FreeCAD/src/3rdParty/pivy/Inventor/fields/SoMFRotation.h:54: Warning 467: Overloaded method SoMFRotation::set1Value(int const,float const [4]) not supported (incomplete type checking rule - no precedence level in typecheck typemap for 'float const [4]').
/home/user/dev/FreeCAD/src/3rdParty/pivy/Inventor/fields/SoMFRotation.h:57: Warning 467: Overloaded method SoMFRotation::setValue(float const [4]) not supported (incomplete type checking rule - no precedence level in typecheck typemap for 'float const [4]').
/home/user/dev/FreeCAD/src/3rdParty/pivy/Inventor/fields/SoSFTime.h:47: Warning 467: Overloaded method SoSFTime::setValue(SbTime const &) not supported (incomplete type checking rule - no precedence level in typecheck typemap for 'SbTime const &').
/home/user/dev/FreeCAD/src/3rdParty/pivy/Inventor/fields/SoSFTime.i:3: Warning 467: Overloaded method SoSFTime::setValue(SbTime &) not supported (incomplete type checking rule - no precedence level in typecheck typemap for 'SbTime &').
/home/user/dev/FreeCAD/src/3rdParty/pivy/Inventor/SbBox2s.h:108: Warning 503: Can't wrap 'operator ==' unless renamed to a valid identifier.
/home/user/dev/FreeCAD/src/3rdParty/pivy/Inventor/SbBox2s.h:112: Warning 503: Can't wrap 'operator !=' unless renamed to a valid identifier.
/home/user/dev/FreeCAD/src/3rdParty/coin/include/Inventor/SbVec2i32.h:94: Warning 503: Can't wrap 'operator *' unless renamed to a valid identifier.
/home/user/dev/FreeCAD/src/3rdParty/coin/include/Inventor/SbVec2i32.h:98: Warning 503: Can't wrap 'operator *' unless renamed to a valid identifier.
/home/user/dev/FreeCAD/src/3rdParty/coin/include/Inventor/SbVec2i32.h:102: Warning 503: Can't wrap 'operator *' unless renamed to a valid identifier.
/home/user/dev/FreeCAD/src/3rdParty/coin/include/Inventor/SbVec2i32.h:106: Warning 503: Can't wrap 'operator *' unless renamed to a valid identifier.
/home/user/dev/FreeCAD/src/3rdParty/coin/include/Inventor/SbVec2i32.h:111: Warning 503: Can't wrap 'operator /' unless renamed to a valid identifier.
/home/user/dev/FreeCAD/src/3rdParty/coin/include/Inventor/SbVec2i32.h:116: Warning 503: Can't wrap 'operator /' unless renamed to a valid identifier.
/home/user/dev/FreeCAD/src/3rdParty/coin/include/Inventor/SbVec2i32.h:120: Warning 503: Can't wrap 'operator +' unless renamed to a valid identifier.
/home/user/dev/FreeCAD/src/3rdParty/coin/include/Inventor/SbVec2i32.h:124: Warning 503: Can't wrap 'operator -' unless renamed to a valid identifier.
/home/user/dev/FreeCAD/src/3rdParty/coin/include/Inventor/SbVec2i32.h:128: Warning 503: Can't wrap 'operator ==' unless renamed to a valid identifier.
/home/user/dev/FreeCAD/src/3rdParty/coin/include/Inventor/SbVec2i32.h:132: Warning 503: Can't wrap 'operator !=' unless renamed to a valid identifier.
/home/user/dev/FreeCAD/src/3rdParty/coin/include/Inventor/SbBox2i32.h:103: Warning 503: Can't wrap 'operator ==' unless renamed to a valid identifier.
/home/user/dev/FreeCAD/src/3rdParty/coin/include/Inventor/SbBox2i32.h:107: Warning 503: Can't wrap 'operator !=' unless renamed to a valid identifier.
/home/user/dev/FreeCAD/src/3rdParty/pivy/Inventor/SbBox2f.h:109: Warning 503: Can't wrap 'operator ==' unless renamed to a valid identifier.
/home/user/dev/FreeCAD/src/3rdParty/pivy/Inventor/SbBox2f.h:113: Warning 503: Can't wrap 'operator !=' unless renamed to a valid identifier.
/home/user/dev/FreeCAD/src/3rdParty/pivy/Inventor/SbVec2d.h:55: Warning 467: Overloaded method SbVec2d::SbVec2d(double const [2]) not supported (incomplete type checking rule - no precedence level in typecheck typemap for 'double const [2]').
/home/user/dev/FreeCAD/src/3rdParty/pivy/Inventor/SbVec2d.h:62: Warning 467: Overloaded method SbVec2d::setValue(double const [2]) not supported (incomplete type checking rule - no precedence level in typecheck typemap for 'double const [2]').
/home/user/dev/FreeCAD/src/3rdParty/pivy/Inventor/SbVec2d.h:97: Warning 503: Can't wrap 'operator *' unless renamed to a valid identifier.
/home/user/dev/FreeCAD/src/3rdParty/pivy/Inventor/SbVec2d.h:101: Warning 503: Can't wrap 'operator *' unless renamed to a valid identifier.
/home/user/dev/FreeCAD/src/3rdParty/pivy/Inventor/SbVec2d.h:106: Warning 503: Can't wrap 'operator /' unless renamed to a valid identifier.
/home/user/dev/FreeCAD/src/3rdParty/pivy/Inventor/SbVec2d.h:110: Warning 503: Can't wrap 'operator +' unless renamed to a valid identifier.
/home/user/dev/FreeCAD/src/3rdParty/pivy/Inventor/SbVec2d.h:114: Warning 503: Can't wrap 'operator -' unless renamed to a valid identifier.
/home/user/dev/FreeCAD/src/3rdParty/pivy/Inventor/SbVec2d.h:118: Warning 503: Can't wrap 'operator ==' unless renamed to a valid identifier.
/home/user/dev/FreeCAD/src/3rdParty/pivy/Inventor/SbVec2d.h:122: Warning 503: Can't wrap 'operator !=' unless renamed to a valid identifier.
/home/user/dev/FreeCAD/src/3rdParty/pivy/Inventor/SbBox2d.h:108: Warning 503: Can't wrap 'operator ==' unless renamed to a valid identifier.
/home/user/dev/FreeCAD/src/3rdParty/pivy/Inventor/SbBox2d.h:112: Warning 503: Can't wrap 'operator !=' unless renamed to a valid identifier.
/home/user/dev/FreeCAD/src/3rdParty/pivy/Inventor/SbBox3s.h:110: Warning 503: Can't wrap 'operator ==' unless renamed to a valid identifier.
/home/user/dev/FreeCAD/src/3rdParty/pivy/Inventor/SbBox3s.h:114: Warning 503: Can't wrap 'operator !=' unless renamed to a valid identifier.
/home/user/dev/FreeCAD/src/3rdParty/coin/include/Inventor/SbVec3i32.h:90: Warning 503: Can't wrap 'operator *' unless renamed to a valid identifier.
/home/user/dev/FreeCAD/src/3rdParty/coin/include/Inventor/SbVec3i32.h:94: Warning 503: Can't wrap 'operator *' unless renamed to a valid identifier.
/home/user/dev/FreeCAD/src/3rdParty/coin/include/Inventor/SbVec3i32.h:98: Warning 503: Can't wrap 'operator *' unless renamed to a valid identifier.
/home/user/dev/FreeCAD/src/3rdParty/coin/include/Inventor/SbVec3i32.h:102: Warning 503: Can't wrap 'operator *' unless renamed to a valid identifier.
/home/user/dev/FreeCAD/src/3rdParty/coin/include/Inventor/SbVec3i32.h:107: Warning 503: Can't wrap 'operator /' unless renamed to a valid identifier.
/home/user/dev/FreeCAD/src/3rdParty/coin/include/Inventor/SbVec3i32.h:112: Warning 503: Can't wrap 'operator /' unless renamed to a valid identifier.
/home/user/dev/FreeCAD/src/3rdParty/coin/include/Inventor/SbVec3i32.h:116: Warning 503: Can't wrap 'operator +' unless renamed to a valid identifier.
/home/user/dev/FreeCAD/src/3rdParty/coin/include/Inventor/SbVec3i32.h:120: Warning 503: Can't wrap 'operator -' unless renamed to a valid identifier.
/home/user/dev/FreeCAD/src/3rdParty/coin/include/Inventor/SbVec3i32.h:124: Warning 503: Can't wrap 'operator ==' unless renamed to a valid identifier.
/home/user/dev/FreeCAD/src/3rdParty/coin/include/Inventor/SbVec3i32.h:128: Warning 503: Can't wrap 'operator !=' unless renamed to a valid identifier.
/home/user/dev/FreeCAD/src/3rdParty/coin/include/Inventor/SbBox3i32.h:114: Warning 503: Can't wrap 'operator ==' unless renamed to a valid identifier.
/home/user/dev/FreeCAD/src/3rdParty/coin/include/Inventor/SbBox3i32.h:119: Warning 503: Can't wrap 'operator !=' unless renamed to a valid identifier.
/home/user/dev/FreeCAD/src/3rdParty/coin/include/Inventor/SbBox3d.h:112: Warning 503: Can't wrap 'operator ==' unless renamed to a valid identifier.
/home/user/dev/FreeCAD/src/3rdParty/coin/include/Inventor/SbBox3d.h:116: Warning 503: Can't wrap 'operator !=' unless renamed to a valid identifier.
/home/user/dev/FreeCAD/src/3rdParty/coin/include/Inventor/SbVec2b.h:90: Warning 503: Can't wrap 'operator *' unless renamed to a valid identifier.
/home/user/dev/FreeCAD/src/3rdParty/coin/include/Inventor/SbVec2b.h:94: Warning 503: Can't wrap 'operator *' unless renamed to a valid identifier.
/home/user/dev/FreeCAD/src/3rdParty/coin/include/Inventor/SbVec2b.h:98: Warning 503: Can't wrap 'operator *' unless renamed to a valid identifier.
/home/user/dev/FreeCAD/src/3rdParty/coin/include/Inventor/SbVec2b.h:102: Warning 503: Can't wrap 'operator *' unless renamed to a valid identifier.
/home/user/dev/FreeCAD/src/3rdParty/coin/include/Inventor/SbVec2b.h:107: Warning 503: Can't wrap 'operator /' unless renamed to a valid identifier.
/home/user/dev/FreeCAD/src/3rdParty/coin/include/Inventor/SbVec2b.h:112: Warning 503: Can't wrap 'operator /' unless renamed to a valid identifier.
/home/user/dev/FreeCAD/src/3rdParty/coin/include/Inventor/SbVec2b.h:116: Warning 503: Can't wrap 'operator +' unless renamed to a valid identifier.
/home/user/dev/FreeCAD/src/3rdParty/coin/include/Inventor/SbVec2b.h:120: Warning 503: Can't wrap 'operator -' unless renamed to a valid identifier.
/home/user/dev/FreeCAD/src/3rdParty/coin/include/Inventor/SbVec2b.h:124: Warning 503: Can't wrap 'operator ==' unless renamed to a valid identifier.
/home/user/dev/FreeCAD/src/3rdParty/coin/include/Inventor/SbVec2b.h:128: Warning 503: Can't wrap 'operator !=' unless renamed to a valid identifier.
/home/user/dev/FreeCAD/src/3rdParty/coin/include/Inventor/SbVec3b.h:90: Warning 503: Can't wrap 'operator *' unless renamed to a valid identifier.
/home/user/dev/FreeCAD/src/3rdParty/coin/include/Inventor/SbVec3b.h:94: Warning 503: Can't wrap 'operator *' unless renamed to a valid identifier.
/home/user/dev/FreeCAD/src/3rdParty/coin/include/Inventor/SbVec3b.h:98: Warning 503: Can't wrap 'operator *' unless renamed to a valid identifier.
/home/user/dev/FreeCAD/src/3rdParty/coin/include/Inventor/SbVec3b.h:102: Warning 503: Can't wrap 'operator *' unless renamed to a valid identifier.
/home/user/dev/FreeCAD/src/3rdParty/coin/include/Inventor/SbVec3b.h:107: Warning 503: Can't wrap 'operator /' unless renamed to a valid identifier.
/home/user/dev/FreeCAD/src/3rdParty/coin/include/Inventor/SbVec3b.h:112: Warning 503: Can't wrap 'operator /' unless renamed to a valid identifier.
/home/user/dev/FreeCAD/src/3rdParty/coin/include/Inventor/SbVec3b.h:116: Warning 503: Can't wrap 'operator +' unless renamed to a valid identifier.
/home/user/dev/FreeCAD/src/3rdParty/coin/include/Inventor/SbVec3b.h:120: Warning 503: Can't wrap 'operator -' unless renamed to a valid identifier.
/home/user/dev/FreeCAD/src/3rdParty/coin/include/Inventor/SbVec3b.h:124: Warning 503: Can't wrap 'operator ==' unless renamed to a valid identifier.
/home/user/dev/FreeCAD/src/3rdParty/coin/include/Inventor/SbVec3b.h:128: Warning 503: Can't wrap 'operator !=' unless renamed to a valid identifier.
/home/user/dev/FreeCAD/src/3rdParty/coin/include/Inventor/SbVec4b.h:90: Warning 503: Can't wrap 'operator *' unless renamed to a valid identifier.
/home/user/dev/FreeCAD/src/3rdParty/coin/include/Inventor/SbVec4b.h:94: Warning 503: Can't wrap 'operator *' unless renamed to a valid identifier.
/home/user/dev/FreeCAD/src/3rdParty/coin/include/Inventor/SbVec4b.h:98: Warning 503: Can't wrap 'operator *' unless renamed to a valid identifier.
/home/user/dev/FreeCAD/src/3rdParty/coin/include/Inventor/SbVec4b.h:102: Warning 503: Can't wrap 'operator *' unless renamed to a valid identifier.
/home/user/dev/FreeCAD/src/3rdParty/coin/include/Inventor/SbVec4b.h:107: Warning 503: Can't wrap 'operator /' unless renamed to a valid identifier.
/home/user/dev/FreeCAD/src/3rdParty/coin/include/Inventor/SbVec4b.h:112: Warning 503: Can't wrap 'operator /' unless renamed to a valid identifier.
/home/user/dev/FreeCAD/src/3rdParty/coin/include/Inventor/SbVec4b.h:116: Warning 503: Can't wrap 'operator +' unless renamed to a valid identifier.
/home/user/dev/FreeCAD/src/3rdParty/coin/include/Inventor/SbVec4b.h:120: Warning 503: Can't wrap 'operator -' unless renamed to a valid identifier.
/home/user/dev/FreeCAD/src/3rdParty/coin/include/Inventor/SbVec4b.h:124: Warning 503: Can't wrap 'operator ==' unless renamed to a valid identifier.
/home/user/dev/FreeCAD/src/3rdParty/coin/include/Inventor/SbVec4b.h:128: Warning 503: Can't wrap 'operator !=' unless renamed to a valid identifier.
/home/user/dev/FreeCAD/src/3rdParty/coin/include/Inventor/SbVec4ub.h:84: Warning 503: Can't wrap 'operator *' unless renamed to a valid identifier.
/home/user/dev/FreeCAD/src/3rdParty/coin/include/Inventor/SbVec4ub.h:88: Warning 503: Can't wrap 'operator *' unless renamed to a valid identifier.
/home/user/dev/FreeCAD/src/3rdParty/coin/include/Inventor/SbVec4ub.h:92: Warning 503: Can't wrap 'operator *' unless renamed to a valid identifier.
/home/user/dev/FreeCAD/src/3rdParty/coin/include/Inventor/SbVec4ub.h:96: Warning 503: Can't wrap 'operator *' unless renamed to a valid identifier.
/home/user/dev/FreeCAD/src/3rdParty/coin/include/Inventor/SbVec4ub.h:101: Warning 503: Can't wrap 'operator /' unless renamed to a valid identifier.
/home/user/dev/FreeCAD/src/3rdParty/coin/include/Inventor/SbVec4ub.h:106: Warning 503: Can't wrap 'operator /' unless renamed to a valid identifier.
/home/user/dev/FreeCAD/src/3rdParty/coin/include/Inventor/SbVec4ub.h:110: Warning 503: Can't wrap 'operator +' unless renamed to a valid identifier.
/home/user/dev/FreeCAD/src/3rdParty/coin/include/Inventor/SbVec4ub.h:114: Warning 503: Can't wrap 'operator -' unless renamed to a valid identifier.
/home/user/dev/FreeCAD/src/3rdParty/coin/include/Inventor/SbVec4ub.h:118: Warning 503: Can't wrap 'operator ==' unless renamed to a valid identifier.
/home/user/dev/FreeCAD/src/3rdParty/coin/include/Inventor/SbVec4ub.h:122: Warning 503: Can't wrap 'operator !=' unless renamed to a valid identifier.
/home/user/dev/FreeCAD/src/3rdParty/coin/include/Inventor/SbVec4s.h:91: Warning 503: Can't wrap 'operator *' unless renamed to a valid identifier.
/home/user/dev/FreeCAD/src/3rdParty/coin/include/Inventor/SbVec4s.h:95: Warning 503: Can't wrap 'operator *' unless renamed to a valid identifier.
/home/user/dev/FreeCAD/src/3rdParty/coin/include/Inventor/SbVec4s.h:99: Warning 503: Can't wrap 'operator *' unless renamed to a valid identifier.
/home/user/dev/FreeCAD/src/3rdParty/coin/include/Inventor/SbVec4s.h:103: Warning 503: Can't wrap 'operator *' unless renamed to a valid identifier.
/home/user/dev/FreeCAD/src/3rdParty/coin/include/Inventor/SbVec4s.h:108: Warning 503: Can't wrap 'operator /' unless renamed to a valid identifier.
/home/user/dev/FreeCAD/src/3rdParty/coin/include/Inventor/SbVec4s.h:113: Warning 503: Can't wrap 'operator /' unless renamed to a valid identifier.
/home/user/dev/FreeCAD/src/3rdParty/coin/include/Inventor/SbVec4s.h:117: Warning 503: Can't wrap 'operator +' unless renamed to a valid identifier.
/home/user/dev/FreeCAD/src/3rdParty/coin/include/Inventor/SbVec4s.h:121: Warning 503: Can't wrap 'operator -' unless renamed to a valid identifier.
/home/user/dev/FreeCAD/src/3rdParty/coin/include/Inventor/SbVec4s.h:125: Warning 503: Can't wrap 'operator ==' unless renamed to a valid identifier.
/home/user/dev/FreeCAD/src/3rdParty/coin/include/Inventor/SbVec4s.h:129: Warning 503: Can't wrap 'operator !=' unless renamed to a valid identifier.
/home/user/dev/FreeCAD/src/3rdParty/coin/include/Inventor/SbVec4us.h:84: Warning 503: Can't wrap 'operator *' unless renamed to a valid identifier.
/home/user/dev/FreeCAD/src/3rdParty/coin/include/Inventor/SbVec4us.h:88: Warning 503: Can't wrap 'operator *' unless renamed to a valid identifier.
/home/user/dev/FreeCAD/src/3rdParty/coin/include/Inventor/SbVec4us.h:92: Warning 503: Can't wrap 'operator *' unless renamed to a valid identifier.
/home/user/dev/FreeCAD/src/3rdParty/coin/include/Inventor/SbVec4us.h:96: Warning 503: Can't wrap 'operator *' unless renamed to a valid identifier.
/home/user/dev/FreeCAD/src/3rdParty/coin/include/Inventor/SbVec4us.h:101: Warning 503: Can't wrap 'operator /' unless renamed to a valid identifier.
/home/user/dev/FreeCAD/src/3rdParty/coin/include/Inventor/SbVec4us.h:106: Warning 503: Can't wrap 'operator /' unless renamed to a valid identifier.
/home/user/dev/FreeCAD/src/3rdParty/coin/include/Inventor/SbVec4us.h:110: Warning 503: Can't wrap 'operator +' unless renamed to a valid identifier.
/home/user/dev/FreeCAD/src/3rdParty/coin/include/Inventor/SbVec4us.h:114: Warning 503: Can't wrap 'operator -' unless renamed to a valid identifier.
/home/user/dev/FreeCAD/src/3rdParty/coin/include/Inventor/SbVec4us.h:118: Warning 503: Can't wrap 'operator ==' unless renamed to a valid identifier.
/home/user/dev/FreeCAD/src/3rdParty/coin/include/Inventor/SbVec4us.h:122: Warning 503: Can't wrap 'operator !=' unless renamed to a valid identifier.
/home/user/dev/FreeCAD/src/3rdParty/coin/include/Inventor/SbVec4i32.h:90: Warning 503: Can't wrap 'operator *' unless renamed to a valid identifier.
/home/user/dev/FreeCAD/src/3rdParty/coin/include/Inventor/SbVec4i32.h:94: Warning 503: Can't wrap 'operator *' unless renamed to a valid identifier.
/home/user/dev/FreeCAD/src/3rdParty/coin/include/Inventor/SbVec4i32.h:98: Warning 503: Can't wrap 'operator *' unless renamed to a valid identifier.
/home/user/dev/FreeCAD/src/3rdParty/coin/include/Inventor/SbVec4i32.h:102: Warning 503: Can't wrap 'operator *' unless renamed to a valid identifier.
/home/user/dev/FreeCAD/src/3rdParty/coin/include/Inventor/SbVec4i32.h:107: Warning 503: Can't wrap 'operator /' unless renamed to a valid identifier.
/home/user/dev/FreeCAD/src/3rdParty/coin/include/Inventor/SbVec4i32.h:112: Warning 503: Can't wrap 'operator /' unless renamed to a valid identifier.
/home/user/dev/FreeCAD/src/3rdParty/coin/include/Inventor/SbVec4i32.h:116: Warning 503: Can't wrap 'operator +' unless renamed to a valid identifier.
/home/user/dev/FreeCAD/src/3rdParty/coin/include/Inventor/SbVec4i32.h:120: Warning 503: Can't wrap 'operator -' unless renamed to a valid identifier.
/home/user/dev/FreeCAD/src/3rdParty/coin/include/Inventor/SbVec4i32.h:124: Warning 503: Can't wrap 'operator ==' unless renamed to a valid identifier.
/home/user/dev/FreeCAD/src/3rdParty/coin/include/Inventor/SbVec4i32.h:128: Warning 503: Can't wrap 'operator !=' unless renamed to a valid identifier.
/home/user/dev/FreeCAD/src/3rdParty/coin/include/Inventor/SbVec4ui32.h:84: Warning 503: Can't wrap 'operator *' unless renamed to a valid identifier.
/home/user/dev/FreeCAD/src/3rdParty/coin/include/Inventor/SbVec4ui32.h:88: Warning 503: Can't wrap 'operator *' unless renamed to a valid identifier.
/home/user/dev/FreeCAD/src/3rdParty/coin/include/Inventor/SbVec4ui32.h:92: Warning 503: Can't wrap 'operator *' unless renamed to a valid identifier.
/home/user/dev/FreeCAD/src/3rdParty/coin/include/Inventor/SbVec4ui32.h:96: Warning 503: Can't wrap 'operator *' unless renamed to a valid identifier.
/home/user/dev/FreeCAD/src/3rdParty/coin/include/Inventor/SbVec4ui32.h:101: Warning 503: Can't wrap 'operator /' unless renamed to a valid identifier.
/home/user/dev/FreeCAD/src/3rdParty/coin/include/Inventor/SbVec4ui32.h:106: Warning 503: Can't wrap 'operator /' unless renamed to a valid identifier.
/home/user/dev/FreeCAD/src/3rdParty/coin/include/Inventor/SbVec4ui32.h:110: Warning 503: Can't wrap 'operator +' unless renamed to a valid identifier.
/home/user/dev/FreeCAD/src/3rdParty/coin/include/Inventor/SbVec4ui32.h:114: Warning 503: Can't wrap 'operator -' unless renamed to a valid identifier.
/home/user/dev/FreeCAD/src/3rdParty/coin/include/Inventor/SbVec4ui32.h:118: Warning 503: Can't wrap 'operator ==' unless renamed to a valid identifier.
/home/user/dev/FreeCAD/src/3rdParty/coin/include/Inventor/SbVec4ui32.h:122: Warning 503: Can't wrap 'operator !=' unless renamed to a valid identifier.
/home/user/dev/FreeCAD/src/3rdParty/pivy/Inventor/SbVec4d.h:56: Warning 467: Overloaded method SbVec4d::SbVec4d(double const [4]) not supported (incomplete type checking rule - no precedence level in typecheck typemap for 'double const [4]').
/home/user/dev/FreeCAD/src/3rdParty/pivy/Inventor/SbVec4d.h:63: Warning 467: Overloaded method SbVec4d::setValue(double const [4]) not supported (incomplete type checking rule - no precedence level in typecheck typemap for 'double const [4]').
/home/user/dev/FreeCAD/src/3rdParty/pivy/Inventor/SbVec4d.h:99: Warning 503: Can't wrap 'operator *' unless renamed to a valid identifier.
/home/user/dev/FreeCAD/src/3rdParty/pivy/Inventor/SbVec4d.h:103: Warning 503: Can't wrap 'operator *' unless renamed to a valid identifier.
/home/user/dev/FreeCAD/src/3rdParty/pivy/Inventor/SbVec4d.h:108: Warning 503: Can't wrap 'operator /' unless renamed to a valid identifier.
/home/user/dev/FreeCAD/src/3rdParty/pivy/Inventor/SbVec4d.h:112: Warning 503: Can't wrap 'operator +' unless renamed to a valid identifier.
/home/user/dev/FreeCAD/src/3rdParty/pivy/Inventor/SbVec4d.h:116: Warning 503: Can't wrap 'operator -' unless renamed to a valid identifier.
/home/user/dev/FreeCAD/src/3rdParty/pivy/Inventor/SbVec4d.h:120: Warning 503: Can't wrap 'operator ==' unless renamed to a valid identifier.
/home/user/dev/FreeCAD/src/3rdParty/pivy/Inventor/SbVec4d.h:124: Warning 503: Can't wrap 'operator !=' unless renamed to a valid identifier.
/home/user/dev/FreeCAD/src/3rdParty/pivy/Inventor/fields/SoMFColor.h:49: Warning 509: Overloaded method SoMFColor::setValuesPointer(int const,float *) effectively ignored,
/home/user/dev/FreeCAD/src/3rdParty/pivy/Inventor/fields/SoMFColor.h:49: Warning 509: as it is shadowed by SoMFColor::setValuesPointer(int const,float const *).
/home/user/dev/FreeCAD/src/3rdParty/pivy/Inventor/fields/SoMFColor.h:50: Warning 509: Overloaded method SoMFColor::setValuesPointer(int const,SbColor *) effectively ignored,
/home/user/dev/FreeCAD/src/3rdParty/pivy/Inventor/fields/SoMFColor.h:50: Warning 509: as it is shadowed by SoMFColor::setValuesPointer(int const,SbColor const *).
/home/user/dev/FreeCAD/src/3rdParty/pivy/Inventor/fields/SoMFColor.h:67: Warning 467: Overloaded method SoMFColor::set1Value(int,float const [3]) not supported (incomplete type checking rule - no precedence level in typecheck typemap for 'float const [3]').
/home/user/dev/FreeCAD/src/3rdParty/pivy/Inventor/fields/SoMFColor.i:81: Warning 467: Overloaded method SoMFColor::__setitem__(int,float const [3]) not supported (incomplete type checking rule - no precedence level in typecheck typemap for 'float const [3]').
/home/user/dev/FreeCAD/src/3rdParty/pivy/Inventor/fields/SoMFColor.h:60: Warning 467: Overloaded method SoMFColor::setValue(float const [3]) not supported (incomplete type checking rule - no precedence level in typecheck typemap for 'float const [3]').
/home/user/dev/FreeCAD/src/3rdParty/coin/include/Inventor/fields/SoMFColorRGBA.h:45: Warning 509: Overloaded method SoMFColorRGBA::setValuesPointer(int const,float *) effectively ignored,
/home/user/dev/FreeCAD/src/3rdParty/coin/include/Inventor/fields/SoMFColorRGBA.h:45: Warning 509: as it is shadowed by SoMFColorRGBA::setValuesPointer(int const,float const *).
/home/user/dev/FreeCAD/src/3rdParty/coin/include/Inventor/fields/SoMFColorRGBA.h:46: Warning 509: Overloaded method SoMFColorRGBA::setValuesPointer(int const,SbColor4f *) effectively ignored,
/home/user/dev/FreeCAD/src/3rdParty/coin/include/Inventor/fields/SoMFColorRGBA.h:46: Warning 509: as it is shadowed by SoMFColorRGBA::setValuesPointer(int const,SbColor4f const *).
/home/user/dev/FreeCAD/src/3rdParty/coin/include/Inventor/fields/SoMFDouble.h:44: Warning 509: Overloaded method SoMFDouble::setValuesPointer(int const,double *) effectively ignored,
/home/user/dev/FreeCAD/src/3rdParty/coin/include/Inventor/fields/SoMFDouble.h:44: Warning 509: as it is shadowed by SoMFDouble::setValuesPointer(int const,double const *).
/home/user/dev/FreeCAD/src/3rdParty/pivy/Inventor/fields/SoMFInt32.h:48: Warning 509: Overloaded method SoMFInt32::setValuesPointer(int const,int32_t *) effectively ignored,
/home/user/dev/FreeCAD/src/3rdParty/pivy/Inventor/fields/SoMFInt32.h:48: Warning 509: as it is shadowed by SoMFInt32::setValuesPointer(int const,int32_t const *).
/home/user/dev/FreeCAD/src/3rdParty/pivy/Inventor/fields/SoMFShort.h:48: Warning 509: Overloaded method SoMFShort::setValuesPointer(int const,short *) effectively ignored,
/home/user/dev/FreeCAD/src/3rdParty/pivy/Inventor/fields/SoMFShort.h:48: Warning 509: as it is shadowed by SoMFShort::setValuesPointer(int const,short const *).
/home/user/dev/FreeCAD/src/3rdParty/pivy/Inventor/fields/SoMFTime.h:47: Warning 467: Overloaded method SoMFTime::setValue(SbTime const &) not supported (incomplete type checking rule - no precedence level in typecheck typemap for 'SbTime const &').
/home/user/dev/FreeCAD/src/3rdParty/pivy/Inventor/fields/SoMFUInt32.h:48: Warning 509: Overloaded method SoMFUInt32::setValuesPointer(int const,uint32_t *) effectively ignored,
/home/user/dev/FreeCAD/src/3rdParty/pivy/Inventor/fields/SoMFUInt32.h:48: Warning 509: as it is shadowed by SoMFUInt32::setValuesPointer(int const,uint32_t const *).
/home/user/dev/FreeCAD/src/3rdParty/pivy/Inventor/fields/SoMFUShort.h:48: Warning 509: Overloaded method SoMFUShort::setValuesPointer(int const,unsigned short *) effectively ignored,
/home/user/dev/FreeCAD/src/3rdParty/pivy/Inventor/fields/SoMFUShort.h:48: Warning 509: as it is shadowed by SoMFUShort::setValuesPointer(int const,unsigned short const *).
/home/user/dev/FreeCAD/src/3rdParty/coin/include/Inventor/fields/SoMFVec2b.h:44: Warning 509: Overloaded method SoMFVec2b::setValuesPointer(int const,SbVec2b *) effectively ignored,
/home/user/dev/FreeCAD/src/3rdParty/coin/include/Inventor/fields/SoMFVec2b.h:44: Warning 509: as it is shadowed by SoMFVec2b::setValuesPointer(int const,SbVec2b const *).
/home/user/dev/FreeCAD/src/3rdParty/coin/include/Inventor/fields/SoMFVec2b.h:45: Warning 509: Overloaded method SoMFVec2b::setValuesPointer(int const,int8_t *) effectively ignored,
/home/user/dev/FreeCAD/src/3rdParty/coin/include/Inventor/fields/SoMFVec2b.h:45: Warning 509: as it is shadowed by SoMFVec2b::setValuesPointer(int const,int8_t const *).
/home/user/dev/FreeCAD/src/3rdParty/coin/include/Inventor/fields/SoMFVec2s.h:44: Warning 509: Overloaded method SoMFVec2s::setValuesPointer(int const,SbVec2s *) effectively ignored,
/home/user/dev/FreeCAD/src/3rdParty/coin/include/Inventor/fields/SoMFVec2s.h:44: Warning 509: as it is shadowed by SoMFVec2s::setValuesPointer(int const,SbVec2s const *).
/home/user/dev/FreeCAD/src/3rdParty/coin/include/Inventor/fields/SoMFVec2s.h:45: Warning 509: Overloaded method SoMFVec2s::setValuesPointer(int const,short *) effectively ignored,
/home/user/dev/FreeCAD/src/3rdParty/coin/include/Inventor/fields/SoMFVec2s.h:45: Warning 509: as it is shadowed by SoMFVec2s::setValuesPointer(int const,short const *).
/home/user/dev/FreeCAD/src/3rdParty/coin/include/Inventor/fields/SoMFVec2i32.h:45: Warning 509: Overloaded method SoMFVec2i32::setValuesPointer(int const,SbVec2i32 *) effectively ignored,
/home/user/dev/FreeCAD/src/3rdParty/coin/include/Inventor/fields/SoMFVec2i32.h:45: Warning 509: as it is shadowed by SoMFVec2i32::setValuesPointer(int const,SbVec2i32 const *).
/home/user/dev/FreeCAD/src/3rdParty/coin/include/Inventor/fields/SoMFVec2i32.h:46: Warning 509: Overloaded method SoMFVec2i32::setValuesPointer(int const,int32_t *) effectively ignored,
/home/user/dev/FreeCAD/src/3rdParty/coin/include/Inventor/fields/SoMFVec2i32.h:46: Warning 509: as it is shadowed by SoMFVec2i32::setValuesPointer(int const,int32_t const *).
/home/user/dev/FreeCAD/src/3rdParty/coin/include/Inventor/fields/SoMFVec2d.h:45: Warning 509: Overloaded method SoMFVec2d::setValuesPointer(int const,SbVec2d *) effectively ignored,
/home/user/dev/FreeCAD/src/3rdParty/coin/include/Inventor/fields/SoMFVec2d.h:45: Warning 509: as it is shadowed by SoMFVec2d::setValuesPointer(int const,SbVec2d const *).
/home/user/dev/FreeCAD/src/3rdParty/coin/include/Inventor/fields/SoMFVec2d.h:46: Warning 509: Overloaded method SoMFVec2d::setValuesPointer(int const,double *) effectively ignored,
/home/user/dev/FreeCAD/src/3rdParty/coin/include/Inventor/fields/SoMFVec2d.h:46: Warning 509: as it is shadowed by SoMFVec2d::setValuesPointer(int const,double const *).
/home/user/dev/FreeCAD/src/3rdParty/coin/include/Inventor/fields/SoMFVec3b.h:44: Warning 509: Overloaded method SoMFVec3b::setValuesPointer(int const,SbVec3b *) effectively ignored,
/home/user/dev/FreeCAD/src/3rdParty/coin/include/Inventor/fields/SoMFVec3b.h:44: Warning 509: as it is shadowed by SoMFVec3b::setValuesPointer(int const,SbVec3b const *).
/home/user/dev/FreeCAD/src/3rdParty/coin/include/Inventor/fields/SoMFVec3b.h:45: Warning 509: Overloaded method SoMFVec3b::setValuesPointer(int const,int8_t *) effectively ignored,
/home/user/dev/FreeCAD/src/3rdParty/coin/include/Inventor/fields/SoMFVec3b.h:45: Warning 509: as it is shadowed by SoMFVec3b::setValuesPointer(int const,int8_t const *).
/home/user/dev/FreeCAD/src/3rdParty/coin/include/Inventor/fields/SoMFVec3s.h:44: Warning 509: Overloaded method SoMFVec3s::setValuesPointer(int const,SbVec3s *) effectively ignored,
/home/user/dev/FreeCAD/src/3rdParty/coin/include/Inventor/fields/SoMFVec3s.h:44: Warning 509: as it is shadowed by SoMFVec3s::setValuesPointer(int const,SbVec3s const *).
/home/user/dev/FreeCAD/src/3rdParty/coin/include/Inventor/fields/SoMFVec3s.h:45: Warning 509: Overloaded method SoMFVec3s::setValuesPointer(int const,short *) effectively ignored,
/home/user/dev/FreeCAD/src/3rdParty/coin/include/Inventor/fields/SoMFVec3s.h:45: Warning 509: as it is shadowed by SoMFVec3s::setValuesPointer(int const,short const *).
/home/user/dev/FreeCAD/src/3rdParty/coin/include/Inventor/fields/SoMFVec3i32.h:44: Warning 509: Overloaded method SoMFVec3i32::setValuesPointer(int const,SbVec3i32 *) effectively ignored,
/home/user/dev/FreeCAD/src/3rdParty/coin/include/Inventor/fields/SoMFVec3i32.h:44: Warning 509: as it is shadowed by SoMFVec3i32::setValuesPointer(int const,SbVec3i32 const *).
/home/user/dev/FreeCAD/src/3rdParty/coin/include/Inventor/fields/SoMFVec3i32.h:45: Warning 509: Overloaded method SoMFVec3i32::setValuesPointer(int const,int32_t *) effectively ignored,
/home/user/dev/FreeCAD/src/3rdParty/coin/include/Inventor/fields/SoMFVec3i32.h:45: Warning 509: as it is shadowed by SoMFVec3i32::setValuesPointer(int const,int32_t const *).
/home/user/dev/FreeCAD/src/3rdParty/pivy/Inventor/fields/SoMFVec3d.h:48: Warning 509: Overloaded method SoMFVec3d::setValuesPointer(int const,SbVec3d *) effectively ignored,
/home/user/dev/FreeCAD/src/3rdParty/pivy/Inventor/fields/SoMFVec3d.h:48: Warning 509: as it is shadowed by SoMFVec3d::setValuesPointer(int const,SbVec3d const *).
/home/user/dev/FreeCAD/src/3rdParty/pivy/Inventor/fields/SoMFVec3d.h:49: Warning 509: Overloaded method SoMFVec3d::setValuesPointer(int const,double *) effectively ignored,
/home/user/dev/FreeCAD/src/3rdParty/pivy/Inventor/fields/SoMFVec3d.h:49: Warning 509: as it is shadowed by SoMFVec3d::setValuesPointer(int const,double const *).
/home/user/dev/FreeCAD/src/3rdParty/coin/include/Inventor/fields/SoMFVec4b.h:45: Warning 509: Overloaded method SoMFVec4b::setValuesPointer(int const,SbVec4b *) effectively ignored,
/home/user/dev/FreeCAD/src/3rdParty/coin/include/Inventor/fields/SoMFVec4b.h:45: Warning 509: as it is shadowed by SoMFVec4b::setValuesPointer(int const,SbVec4b const *).
/home/user/dev/FreeCAD/src/3rdParty/coin/include/Inventor/fields/SoMFVec4b.h:46: Warning 509: Overloaded method SoMFVec4b::setValuesPointer(int const,int8_t *) effectively ignored,
/home/user/dev/FreeCAD/src/3rdParty/coin/include/Inventor/fields/SoMFVec4b.h:46: Warning 509: as it is shadowed by SoMFVec4b::setValuesPointer(int const,int8_t const *).
/home/user/dev/FreeCAD/src/3rdParty/coin/include/Inventor/fields/SoMFVec4ub.h:45: Warning 509: Overloaded method SoMFVec4ub::setValuesPointer(int const,SbVec4ub *) effectively ignored,
/home/user/dev/FreeCAD/src/3rdParty/coin/include/Inventor/fields/SoMFVec4ub.h:45: Warning 509: as it is shadowed by SoMFVec4ub::setValuesPointer(int const,SbVec4ub const *).
/home/user/dev/FreeCAD/src/3rdParty/coin/include/Inventor/fields/SoMFVec4ub.h:46: Warning 509: Overloaded method SoMFVec4ub::setValuesPointer(int const,uint8_t *) effectively ignored,
/home/user/dev/FreeCAD/src/3rdParty/coin/include/Inventor/fields/SoMFVec4ub.h:46: Warning 509: as it is shadowed by SoMFVec4ub::setValuesPointer(int const,uint8_t const *).
/home/user/dev/FreeCAD/src/3rdParty/coin/include/Inventor/fields/SoMFVec4s.h:45: Warning 509: Overloaded method SoMFVec4s::setValuesPointer(int const,SbVec4s *) effectively ignored,
/home/user/dev/FreeCAD/src/3rdParty/coin/include/Inventor/fields/SoMFVec4s.h:45: Warning 509: as it is shadowed by SoMFVec4s::setValuesPointer(int const,SbVec4s const *).
/home/user/dev/FreeCAD/src/3rdParty/coin/include/Inventor/fields/SoMFVec4s.h:46: Warning 509: Overloaded method SoMFVec4s::setValuesPointer(int const,short *) effectively ignored,
/home/user/dev/FreeCAD/src/3rdParty/coin/include/Inventor/fields/SoMFVec4s.h:46: Warning 509: as it is shadowed by SoMFVec4s::setValuesPointer(int const,short const *).
/home/user/dev/FreeCAD/src/3rdParty/coin/include/Inventor/fields/SoMFVec4us.h:45: Warning 509: Overloaded method SoMFVec4us::setValuesPointer(int const,SbVec4us *) effectively ignored,
/home/user/dev/FreeCAD/src/3rdParty/coin/include/Inventor/fields/SoMFVec4us.h:45: Warning 509: as it is shadowed by SoMFVec4us::setValuesPointer(int const,SbVec4us const *).
/home/user/dev/FreeCAD/src/3rdParty/coin/include/Inventor/fields/SoMFVec4us.h:46: Warning 509: Overloaded method SoMFVec4us::setValuesPointer(int const,unsigned short *) effectively ignored,
/home/user/dev/FreeCAD/src/3rdParty/coin/include/Inventor/fields/SoMFVec4us.h:46: Warning 509: as it is shadowed by SoMFVec4us::setValuesPointer(int const,unsigned short const *).
/home/user/dev/FreeCAD/src/3rdParty/coin/include/Inventor/fields/SoMFVec4i32.h:45: Warning 509: Overloaded method SoMFVec4i32::setValuesPointer(int const,SbVec4i32 *) effectively ignored,
/home/user/dev/FreeCAD/src/3rdParty/coin/include/Inventor/fields/SoMFVec4i32.h:45: Warning 509: as it is shadowed by SoMFVec4i32::setValuesPointer(int const,SbVec4i32 const *).
/home/user/dev/FreeCAD/src/3rdParty/coin/include/Inventor/fields/SoMFVec4i32.h:46: Warning 509: Overloaded method SoMFVec4i32::setValuesPointer(int const,int32_t *) effectively ignored,
/home/user/dev/FreeCAD/src/3rdParty/coin/include/Inventor/fields/SoMFVec4i32.h:46: Warning 509: as it is shadowed by SoMFVec4i32::setValuesPointer(int const,int32_t const *).
/home/user/dev/FreeCAD/src/3rdParty/coin/include/Inventor/fields/SoMFVec4ui32.h:45: Warning 509: Overloaded method SoMFVec4ui32::setValuesPointer(int const,SbVec4ui32 *) effectively ignored,
/home/user/dev/FreeCAD/src/3rdParty/coin/include/Inventor/fields/SoMFVec4ui32.h:45: Warning 509: as it is shadowed by SoMFVec4ui32::setValuesPointer(int const,SbVec4ui32 const *).
/home/user/dev/FreeCAD/src/3rdParty/coin/include/Inventor/fields/SoMFVec4ui32.h:46: Warning 509: Overloaded method SoMFVec4ui32::setValuesPointer(int const,uint32_t *) effectively ignored,
/home/user/dev/FreeCAD/src/3rdParty/coin/include/Inventor/fields/SoMFVec4ui32.h:46: Warning 509: as it is shadowed by SoMFVec4ui32::setValuesPointer(int const,uint32_t const *).
/home/user/dev/FreeCAD/src/3rdParty/coin/include/Inventor/fields/SoMFVec4d.h:45: Warning 509: Overloaded method SoMFVec4d::setValuesPointer(int const,SbVec4d *) effectively ignored,
/home/user/dev/FreeCAD/src/3rdParty/coin/include/Inventor/fields/SoMFVec4d.h:45: Warning 509: as it is shadowed by SoMFVec4d::setValuesPointer(int const,SbVec4d const *).
/home/user/dev/FreeCAD/src/3rdParty/coin/include/Inventor/fields/SoMFVec4d.h:46: Warning 509: Overloaded method SoMFVec4d::setValuesPointer(int const,double *) effectively ignored,
/home/user/dev/FreeCAD/src/3rdParty/coin/include/Inventor/fields/SoMFVec4d.h:46: Warning 509: as it is shadowed by SoMFVec4d::setValuesPointer(int const,double const *).
/home/user/dev/FreeCAD/src/3rdParty/pivy/Inventor/SbDPMatrix.h:60: Warning 509: Overloaded method SbDPMatrix::SbDPMatrix(SbMatrix const &) effectively ignored,
/home/user/dev/FreeCAD/src/3rdParty/pivy/Inventor/SbDPMatrix.h:53: Warning 509: as it is shadowed by SbDPMatrix::SbDPMatrix().
/home/user/dev/FreeCAD/src/3rdParty/pivy/Inventor/SbDPMatrix.h:58: Warning 467: Overloaded method SbDPMatrix::SbDPMatrix(SbDPMat const &) not supported (incomplete type checking rule - no precedence level in typecheck typemap for 'SbDPMat const &').
/home/user/dev/FreeCAD/src/3rdParty/pivy/Inventor/SbDPMatrix.h:63: Warning 467: Overloaded method SbDPMatrix::setValue(SbDPMat const &) not supported (incomplete type checking rule - no precedence level in typecheck typemap for 'SbDPMat const &').
/home/user/dev/FreeCAD/src/3rdParty/pivy/Inventor/SbDPMatrix.h:110: Warning 503: Can't wrap 'operator double*' unless renamed to a valid identifier.
/home/user/dev/FreeCAD/src/3rdParty/pivy/Inventor/SbDPMatrix.h:111: Warning 503: Can't wrap 'operator SbDPMat&' unless renamed to a valid identifier.
/home/user/dev/FreeCAD/src/3rdParty/pivy/Inventor/SbDPMatrix.h:120: Warning 503: Can't wrap 'operator *' unless renamed to a valid identifier.
/home/user/dev/FreeCAD/src/3rdParty/pivy/Inventor/SbDPMatrix.h:121: Warning 503: Can't wrap 'operator ==' unless renamed to a valid identifier.
/home/user/dev/FreeCAD/src/3rdParty/pivy/Inventor/SbDPMatrix.h:122: Warning 503: Can't wrap 'operator !=' unless renamed to a valid identifier.
/home/user/dev/FreeCAD/src/3rdParty/pivy/Inventor/nodes/SoCallback.i:46: Warning 467: Overloaded method SoCallback::setCallback(PyObject *) not supported (incomplete type checking rule - no precedence level in typecheck typemap for 'PyObject *').
/home/user/dev/FreeCAD/src/3rdParty/pivy/Inventor/nodes/SoCallback.i:46: Warning 467: Overloaded method SoCallback::setCallback(PyObject *,PyObject *) not supported (incomplete type checking rule - no precedence level in typecheck typemap for 'PyObject *').
/home/user/dev/FreeCAD/src/3rdParty/pivy/Inventor/nodes/SoEventCallback.i:49: Warning 467: Overloaded method SoEventCallback::addEventCallback(SoType,PyObject *) not supported (incomplete type checking rule - no precedence level in typecheck typemap for 'PyObject *').
/home/user/dev/FreeCAD/src/3rdParty/pivy/Inventor/nodes/SoEventCallback.i:49: Warning 467: Overloaded method SoEventCallback::addEventCallback(SoType,PyObject *,PyObject *) not supported (incomplete type checking rule - no precedence level in typecheck typemap for 'PyObject *').
/home/user/dev/FreeCAD/src/3rdParty/pivy/Inventor/nodes/SoSelection.i:96: Warning 467: Overloaded method SoSelection::addSelectionCallback(PyObject *) not supported (incomplete type checking rule - no precedence level in typecheck typemap for 'PyObject *').
/home/user/dev/FreeCAD/src/3rdParty/pivy/Inventor/nodes/SoSelection.i:96: Warning 467: Overloaded method SoSelection::addSelectionCallback(PyObject *,PyObject *) not supported (incomplete type checking rule - no precedence level in typecheck typemap for 'PyObject *').
/home/user/dev/FreeCAD/src/3rdParty/pivy/Inventor/nodes/SoSelection.i:103: Warning 467: Overloaded method SoSelection::removeSelectionCallback(PyObject *) not supported (incomplete type checking rule - no precedence level in typecheck typemap for 'PyObject *').
/home/user/dev/FreeCAD/src/3rdParty/pivy/Inventor/nodes/SoSelection.i:103: Warning 467: Overloaded method SoSelection::removeSelectionCallback(PyObject *,PyObject *) not supported (incomplete type checking rule - no precedence level in typecheck typemap for 'PyObject *').
/home/user/dev/FreeCAD/src/3rdParty/pivy/Inventor/nodes/SoSelection.i:110: Warning 467: Overloaded method SoSelection::addDeselectionCallback(PyObject *) not supported (incomplete type checking rule - no precedence level in typecheck typemap for 'PyObject *').
/home/user/dev/FreeCAD/src/3rdParty/pivy/Inventor/nodes/SoSelection.i:110: Warning 467: Overloaded method SoSelection::addDeselectionCallback(PyObject *,PyObject *) not supported (incomplete type checking rule - no precedence level in typecheck typemap for 'PyObject *').
/home/user/dev/FreeCAD/src/3rdParty/pivy/Inventor/nodes/SoSelection.i:117: Warning 467: Overloaded method SoSelection::removeDeselectionCallback(PyObject *) not supported (incomplete type checking rule - no precedence level in typecheck typemap for 'PyObject *').
/home/user/dev/FreeCAD/src/3rdParty/pivy/Inventor/nodes/SoSelection.i:117: Warning 467: Overloaded method SoSelection::removeDeselectionCallback(PyObject *,PyObject *) not supported (incomplete type checking rule - no precedence level in typecheck typemap for 'PyObject *').
/home/user/dev/FreeCAD/src/3rdParty/pivy/Inventor/nodes/SoSelection.i:124: Warning 467: Overloaded method SoSelection::addStartCallback(PyObject *) not supported (incomplete type checking rule - no precedence level in typecheck typemap for 'PyObject *').
/home/user/dev/FreeCAD/src/3rdParty/pivy/Inventor/nodes/SoSelection.i:124: Warning 467: Overloaded method SoSelection::addStartCallback(PyObject *,PyObject *) not supported (incomplete type checking rule - no precedence level in typecheck typemap for 'PyObject *').
/home/user/dev/FreeCAD/src/3rdParty/pivy/Inventor/nodes/SoSelection.i:131: Warning 467: Overloaded method SoSelection::removeStartCallback(PyObject *) not supported (incomplete type checking rule - no precedence level in typecheck typemap for 'PyObject *').
/home/user/dev/FreeCAD/src/3rdParty/pivy/Inventor/nodes/SoSelection.i:131: Warning 467: Overloaded method SoSelection::removeStartCallback(PyObject *,PyObject *) not supported (incomplete type checking rule - no precedence level in typecheck typemap for 'PyObject *').
/home/user/dev/FreeCAD/src/3rdParty/pivy/Inventor/nodes/SoSelection.i:138: Warning 467: Overloaded method SoSelection::addFinishCallback(PyObject *) not supported (incomplete type checking rule - no precedence level in typecheck typemap for 'PyObject *').
/home/user/dev/FreeCAD/src/3rdParty/pivy/Inventor/nodes/SoSelection.i:138: Warning 467: Overloaded method SoSelection::addFinishCallback(PyObject *,PyObject *) not supported (incomplete type checking rule - no precedence level in typecheck typemap for 'PyObject *').
/home/user/dev/FreeCAD/src/3rdParty/pivy/Inventor/nodes/SoSelection.i:145: Warning 467: Overloaded method SoSelection::removeFinishCallback(PyObject *) not supported (incomplete type checking rule - no precedence level in typecheck typemap for 'PyObject *').
/home/user/dev/FreeCAD/src/3rdParty/pivy/Inventor/nodes/SoSelection.i:145: Warning 467: Overloaded method SoSelection::removeFinishCallback(PyObject *,PyObject *) not supported (incomplete type checking rule - no precedence level in typecheck typemap for 'PyObject *').
/home/user/dev/FreeCAD/src/3rdParty/pivy/Inventor/nodes/SoSelection.i:153: Warning 467: Overloaded method SoSelection::setPickFilterCallback(PyObject *) not supported (incomplete type checking rule - no precedence level in typecheck typemap for 'PyObject *').
/home/user/dev/FreeCAD/src/3rdParty/pivy/Inventor/nodes/SoSelection.i:153: Warning 467: Overloaded method SoSelection::setPickFilterCallback(PyObject *,PyObject *) not supported (incomplete type checking rule - no precedence level in typecheck typemap for 'PyObject *').
/home/user/dev/FreeCAD/src/3rdParty/pivy/Inventor/nodes/SoSelection.i:153: Warning 467: Overloaded method SoSelection::setPickFilterCallback(PyObject *,PyObject *,int) not supported (incomplete type checking rule - no precedence level in typecheck typemap for 'PyObject *').
/home/user/dev/FreeCAD/src/3rdParty/pivy/Inventor/nodes/SoSelection.i:160: Warning 467: Overloaded method SoSelection::addChangeCallback(PyObject *) not supported (incomplete type checking rule - no precedence level in typecheck typemap for 'PyObject *').
/home/user/dev/FreeCAD/src/3rdParty/pivy/Inventor/nodes/SoSelection.i:160: Warning 467: Overloaded method SoSelection::addChangeCallback(PyObject *,PyObject *) not supported (incomplete type checking rule - no precedence level in typecheck typemap for 'PyObject *').
/home/user/dev/FreeCAD/src/3rdParty/pivy/Inventor/nodes/SoSelection.i:167: Warning 467: Overloaded method SoSelection::removeChangeCallback(PyObject *) not supported (incomplete type checking rule - no precedence level in typecheck typemap for 'PyObject *').
/home/user/dev/FreeCAD/src/3rdParty/pivy/Inventor/nodes/SoSelection.i:167: Warning 467: Overloaded method SoSelection::removeChangeCallback(PyObject *,PyObject *) not supported (incomplete type checking rule - no precedence level in typecheck typemap for 'PyObject *').
/home/user/dev/FreeCAD/src/3rdParty/pivy/Inventor/SbDPRotation.h:50: Warning 467: Overloaded method SbDPRotation::SbDPRotation(double const [4]) not supported (incomplete type checking rule - no precedence level in typecheck typemap for 'double const [4]').
/home/user/dev/FreeCAD/src/3rdParty/pivy/Inventor/SbDPRotation.h:62: Warning 467: Overloaded method SbDPRotation::setValue(double const [4]) not supported (incomplete type checking rule - no precedence level in typecheck typemap for 'double const [4]').
/home/user/dev/FreeCAD/src/3rdParty/pivy/Inventor/SbDPRotation.h:78: Warning 503: Can't wrap 'operator ==' unless renamed to a valid identifier.
/home/user/dev/FreeCAD/src/3rdParty/pivy/Inventor/SbDPRotation.h:79: Warning 503: Can't wrap 'operator !=' unless renamed to a valid identifier.
/home/user/dev/FreeCAD/src/3rdParty/pivy/Inventor/SbDPRotation.h:80: Warning 503: Can't wrap 'operator *' unless renamed to a valid identifier.
/home/user/dev/FreeCAD/src/3rdParty/pivy/Inventor/SbDPPlane.h:61: Warning 503: Can't wrap 'operator ==' unless renamed to a valid identifier.
/home/user/dev/FreeCAD/src/3rdParty/pivy/Inventor/SbDPPlane.h:62: Warning 503: Can't wrap 'operator !=' unless renamed to a valid identifier.
/home/user/dev/FreeCAD/src/3rdParty/pivy/Inventor/SbImage.h:56: Warning 509: Overloaded method SbImage::SbImage(unsigned char const *,SbVec3s const &,int const) effectively ignored,
/home/user/dev/FreeCAD/src/3rdParty/pivy/Inventor/SbImage.h:54: Warning 509: as it is shadowed by SbImage::SbImage(unsigned char const *,SbVec2s const &,int const).
/home/user/dev/FreeCAD/src/3rdParty/pivy/Inventor/SoSceneManager.i:32: Warning 467: Overloaded method SoSceneManager::setRenderCallback(PyObject *) not supported (incomplete type checking rule - no precedence level in typecheck typemap for 'PyObject *').
/home/user/dev/FreeCAD/src/3rdParty/pivy/Inventor/SoSceneManager.i:32: Warning 467: Overloaded method SoSceneManager::setRenderCallback(PyObject *,PyObject *) not supported (incomplete type checking rule - no precedence level in typecheck typemap for 'PyObject *').
/home/user/dev/FreeCAD/src/3rdParty/coin/include/Inventor/threads/SbThread.h:54: Warning 509: Overloaded method SbThread::join(SbThread *) effectively ignored,
/home/user/dev/FreeCAD/src/3rdParty/coin/include/Inventor/threads/SbThread.h:51: Warning 509: as it is shadowed by SbThread::join().
/home/user/dev/FreeCAD/src/3rdParty/coin/include/Inventor/threads/SbThread.h:51: Warning 509: Overloaded method SbThread::join(void **) effectively ignored,
/home/user/dev/FreeCAD/src/3rdParty/coin/include/Inventor/threads/SbThread.h:54: Warning 509: as it is shadowed by SbThread::join(SbThread *,void **).
/home/user/dev/FreeCAD/src/3rdParty/pivy/Inventor/SoRenderManager.i:32: Warning 467: Overloaded method SoRenderManager::setRenderCallback(PyObject *) not supported (incomplete type checking rule - no precedence level in typecheck typemap for 'PyObject *').
/home/user/dev/FreeCAD/src/3rdParty/pivy/Inventor/SoRenderManager.i:32: Warning 467: Overloaded method SoRenderManager::setRenderCallback(PyObject *,PyObject *) not supported (incomplete type checking rule - no precedence level in typecheck typemap for 'PyObject *').
/home/user/dev/FreeCAD/src/3rdParty/pivy/Inventor/SoRenderManager.i:44: Warning 467: Overloaded method SoRenderManager::addPreRenderCallback(PyObject *,PyObject *) not supported (incomplete type checking rule - no precedence level in typecheck typemap for 'PyObject *').
/home/user/dev/FreeCAD/src/3rdParty/pivy/Inventor/SoRenderManager.i:51: Warning 467: Overloaded method SoRenderManager::removePreRenderCallback(PyObject *,PyObject *) not supported (incomplete type checking rule - no precedence level in typecheck typemap for 'PyObject *').
/home/user/dev/FreeCAD/src/3rdParty/pivy/Inventor/SoRenderManager.i:58: Warning 467: Overloaded method SoRenderManager::addPostRenderCallback(PyObject *,PyObject *) not supported (incomplete type checking rule - no precedence level in typecheck typemap for 'PyObject *').
/home/user/dev/FreeCAD/src/3rdParty/pivy/Inventor/SoRenderManager.i:65: Warning 467: Overloaded method SoRenderManager::removePostRenderCallback(PyObject *,PyObject *) not supported (incomplete type checking rule - no precedence level in typecheck typemap for 'PyObject *').
/home/user/dev/FreeCAD/src/3rdParty/coin/include/Inventor/scxml/ScXMLEventTarget.h:65: Warning 467: Overloaded method ScXMLEventTarget::queueEvent(SbName const &) not supported (incomplete type checking rule - no precedence level in typecheck typemap for 'SbName const &').
/home/user/dev/FreeCAD/src/3rdParty/coin/include/Inventor/scxml/ScXMLEventTarget.h:74: Warning 467: Overloaded method ScXMLEventTarget::queueInternalEvent(SbName const &) not supported (incomplete type checking rule - no precedence level in typecheck typemap for 'SbName const &').
/home/user/dev/FreeCAD/src/3rdParty/pivy/Inventor/scxml/ScXMLStateMachine.i:74: Warning 467: Overloaded method ScXMLStateMachine::addDeleteCallback(PyObject *,PyObject *) not supported (incomplete type checking rule - no precedence level in typecheck typemap for 'PyObject *').
/home/user/dev/FreeCAD/src/3rdParty/pivy/Inventor/scxml/ScXMLStateMachine.i:82: Warning 467: Overloaded method ScXMLStateMachine::removeDeleteCallback(PyObject *,PyObject *) not supported (incomplete type checking rule - no precedence level in typecheck typemap for 'PyObject *').
/home/user/dev/FreeCAD/src/3rdParty/pivy/Inventor/scxml/ScXMLStateMachine.i:90: Warning 467: Overloaded method ScXMLStateMachine::addStateChangeCallback(PyObject *,PyObject *) not supported (incomplete type checking rule - no precedence level in typecheck typemap for 'PyObject *').
/home/user/dev/FreeCAD/src/3rdParty/pivy/Inventor/scxml/ScXMLStateMachine.i:98: Warning 467: Overloaded method ScXMLStateMachine::removeStateChangeCallback(PyObject *,PyObject *) not supported (incomplete type checking rule - no precedence level in typecheck typemap for 'PyObject *').
Removed plural forms as the target language has less forms.
If this sounds wrong, possibly the target language is not set or recognized.
Removed plural forms as the target language has less forms.
If this sounds wrong, possibly the target language is not set or recognized.
Removed plural forms as the target language has less forms.
If this sounds wrong, possibly the target language is not set or recognized.
Removed plural forms as the target language has less forms.
If this sounds wrong, possibly the target language is not set or recognized.
Removed plural forms as the target language has less forms.
If this sounds wrong, possibly the target language is not set or recognized.
Removed plural forms as the target language has less forms.
If this sounds wrong, possibly the target language is not set or recognized.
Removed plural forms as the target language has less forms.
If this sounds wrong, possibly the target language is not set or recognized.
Removed plural forms as the target language has less forms.
If this sounds wrong, possibly the target language is not set or recognized.
Removed plural forms as the target language has less forms.
If this sounds wrong, possibly the target language is not set or recognized.
Removed plural forms as the target language has less forms.
If this sounds wrong, possibly the target language is not set or recognized.
Removed plural forms as the target language has less forms.
If this sounds wrong, possibly the target language is not set or recognized.
/home/user/dev/FreeCAD/build/clang-profile/src/3rdParty/pivy/interfaces/coinPYTHON_wrap.cxx:5086:26: warning: unused parameter 'self' [-Wunused-parameter]
 5086 | cast_internal(PyObject * self, PyObject * obj, const char * type_name, Py_ssize_t type_len)
      |                          ^
/home/user/dev/FreeCAD/build/clang-profile/src/3rdParty/pivy/interfaces/coinPYTHON_wrap.cxx:7006:19: warning: 'const' type qualifier on return type has no effect [-Wignored-qualifiers]
 7006 | SWIGINTERN SbBool const SoMFBool___getitem__(SoMFBool *self,int i){ return (*self)[i]; }
      |                   ^~~~~
/home/user/dev/FreeCAD/build/clang-profile/src/3rdParty/pivy/interfaces/coinPYTHON_wrap.cxx:7033:16: warning: 'const' type qualifier on return type has no effect [-Wignored-qualifiers]
 7033 | SWIGINTERN int const SoMFEnum___getitem__(SoMFEnum *self,int i){ return (*self)[i]; }
      |                ^~~~~
/home/user/dev/FreeCAD/build/clang-profile/src/3rdParty/pivy/interfaces/coinPYTHON_wrap.cxx:7061:18: warning: 'const' type qualifier on return type has no effect [-Wignored-qualifiers]
 7061 | SWIGINTERN float const SoMFFloat___getitem__(SoMFFloat *self,int i){ return (*self)[i]; }
      |                  ^~~~~
/home/user/dev/FreeCAD/build/clang-profile/src/3rdParty/pivy/interfaces/coinPYTHON_wrap.cxx:7353:20: warning: 'const' type qualifier on return type has no effect [-Wignored-qualifiers]
 7353 | SWIGINTERN int32_t const SoMFInt32___getitem__(SoMFInt32 *self,int i){ return (*self)[i]; }
      |                    ^~~~~
/home/user/dev/FreeCAD/build/clang-profile/src/3rdParty/pivy/interfaces/coinPYTHON_wrap.cxx:7405:18: warning: 'const' type qualifier on return type has no effect [-Wignored-qualifiers]
 7405 | SWIGINTERN short const SoMFShort___getitem__(SoMFShort *self,int i){ return (*self)[i]; }
      |                  ^~~~~
/home/user/dev/FreeCAD/build/clang-profile/src/3rdParty/pivy/interfaces/coinPYTHON_wrap.cxx:7441:21: warning: 'const' type qualifier on return type has no effect [-Wignored-qualifiers]
 7441 | SWIGINTERN uint32_t const SoMFUInt32___getitem__(SoMFUInt32 *self,int i){ return (*self)[i]; }
      |                     ^~~~~
/home/user/dev/FreeCAD/build/clang-profile/src/3rdParty/pivy/interfaces/coinPYTHON_wrap.cxx:7469:18: warning: 'const' type qualifier on return type has no effect [-Wignored-qualifiers]
 7469 | SWIGINTERN short const SoMFUShort___getitem__(SoMFUShort *self,int i){ return (*self)[i]; }
      |                  ^~~~~
/home/user/dev/FreeCAD/build/clang-profile/src/3rdParty/pivy/interfaces/coinPYTHON_wrap.cxx:7693:7: warning: variable 'resultobj' is used uninitialized whenever 'if' condition is true [-Wsometimes-uninitialized]
 7693 |   if ((result = PyObject_CallObject(func, arglist)) == NULL) {
      |       ^~~~~~~~~~~~~~~~~~~~~~~~~~~~~~~~~~~~~~~~~~~~~~~~~~~~~
/home/user/dev/FreeCAD/build/clang-profile/src/3rdParty/pivy/interfaces/coinPYTHON_wrap.cxx:7704:10: note: uninitialized use occurs here
 7704 |   return resultobj;
      |          ^~~~~~~~~
/home/user/dev/FreeCAD/build/clang-profile/src/3rdParty/pivy/interfaces/coinPYTHON_wrap.cxx:7693:3: note: remove the 'if' if its condition is always false
 7693 |   if ((result = PyObject_CallObject(func, arglist)) == NULL) {
      |   ^~~~~~~~~~~~~~~~~~~~~~~~~~~~~~~~~~~~~~~~~~~~~~~~~~~~~~~~~~~~
 7694 |     PyErr_Print();
      |     ~~~~~~~~~~~~~~
 7695 |   }
      |   ~
 7696 |   else {
      |   ~~~~
/home/user/dev/FreeCAD/build/clang-profile/src/3rdParty/pivy/interfaces/coinPYTHON_wrap.cxx:7684:20: note: initialize the variable 'resultobj' to silence this warning
 7684 |   SoPath *resultobj;
      |                    ^
      |                     = nullptr
/home/user/dev/FreeCAD/build/clang-profile/src/3rdParty/pivy/interfaces/coinPYTHON_wrap.cxx:12227:98: warning: unused parameter 'varargs' [-Wunused-parameter]
 12227 | SWIGINTERN PyObject *_wrap_SbString_sprintf__varargs__(PyObject *self, PyObject *args, PyObject *varargs) {
       |                                                                                                  ^
/home/user/dev/FreeCAD/build/clang-profile/src/3rdParty/pivy/interfaces/coinPYTHON_wrap.cxx:12263:55: warning: unused parameter 'self' [-Wunused-parameter]
 12263 | SWIGINTERN PyObject *_wrap_SbString_sprintf(PyObject *self, PyObject *args) {
       |                                                       ^
/home/user/dev/FreeCAD/build/clang-profile/src/3rdParty/pivy/interfaces/coinPYTHON_wrap.cxx:13961:94: warning: unused parameter 'varargs' [-Wunused-parameter]
 13961 | SWIGINTERN PyObject *_wrap_SoError_post__varargs__(PyObject *self, PyObject *args, PyObject *varargs) {
       |                                                                                              ^
/home/user/dev/FreeCAD/build/clang-profile/src/3rdParty/pivy/interfaces/coinPYTHON_wrap.cxx:13987:51: warning: unused parameter 'self' [-Wunused-parameter]
 13987 | SWIGINTERN PyObject *_wrap_SoError_post(PyObject *self, PyObject *args) {
       |                                                   ^
/home/user/dev/FreeCAD/build/clang-profile/src/3rdParty/pivy/interfaces/coinPYTHON_wrap.cxx:14267:99: warning: unused parameter 'varargs' [-Wunused-parameter]
 14267 | SWIGINTERN PyObject *_wrap_SoDebugError_post__varargs__(PyObject *self, PyObject *args, PyObject *varargs) {
       |                                                                                                   ^
/home/user/dev/FreeCAD/build/clang-profile/src/3rdParty/pivy/interfaces/coinPYTHON_wrap.cxx:14305:56: warning: unused parameter 'self' [-Wunused-parameter]
 14305 | SWIGINTERN PyObject *_wrap_SoDebugError_post(PyObject *self, PyObject *args) {
       |                                                        ^
/home/user/dev/FreeCAD/build/clang-profile/src/3rdParty/pivy/interfaces/coinPYTHON_wrap.cxx:14319:106: warning: unused parameter 'varargs' [-Wunused-parameter]
 14319 | SWIGINTERN PyObject *_wrap_SoDebugError_postWarning__varargs__(PyObject *self, PyObject *args, PyObject *varargs) {
       |                                                                                                          ^
/home/user/dev/FreeCAD/build/clang-profile/src/3rdParty/pivy/interfaces/coinPYTHON_wrap.cxx:14357:63: warning: unused parameter 'self' [-Wunused-parameter]
 14357 | SWIGINTERN PyObject *_wrap_SoDebugError_postWarning(PyObject *self, PyObject *args) {
       |                                                               ^
/home/user/dev/FreeCAD/build/clang-profile/src/3rdParty/pivy/interfaces/coinPYTHON_wrap.cxx:14371:103: warning: unused parameter 'varargs' [-Wunused-parameter]
 14371 | SWIGINTERN PyObject *_wrap_SoDebugError_postInfo__varargs__(PyObject *self, PyObject *args, PyObject *varargs) {
       |                                                                                                       ^
/home/user/dev/FreeCAD/build/clang-profile/src/3rdParty/pivy/interfaces/coinPYTHON_wrap.cxx:14409:60: warning: unused parameter 'self' [-Wunused-parameter]
 14409 | SWIGINTERN PyObject *_wrap_SoDebugError_postInfo(PyObject *self, PyObject *args) {
       |                                                            ^
/home/user/dev/FreeCAD/build/clang-profile/src/3rdParty/pivy/interfaces/coinPYTHON_wrap.cxx:197573:98: warning: unused parameter 'varargs' [-Wunused-parameter]
 197573 | SWIGINTERN PyObject *_wrap_SoReadError_post__varargs__(PyObject *self, PyObject *args, PyObject *varargs) {
        |                                                                                                  ^
/home/user/dev/FreeCAD/build/clang-profile/src/3rdParty/pivy/interfaces/coinPYTHON_wrap.cxx:197608:55: warning: unused parameter 'self' [-Wunused-parameter]
 197608 | SWIGINTERN PyObject *_wrap_SoReadError_post(PyObject *self, PyObject *args) {
        |                                                       ^
/home/user/dev/FreeCAD/build/clang-profile/src/3rdParty/pivy/interfaces/coinPYTHON_wrap.cxx:353754:36: warning: array index 2 is past the end of the array (that has type 'PyObject *[2]' (aka '_object *[2]')) [-Warray-bounds]
 353754 |           int res = SWIG_AsVal_int(argv[2], NULL);
        |                                    ^    ~
/home/user/dev/FreeCAD/build/clang-profile/src/3rdParty/pivy/interfaces/coinPYTHON_wrap.cxx:353729:3: note: array 'argv' declared here
 353729 |   PyObject *argv[2] = {
        |   ^
/home/user/dev/FreeCAD/build/clang-profile/src/3rdParty/pivy/interfaces/coinPYTHON_wrap.cxx:353779:36: warning: array index 2 is past the end of the array (that has type 'PyObject *[2]' (aka '_object *[2]')) [-Warray-bounds]
 353779 |           int res = SWIG_AsVal_int(argv[2], NULL);
        |                                    ^    ~
/home/user/dev/FreeCAD/build/clang-profile/src/3rdParty/pivy/interfaces/coinPYTHON_wrap.cxx:353729:3: note: array 'argv' declared here
 353729 |   PyObject *argv[2] = {
        |   ^
/home/user/dev/FreeCAD/build/clang-profile/src/3rdParty/pivy/interfaces/coinPYTHON_wrap.cxx:353964:37: warning: array index 3 is past the end of the array (that has type 'PyObject *[3]' (aka '_object *[3]')) [-Warray-bounds]
 353964 |           int res = SWIG_ConvertPtr(argv[3], &vptr, SWIGTYPE_p_unsigned_char, 0);
        |                                     ^    ~
/home/user/dev/FreeCAD/build/clang-profile/src/3rdParty/pivy/interfaces/coinPYTHON_wrap.cxx:353937:3: note: array 'argv' declared here
 353937 |   PyObject *argv[3] = {
        |   ^
/home/user/dev/FreeCAD/build/clang-profile/src/3rdParty/pivy/interfaces/coinPYTHON_wrap.cxx:353994:37: warning: array index 3 is past the end of the array (that has type 'PyObject *[3]' (aka '_object *[3]')) [-Warray-bounds]
 353994 |           int res = SWIG_ConvertPtr(argv[3], &vptr, SWIGTYPE_p_unsigned_char, 0);
        |                                     ^    ~
/home/user/dev/FreeCAD/build/clang-profile/src/3rdParty/pivy/interfaces/coinPYTHON_wrap.cxx:353937:3: note: array 'argv' declared here
 353937 |   PyObject *argv[3] = {
        |   ^
/home/user/dev/FreeCAD/build/clang-profile/src/3rdParty/pivy/interfaces/coinPYTHON_wrap.cxx:354146:37: warning: array index 3 is past the end of the array (that has type 'PyObject *[3]' (aka '_object *[3]')) [-Warray-bounds]
 354146 |           int res = SWIG_ConvertPtr(argv[3], &vptr, SWIGTYPE_p_unsigned_char, 0);
        |                                     ^    ~
/home/user/dev/FreeCAD/build/clang-profile/src/3rdParty/pivy/interfaces/coinPYTHON_wrap.cxx:354119:3: note: array 'argv' declared here
 354119 |   PyObject *argv[3] = {
        |   ^
/home/user/dev/FreeCAD/build/clang-profile/src/3rdParty/pivy/interfaces/coinPYTHON_wrap.cxx:354176:37: warning: array index 3 is past the end of the array (that has type 'PyObject *[3]' (aka '_object *[3]')) [-Warray-bounds]
 354176 |           int res = SWIG_ConvertPtr(argv[3], &vptr, SWIGTYPE_p_unsigned_char, 0);
        |                                     ^    ~
/home/user/dev/FreeCAD/build/clang-profile/src/3rdParty/pivy/interfaces/coinPYTHON_wrap.cxx:354119:3: note: array 'argv' declared here
 354119 |   PyObject *argv[3] = {
        |   ^
/home/user/dev/FreeCAD/build/clang-profile/src/3rdParty/pivy/interfaces/coinPYTHON_wrap.cxx:447710:21: warning: cast from 'SbColor4f &(*)(void *, const SbVec3f &, const SbVec3f &)' to 'SbVec4f &(*)(void *, const SbVec3f &, const SbVec3f &)' converts to incompatible function type [-Wcast-function-type-mismatch]
 447710 |     return (void *)((SbVec4f &(*)(void *,SbVec3f const &,SbVec3f const &))  ((SbColor4f &(*)(void *,SbVec3f const &,SbVec3f const &)) x));
        |                     ^~~~~~~~~~~~~~~~~~~~~~~~~~~~~~~~~~~~~~~~~~~~~~~~~~~~~~~~~~~~~~~~~~~~~~~~~~~~~~~~~~~~~~~~~~~~~~~~~~~~~~~~~~~~~~~~~~~~
28 warnings generated.
/home/user/dev/FreeCAD/tests/src/Base/Stream.cpp:176:31: warning: 'BufferStreambuf' is deprecated: Use std::spanbuf wrapped in a "#ifdef __cpp_lib_spanstream" condition instead [-Wdeprecated-declarations]
  176 | using BufferStreambuf = Base::BufferStreambuf;
      |                               ^
/home/user/dev/FreeCAD/src/Base/Stream.h:434:7: note: 'BufferStreambuf' has been explicitly marked deprecated here
  434 |     [[deprecated("Use std::spanbuf wrapped in a \"#ifdef __cpp_lib_spanstream\" condition instead")]]
      |       ^
/home/user/dev/FreeCAD/tests/src/Base/Stream.cpp:181:5: warning: 'BufferStreambuf' is deprecated: Use std::spanbuf wrapped in a "#ifdef __cpp_lib_spanstream" condition instead [-Wdeprecated-declarations]
  181 |     BufferStreambuf streambuf(array, std::ios::in);
      |     ^
/home/user/dev/FreeCAD/src/Base/Stream.h:434:7: note: 'BufferStreambuf' has been explicitly marked deprecated here
  434 |     [[deprecated("Use std::spanbuf wrapped in a \"#ifdef __cpp_lib_spanstream\" condition instead")]]
      |       ^
/home/user/dev/FreeCAD/tests/src/Base/Stream.cpp:212:5: warning: 'BufferStreambuf' is deprecated: Use std::spanbuf wrapped in a "#ifdef __cpp_lib_spanstream" condition instead [-Wdeprecated-declarations]
  212 |     BufferStreambuf streambuf(array, std::ios::out);
      |     ^
/home/user/dev/FreeCAD/src/Base/Stream.h:434:7: note: 'BufferStreambuf' has been explicitly marked deprecated here
  434 |     [[deprecated("Use std::spanbuf wrapped in a \"#ifdef __cpp_lib_spanstream\" condition instead")]]
      |       ^
/home/user/dev/FreeCAD/tests/src/Base/Stream.cpp:238:5: warning: 'BufferStreambuf' is deprecated: Use std::spanbuf wrapped in a "#ifdef __cpp_lib_spanstream" condition instead [-Wdeprecated-declarations]
  238 |     BufferStreambuf streambuf(array, std::ios::in);
      |     ^
/home/user/dev/FreeCAD/src/Base/Stream.h:434:7: note: 'BufferStreambuf' has been explicitly marked deprecated here
  434 |     [[deprecated("Use std::spanbuf wrapped in a \"#ifdef __cpp_lib_spanstream\" condition instead")]]
      |       ^
/home/user/dev/FreeCAD/tests/src/Base/Stream.cpp:305:5: warning: 'BufferStreambuf' is deprecated: Use std::spanbuf wrapped in a "#ifdef __cpp_lib_spanstream" condition instead [-Wdeprecated-declarations]
  305 |     BufferStreambuf streambuf(array, std::ios::out | std::ios::ate);
      |     ^
/home/user/dev/FreeCAD/src/Base/Stream.h:434:7: note: 'BufferStreambuf' has been explicitly marked deprecated here
  434 |     [[deprecated("Use std::spanbuf wrapped in a \"#ifdef __cpp_lib_spanstream\" condition instead")]]
      |       ^
5 warnings generated.
Generating standalone parser from 'ArchSql.lark' to 'generated_sql_parser.py'...
Parser generation complete.
