output,ninja_s,trace_s,frontend_s,backend_s,source_s,instantiate_function_s,instantiate_class_s,optimizer_s,codegen_s
src/3rdParty/pivy/interfaces/CMakeFiles/pivy_coin.dir/coinPYTHON_wrap.cxx.o,85.058,84.856535,10.856623,73.973464,0.17019,0.072565,0.049072,40.466175,33.465731
src/Mod/Sketcher/Gui/CMakeFiles/SketcherGui.dir/CommandCreateGeo.cpp.o,25.284,25.152981,12.208742,12.852599,7.246891,5.298668,4.012563,7.417535,5.426994
src/Mod/Sketcher/Gui/CMakeFiles/SketcherGui.dir/CommandSketcherTools.cpp.o,16.058,15.947822,9.707612,6.168116,6.789869,3.541513,3.060134,3.856021,2.306092
src/App/CMakeFiles/FreeCADApp.dir/Document.cpp.o,15.717,15.611779,5.74935,9.806191,2.294573,2.405234,1.958278,6.505811,3.29536
src/Mod/MeshPart/App/CMakeFiles/flatmesh.dir/MeshFlatteningLscmRelax.cpp.o,15.574,15.469911,8.306726,7.074719,1.932716,4.83524,4.22938,5.35542,1.714545
src/Mod/Sketcher/Gui/CMakeFiles/SketcherGui.dir/CommandConstraints.cpp.o,14.555,14.446251,8.509158,5.874459,5.986995,2.414451,2.366637,3.457434,2.411225
src/Mod/Sketcher/App/CMakeFiles/Sketcher.dir/planegcs/GCS.cpp.o,14.199,14.086549,6.159612,7.842133,0.895089,3.56955,2.973375,5.520148,2.317468
src/Mod/MeshPart/App/CMakeFiles/flatmesh.dir/MeshFlatteningPy.cpp.o,13.845,13.738261,9.440383,4.235017,4.818661,4.514062,3.198434,2.746878,1.482831
src/Mod/Sketcher/Gui/CMakeFiles/SketcherGui.dir/ViewProviderSketch.cpp.o,13.767,13.658175,9.023524,4.562335,6.104535,2.81423,2.759687,2.954583,1.602024
src/Mod/CAM/libarea/CMakeFiles/area.dir/pyarea.cpp.o,13.545,13.44814,7.331802,6.066323,2.903738,4.29944,2.407422,3.785034,2.276377
src/3rdParty/salomesmesh/CMakeFiles/SMESH.dir/src/SMESH/SMESH_MeshEditor.cpp.o,13.467,13.379373,5.772723,7.576644,0.248493,2.215952,1.626223,4.839357,2.733931
src/Mod/Part/App/CMakeFiles/Part.dir/WireJoiner.cpp.o,13.213,13.077653,9.013138,3.995392,6.445652,2.381311,2.198966,2.655069,1.335128
tests/src/Gui/CMakeFiles/Gui_tests_run.dir/StyleParameters/ParserTest.cpp.o,12.247,12.159975,4.932418,7.205994,3.328149,1.354371,1.224503,3.98988,3.212805
src/Mod/CAM/App/CMakeFiles/Path.dir/Area.cpp.o,12.1,11.975333,6.662483,5.248686,3.529795,2.754286,2.206126,3.401841,1.842393
tests/src/Mod/Part/App/CMakeFiles/Part_tests_run.dir/TopoShapeExpansion.cpp.o,11.782,11.680696,6.240838,5.411826,3.885297,1.765002,1.61555,2.866298,2.54205
src/Mod/Sketcher/Gui/CMakeFiles/SketcherGui.dir/Utils.cpp.o,11.495,11.387673,7.436103,3.900635,6.038136,2.00754,2.095498,2.452372,1.443922
src/Gui/CMakeFiles/FreeCADGui.dir/propertyeditor/PropertyItem.cpp.o,11.343,11.257356,4.700374,6.513008,1.680228,1.924889,1.433552,3.893143,2.615061
src/Gui/CMakeFiles/FreeCADGui.dir/MainWindow.cpp.o,11.3,11.184686,5.488762,5.648683,3.401605,1.639585,1.659582,3.691322,1.95331
src/Mod/Sketcher/Gui/CMakeFiles/SketcherGui.dir/EditModeConstraintCoinManager.cpp.o,11.081,10.978163,6.278445,4.653856,4.512809,2.086062,1.888398,3.016593,1.632939
src/Mod/TechDraw/App/CMakeFiles/TechDraw.dir/AppTechDrawPy.cpp.o,11.042,10.944474,4.189862,6.697145,2.156692,2.026171,1.44863,4.126795,2.565733
src/App/CMakeFiles/FreeCADApp.dir/Application.cpp.o,11.02,10.927265,3.813098,7.077411,2.075653,1.361697,1.304022,4.490195,2.581803
tests/src/Gui/CMakeFiles/QuantitySpinBox_Tests_run.dir/QuantitySpinBox.cpp.o,10.614,10.521227,6.618918,3.876041,1.440083,1.811656,1.685314,2.39679,1.476503
src/Mod/Sketcher/Gui/CMakeFiles/SketcherGui.dir/TaskSketcherConstraints.cpp.o,10.604,10.495693,7.629772,2.808082,5.710458,2.190577,2.132389,1.802275,1.000731
src/Mod/Sketcher/Gui/CMakeFiles/SketcherGui.dir/Command.cpp.o,10.555,10.443741,7.624812,2.761232,5.78723,2.198844,2.221132,1.800079,0.956305
src/Mod/Fem/Gui/CMakeFiles/FemGui.dir/TaskPostBoxes.cpp.o,10.505,10.415101,5.314639,5.054318,3.316216,1.932506,1.794863,3.128638,1.921036
src/Gui/CMakeFiles/FreeCADGui.dir/Application.cpp.o,10.456,10.35525,4.853319,5.451737,2.753879,1.877627,1.821539,3.49591,1.951637
src/Mod/PartDesign/Gui/CMakeFiles/PartDesignGui.dir/Command.cpp.o,10.395,10.296815,7.452741,2.790222,5.548317,1.915931,1.931141,1.800182,0.985678
src/Mod/PartDesign/Gui/CMakeFiles/PartDesignGui.dir/TaskExtrudeParameters.cpp.o,10.226,10.128464,6.029738,4.056068,4.093042,1.925088,1.815222,2.521549,1.530576
src/Mod/TechDraw/App/CMakeFiles/TechDraw.dir/DrawUtil.cpp.o,10.136,10.043066,3.601277,6.389679,1.593261,1.768544,1.191998,4.008613,2.377656
src/Mod/PartDesign/Gui/CMakeFiles/PartDesignGui.dir/TaskPrimitiveParameters.cpp.o,10.113,10.007357,5.988991,3.977622,4.569753,1.856343,1.771857,2.368367,1.60523
src/Mod/Sketcher/Gui/CMakeFiles/SketcherGui.dir/EditModeInformationOverlayCoinConverter.cpp.o,10.083,9.966972,6.423115,3.49665,5.256536,1.702092,1.758902,2.192139,1.300853
src/Mod/TechDraw/Gui/CMakeFiles/TechDrawGui.dir/TaskDimension.cpp.o,10.003,9.914013,4.674596,5.188298,2.713829,2.127767,1.651296,3.214443,1.969731
tests/src/Gui/CMakeFiles/NumericLocaleConsumers_Tests_run.dir/NumericLocaleConsumers.cpp.o,9.986,9.892642,6.58282,3.282773,1.568698,1.844428,1.807886,2.081897,1.198037
tests/src/Gui/CMakeFiles/InputField_Tests_run.dir/InputField.cpp.o,9.916,9.82305,6.407018,3.388793,1.669276,1.748534,1.652324,2.163934,1.221868
src/Mod/Sketcher/Gui/CMakeFiles/SketcherGui.dir/TaskSketcherElements.cpp.o,9.892,9.789113,7.425307,2.305761,5.436435,2.079127,2.120246,1.509934,0.791154
src/Mod/Measure/Gui/CMakeFiles/MeasureGui.dir/TaskMassProperties.cpp.o,9.759,9.65875,5.438822,4.169329,2.372731,1.647916,1.601351,2.663792,1.502032
src/Mod/Assembly/App/CMakeFiles/Assembly.dir/AssemblyObject.cpp.o,9.717,9.61193,6.302347,3.268246,4.164122,1.967115,1.914389,2.173226,1.09088
src/Gui/CMakeFiles/FreeCADGui.dir/Tree.cpp.o,9.689,9.59694,4.456005,5.095669,1.650229,1.553239,1.474604,3.231118,1.860326
tests/src/Gui/propertyeditor/CMakeFiles/PropertyItem_Tests_run.dir/PropertyItem.cpp.o,9.673,9.584524,6.248327,3.309967,1.227741,1.799116,1.642259,2.105242,1.20162
src/Gui/CMakeFiles/FreeCADGui.dir/Dialogs/DlgExpressionInput.cpp.o,9.616,9.524452,3.693791,5.791264,1.825539,1.720891,1.164224,3.672073,2.115758
src/Mod/Part/Gui/CMakeFiles/PartGui.dir/DlgPrimitives.cpp.o,9.531,9.438024,4.594495,4.792512,2.696308,1.772062,1.520776,2.820274,1.968814
src/Mod/Sketcher/Gui/CMakeFiles/SketcherGui.dir/SketcherToolDefaultWidget.cpp.o,9.475,9.372155,5.858368,3.471164,4.624016,1.814537,1.775592,2.235362,1.232648
src/Mod/CAM/App/CMakeFiles/surface_generator.dir/surface_generator.cpp.o,9.46,9.363341,6.328757,3.005142,3.940839,2.311809,1.666735,2.012108,0.989806
src/Mod/Sketcher/Gui/CMakeFiles/SketcherGui.dir/AppSketcherGui.cpp.o,9.441,9.326194,5.956221,3.324422,4.73074,1.869008,1.94275,2.055967,1.264479
src/Mod/Sketcher/Gui/CMakeFiles/SketcherGui.dir/DrawSketchHandler.cpp.o,9.364,9.254426,7.155613,2.047308,5.583248,1.982204,2.045321,1.295644,0.747694
src/Mod/Part/App/CMakeFiles/Part.dir/TopoShape.cpp.o,9.312,9.230242,3.49854,5.691558,1.804441,1.178503,0.939589,3.480819,2.206982
src/Gui/CMakeFiles/FreeCADGui.dir/Widgets.cpp.o,9.035,8.94036,4.025214,4.872693,1.918935,1.716409,1.393789,3.101883,1.76694
src/3rdParty/salomesmesh/CMakeFiles/StdMeshers.dir/src/StdMeshers/StdMeshers_ViscousLayers.cpp.o,8.953,8.869122,4.312059,4.532168,2.057767,1.434032,1.13375,2.948798,1.580211
src/Mod/Mesh/App/CMakeFiles/Mesh.dir/Core/MeshIO.cpp.o,8.951,8.848368,4.131574,4.679543,0.716684,1.027513,1.020439,3.009607,1.666446
src/Mod/Part/App/CMakeFiles/Part.dir/TopoShapeExpansion.cpp.o,8.943,8.863597,3.214034,5.60934,1.651531,0.87547,0.885744,3.311765,2.294222
src/Mod/Sketcher/Gui/CMakeFiles/SketcherGui.dir/EditDatumDialog.cpp.o,8.913,8.810958,7.108678,1.64972,5.834526,1.92145,2.094673,1.069009,0.577133
src/Mod/Sketcher/Gui/CMakeFiles/SketcherGui.dir/TaskSketcherTool.cpp.o,8.911,8.805973,5.649674,3.116675,4.468064,1.791701,1.782501,1.975517,1.137711
src/Mod/PartDesign/App/CMakeFiles/PartDesign.dir/FeatureHole.cpp.o,8.856,8.773323,5.17988,3.544796,3.224638,1.80365,1.578542,2.218188,1.322766
src/Mod/TechDraw/App/CMakeFiles/TechDraw.dir/DrawViewPart.cpp.o,8.822,8.726721,3.701329,4.970128,2.041142,1.6517,1.284639,3.148039,1.818353
src/Mod/TechDraw/Gui/CMakeFiles/TechDrawGui.dir/CommandExtensionDims.cpp.o,8.784,8.69865,3.896233,4.763972,2.538058,1.553213,1.372325,2.920131,1.840024
src/App/CMakeFiles/FreeCADApp.dir/PropertyLinks.cpp.o,8.769,8.690294,3.160915,5.496829,1.174883,1.159475,1.017298,3.405764,2.087503
src/Gui/CMakeFiles/FreeCADGui.dir/CommandDoc.cpp.o,8.766,8.672314,3.742366,4.884518,1.919694,1.419393,1.344737,3.124528,1.756549
tests/src/Mod/Part/App/CMakeFiles/Part_tests_run.dir/PartTestHelpers.cpp.o,8.76,8.663368,6.313484,2.319211,4.452621,2.171986,1.713424,1.495773,0.820101
src/Mod/TechDraw/Gui/CMakeFiles/TechDrawGui.dir/MDIViewPage.cpp.o,8.754,8.666055,4.287944,4.332818,2.741705,1.752227,1.583796,2.747479,1.580349
src/Mod/Sketcher/Gui/CMakeFiles/SketcherGui.dir/CommandSketcherBSpline.cpp.o,8.697,8.603663,6.731752,1.818483,5.469943,1.819311,1.89075,1.140062,0.673834
src/Mod/TechDraw/Gui/CMakeFiles/TechDrawGui.dir/CommandCreateDims.cpp.o,8.697,8.609149,4.230383,4.338208,2.859494,1.644282,1.541004,2.634808,1.699735
tests/src/Base/CMakeFiles/Base_tests_run.dir/SchemaTests.cpp.o,8.696,8.616772,4.121013,4.479193,1.835286,1.056453,0.9437,2.72004,1.756649
src/Gui/CMakeFiles/FreeCADGui.dir/Selection/Selection.cpp.o,8.6,8.496469,3.186434,5.273248,1.731683,1.072294,1.039371,3.304733,1.965631
src/Mod/Sketcher/App/CMakeFiles/Sketcher.dir/PythonConverter.cpp.o,8.595,8.502861,4.22245,4.233258,2.356021,1.740722,1.244088,2.667427,1.562729
src/Mod/Points/App/CMakeFiles/Points.dir/PointsAlgos.cpp.o,8.547,8.468167,4.001587,4.416157,1.685163,1.631954,1.115507,2.916797,1.495524
src/Mod/Part/Gui/CMakeFiles/PartGui.dir/AppPartGui.cpp.o,8.491,8.395663,5.208525,3.137275,4.012218,1.601266,1.728497,2.000887,1.133449
src/Mod/Sketcher/Gui/CMakeFiles/SketcherGui.dir/CommandAlterGeometry.cpp.o,8.433,8.329072,6.772696,1.501813,5.536567,1.798199,1.934297,0.95921,0.538264
src/Mod/Sketcher/Gui/CMakeFiles/SketcherGui.dir/EditTextDialog.cpp.o,8.428,8.322752,6.696184,1.575326,5.531753,1.828436,1.876766,1.025223,0.546704
src/Mod/TechDraw/Gui/CMakeFiles/TechDrawGui.dir/CommandExtensionPack.cpp.o,8.417,8.331217,4.050337,4.241521,2.682471,1.55732,1.449604,2.636065,1.601953
src/Mod/Spreadsheet/App/CMakeFiles/Spreadsheet.dir/PropertySheet.cpp.o,8.411,8.330442,2.923026,5.375593,1.213287,1.241862,0.979011,3.527821,1.84377
src/3rdParty/OndselSolver/OndselSolver/CMakeFiles/OndselSolver.dir/ASMTAssembly.cpp.o,8.409,8.274493,2.346273,5.909454,0.866209,0.867168,0.6817,3.545279,2.358094
tests/src/Mod/Sketcher/App/CMakeFiles/Sketcher_tests_run.dir/SketchObjectChanges.cpp.o,8.339,8.240545,6.927182,1.27755,4.236002,1.817497,1.738129,0.646639,0.627339
src/Mod/Sketcher/Gui/CMakeFiles/SketcherGui.dir/CommandSketcherVirtualSpace.cpp.o,8.302,8.194682,6.649217,1.497827,5.452274,1.804753,1.812242,0.945547,0.54851
src/Mod/Sketcher/App/CMakeFiles/Sketcher.dir/SketchObject.cpp.o,8.283,8.171537,4.674007,3.44146,2.414457,1.928339,1.602651,2.322869,1.114441
src/Mod/Part/Gui/CMakeFiles/PartGui.dir/Command.cpp.o,8.268,8.177623,4.076724,4.050529,2.723273,1.560109,1.576633,2.464906,1.582528
src/Mod/Sketcher/Gui/CMakeFiles/SketcherGui.dir/EditModeCoinManager.cpp.o,8.259,8.156192,6.102478,2.012642,4.319459,2.147175,1.91787,1.390371,0.619383
src/Mod/Part/Gui/CMakeFiles/PartGui.dir/DlgFilletEdges.cpp.o,8.198,8.111602,3.884714,4.182004,2.250277,1.561842,1.380481,2.656726,1.521912
tests/src/Mod/Sketcher/App/CMakeFiles/Sketcher_tests_run.dir/SketchObject.cpp.o,8.196,8.100681,6.939325,1.126879,5.523938,1.882832,1.783079,0.659833,0.463829
src/Mod/Part/App/CMakeFiles/Part.dir/Geometry.cpp.o,8.076,7.99428,3.717387,4.236304,2.032792,1.088264,1.068355,2.39961,1.832834
src/Gui/CMakeFiles/FreeCADGui.dir/View3DInventorViewer.cpp.o,8.06,7.972138,3.534148,4.398815,2.112154,1.202127,1.274074,2.772593,1.623056
src/Mod/Sketcher/App/CMakeFiles/Sketcher.dir/SketchObjectExternal.cpp.o,8.057,7.970302,4.262696,3.6587,2.555766,1.55061,1.323669,2.272441,1.383229
src/Mod/PartDesign/Gui/CMakeFiles/PartDesignGui.dir/TaskPipeParameters.cpp.o,8.022,7.920229,5.558057,2.323332,3.911638,1.740156,1.63105,1.461269,0.858781
src/Mod/Assembly/Gui/CMakeFiles/AssemblyGui.dir/ViewProviderAssembly.cpp.o,7.979,7.866855,5.652861,2.17326,3.86284,2.070501,1.887483,1.417505,0.75191
src/Mod/Sketcher/Gui/CMakeFiles/SketcherGui.dir/EditModeGeometryCoinConverter.cpp.o,7.892,7.79098,6.383109,1.358616,5.099945,1.808516,1.826043,0.933674,0.421426
tests/src/Gui/CMakeFiles/Gui_tests_run.dir/StyleParameters/ParameterManagerTest.cpp.o,7.819,7.739247,4.580867,3.138958,3.360848,1.351419,1.184632,1.921451,1.21472
src/Gui/CMakeFiles/FreeCADGui.dir/OverlayWidgets.cpp.o,7.818,7.726171,3.27474,4.413471,1.593248,1.354911,1.095735,2.625318,1.784101
src/Mod/Part/Gui/CMakeFiles/PartGui.dir/DlgExtrusion.cpp.o,7.818,7.733179,3.952915,3.732463,2.523204,1.559906,1.320356,2.362822,1.36651
src/Mod/TechDraw/Gui/CMakeFiles/TechDrawGui.dir/Widgets/VectorEditWidget.cpp.o,7.764,7.674989,4.385043,3.257041,1.6287,1.358554,1.191995,2.088621,1.165453
tests/src/Mod/TechDraw/App/CMakeFiles/TechDraw_tests_run.dir/DrawViewPart.cpp.o,7.719,7.611571,6.82274,0.754504,4.054407,2.064132,1.950796,0.448213,0.302949
src/Mod/TechDraw/Gui/CMakeFiles/TechDrawGui.dir/QGSPage.cpp.o,7.699,7.616082,3.879039,3.700499,2.601442,1.545133,1.342697,2.356267,1.340618
src/Mod/Part/App/CMakeFiles/Part.dir/PartFeature.cpp.o,7.679,7.594904,4.568784,2.975501,2.837778,1.632905,1.419472,1.95749,1.014211
src/Mod/PartDesign/Gui/CMakeFiles/PartDesignGui.dir/TaskSketchBasedParameters.cpp.o,7.661,7.557497,6.254988,1.254862,5.080716,1.580383,1.693415,0.824756,0.426326
src/Mod/PartDesign/Gui/CMakeFiles/PartDesignGui.dir/TaskRevolutionParameters.cpp.o,7.659,7.558013,5.767403,1.750472,4.344155,1.782223,1.788462,1.102669,0.644242
src/Mod/Measure/App/CMakeFiles/Measure.dir/MeasureBase.cpp.o,7.654,7.566965,4.289321,3.238897,3.37681,1.310385,1.259681,2.041023,1.19496
tests/src/Base/CMakeFiles/Base_tests_run.dir/Quantity.cpp.o,7.64,7.570688,3.816966,3.736299,0.356821,0.991425,0.876775,2.351724,1.38225
tests/src/Mod/PartDesign/App/CMakeFiles/PartDesign_tests_run.dir/Revolution.cpp.o,7.639,7.544069,6.888258,0.622598,4.082625,1.796734,1.739606,0.37331,0.245996
src/Mod/TechDraw/Gui/CMakeFiles/TechDrawGui.dir/TaskCosVertex.cpp.o,7.579,7.497835,3.974601,3.483582,2.605449,1.664521,1.456238,2.182023,1.298256
src/Mod/TechDraw/Gui/CMakeFiles/TechDrawGui.dir/QGIView.cpp.o,7.579,7.496357,3.815475,3.644826,2.599322,1.502688,1.360461,2.321447,1.320135
src/Mod/TechDraw/App/CMakeFiles/TechDraw.dir/DrawViewDimension.cpp.o,7.572,7.486134,3.067296,4.370009,1.810011,1.262283,1.067397,2.728664,1.638256
src/Mod/Sketcher/Gui/CMakeFiles/SketcherGui.dir/DrawSketchHandlerDragAutoConstraint.cpp.o,7.511,7.416852,6.312101,1.058861,5.232116,1.665955,1.724236,0.698709,0.356762
src/Mod/TechDraw/Gui/CMakeFiles/TechDrawGui.dir/DimensionValidators.cpp.o,7.505,7.409547,3.763498,3.610977,2.571467,1.445231,1.248943,2.303408,1.304346
src/Mod/PartDesign/Gui/CMakeFiles/PartDesignGui.dir/TaskHoleParameters.cpp.o,7.498,7.397752,5.5525,1.803929,3.799506,1.608261,1.632009,1.086081,0.714473
src/Gui/CMakeFiles/FreeCADGui.dir/PreferencePages/DlgSettingsGeneral.cpp.o,7.463,7.382215,3.29158,4.053643,2.031364,1.308502,1.241932,2.577191,1.473988
src/Mod/Part/Gui/CMakeFiles/PartGui.dir/DlgRevolution.cpp.o,7.45,7.356049,3.855534,3.456987,2.61783,1.522381,1.324212,2.177383,1.27716
src/3rdParty/salomesmesh/CMakeFiles/SMESH.dir/src/SMESH/SMESH_MesherHelper.cpp.o,7.42,7.343433,4.385796,2.938224,0.009079,1.49498,1.217093,1.914152,1.021785
src/Mod/Part/Gui/CMakeFiles/PartGui.dir/SectionCutting.cpp.o,7.415,7.33196,3.85778,3.430062,2.52872,1.453298,1.28934,2.149196,1.278285
src/Mod/TechDraw/Gui/CMakeFiles/TechDrawGui.dir/TaskCenterLine.cpp.o,7.414,7.33068,3.740379,3.553916,2.554106,1.466913,1.375546,2.251072,1.300039
src/Mod/Sketcher/Gui/CMakeFiles/SketcherGui.dir/SnapManager.cpp.o,7.377,7.276956,6.162429,1.067137,5.122246,1.619203,1.671904,0.718645,0.345148
src/Mod/TechDraw/Gui/CMakeFiles/TechDrawGui.dir/TaskDimRepair.cpp.o,7.35,7.268134,3.739921,3.492365,2.527888,1.524134,1.347249,2.211133,1.278434
src/Mod/TechDraw/Gui/CMakeFiles/TechDrawGui.dir/TaskDetail.cpp.o,7.341,7.256443,3.728596,3.49229,2.571,1.491254,1.333085,2.212338,1.276679
src/Mod/Sketcher/Gui/CMakeFiles/SketcherGui.dir/TaskSketcherSolverAdvanced.cpp.o,7.33,7.223925,6.732527,0.442266,5.687915,1.742258,1.93053,0.198949,0.240046
src/Mod/TechDraw/Gui/CMakeFiles/TechDrawGui.dir/TaskLinkDim.cpp.o,7.295,7.207778,3.799628,3.368671,2.654962,1.52695,1.412017,2.175616,1.189417
src/Gui/CMakeFiles/FreeCADGui.dir/propertyeditor/PropertyEditor.cpp.o,7.281,7.20261,3.145396,4.02148,1.692704,1.257003,1.120742,2.601316,1.417567
tests/src/Mod/PartDesign/App/CMakeFiles/PartDesign_tests_run.dir/Pipe.cpp.o,7.279,7.179296,6.817256,0.328228,4.344882,1.80821,1.773658,0.218836,0.106377
src/Gui/CMakeFiles/FreeCADGui.dir/ViewProviderLink.cpp.o,7.276,7.185385,3.474518,3.669139,1.890882,1.177683,1.259845,2.302693,1.362514
src/Mod/TechDraw/Gui/CMakeFiles/TechDrawGui.dir/TaskCustomizeFormat.cpp.o,7.267,7.174991,3.683504,3.456515,2.606605,1.468855,1.344845,2.141499,1.312058
src/Mod/TechDraw/Gui/CMakeFiles/TechDrawGui.dir/ViewProviderPage.cpp.o,7.244,7.157311,3.793372,3.327049,2.664301,1.510577,1.366827,2.078996,1.244728
src/3rdParty/salomesmesh/CMakeFiles/StdMeshers.dir/src/StdMeshers/StdMeshers_Quadrangle_2D.cpp.o,7.221,7.139552,3.633604,3.486549,0.007532,1.076035,0.900123,2.148474,1.335384
src/Mod/Part/Gui/CMakeFiles/PartGui.dir/DlgScale.cpp.o,7.2,7.109536,3.698888,3.367117,2.498182,1.484175,1.273725,2.115,1.249114
src/3rdParty/salomesmesh/CMakeFiles/StdMeshers.dir/src/StdMeshers/StdMeshers_Prism_3D.cpp.o,7.197,7.117591,3.749819,3.347597,0.015227,1.162947,0.993129,2.171656,1.172045
src/Mod/PartDesign/App/CMakeFiles/PartDesign.dir/ShapeBinder.cpp.o,7.193,7.093295,4.735675,2.313266,3.256899,1.545061,1.393477,1.524737,0.78542
src/Mod/Part/Gui/CMakeFiles/PartGui.dir/CommandSimple.cpp.o,7.188,7.102265,3.285519,3.776535,2.143425,1.381513,1.103352,2.384486,1.389441
src/Mod/PartDesign/Gui/CMakeFiles/PartDesignGui.dir/CommandBody.cpp.o,7.167,7.075589,5.35158,1.673887,3.94699,1.714315,1.617659,1.087621,0.582771
src/3rdParty/salomesmesh/CMakeFiles/StdMeshers.dir/src/StdMeshers/SMESH_MAT2d.cpp.o,7.161,7.086857,3.634391,3.437816,1.851901,1.380221,0.738089,2.191945,1.243933
src/Mod/Sketcher/App/CMakeFiles/Sketcher.dir/planegcs/qp_eq.cpp.o,7.148,7.058787,4.096759,2.899678,0.467195,2.901363,2.382936,2.254826,0.642009
src/Mod/TechDraw/Gui/CMakeFiles/TechDrawGui.dir/AppTechDrawGui.cpp.o,7.142,7.05375,3.783798,3.231354,2.739265,1.464511,1.450871,2.053212,1.175019
src/Mod/TechDraw/Gui/CMakeFiles/TechDrawGui.dir/QGIViewDimension.cpp.o,7.127,7.03861,3.56282,3.437192,2.419976,1.441698,1.269845,2.121076,1.31292
src/Mod/Fem/App/CMakeFiles/Fem.dir/HypothesisPy.cpp.o,7.124,7.048815,1.953592,5.072137,0.684269,0.978936,0.570239,2.52313,2.546305
src/Mod/TechDraw/Gui/CMakeFiles/TechDrawGui.dir/ViewProviderDrawingView.cpp.o,7.123,7.040297,3.691999,3.31289,2.528079,1.486288,1.363619,2.125998,1.183842
src/Mod/Part/Gui/CMakeFiles/PartGui.dir/TaskAttacher.cpp.o,7.119,7.016236,4.338802,2.626666,2.625869,1.766883,1.538896,1.722166,0.90119
tests/src/Mod/PartDesign/App/CMakeFiles/PartDesign_tests_run.dir/GeoFeatureGroupExtension.cpp.o,7.116,7.017054,6.694343,0.288266,4.213056,1.807824,1.713013,0.200281,0.08477
src/Mod/Fem/Gui/CMakeFiles/FemGui.dir/ViewProviderShapeExtension.cpp.o,7.114,7.024696,3.486713,3.504303,2.387751,1.245072,1.177514,2.181667,1.319646
src/Mod/Import/App/CMakeFiles/Import.dir/dxf/ImpExpDxf.cpp.o,7.089,7.002483,4.343446,2.616891,3.004535,1.38724,1.305955,1.651649,0.962439
src/Mod/PartDesign/Gui/CMakeFiles/PartDesignGui.dir/TaskHelixParameters.cpp.o,7.081,6.979491,5.4844,1.454465,3.887975,1.658205,1.599007,0.929684,0.521575
tests/src/Mod/Sketcher/App/CMakeFiles/Sketcher_tests_run.dir/SketcherTestHelpers.cpp.o,7.063,6.971083,6.710554,0.227134,5.542326,1.79888,1.747299,0.169251,0.054414
tests/src/Mod/Sketcher/App/CMakeFiles/Sketcher_tests_run.dir/SketchObjectSymmetric.cpp.o,7.036,6.937372,6.655141,0.250726,4.227689,1.759123,1.663579,0.144752,0.103313
src/3rdParty/salomesmesh/CMakeFiles/StdMeshers.dir/src/StdMeshers/StdMeshers_Cartesian_3D.cpp.o,6.989,6.919188,3.680518,3.219837,0.191977,1.065407,0.87468,2.343556,0.873674
src/Mod/TechDraw/Gui/CMakeFiles/TechDrawGui.dir/ViewProviderViewPart.cpp.o,6.973,6.886587,3.532229,3.316999,2.486983,1.412029,1.266352,2.092096,1.221259
src/Mod/Part/App/CMakeFiles/Part.dir/Attacher.cpp.o,6.972,6.891545,3.931335,2.917094,2.564254,1.313722,1.194485,1.79826,1.11557
src/Mod/PartDesign/Gui/CMakeFiles/PartDesignGui.dir/SketchWorkflow.cpp.o,6.965,6.848539,6.298541,0.506408,5.04037,1.86677,2.023624,0.347126,0.156836
src/Gui/CMakeFiles/FreeCADGui.dir/Dialogs/DlgAddProperty.cpp.o,6.923,6.833346,3.00741,3.790259,1.639631,1.256818,1.03496,2.414017,1.373409
src/Gui/CMakeFiles/FreeCADGui.dir/ApplicationPy.cpp.o,6.91,6.818001,3.042342,3.738122,1.803311,1.105487,1.102007,2.325184,1.410102
src/Mod/TechDraw/Gui/CMakeFiles/TechDrawGui.dir/QGIDatumLabel.cpp.o,6.909,6.824115,3.521814,3.268282,2.488413,1.394346,1.272968,2.076983,1.1886
src/Mod/PartDesign/Gui/CMakeFiles/PartDesignGui.dir/TaskDraftParameters.cpp.o,6.9,6.7969,5.413176,1.342856,3.832152,1.699303,1.583782,0.888016,0.451542
src/Mod/TechDraw/App/CMakeFiles/TechDraw.dir/DrawViewSpreadsheet.cpp.o,6.875,6.791552,3.185169,3.557535,1.581895,1.537499,1.136382,2.270234,1.284049
src/Mod/Sketcher/App/CMakeFiles/Sketcher.dir/SketchObjectOperations.cpp.o,6.874,6.785475,4.217391,2.519689,2.418216,1.626296,1.346055,1.655873,0.861274
src/Gui/CMakeFiles/FreeCADGui.dir/Selection/SoFCUnifiedSelection.cpp.o,6.85,6.764917,2.672777,4.058382,1.741429,0.951539,1.019919,2.45909,1.596529
src/Gui/CMakeFiles/FreeCADGui.dir/PropertyView.cpp.o,6.848,6.763544,3.050027,3.676711,1.70909,1.391727,1.130361,2.355052,1.318769
tests/src/Mod/PartDesign/App/CMakeFiles/PartDesign_tests_run.dir/Pad.cpp.o,6.848,6.757647,6.505869,0.219476,4.172597,1.700981,1.634057,0.155205,0.06163
src/Mod/Sketcher/Gui/CMakeFiles/SketcherGui.dir/EditModeGeometryCoinManager.cpp.o,6.845,6.748654,6.179437,0.521685,5.07082,1.704499,1.72861,0.365376,0.152269
src/Mod/Fem/App/CMakeFiles/Fem.dir/FemMesh.cpp.o,6.814,6.732424,2.695041,4.00824,1.374548,0.959802,0.917564,2.56955,1.436232
src/Mod/Points/Gui/CMakeFiles/PointsGui.dir/Command.cpp.o,6.811,6.717261,3.186482,3.503841,2.456831,1.081029,1.163499,2.248107,1.253209
src/Mod/Sketcher/Gui/CMakeFiles/SketcherGui.dir/TaskSketcherValidation.cpp.o,6.803,6.715304,4.946058,1.719632,3.642173,1.569003,1.36217,1.087828,0.627877
src/Mod/PartDesign/Gui/CMakeFiles/PartDesignGui.dir/TaskChamferParameters.cpp.o,6.786,6.682156,5.439801,1.201829,4.095874,1.715417,1.593498,0.784288,0.41423
src/Mod/Part/Gui/CMakeFiles/PartGui.dir/CrossSections.cpp.o,6.785,6.695909,3.439394,3.213148,2.27776,1.374045,1.320559,2.008806,1.201404
tests/src/Mod/Part/App/CMakeFiles/Part_tests_run.dir/WireJoiner.cpp.o,6.78,6.690101,5.537526,1.125382,3.090143,1.674396,1.512321,0.640461,0.481158
src/Mod/PartDesign/Gui/CMakeFiles/PartDesignGui.dir/TaskFeaturePick.cpp.o,6.774,6.681105,5.219976,1.413467,3.881129,1.694024,1.557001,0.961625,0.448586
src/Mod/CAM/App/CMakeFiles/tsp_solver.dir/tsp_solver_pybind.cpp.o,6.768,6.689889,4.108682,2.558254,2.467815,1.654325,0.985591,1.686974,0.868627
src/Mod/TechDraw/Gui/CMakeFiles/TechDrawGui.dir/ViewProviderDimension.cpp.o,6.751,6.672885,3.381836,3.256247,2.2478,1.342977,1.191252,2.078093,1.175243
src/Mod/Measure/Gui/CMakeFiles/MeasureGui.dir/QuickMeasure.cpp.o,6.738,6.643552,3.273335,3.327582,2.15174,1.352261,1.128904,2.086793,1.238309
src/Mod/PartDesign/Gui/CMakeFiles/PartDesignGui.dir/TaskDressUpParameters.cpp.o,6.731,6.633202,5.095474,1.49919,3.881021,1.445789,1.478661,0.94473,0.551168
src/Mod/Sketcher/Gui/CMakeFiles/SketcherGui.dir/TaskSketcherMessages.cpp.o,6.728,6.628034,6.489688,0.089147,5.443601,1.773491,1.893474,0.057992,0.027007
src/3rdParty/coin/src/rendering/CMakeFiles/rendering.dir/SoGL.cpp.o,6.697,6.639222,1.97839,4.655461,0.000473,1.072973,0.039958,2.274678,2.377976
tests/src/Mod/Material/App/CMakeFiles/Material_tests_run.dir/TestMaterials.cpp.o,6.688,6.601042,5.153126,1.426543,1.05766,1.667595,1.410816,0.765806,0.658432
tests/src/Mod/Measure/App/CMakeFiles/Measure_tests_run.dir/MeasureAngle.cpp.o,6.688,6.592834,5.847705,0.71933,4.319059,1.726643,1.552991,0.437234,0.279031
src/Gui/CMakeFiles/FreeCADGui.dir/QuantitySpinBox.cpp.o,6.679,6.598989,2.769513,3.796059,1.689742,1.147892,0.984036,2.482031,1.311074
src/Mod/TechDraw/Gui/CMakeFiles/TechDrawGui.dir/ViewProviderRichAnno.cpp.o,6.665,6.574388,3.515682,3.026021,2.501958,1.409741,1.26542,1.915869,1.107454
src/Mod/TechDraw/App/CMakeFiles/TechDraw.dir/DrawDimHelper.cpp.o,6.661,6.572684,2.821626,3.703298,1.768501,1.255907,1.009957,2.345877,1.354563
src/Mod/Sketcher/Gui/CMakeFiles/SketcherGui.dir/CommandSketcherOverlay.cpp.o,6.641,6.548394,6.406581,0.094187,5.472821,1.705402,1.833501,0.046462,0.041265
src/Mod/Fem/Gui/CMakeFiles/FemGui.dir/AppFemGui.cpp.o,6.622,6.54107,3.330386,3.179985,2.320033,1.311537,1.236951,2.011178,1.166269
src/App/CMakeFiles/FreeCADApp.dir/Expression.cpp.o,6.605,6.534232,2.565479,3.940363,0.933257,0.939635,0.829959,2.379345,1.558284
src/Mod/Assembly/App/CMakeFiles/Assembly.dir/AssemblyLink.cpp.o,6.605,6.508044,4.987569,1.487496,3.989865,1.313309,1.354898,0.981912,0.502908
src/Mod/PartDesign/Gui/CMakeFiles/PartDesignGui.dir/TaskTransformedParameters.cpp.o,6.591,6.491166,5.195808,1.256904,3.971547,1.50819,1.548961,0.793436,0.459987
src/Mod/Robot/App/CMakeFiles/Robot.dir/kdl_cp/chainiksolverpos_lma.cpp.o,6.57,6.49857,3.316267,3.131943,0.303901,2.359029,1.997077,2.338841,0.789743
src/Mod/PartDesign/Gui/CMakeFiles/PartDesignGui.dir/ViewProviderBoolean.cpp.o,6.564,6.464547,5.950345,0.47057,4.728211,1.932533,2.092703,0.335099,0.132229
src/Mod/PartDesign/Gui/CMakeFiles/PartDesignGui.dir/Utils.cpp.o,6.535,6.445317,4.971018,1.425996,3.716629,1.614601,1.409039,0.944975,0.477474
src/Mod/Sketcher/App/CMakeFiles/Sketcher.dir/Sketch.cpp.o,6.527,6.43372,3.138398,3.250919,1.805722,0.940288,0.849628,2.11237,1.13553
src/Mod/PartDesign/Gui/CMakeFiles/PartDesignGui.dir/ViewProviderSketchBased.cpp.o,6.522,6.427711,6.141162,0.239664,5.162578,1.615825,1.633722,0.164664,0.071415
src/3rdParty/salomesmesh/CMakeFiles/SMESH.dir/src/SMESH/SMESH_Pattern.cpp.o,6.506,6.422578,4.080415,2.322672,0.015384,1.198691,1.071135,1.59293,0.727785
tests/src/Mod/Part/App/CMakeFiles/Part_tests_run.dir/TopoShapeMakeShapeWithElementMap.cpp.o,6.503,6.411013,5.60865,0.777169,3.072969,1.676905,1.527533,0.483463,0.291036
src/Mod/Mesh/Gui/CMakeFiles/MeshGui.dir/AppMeshGui.cpp.o,6.496,6.414486,3.181528,3.201025,2.252026,1.269327,1.148796,2.041038,1.157303
src/Mod/PartDesign/Gui/CMakeFiles/PartDesignGui.dir/TaskThicknessParameters.cpp.o,6.463,6.367164,5.134417,1.196372,3.623499,1.557906,1.475371,0.787531,0.405837
src/Mod/Assembly/App/CMakeFiles/Assembly.dir/BomObject.cpp.o,6.455,6.358368,5.004901,1.318265,4.011688,1.346624,1.414169,0.878056,0.436342
src/App/CMakeFiles/FreeCADApp.dir/Graphviz.cpp.o,6.45,6.35725,3.617843,2.700257,2.098146,1.239292,1.292106,1.904277,0.79296
src/3rdParty/salomesmesh/CMakeFiles/SMESH.dir/src/SMESH/SMESH_Mesh.cpp.o,6.449,6.36524,4.184439,2.141761,0.670692,1.133131,0.940999,1.606402,0.53118
src/Mod/TechDraw/App/CMakeFiles/TechDraw.dir/DrawPage.cpp.o,6.409,6.324318,2.89073,3.38625,1.917622,1.194414,1.01617,2.087742,1.295414
src/Mod/CAM/App/CMakeFiles/Path.dir/AreaPyImp.cpp.o,6.405,6.308553,4.792,1.471359,3.046791,1.710688,1.311739,1.293121,0.175297
src/Mod/Import/App/CMakeFiles/Import.dir/ImportOCAF2.cpp.o,6.403,6.319272,4.342227,1.933721,3.010689,1.409009,1.326844,1.285393,0.645017
src/Mod/CAM/Gui/CMakeFiles/PathGui.dir/qrc_Path_translation.cpp.o,6.399,6.317387,6.245941,0.009206,0.0,0.0,0.0,0.002279,0.00574
src/Gui/CMakeFiles/FreeCADGui.dir/SpinBox.cpp.o,6.392,6.309961,2.652601,3.626321,1.594656,1.178864,0.971811,2.387015,1.236962
src/Gui/CMakeFiles/FreeCADGui.dir/Document.cpp.o,6.369,6.281759,3.328702,2.913062,1.645686,1.145915,1.302887,1.858792,1.051331
src/Mod/TechDraw/App/CMakeFiles/TechDraw.dir/DimensionAutoCorrect.cpp.o,6.361,6.27408,2.762167,3.465611,1.744584,1.206449,1.000275,2.21903,1.244214
src/Mod/CAM/PathSimulator/AppGL/CMakeFiles/CAMSimulator.dir/Shader.cpp.o,6.354,6.261975,3.769068,2.477778,1.827304,1.075398,0.759926,1.62181,0.853774
src/Mod/PartDesign/Gui/CMakeFiles/PartDesignGui.dir/TaskPatternParameters.cpp.o,6.337,6.235573,5.105698,1.090889,3.928191,1.55732,1.618671,0.698789,0.389058
src/Mod/PartDesign/App/CMakeFiles/PartDesign.dir/FeatureSketchBased.cpp.o,6.323,6.243912,4.175812,2.026691,3.074243,1.272426,1.252204,1.250341,0.773134
src/Mod/TechDraw/App/CMakeFiles/TechDraw.dir/DimensionFormatter.cpp.o,6.321,6.238886,2.762543,3.431255,1.690721,1.200012,1.024213,2.230984,1.197763
src/Gui/CMakeFiles/FreeCADGui.dir/InputField.cpp.o,6.316,6.223247,2.438841,3.748447,1.417096,1.084117,0.8517,2.332759,1.41317
src/Mod/TechDraw/Gui/CMakeFiles/TechDrawGui.dir/Command.cpp.o,6.314,6.225659,4.270316,1.915215,3.022413,1.561898,1.549965,1.145449,0.766297
tests/src/Mod/Part/App/CMakeFiles/Part_tests_run.dir/FeaturePartFuse.cpp.o,6.311,6.221661,5.735263,0.456477,3.204452,1.737563,1.55708,0.26956,0.183964
src/Mod/Measure/Gui/CMakeFiles/MeasureGui.dir/TaskMeasure.cpp.o,6.305,6.21934,2.559596,3.621478,1.811884,0.742728,0.835186,2.316973,1.301598
tests/src/Gui/CMakeFiles/ObjectSelection_Tests_run.dir/ObjectSelection.cpp.o,6.305,6.212508,5.859792,0.32849,1.02458,1.676364,1.592955,0.219101,0.106629
tests/src/Mod/Part/App/CMakeFiles/Part_tests_run.dir/LinkArrayPolar.cpp.o,6.296,6.19776,5.751812,0.421772,3.162909,1.695541,1.572651,0.282493,0.136591
src/Gui/CMakeFiles/FreeCADGui.dir/qrc_FreeCAD_translation.cpp.o,6.285,6.207919,6.143519,0.010163,0.0,0.0,0.0,0.002739,0.006103
tests/src/Mod/Part/App/CMakeFiles/Part_tests_run.dir/PropertyTopoShape.cpp.o,6.285,6.197826,5.716014,0.456882,2.838402,1.683816,1.512344,0.281952,0.172393
src/Mod/Part/App/CMakeFiles/Part.dir/AppPartPy.cpp.o,6.284,6.202528,3.800116,2.358641,2.570384,1.283356,1.233754,1.374193,0.981461
tests/src/Mod/Part/App/CMakeFiles/Part_tests_run.dir/PartFeature.cpp.o,6.282,6.194919,5.660772,0.508528,3.141351,1.720931,1.547716,0.31971,0.185954
tests/src/Mod/Part/App/CMakeFiles/Part_tests_run.dir/FaceMakerBullseye.cpp.o,6.268,6.179245,5.605574,0.547732,3.148771,1.697343,1.542371,0.321106,0.22376
tests/src/Mod/Measure/App/CMakeFiles/Measure_tests_run.dir/MeasureDistance.cpp.o,6.259,6.162374,5.667423,0.467583,4.198377,1.697478,1.485438,0.295288,0.169464
tests/src/Mod/Part/App/CMakeFiles/Part_tests_run.dir/Geometry.cpp.o,6.253,6.158201,5.892168,0.239765,3.48113,1.719833,1.566494,0.178365,0.058555
src/Mod/Sketcher/Gui/CMakeFiles/SketcherGui.dir/PropertyConstraintListItem.cpp.o,6.249,6.168775,2.737184,3.403948,1.715668,1.031132,0.795304,2.156583,1.244826
src/Mod/TechDraw/App/CMakeFiles/TechDraw.dir/DrawViewDetail.cpp.o,6.249,6.164411,2.850533,3.268836,1.834225,1.277217,1.04218,2.041161,1.225216
tests/src/Mod/Part/App/CMakeFiles/Part_tests_run.dir/TopoShapeMakeShape.cpp.o,6.249,6.152604,5.554937,0.572817,3.081405,1.692389,1.520381,0.360591,0.208936
tests/src/Mod/Part/App/CMakeFiles/Part_tests_run.dir/Attacher.cpp.o,6.239,6.149101,5.587402,0.536639,3.097324,1.680881,1.555533,0.316859,0.216929
src/Mod/Spreadsheet/App/CMakeFiles/Spreadsheet.dir/Sheet.cpp.o,6.238,6.149804,3.510174,2.606964,2.315885,1.048073,1.042022,1.758855,0.844707
tests/src/Mod/PartDesign/App/CMakeFiles/PartDesign_tests_run.dir/BackwardCompatibility.cpp.o,6.238,6.150028,5.550189,0.575401,2.751661,1.759546,1.592558,0.362126,0.210549
tests/src/Mod/Part/App/CMakeFiles/Part_tests_run.dir/FeaturePartCommon.cpp.o,6.231,6.141823,5.641854,0.474766,3.122974,1.708642,1.529565,0.312665,0.159086
src/Mod/Sketcher/App/CMakeFiles/Sketcher.dir/SketchObjectConstraints.cpp.o,6.225,6.135531,3.945886,2.14123,2.485033,1.39434,1.271178,1.395086,0.743308
tests/src/Mod/Part/App/CMakeFiles/Part_tests_run.dir/AttachExtension.cpp.o,6.225,6.13092,5.548828,0.557206,2.95974,1.768488,1.591068,0.331274,0.223236
src/Mod/PartDesign/Gui/CMakeFiles/PartDesignGui.dir/TaskFeatureParameters.cpp.o,6.22,6.106372,4.865002,1.203097,3.655391,1.481221,1.407566,0.797923,0.401852
tests/src/Mod/Part/App/CMakeFiles/Part_tests_run.dir/FeatureExtrusion.cpp.o,6.205,6.115086,5.615887,0.474057,4.242547,1.707468,1.554885,0.288342,0.182739
src/Gui/CMakeFiles/FreeCADGui.dir/SoFCDB.cpp.o,6.184,6.100694,2.60639,3.457417,1.533073,1.092364,0.959999,2.184324,1.270095
src/Mod/TechDraw/App/CMakeFiles/TechDraw.dir/LandmarkDimension.cpp.o,6.177,6.092706,2.757185,3.286923,1.814637,1.151586,0.98229,2.108594,1.175634
src/3rdParty/salomesmesh/CMakeFiles/SMESH.dir/src/Controls/SMESH_Controls.cpp.o,6.151,6.072669,3.597133,2.458702,2.108862,1.024824,0.848074,1.547063,0.908424
tests/src/Mod/Part/App/CMakeFiles/Part_tests_run.dir/TopoShape.cpp.o,6.141,6.037249,5.504881,0.508176,3.092849,1.668406,1.506621,0.304854,0.2009
src/Mod/TechDraw/App/CMakeFiles/TechDraw.dir/DrawViewDimExtent.cpp.o,6.135,6.060604,2.741612,3.272452,1.779773,1.19948,1.005911,2.121882,1.147683
tests/src/Mod/Part/App/CMakeFiles/Part_tests_run.dir/FuzzyBoolean.cpp.o,6.134,6.041585,5.643957,0.372877,3.153243,1.685419,1.534654,0.228549,0.141641
src/Mod/Mesh/App/CMakeFiles/Mesh.dir/Core/Approximation.cpp.o,6.133,6.057669,4.141592,1.858952,0.919801,2.496418,2.066602,1.60846,0.247786
tests/src/Mod/TechDraw/App/CMakeFiles/TechDraw_tests_run.dir/__/__/__/__/__/src/Mod/TechDraw/Gui/PathBuilder.cpp.o,6.129,6.0308,4.932992,1.072197,2.910274,1.065267,1.219624,0.684488,0.384623
src/Mod/PartDesign/Gui/CMakeFiles/PartDesignGui.dir/TaskFilletParameters.cpp.o,6.119,6.022439,4.864351,1.115223,3.674157,1.495346,1.437325,0.724545,0.387741
src/Mod/Spreadsheet/App/CMakeFiles/Spreadsheet.dir/Cell.cpp.o,6.109,6.041019,2.03326,3.983489,1.313928,0.697247,0.685984,2.470678,1.510173
src/Mod/TechDraw/Gui/CMakeFiles/TechDrawGui.dir/ViewProviderHatch.cpp.o,6.109,6.027523,2.907992,3.090736,2.103563,1.153992,1.066608,1.986568,1.101573
tests/src/Mod/Part/App/CMakeFiles/Part_tests_run.dir/PartFeatures.cpp.o,6.106,6.014773,5.578598,0.411573,3.114788,1.665404,1.521813,0.259132,0.149779
tests/src/Mod/Part/App/CMakeFiles/Part_tests_run.dir/FeaturePartCut.cpp.o,6.101,6.013848,5.608997,0.37937,3.136721,1.699709,1.531786,0.233638,0.142906
src/Mod/Spreadsheet/Gui/CMakeFiles/SpreadsheetGui.dir/SheetModel.cpp.o,6.092,6.00729,2.784124,3.195866,2.089174,0.840815,0.906423,2.027417,1.166072
src/Mod/CAM/libarea/CMakeFiles/area-native.dir/Adaptive.cpp.o,6.089,6.014618,2.88511,3.115983,1.638218,1.094412,0.662308,2.238074,0.875666
tests/src/Mod/Measure/App/CMakeFiles/Measure_tests_run.dir/MeasurePosition.cpp.o,6.061,5.968812,5.638324,0.305786,4.262367,1.70099,1.541584,0.201415,0.101901
src/Mod/PartDesign/Gui/CMakeFiles/PartDesignGui.dir/TaskMirroredParameters.cpp.o,6.051,5.954692,4.82558,1.092209,3.711125,1.518225,1.539539,0.713471,0.375474
src/Mod/Part/Gui/CMakeFiles/PartGui.dir/DlgProjectionOnSurface.cpp.o,6.015,5.922939,3.4537,2.424789,2.052745,1.389031,1.15219,1.493168,0.928716
src/Mod/Part/Gui/CMakeFiles/PartGui.dir/PropertyEnumAttacherItem.cpp.o,5.999,5.912274,3.035149,2.83791,2.071844,1.262611,1.085338,1.77977,1.056027
src/Mod/TechDraw/App/CMakeFiles/TechDraw.dir/GeometryMatcher.cpp.o,5.982,5.898876,2.65964,3.193661,1.721707,1.176822,1.009338,2.008,1.182977
src/Mod/PartDesign/Gui/CMakeFiles/PartDesignGui.dir/ViewProviderHelix.cpp.o,5.98,5.883016,5.763105,0.073005,4.869235,1.470838,1.581535,0.043607,0.026122
src/Gui/CMakeFiles/FreeCADGui.dir/DAGView/DAGModel.cpp.o,5.975,5.876176,3.745668,2.087401,2.386671,1.014814,1.173109,1.396027,0.68872
src/Mod/Part/App/CMakeFiles/Part.dir/PropertyTopoShape.cpp.o,5.974,5.886778,3.81493,2.030704,2.62185,1.332172,1.203218,1.296451,0.731348
src/Mod/Fem/Gui/CMakeFiles/FemGui.dir/PropertyFemMeshItem.cpp.o,5.971,5.889254,2.750914,3.11158,1.800627,1.084217,0.897879,1.988449,1.120697
tests/src/Mod/Part/App/CMakeFiles/Part_tests_run.dir/FeatureRevolution.cpp.o,5.968,5.879519,5.511829,0.343701,3.081675,1.664768,1.479684,0.214618,0.126317
tests/src/Mod/PartDesign/App/CMakeFiles/PartDesign_tests_run.dir/ShapeBinder.cpp.o,5.953,5.863913,5.564036,0.275341,3.136208,1.670756,1.542442,0.19764,0.075001
src/Mod/Import/App/CMakeFiles/Import.dir/AppImportPy.cpp.o,5.931,5.848507,4.177053,1.6296,2.972526,1.362383,1.357306,1.065833,0.561166
tests/src/Mod/Part/App/CMakeFiles/Part_tests_run.dir/FeatureMirroring.cpp.o,5.93,5.84312,5.502972,0.314846,3.123078,1.652951,1.50374,0.209512,0.102496
src/Mod/PartDesign/Gui/CMakeFiles/PartDesignGui.dir/ViewProviderBody.cpp.o,5.913,5.81976,4.574212,1.209358,3.483,1.379748,1.31935,0.808357,0.398074
src/Mod/PartDesign/Gui/CMakeFiles/PartDesignGui.dir/ViewProviderTransformed.cpp.o,5.913,5.818044,4.676429,1.103391,3.580196,1.47061,1.470743,0.735964,0.364253
src/Mod/TechDraw/App/CMakeFiles/TechDraw.dir/DrawViewDimensionPyImp.cpp.o,5.907,5.825726,2.642031,3.137825,1.721627,1.200976,1.006499,1.971625,1.163623
src/Mod/TechDraw/App/CMakeFiles/TechDraw.dir/AppTechDraw.cpp.o,5.897,5.816556,2.711202,3.060733,1.788181,1.202772,1.003182,1.946257,1.112056
src/Mod/Import/Gui/CMakeFiles/ImportGui.dir/dxf/ImpExpDxfGui.cpp.o,5.897,5.809739,4.239976,1.520203,2.614191,1.885072,1.455509,1.017248,0.499837
src/App/CMakeFiles/FreeCADApp.dir/Link.cpp.o,5.89,5.815598,2.472184,3.312071,1.182718,0.902452,0.796142,2.120097,1.189302
src/Mod/MeshPart/App/CMakeFiles/flatmesh.dir/MeshFlattening.cpp.o,5.889,5.81331,4.502661,1.278961,0.407316,2.155245,1.774151,0.986283,0.289928
src/Mod/TechDraw/App/CMakeFiles/TechDraw.dir/DrawViewDimExtentPyImp.cpp.o,5.887,5.80591,2.680014,3.081409,1.751966,1.238903,1.018208,1.957604,1.121626
src/Mod/Import/Gui/CMakeFiles/ImportGui.dir/AppImportGuiPy.cpp.o,5.873,5.786204,4.148999,1.58305,2.784993,1.563192,1.565422,1.013107,0.566773
tests/src/Mod/Part/App/CMakeFiles/Part_tests_run.dir/FeatureChamfer.cpp.o,5.868,5.782055,5.481004,0.277362,3.063763,1.66134,1.477243,0.189406,0.085773
src/App/CMakeFiles/FreeCADApp.dir/PropertyStandard.cpp.o,5.866,5.790409,2.253796,3.509381,1.055415,0.799238,0.647099,2.12171,1.38493
tests/src/Mod/Part/App/CMakeFiles/Part_tests_run.dir/FeatureFillet.cpp.o,5.865,5.775854,5.480761,0.27154,3.083747,1.688006,1.482282,0.18358,0.08576
tests/src/Mod/Part/App/CMakeFiles/Part_tests_run.dir/FeatureOffset.cpp.o,5.858,5.771685,5.481007,0.265398,3.131447,1.670441,1.495446,0.176896,0.085957
src/3rdParty/salomesmesh/CMakeFiles/StdMeshers.dir/src/StdMeshers/StdMeshers_QuadFromMedialAxis_1D2D.cpp.o,5.849,5.768838,4.271979,1.473567,0.575341,1.453566,1.053094,1.059629,0.411787
src/Mod/Measure/App/CMakeFiles/Measure.dir/MeasureAngle.cpp.o,5.847,5.759026,4.340379,1.375454,3.42486,1.217013,1.262557,0.85774,0.514562
src/Mod/Measure/Gui/CMakeFiles/MeasureGui.dir/ViewProviderMeasureBase.cpp.o,5.847,5.764627,2.488049,3.236923,1.880144,0.726105,0.837846,2.043456,1.190617
src/Mod/Fem/Gui/CMakeFiles/FemGui.dir/Command.cpp.o,5.837,5.755531,3.631552,2.089172,2.732699,1.116694,1.24989,1.265799,0.820455
tests/src/Mod/Part/App/CMakeFiles/Part_tests_run.dir/FeatureCompound.cpp.o,5.832,5.740157,5.475565,0.239691,3.064211,1.668669,1.460397,0.170134,0.066934
tests/src/Mod/Part/App/CMakeFiles/Part_tests_run.dir/TopoShapeMakeElementRefine.cpp.o,5.821,5.730322,5.485878,0.220365,3.1222,1.629737,1.517834,0.152429,0.06551
src/App/CMakeFiles/FreeCADApp.dir/ComplexGeoData.cpp.o,5.8,5.724636,2.070721,3.629133,0.918394,0.945354,0.622015,2.307927,1.31869
src/Mod/CAM/PathSimulator/AppGL/CMakeFiles/CAMSimulator.dir/ViewCAMSimulator.cpp.o,5.799,5.706236,5.563083,0.119198,4.923329,1.260456,1.497849,0.070512,0.046348
tests/src/Base/CMakeFiles/Base_tests_run.dir/UnitsApi.cpp.o,5.798,5.735541,2.395715,3.328839,0.342358,0.832046,0.588681,2.099918,1.226505
src/Mod/CAM/App/CMakeFiles/Path.dir/AppPath.cpp.o,5.783,5.697261,4.721641,0.925474,3.155465,1.885701,1.519171,0.606602,0.315888
tests/src/Mod/PartDesign/App/CMakeFiles/PartDesign_tests_run.dir/DatumPlane.cpp.o,5.779,5.692665,5.411705,0.257606,2.982505,1.702952,1.572252,0.19157,0.063841
tests/src/Mod/Material/App/CMakeFiles/Material_tests_run.dir/TestMaterialValue.cpp.o,5.751,5.67435,4.868277,0.785134,2.359313,1.604182,1.370832,0.417465,0.365069
src/Mod/Surface/Gui/CMakeFiles/SurfaceGui.dir/TaskGeomFillSurface.cpp.o,5.741,5.654634,4.062961,1.561574,2.793261,1.478691,1.291658,1.035665,0.523026
src/Mod/PartDesign/Gui/CMakeFiles/PartDesignGui.dir/ViewProvider.cpp.o,5.738,5.639016,5.13583,0.465124,4.011291,1.631281,1.602848,0.287663,0.174419
src/Mod/PartDesign/Gui/CMakeFiles/PartDesignGui.dir/ViewProviderHole.cpp.o,5.728,5.631642,5.16363,0.431376,3.949182,1.707049,1.673634,0.289696,0.138853
src/App/CMakeFiles/FreeCADApp.dir/PropertyExpressionEngine.cpp.o,5.724,5.638162,2.781789,2.823598,1.432129,0.954647,0.998222,1.911916,0.908669
src/Mod/Fem/Gui/CMakeFiles/FemGui.dir/ViewProviderFemPostFunction.cpp.o,5.724,5.64282,2.46496,3.150237,1.94493,0.756126,0.990334,1.987961,1.159934
tests/src/Mod/Material/App/CMakeFiles/Material_tests_run.dir/TestMaterialCards.cpp.o,5.719,5.637636,5.039093,0.576692,0.907969,1.715919,1.436631,0.346393,0.227763
src/Mod/Part/Gui/CMakeFiles/PartGui.dir/ShapeFromMesh.cpp.o,5.717,5.639401,2.176479,3.427131,1.542123,0.659327,0.689161,2.174033,1.250627
src/Mod/TechDraw/Gui/CMakeFiles/TechDrawGui.dir/TaskComplexSection.cpp.o,5.708,5.623067,4.072712,1.51343,2.898828,1.481022,1.377617,0.931976,0.57836
src/Mod/PartDesign/App/CMakeFiles/PartDesign.dir/FeatureDressUp.cpp.o,5.679,5.596151,4.02091,1.529294,3.032988,1.161949,1.155079,0.986093,0.539823
tests/src/Mod/Part/App/CMakeFiles/Part_tests_run.dir/PreviewExtension.cpp.o,5.677,5.591709,5.186668,0.381172,2.787192,1.631725,1.470874,0.227064,0.151705
tests/src/App/CMakeFiles/App_tests_run.dir/ExpressionParser.cpp.o,5.668,5.590799,3.880449,1.69165,1.69585,1.173509,1.081015,0.90788,0.781152
src/Mod/PartDesign/Gui/CMakeFiles/PartDesignGui.dir/AppPartDesignGui.cpp.o,5.667,5.572686,4.547569,0.991211,3.553932,1.371941,1.338612,0.625798,0.362523
src/Mod/Mesh/Gui/CMakeFiles/MeshGui.dir/PropertyEditorMesh.cpp.o,5.664,5.587277,2.51721,3.044065,1.720496,1.028561,0.815738,1.914462,1.127151
tests/src/Mod/Measure/App/CMakeFiles/Measure_tests_run.dir/QuickMeasure.cpp.o,5.662,5.57665,5.278513,0.274822,3.91074,1.64985,1.508669,0.183452,0.089221
tests/src/Mod/Part/App/CMakeFiles/Part_tests_run.dir/FeaturePartBoolean.cpp.o,5.657,5.565602,5.536619,0.004994,3.105254,1.70105,1.513811,0.002156,0.000338
tests/src/Mod/Sketcher/App/CMakeFiles/Sketcher_tests_run.dir/Constraint.cpp.o,5.656,5.576497,3.97149,1.588304,1.902324,1.077517,0.990941,0.977142,0.608743
src/Mod/Import/App/CMakeFiles/Import.dir/ExportOCAF2.cpp.o,5.654,5.571232,3.993129,1.538001,2.95578,1.205443,1.210476,1.024774,0.510544
src/Mod/Measure/App/CMakeFiles/Measure.dir/MeasureRadius.cpp.o,5.631,5.546546,4.054284,1.452569,3.20093,1.169282,1.158514,1.051203,0.398319
src/Mod/Part/Gui/CMakeFiles/PartGui.dir/DlgPartCylinderImp.cpp.o,5.621,5.53767,2.13754,3.364563,1.255199,0.90776,0.686077,2.172357,1.189586
src/Mod/Fem/Gui/CMakeFiles/FemGui.dir/TaskFemConstraintFluidBoundary.cpp.o,5.617,5.531325,3.823514,1.670961,2.571644,1.407968,1.372274,1.078926,0.589199
src/Mod/Part/Gui/CMakeFiles/PartGui.dir/ViewProviderExt.cpp.o,5.616,5.524373,3.61913,1.860021,2.290022,1.560304,1.279391,1.212481,0.644618
src/Mod/Spreadsheet/Gui/CMakeFiles/SpreadsheetGui.dir/SheetTableView.cpp.o,5.614,5.523772,3.287127,2.205699,2.267593,1.030406,1.036173,1.444069,0.758458
src/Gui/CMakeFiles/FreeCADGui.dir/propertyeditor/PropertyItemDelegate.cpp.o,5.611,5.537064,2.211283,3.293383,1.239245,1.014446,0.798211,2.108821,1.182037
tests/src/App/CMakeFiles/App_tests_run.dir/MappedName.cpp.o,5.601,5.515441,3.685407,1.812827,1.576631,0.882734,0.845474,0.95468,0.856111
src/Mod/Sketcher/Gui/CMakeFiles/SketcherGui.dir/TaskDlgEditSketch.cpp.o,5.597,5.500107,5.375615,0.087034,4.406343,1.65348,1.763792,0.055955,0.028344
src/Mod/Measure/App/CMakeFiles/Measure.dir/MeasureDistance.cpp.o,5.596,5.509651,4.124058,1.34509,3.232314,1.16934,1.187242,0.866347,0.475479
src/Mod/Part/Gui/CMakeFiles/PartGui.dir/DlgPartBoxImp.cpp.o,5.569,5.494518,2.111228,3.348286,1.247302,0.89686,0.682172,2.149705,1.196289
src/Mod/MeshPart/Gui/CMakeFiles/MeshPartGui.dir/Tessellation.cpp.o,5.566,5.477869,3.965192,1.481393,2.769613,1.44615,1.347024,0.974929,0.503395
src/Mod/Part/Gui/CMakeFiles/PartGui.dir/ViewProviderPreviewExtension.cpp.o,5.561,5.47091,4.238822,1.188342,3.209068,1.337202,1.276703,0.744469,0.440992
src/Mod/PartDesign/Gui/CMakeFiles/PartDesignGui.dir/TaskLoftParameters.cpp.o,5.55,5.457238,4.995359,0.425161,3.767389,1.592132,1.525217,0.283284,0.138973
src/Mod/Measure/App/CMakeFiles/Measure.dir/MassPropertiesResult.cpp.o,5.542,5.45882,4.067865,1.328113,2.641532,1.404284,1.228346,0.876075,0.445468
src/Mod/PartDesign/App/CMakeFiles/PartDesign.dir/FeatureExtrude.cpp.o,5.541,5.464572,3.937401,1.490216,2.999666,1.206124,1.205934,0.966342,0.521019
src/Mod/CAM/App/CMakeFiles/Path.dir/FeatureArea.cpp.o,5.529,5.442393,4.132866,1.263885,2.818984,1.494539,1.306818,0.791555,0.46979
src/Mod/Mesh/Gui/CMakeFiles/MeshGui.dir/ViewProvider.cpp.o,5.517,5.430698,3.320591,2.078416,2.346743,1.071509,1.180752,1.320569,0.754875
src/Mod/TechDraw/Gui/CMakeFiles/TechDrawGui.dir/ViewProviderAnnotation.cpp.o,5.513,5.43968,2.310011,3.103857,1.485211,0.943877,0.747419,1.997144,1.104238
src/Mod/Spreadsheet/Gui/CMakeFiles/SpreadsheetGui.dir/SpreadsheetView.cpp.o,5.507,5.418326,3.203894,2.183786,2.122321,1.019699,1.012894,1.397812,0.782879
src/Gui/CMakeFiles/FreeCADGui.dir/CommandView.cpp.o,5.489,5.404431,3.146683,2.219266,2.086748,0.987532,1.173623,1.349367,0.866895
src/Mod/TechDraw/Gui/CMakeFiles/TechDrawGui.dir/CommandAnnotate.cpp.o,5.486,5.404239,3.683227,1.678087,2.602037,1.416276,1.413203,1.057789,0.617226
src/Mod/Part/App/CMakeFiles/Part.dir/TopoShapePyImp.cpp.o,5.478,5.407668,2.44164,2.932525,1.611541,0.545715,0.574152,1.669686,1.260188
tests/src/Mod/Material/App/CMakeFiles/Material_tests_run.dir/TestModel.cpp.o,5.477,5.393445,4.885269,0.487069,1.769086,1.649686,1.409848,0.300585,0.183951
tests/src/Mod/Material/App/CMakeFiles/Material_tests_run.dir/TestMaterialFilter.cpp.o,5.465,5.378744,4.929157,0.429502,2.421011,1.671582,1.401133,0.263114,0.164324
src/Mod/Sketcher/Gui/CMakeFiles/SketcherGui.dir/ViewProviderPython.cpp.o,5.452,5.351406,5.007292,0.308413,4.05822,1.587206,1.561837,0.166594,0.139026
src/Mod/ReverseEngineering/Gui/CMakeFiles/ReverseEngineeringGui.dir/Command.cpp.o,5.448,5.365012,3.975228,1.354885,2.789624,1.547694,1.405864,0.893266,0.458818
src/App/CMakeFiles/FreeCADApp.dir/ElementMap.cpp.o,5.444,5.366185,2.142706,3.194615,0.976618,0.820984,0.709039,2.146355,1.045586
src/3rdParty/salomesmesh/CMakeFiles/SMESH.dir/src/SMESH/MED_V2_2_Wrapper.cpp.o,5.439,5.362491,3.175146,2.174261,1.786068,1.081748,0.590768,1.300499,0.871313
src/Mod/Surface/Gui/CMakeFiles/SurfaceGui.dir/TaskFilling.cpp.o,5.437,5.347114,4.192272,1.125716,2.923675,1.517064,1.360479,0.69367,0.429232
src/Mod/PartDesign/Gui/CMakeFiles/PartDesignGui.dir/ViewProviderDressUp.cpp.o,5.436,5.340388,4.715056,0.589432,3.633296,1.522307,1.463743,0.400985,0.185057
src/Mod/TechDraw/Gui/CMakeFiles/TechDrawGui.dir/TaskLeaderLine.cpp.o,5.433,5.345341,3.731745,1.57793,2.473015,1.531286,1.350935,0.999748,0.574837
tests/src/App/CMakeFiles/App_tests_run.dir/StringHasher.cpp.o,5.432,5.364809,3.301842,2.048643,2.058003,0.8488,0.691076,1.059721,0.986168
src/Mod/CAM/PathSimulator/AppGL/CMakeFiles/CAMSimulator.dir/View3DSettings.cpp.o,5.429,5.342358,5.300339,0.01922,4.758182,1.156304,1.358282,0.009338,0.006728
src/Gui/CMakeFiles/FreeCADGui.dir/Command.cpp.o,5.407,5.321265,2.929021,2.355348,1.921266,0.988718,1.145148,1.481628,0.870865
src/Mod/TechDraw/App/CMakeFiles/TechDraw.dir/DrawComplexSection.cpp.o,5.398,5.310901,2.918662,2.345588,1.612281,1.307074,1.031163,1.418887,0.923744
src/Mod/Material/App/CMakeFiles/Materials.dir/MaterialLoader.cpp.o,5.396,5.321306,2.778027,2.517577,1.522423,1.230298,0.922393,1.537295,0.97793
tests/src/Gui/CMakeFiles/Gui_tests_run.dir/SelectionTest.cpp.o,5.396,5.299638,4.962341,0.314776,2.889558,1.248028,1.400961,0.201038,0.111216
src/Mod/PartDesign/Gui/CMakeFiles/PartDesignGui.dir/TaskDefeaturingParameters.cpp.o,5.39,5.299358,4.264283,1.000643,3.276611,1.268383,1.244394,0.675912,0.322472
src/Mod/PartDesign/Gui/CMakeFiles/PartDesignGui.dir/ViewProviderShapeBinder.cpp.o,5.388,5.302801,3.659864,1.605955,2.478699,1.460997,1.254842,1.064117,0.538789
src/Mod/Mesh/App/CMakeFiles/Mesh.dir/Mesh.cpp.o,5.38,5.310062,2.816651,2.464046,1.743951,0.845556,0.866705,1.637582,0.824196
src/Mod/Part/Gui/CMakeFiles/PartGui.dir/TaskCheckGeometry.cpp.o,5.377,5.289628,3.164521,2.083653,1.772119,1.285087,1.055936,1.246461,0.834392
src/Mod/PartDesign/Gui/CMakeFiles/PartDesignGui.dir/TaskMultiTransformParameters.cpp.o,5.371,5.274031,4.929614,0.307715,3.768533,1.555264,1.564949,0.181277,0.124229
src/Mod/TechDraw/Gui/CMakeFiles/TechDrawGui.dir/DrawGuiUtil.cpp.o,5.37,5.278393,3.709204,1.533488,2.568231,1.439188,1.357014,0.969147,0.560794
src/Mod/PartDesign/App/CMakeFiles/PartDesign.dir/FeatureRevolved.cpp.o,5.36,5.277029,3.881943,1.355711,2.958013,1.166454,1.174534,0.824605,0.527832
src/Gui/CMakeFiles/FreeCADGui.dir/propertyeditor/PropertyModel.cpp.o,5.355,5.282294,2.05829,3.191267,1.065397,0.971792,0.670889,2.02185,1.167054
src/Mod/Sketcher/App/CMakeFiles/Sketcher.dir/Constraint.cpp.o,5.329,5.24352,2.609558,2.59607,1.088816,1.119443,0.823275,1.671544,0.921995
src/Gui/CMakeFiles/FreeCADGui.dir/Dialogs/DlgUnitsCalculatorImp.cpp.o,5.327,5.250157,2.035834,3.186354,1.11271,0.936511,0.701351,2.054991,1.129389
src/Mod/TechDraw/Gui/CMakeFiles/TechDrawGui.dir/TaskSpreadsheetView.cpp.o,5.324,5.240507,3.851984,1.351532,2.5976,1.458181,1.443734,0.865047,0.48391
src/Gui/CMakeFiles/FreeCADGui.dir/InputVector.cpp.o,5.318,5.242308,1.988068,3.223958,1.115643,0.930285,0.681909,2.045514,1.176014
tests/src/Mod/Material/App/CMakeFiles/Material_tests_run.dir/TestMaterialProperties.cpp.o,5.305,5.220527,4.820736,0.378913,2.351147,1.624992,1.370186,0.218268,0.158144
src/Gui/CMakeFiles/FreeCADGui.dir/ViewProviderVarSet.cpp.o,5.302,5.223743,2.026861,3.166954,1.204759,0.995529,0.746455,2.061307,1.102731
tests/src/Mod/Part/App/CMakeFiles/Part_tests_run.dir/FaceMakerUnified.cpp.o,5.299,5.211623,4.589961,0.601363,2.519801,1.139672,1.180712,0.377858,0.221375
src/Mod/TechDraw/App/CMakeFiles/TechDraw.dir/Geometry.cpp.o,5.266,5.177466,2.817642,2.311365,1.386802,1.211329,1.005321,1.453941,0.854792
src/Mod/Sketcher/App/CMakeFiles/Sketcher.dir/SketchAnalysis.cpp.o,5.261,5.174152,3.486027,1.640465,2.379091,1.228181,1.092593,1.124473,0.513207
src/Gui/CMakeFiles/FreeCADGui.dir/ViewProvider.cpp.o,5.257,5.168763,3.303317,1.82639,2.253522,1.126001,1.185459,1.20635,0.616971
src/Mod/Fem/App/CMakeFiles/Fem.dir/FemVTKTools.cpp.o,5.257,5.178806,2.34261,2.810003,1.172294,0.844428,0.767078,1.812689,0.994929
src/Mod/Part/App/CMakeFiles/Part.dir/AttachExtension.cpp.o,5.255,5.177438,3.675204,1.452074,2.675931,1.203875,1.190698,0.969366,0.479142
src/3rdParty/salomesmesh/CMakeFiles/StdMeshers.dir/src/StdMeshers/StdMeshers_ViscousLayers2D.cpp.o,5.253,5.17845,3.277934,1.884204,0.273088,0.939859,0.80076,1.24863,0.633104
src/Mod/Measure/App/CMakeFiles/Measure.dir/Measurement.cpp.o,5.252,5.177315,3.663259,1.478795,2.459576,1.121893,1.067136,0.921798,0.554218
src/Mod/Measure/App/CMakeFiles/Measure.dir/MeasureLength.cpp.o,5.248,5.16794,4.012762,1.118231,3.165851,1.159076,1.140804,0.749127,0.366558
src/Mod/TechDraw/Gui/CMakeFiles/TechDrawGui.dir/QGIViewAnnotation.cpp.o,5.247,5.162146,2.594687,2.539778,1.571477,0.969778,0.836036,1.656923,0.880318
tests/src/Mod/Material/App/CMakeFiles/Material_tests_run.dir/TestModelProperties.cpp.o,5.224,5.140836,4.789198,0.330174,2.338922,1.612469,1.373518,0.186344,0.141382
src/Mod/Inspection/App/CMakeFiles/Inspection.dir/InspectionFeature.cpp.o,5.218,5.143817,3.200864,1.906503,1.887858,1.458328,1.141509,1.225967,0.677632
src/Mod/Measure/App/CMakeFiles/Measure.dir/MeasureDiameter.cpp.o,5.216,5.131332,3.962716,1.13054,3.123538,1.138728,1.125962,0.741371,0.386383
src/Mod/Assembly/App/CMakeFiles/Assembly.dir/AssemblyUtils.cpp.o,5.207,5.112102,4.747104,0.331323,3.981583,1.245564,1.343081,0.196197,0.13176
src/Mod/Part/Gui/CMakeFiles/PartGui.dir/TaskThickness.cpp.o,5.196,5.105483,3.401985,1.659285,1.894535,1.336606,1.140682,1.064089,0.592668
src/Main/CMakeFiles/FreeCADMain.dir/MainGui.cpp.o,5.181,5.107963,3.952379,1.138648,1.280055,0.877926,0.873289,0.739409,0.396759
src/Mod/Sketcher/App/CMakeFiles/Sketcher.dir/SketchObjectPyImp.cpp.o,5.155,5.069644,3.537768,1.485925,2.412386,1.177162,1.087834,0.732409,0.750117
src/3rdParty/salomesmesh/CMakeFiles/StdMeshers.dir/src/StdMeshers/StdMeshers_ProjectionUtils.cpp.o,5.148,5.069325,3.002777,2.050947,1.620906,0.826033,0.73791,1.155609,0.892979
src/Gui/CMakeFiles/FreeCADGui.dir/Selection/SoFCSelection.cpp.o,5.129,5.051186,1.889215,3.132741,1.362392,0.683165,0.747676,1.966152,1.16427
src/App/CMakeFiles/FreeCADApp.dir/BackupPolicy.cpp.o,5.128,5.056479,1.525062,3.509286,0.4441,0.786412,0.400229,2.204668,1.302505
tests/src/App/CMakeFiles/App_tests_run.dir/Property.cpp.o,5.124,5.046958,3.922091,1.106808,1.690056,1.13572,1.086316,0.595548,0.50893
src/Gui/CMakeFiles/FreeCADGui.dir/Placement.cpp.o,5.088,4.999526,2.936119,2.025644,1.567878,1.267793,0.984118,1.285114,0.737402
src/Mod/Surface/App/CMakeFiles/Surface.dir/FeatureCut.cpp.o,5.061,4.984317,4.83986,0.100894,3.92459,1.470626,1.461033,0.067819,0.029705
src/Mod/Measure/App/CMakeFiles/Measure.dir/MeasureCOM.cpp.o,5.055,4.968857,3.952701,0.977203,3.145245,1.11289,1.124406,0.659175,0.315206
src/Mod/Sketcher/App/CMakeFiles/Sketcher.dir/SketchObjectGeometry.cpp.o,5.043,4.95981,3.747847,1.167048,2.439469,1.428574,1.209598,0.773768,0.389977
src/Mod/Part/App/CMakeFiles/Part.dir/MeasureClient.cpp.o,5.042,4.953705,3.413604,1.500686,2.376265,1.204954,1.103096,0.928697,0.569435
src/Mod/Part/App/CMakeFiles/Part.dir/AppPart.cpp.o,5.021,4.941639,3.815147,1.085656,2.998774,1.108701,1.182407,0.711771,0.371645
src/Mod/Measure/App/CMakeFiles/Measure.dir/ShapeFinder.cpp.o,5.013,4.929587,4.629112,0.259859,3.81153,1.381552,1.382446,0.168868,0.087403
src/Mod/TechDraw/Gui/CMakeFiles/TechDrawGui.dir/QGIViewPart.cpp.o,5.009,4.92981,3.380079,1.515198,2.082028,1.308837,1.149793,0.979584,0.532405
src/Mod/Fem/Gui/CMakeFiles/FemGui.dir/ViewProviderFemMesh.cpp.o,5.008,4.931246,2.112166,2.793188,1.256868,0.725412,0.704158,1.561577,1.229172
tests/src/Gui/Dialogs/CMakeFiles/DlgVersionMigrator_Tests_run.dir/DlgVersionMigrator.cpp.o,5.005,4.923995,4.519613,0.386439,0.232008,1.000304,1.082712,0.235857,0.147853
src/Main/CMakeFiles/FreeCADGuiPy.dir/FreeCADGuiPy.cpp.o,5.001,4.924583,3.931377,0.974543,1.244228,0.846203,0.855435,0.65198,0.319667
src/Mod/PartDesign/Gui/CMakeFiles/PartDesignGui.dir/TaskPocketParameters.cpp.o,4.996,4.906153,4.781101,0.090228,3.805458,1.415139,1.437594,0.055331,0.032126
src/Mod/Sketcher/Gui/CMakeFiles/SketcherGui.dir/ShortcutListener.cpp.o,4.994,4.895953,4.851686,0.009618,4.000131,1.519761,1.506637,0.003909,0.002984
src/Mod/PartDesign/Gui/CMakeFiles/PartDesignGui.dir/TaskPadParameters.cpp.o,4.989,4.894079,4.765047,0.091564,3.774156,1.425693,1.432662,0.058663,0.030129
tests/src/Gui/CMakeFiles/Gui_tests_run.dir/StyleParameters/YamlParameterSourceTest.cpp.o,4.988,4.910061,3.876074,1.017564,3.12893,1.001962,0.981732,0.795782,0.219544
tests/src/App/CMakeFiles/App_tests_run.dir/Expression.cpp.o,4.985,4.909713,3.848377,1.043386,1.679216,1.060552,1.01346,0.588901,0.451797
src/Mod/PartDesign/App/CMakeFiles/PartDesign.dir/AppPartDesign.cpp.o,4.973,4.897428,3.917208,0.942776,2.779551,1.168459,1.166163,0.634224,0.305703
src/Mod/PartDesign/App/CMakeFiles/PartDesign.dir/FeatureBoolean.cpp.o,4.957,4.881002,3.702904,1.141672,2.873776,1.100132,1.120834,0.739608,0.399355
src/Mod/Part/App/CMakeFiles/Part.dir/AttachEnginePyImp.cpp.o,4.947,4.864754,3.323822,1.503266,2.422917,1.088936,1.015594,0.928876,0.57163
src/Mod/PartDesign/Gui/CMakeFiles/PartDesignGui.dir/TaskBooleanParameters.cpp.o,4.943,4.84822,4.52887,0.282746,3.503503,1.39132,1.368083,0.184399,0.095672
src/Mod/Material/Gui/CMakeFiles/MatGui.dir/MaterialsEditor.cpp.o,4.942,4.864691,3.032997,1.80137,1.773149,1.279282,1.03315,1.115031,0.683784
tests/src/Mod/Assembly/App/CMakeFiles/Assembly_tests_run.dir/AssemblyObject.cpp.o,4.935,4.855409,4.669279,0.163821,2.66942,1.188002,1.242345,0.117987,0.042929
src/Mod/TechDraw/Gui/CMakeFiles/TechDrawGui.dir/TaskActiveView.cpp.o,4.933,4.842258,3.593509,1.209895,2.507669,1.451888,1.36468,0.794942,0.411633
tests/src/Gui/CMakeFiles/Gui_tests_run.dir/StyleParameters/ValueAccessTest.cpp.o,4.929,4.854872,3.278264,1.560537,2.457642,1.012247,0.903062,0.999188,0.558616
src/Mod/PartDesign/Gui/CMakeFiles/PartDesignGui.dir/TaskScaledParameters.cpp.o,4.924,4.825946,4.652176,0.139252,3.636348,1.505482,1.487863,0.096657,0.04009
tests/src/App/CMakeFiles/App_tests_run.dir/QuantityInput.cpp.o,4.921,4.849919,3.673379,1.159226,1.529922,1.048173,1.047693,0.6307,0.526093
src/Mod/PartDesign/App/CMakeFiles/PartDesign.dir/FeatureThickness.cpp.o,4.917,4.836486,3.689693,1.111344,2.833847,1.136318,1.089748,0.734346,0.374327
tests/src/Gui/CMakeFiles/Gui_tests_run.dir/StyleParameters/ValueMatchers.cpp.o,4.917,4.847133,2.797368,2.035564,1.621557,1.203977,0.892032,1.292567,0.740665
tests/src/Gui/CMakeFiles/TranslatorLocale_Tests_run.dir/TranslatorLocale.cpp.o,4.916,4.837623,4.497502,0.320185,0.264321,0.995925,1.078841,0.203593,0.11417
src/Mod/PartDesign/App/CMakeFiles/PartDesign.dir/FeatureChamfer.cpp.o,4.91,4.83173,3.732583,1.063463,2.926738,1.125808,1.124073,0.681774,0.378766
tests/src/Gui/CMakeFiles/Gui_tests_run.dir/ViewProviderDoubleClick.cpp.o,4.889,4.806353,4.412495,0.37435,2.349129,1.031156,1.08117,0.240103,0.131735
src/Mod/Part/Gui/CMakeFiles/PartGui.dir/TaskLinkArrayParameters.cpp.o,4.881,4.785877,3.268202,1.474528,2.149184,1.266103,1.17732,0.996064,0.475749
src/Mod/TechDraw/App/CMakeFiles/TechDraw.dir/DrawViewSection.cpp.o,4.874,4.783189,2.822862,1.908178,1.665446,1.244466,1.055835,1.169532,0.735261
tests/src/Base/CMakeFiles/InventorBuilder_Tests_run.dir/InventorBuilder.cpp.o,4.865,4.787569,4.385324,0.38459,0.836241,0.957838,0.989678,0.212038,0.170393
src/Mod/Part/App/CMakeFiles/Part.dir/PropertyGeometryList.cpp.o,4.864,4.787403,3.595719,1.151336,2.644315,1.211312,1.201169,0.770602,0.37828
tests/src/Mod/Points/App/CMakeFiles/Points_tests_run.dir/Points.cpp.o,4.859,4.777409,4.329707,0.425975,2.372762,1.076957,1.031043,0.2368,0.186669
src/App/CMakeFiles/FreeCADApp.dir/DocumentObject.cpp.o,4.854,4.784671,2.311162,2.448493,1.144524,0.864602,0.811479,1.582168,0.863972
src/Mod/Surface/App/CMakeFiles/Surface.dir/FeatureSewing.cpp.o,4.847,4.724777,4.365703,0.290573,3.184975,1.65353,1.412843,0.172222,0.112384
tests/src/Base/CMakeFiles/Base_tests_run.dir/Tools.cpp.o,4.836,4.766097,2.869978,1.883381,0.403552,1.133336,0.678249,1.184064,0.697327
src/Mod/Material/App/CMakeFiles/Materials.dir/ModelLoader.cpp.o,4.822,4.752565,2.644942,2.086739,1.524107,1.12346,0.860008,1.292584,0.791642
tests/src/Mod/Mesh/App/CMakeFiles/Mesh_tests_run.dir/Exporter.cpp.o,4.816,4.733819,4.422877,0.288254,2.456702,1.174029,1.198546,0.191744,0.093933
src/Mod/Sketcher/Gui/CMakeFiles/SketcherGui.dir/ViewProviderSketchCoinAttorney.cpp.o,4.814,4.717722,4.678082,0.004599,3.856654,1.474131,1.457228,0.001803,0.000351
src/Mod/PartDesign/App/CMakeFiles/PartDesign.dir/FeatureTransformed.cpp.o,4.801,4.724123,3.950391,0.736547,2.559956,1.323035,1.208626,0.49408,0.239803
src/Mod/ReverseEngineering/Gui/CMakeFiles/ReverseEngineeringGui.dir/Segmentation.cpp.o,4.798,4.7048,3.313387,1.361054,2.266209,1.261736,1.151178,0.895448,0.462979
src/Mod/Surface/Gui/CMakeFiles/SurfaceGui.dir/TaskSections.cpp.o,4.79,4.709533,4.027282,0.652845,2.854947,1.485329,1.354532,0.41668,0.233455
src/Gui/CMakeFiles/FreeCADGui.dir/Dialogs/DlgProjectInformationImp.cpp.o,4.785,4.71062,1.611416,3.071549,1.105975,0.475573,0.496515,1.911884,1.157522
tests/src/App/CMakeFiles/App_tests_run.dir/ElementMap.cpp.o,4.781,4.71066,3.603058,1.089782,1.527468,0.966038,0.872544,0.657509,0.429535
src/Mod/PartDesign/App/CMakeFiles/PartDesign.dir/FeatureAddSub.cpp.o,4.778,4.6999,3.555091,1.108671,2.739235,1.122723,1.054769,0.73023,0.375901
src/Mod/Surface/Gui/CMakeFiles/SurfaceGui.dir/TaskFillingEdge.cpp.o,4.775,4.691931,3.939417,0.72385,2.836781,1.412214,1.27998,0.472012,0.249203
src/Mod/PartDesign/Gui/CMakeFiles/PartDesignGui.dir/ViewProviderPipe.cpp.o,4.772,4.677697,4.460847,0.181791,3.564628,1.375188,1.387231,0.112055,0.067038
src/3rdParty/salomesmesh/CMakeFiles/StdMeshers.dir/src/StdMeshers/StdMeshers_Projection_2D.cpp.o,4.764,4.688716,3.18296,1.48988,0.003797,0.956409,0.84152,0.995082,0.49263
src/Mod/MeshPart/App/CMakeFiles/MeshPart.dir/CurveProjector.cpp.o,4.763,4.691042,2.744326,1.92458,1.639045,0.818071,0.789992,1.296448,0.625808
src/Mod/TechDraw/App/CMakeFiles/TechDraw.dir/EdgeWalker.cpp.o,4.763,4.683009,2.580206,2.056996,1.257805,1.236701,0.92317,1.425304,0.629302
src/Mod/TechDraw/Gui/CMakeFiles/TechDrawGui.dir/TaskCosmeticCircle.cpp.o,4.756,4.669443,3.442704,1.191738,2.332464,1.364397,1.285443,0.761161,0.427738
src/Mod/PartDesign/Gui/CMakeFiles/PartDesignGui.dir/ViewProviderPrimitive.cpp.o,4.746,4.65874,4.562069,0.062584,3.69195,1.402476,1.444228,0.03133,0.028702
tests/src/App/CMakeFiles/App_tests_run.dir/ComplexGeoData.cpp.o,4.736,4.658148,3.739247,0.903121,1.66627,1.069939,0.961736,0.547178,0.353981
src/Mod/Surface/App/CMakeFiles/Surface.dir/AppSurface.cpp.o,4.723,4.641312,3.585248,1.01883,2.440799,1.103621,1.087556,0.666301,0.349828
src/Mod/PartDesign/Gui/CMakeFiles/PartDesignGui.dir/ViewProviderExtrude.cpp.o,4.722,4.632743,4.49811,0.09688,3.636617,1.376949,1.402254,0.055599,0.038805
src/Gui/CMakeFiles/FreeCADGui.dir/Action.cpp.o,4.721,4.631271,2.609507,1.987004,1.451025,0.887926,0.982033,1.23723,0.747015
src/Mod/CAM/PathSimulator/App/CMakeFiles/PathSimulator.dir/AppPathSimulator.cpp.o,4.711,4.631703,3.645579,0.969579,1.999063,0.828692,0.84143,0.643072,0.324148
tests/src/Gui/CMakeFiles/Gui_tests_run.dir/StyleParameters/GradientTest.cpp.o,4.711,4.644435,2.711672,1.919378,1.974543,0.859763,0.68719,1.234692,0.682354
src/Mod/PartDesign/Gui/CMakeFiles/PartDesignGui.dir/ViewProviderMultiTransform.cpp.o,4.697,4.604053,4.474218,0.096578,3.581187,1.417267,1.408995,0.060686,0.032474
tests/src/App/CMakeFiles/App_tests_run.dir/BackupPolicy.cpp.o,4.697,4.624726,3.527476,1.082338,1.585717,0.955457,0.886909,0.613886,0.466506
src/Mod/Material/App/CMakeFiles/Materials.dir/Materials.cpp.o,4.694,4.625344,2.347189,2.258022,1.111678,1.111415,0.772168,1.426242,0.829459
src/Mod/Import/App/CMakeFiles/Import.dir/dxf/dxf.cpp.o,4.69,4.620171,2.01459,2.577998,0.514,0.45726,0.435001,1.462507,1.113267
src/Mod/CAM/PathSimulator/AppGL/CMakeFiles/CAMSimulator.dir/DlgCAMSimulator.cpp.o,4.69,4.610737,4.186998,0.397031,3.685415,0.914269,1.21366,0.296771,0.097425
src/Mod/PartDesign/App/CMakeFiles/PartDesign.dir/FeatureRefine.cpp.o,4.689,4.614774,3.502479,1.076666,2.692987,1.097874,1.033681,0.713584,0.360425
src/Mod/TechDraw/App/CMakeFiles/TechDraw.dir/DrawBrokenView.cpp.o,4.674,4.591421,2.824755,1.721643,1.733216,1.235693,0.992118,1.070364,0.648631
src/Mod/Inspection/Gui/CMakeFiles/InspectionGui.dir/ViewProviderInspection.cpp.o,4.674,4.592923,3.338221,1.225869,2.697348,0.99352,1.197394,0.793378,0.429758
src/Gui/CMakeFiles/FreeCADGui.dir/Dialogs/DlgThemeEditor.cpp.o,4.658,4.585039,2.013013,2.54157,0.968519,0.786434,0.725318,1.703782,0.83539
src/Mod/TechDraw/Gui/CMakeFiles/TechDrawGui.dir/TaskCosmeticLine.cpp.o,4.658,4.57457,3.342207,1.195247,2.255423,1.329693,1.222453,0.793031,0.399464
src/Mod/PartDesign/Gui/CMakeFiles/PartDesignGui.dir/TaskFeatureAddSubParameters.cpp.o,4.655,4.556186,4.468261,0.052911,3.538797,1.388448,1.319122,0.039208,0.011228
src/Mod/Sketcher/Gui/CMakeFiles/SketcherGui.dir/SketcherSettings.cpp.o,4.65,4.574669,2.80838,1.736571,1.811022,1.001838,0.84254,0.966543,0.767467
tests/src/Mod/Part/App/CMakeFiles/Part_tests_run.dir/TopoShapeCache.cpp.o,4.641,4.561753,3.818625,0.725287,1.753607,0.947685,0.890241,0.434632,0.288163
src/Mod/TechDraw/Gui/CMakeFiles/TechDrawGui.dir/TaskHatch.cpp.o,4.638,4.555043,3.38207,1.140122,2.397104,1.320068,1.253917,0.743177,0.394304
src/Gui/CMakeFiles/FreeCADGui.dir/ExpressionCompleter.cpp.o,4.633,4.555368,2.254325,2.268864,1.167392,0.763557,0.718785,1.474501,0.791703
src/Mod/Mesh/Gui/CMakeFiles/MeshGui.dir/Command.cpp.o,4.623,4.543856,2.622804,1.893731,1.932544,0.806752,0.986911,1.175186,0.71599
src/Base/CMakeFiles/FreeCADBase.dir/Interpreter.cpp.o,4.622,4.560664,1.190711,3.350184,0.249927,0.558823,0.26882,2.081445,1.26638
src/Gui/CMakeFiles/FreeCADGui.dir/OverlayManager.cpp.o,4.616,4.52984,2.467982,2.025256,1.050556,0.867606,0.884182,1.303681,0.719021
src/Mod/PartDesign/Gui/CMakeFiles/PartDesignGui.dir/ViewProviderLoft.cpp.o,4.615,4.525906,4.314987,0.177647,3.421077,1.334218,1.321955,0.118642,0.056779
src/Mod/TechDraw/Gui/CMakeFiles/TechDrawGui.dir/TaskGeomHatch.cpp.o,4.615,4.528273,3.35667,1.138207,2.360331,1.375463,1.208126,0.736498,0.399138
src/Mod/CAM/PathSimulator/AppGL/CMakeFiles/CAMSimulator.dir/CAMSettings.cpp.o,4.606,4.521608,4.462159,0.040925,4.028265,0.922815,0.988724,0.028591,0.010109
src/Mod/MeshPart/App/CMakeFiles/MeshPart.dir/Mesher.cpp.o,4.603,4.523338,3.184278,1.314205,1.636416,0.856753,1.014678,0.90405,0.40806
tests/src/App/CMakeFiles/App_tests_run.dir/Document.cpp.o,4.596,4.52038,4.167359,0.335006,2.193594,1.127704,1.149238,0.222001,0.110851
tests/src/Mod/Part/App/CMakeFiles/Part_tests_run.dir/TopoShapeMapper.cpp.o,4.596,4.523328,3.95777,0.548485,1.875088,0.97238,0.937787,0.35033,0.195777
src/Mod/CAM/PathSimulator/AppGL/CMakeFiles/CAMSimulator.dir/AppCAMSimulator.cpp.o,4.592,4.51847,3.541576,0.952225,2.92327,0.697672,0.960119,0.610291,0.339567
src/Mod/Part/Gui/CMakeFiles/PartGui.dir/TaskFaceAppearances.cpp.o,4.591,4.502273,3.78057,0.670398,2.498598,1.623451,1.437762,0.457013,0.210527
src/Mod/Material/Gui/CMakeFiles/MatGui.dir/DlgDisplayPropertiesImp.cpp.o,4.587,4.507401,3.060602,1.417761,1.792269,1.302461,1.06309,0.938553,0.476725
src/3rdParty/salomesmesh/CMakeFiles/SMESH.dir/src/SMESH/SMESH_Algo.cpp.o,4.579,4.506246,3.594763,0.896751,0.018127,0.930448,0.905926,0.608502,0.285967
tests/src/Mod/MeshPart/App/CMakeFiles/MeshPart_tests_run.dir/MeshPart.cpp.o,4.579,4.498082,4.220069,0.259366,1.349967,1.100817,1.119355,0.172964,0.084055
src/Mod/Part/Gui/CMakeFiles/PartGui.dir/TaskOffset.cpp.o,4.578,4.494943,2.933052,1.517679,1.857432,1.216717,0.967485,0.996686,0.518418
tests/src/Gui/CMakeFiles/Gui_tests_run.dir/FileDialog.cpp.o,4.574,4.499751,3.903055,0.580792,1.946364,0.924298,0.907468,0.306008,0.2726
src/Mod/Sketcher/Gui/CMakeFiles/SketcherGui.dir/SketcherTransformationExpressionHelper.cpp.o,4.572,4.482669,4.319255,0.122507,3.440037,1.383128,1.205898,0.084968,0.034848
tests/src/App/CMakeFiles/App_tests_run.dir/Link.cpp.o,4.569,4.492229,3.77774,0.696465,1.770865,1.004781,0.975887,0.397136,0.296646
src/Mod/Surface/App/CMakeFiles/Surface.dir/FeatureSections.cpp.o,4.564,4.441306,4.09246,0.280818,2.878373,1.596471,1.248307,0.170015,0.104087
src/Mod/PartDesign/App/CMakeFiles/PartDesign.dir/FeatureLoft.cpp.o,4.563,4.485929,3.779642,0.669411,2.844788,1.211036,1.179941,0.432475,0.23428
src/Mod/TechDraw/Gui/CMakeFiles/TechDrawGui.dir/QGILeaderLine.cpp.o,4.56,4.480277,3.152622,1.290763,2.060385,1.271603,1.101001,0.854097,0.433859
src/Mod/PartDesign/App/CMakeFiles/PartDesign.dir/Feature.cpp.o,4.553,4.474062,3.855475,0.581624,2.947813,1.240979,1.210308,0.357061,0.221641
src/Mod/Mesh/Gui/CMakeFiles/MeshGui.dir/DlgEvaluateMeshImp.cpp.o,4.543,4.46162,2.764628,1.667672,1.979297,0.842038,0.938412,1.07568,0.589366
src/Gui/CMakeFiles/FreeCADGui.dir/Quarter/SoQTQuarterAdaptor.cpp.o,4.539,4.463995,3.42769,1.022082,1.596173,0.665988,0.681485,0.647506,0.372337
tests/src/Gui/CMakeFiles/Gui_tests_run.dir/StyleParameters/EdgesTest.cpp.o,4.536,4.470937,2.562713,1.895326,1.721113,0.893567,0.688167,1.197736,0.695267
src/Mod/Measure/Gui/CMakeFiles/MeasureGui.dir/ViewProviderMeasureAngle.cpp.o,4.529,4.445436,3.238198,1.165429,2.256157,1.276283,1.12903,0.742875,0.419774
src/Mod/TechDraw/Gui/CMakeFiles/TechDrawGui.dir/TaskRichAnno.cpp.o,4.525,4.442,3.083868,1.32697,2.128098,1.145768,1.10774,0.838553,0.485542
tests/src/Gui/CMakeFiles/Gui_tests_run.dir/Camera.cpp.o,4.523,4.450907,3.974646,0.458373,1.861869,1.110294,1.020852,0.277154,0.178766
src/Mod/CAM/PathSimulator/AppGL/CMakeFiles/CAMSimulator.dir/Dummy3DViewer.cpp.o,4.52,4.435538,4.400985,0.014888,3.962701,0.938699,1.046281,0.005546,0.006909
src/Mod/Assembly/Gui/CMakeFiles/AssemblyGui.dir/ViewProviderAssemblyLink.cpp.o,4.515,4.426387,2.958642,1.437866,2.443593,0.683044,0.932366,0.929765,0.50514
src/Mod/TechDraw/Gui/CMakeFiles/TechDrawGui.dir/QGISVGTemplate.cpp.o,4.51,4.431868,3.049322,1.351739,2.058001,1.183649,1.058272,0.898666,0.450668
src/Mod/TechDraw/App/CMakeFiles/TechDraw.dir/DrawGeomHatch.cpp.o,4.508,4.420221,2.699265,1.673262,1.70845,1.201325,0.997471,1.080694,0.59003
src/Mod/Points/App/CMakeFiles/Points.dir/AppPointsPy.cpp.o,4.503,4.360072,2.509576,1.814732,1.843176,0.782802,0.846422,0.931076,0.878523
src/Mod/TechDraw/Gui/CMakeFiles/TechDrawGui.dir/PagePrinter.cpp.o,4.498,4.411787,3.249779,1.126847,2.296334,1.288978,1.179914,0.7224,0.401391
src/Mod/PartDesign/Gui/CMakeFiles/PartDesignGui.dir/ViewProviderBase.cpp.o,4.488,4.404757,4.297068,0.073678,3.463734,1.300628,1.256265,0.040234,0.030893
src/Mod/Material/Gui/CMakeFiles/MatGui.dir/MaterialTreeWidget.cpp.o,4.463,4.384094,3.013212,1.341487,1.836541,1.263049,1.078106,0.864666,0.474341
tests/src/App/CMakeFiles/App_tests_run.dir/ApplicationDirectories.cpp.o,4.451,4.389538,2.389779,1.988948,0.262899,0.802998,0.580616,1.072174,0.914603
src/Mod/Part/App/CMakeFiles/Part.dir/ImportStep.cpp.o,4.444,4.370351,3.213655,1.120626,2.405372,1.055777,1.040617,0.710927,0.407161
src/Mod/Material/App/CMakeFiles/Materials.dir/MaterialConfigLoader.cpp.o,4.443,4.376074,2.471937,1.884196,1.451589,1.106039,0.803675,1.148841,0.73332
src/Mod/Mesh/Gui/CMakeFiles/MeshGui.dir/ViewProviderCurvature.cpp.o,4.442,4.358567,3.11314,1.216367,2.500587,0.87355,1.017138,0.802628,0.411172
src/Mod/PartDesign/Gui/CMakeFiles/PartDesignGui.dir/ViewProviderLinearPattern.cpp.o,4.437,4.336584,4.210974,0.090681,3.390041,1.301978,1.300229,0.050822,0.037195
src/Mod/PartDesign/Gui/CMakeFiles/PartDesignGui.dir/ViewProviderPad.cpp.o,4.429,4.341169,4.258182,0.048273,3.457395,1.24562,1.273384,0.021993,0.023686
src/Mod/TechDraw/Gui/CMakeFiles/TechDrawGui.dir/QGEPath.cpp.o,4.428,4.342275,3.109408,1.202754,1.945898,1.305663,1.103309,0.800707,0.399482
src/Mod/Fem/Gui/CMakeFiles/FemGui.dir/TaskCreateElementSet.cpp.o,4.424,4.342194,2.881352,1.428507,2.137407,0.878907,1.034791,0.963452,0.462425
src/Mod/CAM/Gui/CMakeFiles/PathGui.dir/Command.cpp.o,4.423,4.341905,3.164106,1.149738,2.167411,1.377258,1.107069,0.735196,0.412258
src/3rdParty/salomesmesh/CMakeFiles/SMESH.dir/src/SMESH/SMESH_MeshAlgos.cpp.o,4.421,4.342065,2.852347,1.469083,1.561798,0.880346,0.70923,1.02288,0.441662
src/Mod/Measure/App/CMakeFiles/Measure.dir/AppMeasure.cpp.o,4.413,4.329752,2.998095,1.301146,2.288758,0.650635,0.796968,0.805612,0.493139
src/Mod/Surface/App/CMakeFiles/Surface.dir/FeatureFilling.cpp.o,4.398,4.286316,3.546845,0.704296,2.725144,1.194692,1.081432,0.370269,0.329529
src/Mod/PartDesign/Gui/CMakeFiles/PartDesignGui.dir/ViewProviderPolarPattern.cpp.o,4.394,4.298251,4.185329,0.074148,3.358884,1.295095,1.28154,0.04284,0.028521
src/Mod/Surface/Gui/CMakeFiles/SurfaceGui.dir/Blending/TaskBlendCurve.cpp.o,4.394,4.300839,3.99688,0.273961,3.049314,1.382313,1.329961,0.179871,0.091532
src/Mod/Part/App/CMakeFiles/Part.dir/FeatureScale.cpp.o,4.388,4.308991,3.209569,1.063814,2.442608,1.030519,0.980561,0.693749,0.36751
src/Mod/PartDesign/App/CMakeFiles/PartDesign.dir/FeatureLinearPattern.cpp.o,4.386,4.304621,3.928271,0.336673,3.031237,1.300995,1.230187,0.242616,0.091088
tests/src/Mod/Points/App/CMakeFiles/Points_tests_run.dir/PointsFeature.cpp.o,4.377,4.302055,4.071054,0.212091,2.121303,1.168334,1.11346,0.154788,0.055152
src/Mod/PartDesign/Gui/CMakeFiles/PartDesignGui.dir/ViewProviderScaled.cpp.o,4.364,4.275903,4.168454,0.07387,3.325126,1.318105,1.280634,0.04367,0.027493
src/Mod/TechDraw/Gui/CMakeFiles/TechDrawGui.dir/QGTracker.cpp.o,4.358,4.274685,3.006878,1.23624,1.924292,1.2316,1.049731,0.808193,0.425037
src/Mod/Surface/Gui/CMakeFiles/SurfaceGui.dir/TaskFillingVertex.cpp.o,4.357,4.271536,3.853693,0.388426,2.840986,1.374523,1.273383,0.244644,0.140837
src/Mod/TechDraw/Gui/CMakeFiles/TechDrawGui.dir/QGIFace.cpp.o,4.357,4.27425,3.028004,1.212151,2.088885,1.222974,1.07321,0.804497,0.404448
src/Mod/PartDesign/App/CMakeFiles/PartDesign.dir/FeaturePipe.cpp.o,4.356,4.278391,3.715196,0.52423,2.921419,1.146927,1.176598,0.298773,0.22199
tests/src/Base/CMakeFiles/Base_tests_run.dir/Uuid.cpp.o,4.35,4.283755,2.63826,1.633611,0.268666,1.059296,0.671257,1.050007,0.581596
src/Mod/TechDraw/App/CMakeFiles/TechDraw.dir/CenterLine.cpp.o,4.344,4.263006,2.595221,1.620169,1.442799,1.139456,0.961078,1.054306,0.562605
src/Mod/TechDraw/Gui/CMakeFiles/TechDrawGui.dir/TaskSectionView.cpp.o,4.343,4.263724,2.929572,1.302529,2.016385,1.084454,1.040868,0.817171,0.482779
src/Mod/Fem/Gui/CMakeFiles/FemGui.dir/TaskFemConstraintRigidBody.cpp.o,4.342,4.263881,3.543043,0.687544,2.431162,1.397751,1.241583,0.435472,0.249875
src/Mod/PartDesign/Gui/CMakeFiles/PartDesignGui.dir/ViewProviderChamfer.cpp.o,4.34,4.245348,4.153022,0.056093,3.345978,1.231268,1.222009,0.025676,0.027925
src/Mod/PartDesign/Gui/CMakeFiles/PartDesignGui.dir/ViewProviderPocket.cpp.o,4.331,4.239583,4.155277,0.048152,3.356222,1.228779,1.237673,0.021456,0.024065
src/Mod/PartDesign/Gui/CMakeFiles/PartDesignGui.dir/ViewProviderRevolution.cpp.o,4.327,4.230681,4.152981,0.042955,3.358007,1.246981,1.24819,0.020091,0.020362
src/Mod/Part/Gui/CMakeFiles/PartGui.dir/TaskShapeBuilder.cpp.o,4.326,4.241057,2.844515,1.355364,1.778568,1.163731,0.995398,0.891141,0.461769
src/Mod/PartDesign/Gui/CMakeFiles/PartDesignGui.dir/ViewProviderMirrored.cpp.o,4.321,4.231967,4.122625,0.076043,3.331092,1.263691,1.260389,0.045055,0.028312
tests/src/Mod/Mesh/App/CMakeFiles/Mesh_tests_run.dir/MeshFeature.cpp.o,4.321,4.246711,4.027611,0.200677,2.070888,1.081577,1.057608,0.143018,0.055536
src/Gui/CMakeFiles/FreeCADGui.dir/FileDialog.cpp.o,4.318,4.241234,2.14322,2.066992,0.779979,0.730526,0.714857,1.294135,0.770322
src/Mod/MeshPart/App/CMakeFiles/flatmesh.dir/MeshFlatteningNurbs.cpp.o,4.316,4.239506,2.865318,1.357269,1.400661,1.002247,0.803217,1.005999,0.348437
src/Mod/TechDraw/App/CMakeFiles/TechDraw.dir/DrawProjectSplit.cpp.o,4.315,4.235318,2.517019,1.667667,1.305519,1.193453,0.935918,1.083752,0.581346
src/Mod/CAM/App/CMakeFiles/Path.dir/AppPathPy.cpp.o,4.313,4.23068,2.960409,1.234339,2.365964,0.825418,0.911515,0.785571,0.446751
src/Mod/MeshPart/Gui/CMakeFiles/MeshPartGui.dir/CrossSections.cpp.o,4.313,4.233649,3.604891,0.596044,2.505554,1.493355,1.380046,0.413682,0.17997
src/Mod/PartDesign/Gui/CMakeFiles/PartDesignGui.dir/ViewProviderFillet.cpp.o,4.313,4.227618,4.138141,0.054262,3.326861,1.232432,1.220386,0.026167,0.025523
tests/src/App/CMakeFiles/App_tests_run.dir/DocumentObserver.cpp.o,4.312,4.241668,3.660728,0.563792,1.672786,1.039176,1.03719,0.334324,0.227165
src/Mod/Part/App/CMakeFiles/Part.dir/AttachExtensionPyImp.cpp.o,4.311,4.233179,3.247304,0.949308,2.427703,1.105779,1.030623,0.615463,0.331358
src/Mod/Part/App/CMakeFiles/Part.dir/FeaturePartImportBrep.cpp.o,4.31,4.233249,3.23623,0.957553,2.379328,1.079441,1.002685,0.637222,0.317677
src/Mod/Start/Gui/CMakeFiles/StartGui.dir/GeneralSettingsWidget.cpp.o,4.309,4.244713,1.133799,3.09558,0.636916,0.352332,0.337402,1.953165,1.140394
src/Mod/Import/App/CMakeFiles/Import.dir/ImportOCAF.cpp.o,4.308,4.227475,3.602217,0.587246,2.680198,1.184934,1.136855,0.384382,0.200294
src/Mod/PartDesign/Gui/CMakeFiles/PartDesignGui.dir/TaskTransformedMessages.cpp.o,4.306,4.222839,4.127464,0.061818,3.287234,1.218653,1.207272,0.04195,0.017475
src/3rdParty/salomesmesh/CMakeFiles/StdMeshers.dir/src/StdMeshers/StdMeshers_HexaFromSkin_3D.cpp.o,4.301,4.227157,3.001704,1.21029,0.011443,0.892146,0.759792,0.91888,0.289339
src/Mod/PartDesign/Gui/CMakeFiles/PartDesignGui.dir/ViewProviderGroove.cpp.o,4.298,4.211055,4.13201,0.044215,3.349746,1.2247,1.233275,0.021218,0.020316
src/Mod/Robot/App/CMakeFiles/Robot.dir/WaypointPyImp.cpp.o,4.288,4.227934,1.134437,3.077973,0.572946,0.318966,0.221246,1.896036,1.179634
src/Mod/Fem/Gui/CMakeFiles/FemGui.dir/ViewProviderFemPostObject.cpp.o,4.288,4.206987,2.802458,1.372396,2.200126,0.847298,1.1468,0.894886,0.474632
src/3rdParty/salomesmesh/CMakeFiles/StdMeshers.dir/src/StdMeshers/StdMeshers_Adaptive1D.cpp.o,4.284,4.212611,3.22147,0.974926,0.00323,0.792702,0.729908,0.703873,0.268742
src/Mod/Part/App/CMakeFiles/Part.dir/FeaturePartImportIges.cpp.o,4.272,4.199021,3.207539,0.954005,2.372217,1.052153,0.993334,0.624714,0.326579
src/Mod/Part/App/CMakeFiles/Part.dir/FeaturePartCurveNet.cpp.o,4.27,4.193236,3.164864,0.990884,2.368072,1.024485,0.991809,0.659765,0.328462
src/Mod/PartDesign/Gui/CMakeFiles/PartDesignGui.dir/ViewProviderDefeaturing.cpp.o,4.266,4.17938,4.095927,0.051785,3.293452,1.217301,1.22115,0.024252,0.025075
src/Mod/PartDesign/App/CMakeFiles/PartDesign.dir/FeaturePrimitive.cpp.o,4.265,4.185234,3.607338,0.542191,2.859504,1.103191,1.085867,0.260705,0.278483
src/Mod/Mesh/Gui/CMakeFiles/MeshGui.dir/RemeshGmsh.cpp.o,4.253,4.168734,2.838156,1.303609,1.936125,1.039975,0.910077,0.82933,0.472138
src/Mod/Part/App/CMakeFiles/Part.dir/LinearPatternExtension.cpp.o,4.25,4.173504,3.570411,0.561702,2.626127,1.224827,1.174555,0.390644,0.168457
src/Mod/Surface/Gui/CMakeFiles/SurfaceGui.dir/AppSurfaceGui.cpp.o,4.25,4.174038,3.179278,0.967603,2.232158,1.207147,1.066914,0.636104,0.32897
src/Mod/Fem/Gui/CMakeFiles/FemGui.dir/TaskFemConstraintForce.cpp.o,4.247,4.168457,3.559551,0.576103,2.454418,1.454066,1.3218,0.388925,0.184497
src/Mod/Part/App/CMakeFiles/Part.dir/FeaturePartImportStep.cpp.o,4.246,4.17009,3.187215,0.944761,2.3646,1.043185,0.984797,0.631232,0.31085
src/Mod/CAM/App/CMakeFiles/Path.dir/FeaturePathShape.cpp.o,4.223,4.141074,3.929654,0.169498,3.107183,1.456063,1.297816,0.102821,0.064171
src/Mod/PartDesign/Gui/CMakeFiles/PartDesignGui.dir/ViewProviderThickness.cpp.o,4.223,4.133492,4.048529,0.051379,3.273604,1.192133,1.192317,0.023722,0.025234
src/Mod/Mesh/Gui/CMakeFiles/MeshGui.dir/MeshSelection.cpp.o,4.218,4.140485,2.708037,1.403586,2.045104,0.896037,0.969702,0.938759,0.462386
src/Mod/TechDraw/Gui/CMakeFiles/TechDrawGui.dir/TaskProjGroup.cpp.o,4.217,4.130461,3.628035,0.464759,2.558825,1.4504,1.35398,0.240213,0.222272
tests/src/App/CMakeFiles/App_tests_run.dir/VRMLObject.cpp.o,4.215,4.143891,3.669017,0.457926,1.679641,1.029089,1.009259,0.287903,0.167813
src/Mod/Part/App/CMakeFiles/Part.dir/PartFeaturePyImp.cpp.o,4.212,4.137495,3.121904,0.980321,2.343075,1.039858,1.005077,0.646479,0.33163
src/Mod/Assembly/App/CMakeFiles/Assembly.dir/AppAssembly.cpp.o,4.204,4.128821,3.178737,0.926468,2.51132,0.547413,0.811653,0.606032,0.318226
src/Mod/Sketcher/App/CMakeFiles/Sketcher.dir/AppSketcher.cpp.o,4.198,4.110916,3.149129,0.916942,2.317914,1.086477,1.006488,0.596501,0.317931
src/Mod/TechDraw/App/CMakeFiles/TechDraw.dir/DrawProjGroup.cpp.o,4.196,4.113134,2.631876,1.436645,1.589933,1.173996,0.980609,0.908747,0.525702
src/Mod/PartDesign/Gui/CMakeFiles/PartDesignGui.dir/ViewProviderDraft.cpp.o,4.193,4.101171,4.016503,0.052916,3.247052,1.191593,1.198469,0.024918,0.025847
src/Mod/Import/App/CMakeFiles/Import.dir/ExportOCAF.cpp.o,4.191,4.115033,3.646497,0.431434,2.766546,1.162806,1.148111,0.299206,0.129727
src/Mod/Fem/Gui/CMakeFiles/FemGui.dir/TaskFemConstraintHeatflux.cpp.o,4.191,4.113288,3.52602,0.555141,2.432751,1.408622,1.276562,0.369142,0.183159
src/3rdParty/salomesmesh/CMakeFiles/StdMeshers.dir/src/StdMeshers/StdMeshers_FaceSide.cpp.o,4.187,4.110908,3.004178,1.091871,0.005967,0.875199,0.718635,0.754634,0.335106
src/Mod/TechDraw/Gui/CMakeFiles/TechDrawGui.dir/PATPathMaker.cpp.o,4.187,4.1025,2.931917,1.140024,1.863098,1.204517,1.03768,0.751352,0.386025
src/Mod/Spreadsheet/Gui/CMakeFiles/SpreadsheetGui.dir/DlgBindSheet.cpp.o,4.184,4.102427,2.402259,1.674481,1.804321,0.614173,0.685866,1.077685,0.593663
src/Mod/TechDraw/Gui/CMakeFiles/TechDrawGui.dir/TaskSurfaceFinishSymbols.cpp.o,4.179,4.098313,3.684345,0.379068,2.668559,1.388137,1.306147,0.232177,0.143943
src/3rdParty/salomesmesh/CMakeFiles/StdMeshers.dir/src/StdMeshers/StdMeshers_Import_1D2D.cpp.o,4.175,4.100829,3.099619,0.985827,0.003155,0.873204,0.767926,0.69546,0.288366
src/Mod/TechDraw/App/CMakeFiles/TechDraw.dir/GeometryObject.cpp.o,4.17,4.091583,2.476543,1.56903,1.499019,1.115449,0.936049,0.962394,0.604153
tests/src/Base/CMakeFiles/Base_tests_run.dir/CrashReporter_tests.cpp.o,4.169,4.103918,2.445541,1.647783,0.354837,0.783003,0.625635,0.892973,0.752826
src/Mod/TechDraw/Gui/CMakeFiles/TechDrawGui.dir/QGIWeldSymbol.cpp.o,4.166,4.085073,2.95542,1.101074,1.954247,1.167434,1.009667,0.735664,0.362867
src/Mod/PartDesign/App/CMakeFiles/PartDesign.dir/FeatureDraft.cpp.o,4.163,4.084486,3.707626,0.339001,2.952524,1.175623,1.147991,0.192078,0.144197
src/Mod/TechDraw/App/CMakeFiles/TechDraw.dir/ShapeExtractor.cpp.o,4.155,4.07291,2.629578,1.3978,1.746806,1.070163,0.95133,0.889257,0.506338
src/Gui/CMakeFiles/FreeCADGui.dir/StyleParameters/Parser.cpp.o,4.154,4.076376,1.530308,2.51734,0.747305,0.607008,0.536649,1.648911,0.866236
src/Mod/Material/Gui/CMakeFiles/MatGui.dir/DlgInspectMaterial.cpp.o,4.149,4.068671,2.790821,1.250805,1.709989,1.192217,0.95618,0.804103,0.443754
src/Mod/Mesh/Gui/CMakeFiles/MeshGui.dir/DlgDecimating.cpp.o,4.147,4.054904,2.471803,1.555395,1.845087,0.777065,0.802161,1.025469,0.527375
src/Mod/Fem/Gui/CMakeFiles/FemGui.dir/TaskFemConstraintTransform.cpp.o,4.147,4.069233,3.38557,0.64735,2.249337,1.36102,1.196865,0.414418,0.230336
src/3rdParty/salomesmesh/CMakeFiles/SMESH.dir/src/SMESH/DriverMED_R_SMESHDS_Mesh.cpp.o,4.144,4.07176,3.233832,0.822263,0.320832,0.931959,0.754787,0.530149,0.289654
src/Mod/TechDraw/App/CMakeFiles/TechDraw.dir/LineGenerator.cpp.o,4.142,4.059575,2.605264,1.409137,1.559454,1.18402,1.008251,0.946504,0.46023
tests/src/Mod/Mesh/App/CMakeFiles/Mesh_tests_run.dir/Mesh.cpp.o,4.139,4.064265,3.771994,0.275483,1.809817,1.071613,0.97717,0.182562,0.090903
src/3rdParty/salomesmesh/CMakeFiles/StdMeshers.dir/src/StdMeshers/StdMeshers_Penta_3D.cpp.o,4.138,4.064955,2.910476,1.140081,0.007271,0.82918,0.730146,0.713697,0.424433
src/Mod/CAM/App/CMakeFiles/Path.dir/FeatureAreaPyImp.cpp.o,4.137,4.044025,3.920206,0.080208,3.072135,1.391936,1.266064,0.042626,0.034837
src/Gui/CMakeFiles/FreeCADGui.dir/Dialogs/DlgCustomizeSpaceball.cpp.o,4.135,4.065212,1.637773,2.398038,0.569628,0.561161,0.486429,1.518493,0.877029
src/Mod/MeshPart/Gui/CMakeFiles/MeshPartGui.dir/CurveOnMesh.cpp.o,4.128,4.055848,3.653008,0.371382,2.55235,1.562371,1.346975,0.253596,0.115219
src/Mod/PartDesign/Gui/CMakeFiles/PartDesignGui.dir/ViewProviderPyImp.cpp.o,4.128,4.04103,3.967287,0.042742,3.17781,1.205208,1.13712,0.024219,0.016215
tests/src/App/CMakeFiles/App_tests_run.dir/CommandLine.cpp.o,4.124,4.053278,3.503624,0.53622,0.973497,0.857799,0.820827,0.343829,0.190714
src/Gui/CMakeFiles/FreeCADGui.dir/DocumentRecovery.cpp.o,4.114,4.033048,2.088833,1.913367,1.155918,0.716737,0.717455,1.244957,0.665999
src/Mod/CAM/PathSimulator/AppGL/CMakeFiles/CAMSimulator.dir/GuiDisplay.cpp.o,4.103,3.978429,3.861562,0.100773,3.447546,0.696448,0.738662,0.058692,0.040189
src/Mod/CAM/Gui/CMakeFiles/PathGui.dir/AppPathGui.cpp.o,4.098,4.018843,3.089967,0.901697,2.105083,1.232885,1.108732,0.578187,0.321429
src/Mod/PartDesign/App/CMakeFiles/PartDesign.dir/Body.cpp.o,4.093,4.009951,3.733922,0.240137,2.947581,1.169362,1.16503,0.158369,0.079186
src/3rdParty/salomesmesh/CMakeFiles/StdMeshers.dir/src/StdMeshers/StdMeshers_CompositeHexa_3D.cpp.o,4.09,4.015044,2.910628,1.089696,0.02173,0.809193,0.70558,0.722736,0.364912
src/Gui/CMakeFiles/FreeCADGui.dir/PreferencePackManager.cpp.o,4.087,4.012214,1.65714,2.326263,0.755236,0.570574,0.495619,1.500241,0.823894
tests/src/Mod/Start/App/CMakeFiles/Start_tests_run.dir/FileUtilities.cpp.o,4.086,4.011481,3.639015,0.357189,1.751521,0.914204,0.900776,0.230841,0.124445
tests/src/App/CMakeFiles/App_tests_run.dir/AsyncRecompute.cpp.o,4.085,4.013612,3.550395,0.446011,2.45436,1.053621,0.968741,0.309958,0.13388
src/Gui/CMakeFiles/FreeCADGui.dir/Dialogs/DlgPreferencesImp.cpp.o,4.082,4.009616,1.735213,2.244445,0.571673,0.617478,0.505416,1.455978,0.786027
src/Mod/Fem/Gui/CMakeFiles/FemGui.dir/TaskFemConstraintTemperature.cpp.o,4.077,3.986472,3.45755,0.494983,2.379927,1.374956,1.256987,0.345651,0.146961
src/Mod/Fem/Gui/CMakeFiles/FemGui.dir/TaskFemConstraintContact.cpp.o,4.074,3.993148,3.33859,0.621692,2.261877,1.391944,1.199359,0.396116,0.223164
tests/src/App/CMakeFiles/App_tests_run.dir/PropertyFile.cpp.o,4.071,3.992684,3.588969,0.386828,1.628838,0.962384,0.957934,0.245675,0.138949
src/Mod/PartDesign/App/CMakeFiles/PartDesign.dir/FeatureMirrored.cpp.o,4.061,3.985657,3.688921,0.259294,2.932151,1.174576,1.158487,0.178593,0.078193
src/Mod/Material/App/CMakeFiles/Materials.dir/MaterialValue.cpp.o,4.052,3.981166,2.015349,1.946719,0.944906,0.96442,0.672081,1.236702,0.707793
src/Mod/Spreadsheet/Gui/CMakeFiles/SpreadsheetGui.dir/PropertiesDialog.cpp.o,4.052,3.972937,2.193989,1.754494,1.549544,0.642786,0.685538,1.116863,0.635259
src/Base/CMakeFiles/FreeCADBase.dir/Quantity.cpp.o,4.043,3.989808,0.746465,3.227282,0.365877,0.253796,0.163597,2.054731,1.170756
src/Mod/Spreadsheet/Gui/CMakeFiles/SpreadsheetGui.dir/ViewProviderSpreadsheet.cpp.o,4.041,3.956019,2.731245,1.195,2.2341,0.754356,0.922052,0.781684,0.410694
src/Mod/TechDraw/App/CMakeFiles/TechDraw.dir/DrawViewPartPyImp.cpp.o,4.04,3.96025,2.478279,1.431683,1.498872,1.08183,0.908361,0.86879,0.560441
src/Mod/Fem/Gui/CMakeFiles/FemGui.dir/TaskFemConstraintPressure.cpp.o,4.037,3.954269,3.51409,0.407334,2.420984,1.412126,1.278932,0.28816,0.116559
src/Mod/Surface/App/CMakeFiles/Surface.dir/FeatureGeomFillSurface.cpp.o,4.035,3.958554,3.577831,0.345008,2.758307,1.178765,1.089909,0.216751,0.125655
src/Mod/PartDesign/App/CMakeFiles/PartDesign.dir/FeatureHelix.cpp.o,4.031,3.957659,3.577881,0.344575,2.874633,1.075492,1.088255,0.181864,0.160034
src/3rdParty/salomesmesh/CMakeFiles/SMESH.dir/src/SMESH/GEOMUtils.cpp.o,4.03,3.961865,2.668009,1.280616,1.501631,0.615743,0.402396,0.757324,0.520505
src/Gui/CMakeFiles/FreeCADGui.dir/TaskView/TaskImage.cpp.o,4.029,3.953233,2.566893,1.353008,1.516301,1.035533,0.924812,0.889916,0.460438
src/Mod/TechDraw/Gui/CMakeFiles/TechDrawGui.dir/TaskLineDecor.cpp.o,4.027,3.945085,3.530862,0.379859,2.435614,1.438912,1.367444,0.248676,0.128187
src/Gui/CMakeFiles/FreeCADGui.dir/PrefWidgets.cpp.o,4.025,3.949307,2.259191,1.660779,0.922308,0.974117,0.748396,0.994785,0.6632
src/Mod/Fem/Gui/CMakeFiles/FemGui.dir/TaskFemConstraintSpring.cpp.o,4.024,3.938566,3.443762,0.461271,2.39101,1.388349,1.262012,0.316037,0.142433
tests/src/App/CMakeFiles/App_tests_run.dir/VarSet.cpp.o,4.024,3.952159,3.63254,0.302624,1.67497,1.047868,1.038432,0.212203,0.08805
tests/src/Gui/CMakeFiles/Gui_tests_run.dir/StyleParameters/CornersTest.cpp.o,4.024,3.96066,2.415258,1.533307,1.685773,0.836668,0.654221,1.002145,0.529058
src/Mod/Fem/Gui/CMakeFiles/FemGui.dir/TaskCreateNodeSet.cpp.o,4.018,3.940492,2.773018,1.139163,2.188003,0.813307,1.027238,0.771167,0.365521
tests/src/Gui/CMakeFiles/Gui_tests_run.dir/NavigationStylePinchTest.cpp.o,4.013,3.937231,3.767173,0.154419,0.0,0.872908,0.88831,0.088073,0.064528
src/Mod/CAM/PathSimulator/App/CMakeFiles/PathSimulator.dir/VolSim.cpp.o,4.007,3.935257,3.70313,0.216126,0.210319,0.873353,0.801584,0.137668,0.076341
src/Mod/CAM/PathSimulator/AppGL/CMakeFiles/CAMSimulator.dir/EndMill.cpp.o,4.003,3.920501,3.848522,0.058083,3.405611,0.768113,0.79667,0.031574,0.023608
src/3rdParty/salomesmesh/CMakeFiles/StdMeshers.dir/src/StdMeshers/StdMeshers_Import_1D.cpp.o,3.999,3.924116,3.067917,0.839984,0.003353,0.867554,0.786208,0.604141,0.233449
tests/src/Base/CMakeFiles/Base_tests_run.dir/UnitsSchemaFormat.cpp.o,3.993,3.91549,3.524123,0.375661,1.622253,0.863077,0.836246,0.230175,0.14347
src/3rdParty/salomesmesh/CMakeFiles/SMESH.dir/src/SMESH/SMESH_subMesh.cpp.o,3.982,3.911783,2.945808,0.952007,0.006525,0.849689,0.734779,0.620746,0.329165
src/Mod/TechDraw/App/CMakeFiles/TechDraw.dir/CosmeticExtension.cpp.o,3.982,3.893778,2.467886,1.37837,1.476647,1.112423,0.934447,0.923644,0.452403
src/Mod/Part/Gui/CMakeFiles/PartGui.dir/Mirroring.cpp.o,3.979,3.896473,3.510552,0.343389,2.462009,1.396237,1.200648,0.219263,0.121871
src/Mod/PartDesign/App/CMakeFiles/PartDesign.dir/FeatureMultiTransform.cpp.o,3.977,3.897737,3.584691,0.278086,2.816062,1.161423,1.109943,0.20749,0.06803
src/Gui/CMakeFiles/FreeCADGui.dir/PreferencePages/DlgSettingsWorkbenchesImp.cpp.o,3.976,3.902237,2.362572,1.507977,1.325856,0.974966,0.809531,0.990322,0.514959
src/Mod/Part/Gui/CMakeFiles/PartGui.dir/ViewProvider.cpp.o,3.973,3.884745,2.900828,0.943825,1.956764,1.182954,1.041952,0.637709,0.304024
src/Mod/Mesh/App/CMakeFiles/Mesh.dir/MeshPyImp.cpp.o,3.972,3.904046,2.389217,1.491001,1.769657,0.657,0.69745,0.788254,0.700279
src/Mod/PartDesign/Gui/CMakeFiles/PartDesignGui.dir/TaskShapeBinder.cpp.o,3.97,3.881732,3.518211,0.323453,2.52193,1.342241,1.209751,0.218588,0.101917
src/Mod/TechDraw/Gui/CMakeFiles/TechDrawGui.dir/QGITile.cpp.o,3.962,3.882816,2.813643,1.040553,1.97258,1.11848,0.995826,0.691581,0.346391
src/Gui/CMakeFiles/FreeCADGui.dir/WidgetFactory.cpp.o,3.958,3.877869,2.337433,1.505799,1.265735,1.012822,0.763678,0.961244,0.541785
src/Mod/Spreadsheet/Gui/CMakeFiles/SpreadsheetGui.dir/DlgSheetConf.cpp.o,3.948,3.8712,2.17964,1.667442,1.617922,0.604088,0.675217,1.044031,0.620931
src/Mod/Spreadsheet/Gui/CMakeFiles/SpreadsheetGui.dir/Command.cpp.o,3.942,3.862976,2.560507,1.275418,2.035375,0.652735,0.880496,0.812762,0.460073
src/Gui/CMakeFiles/FreeCADGui.dir/Quarter/QuarterWidget.cpp.o,3.94,3.858171,3.632753,0.209807,0.118751,0.726524,0.746294,0.121613,0.085847
src/Mod/TechDraw/App/CMakeFiles/TechDraw.dir/Cosmetic.cpp.o,3.935,3.851636,2.49581,1.310007,1.539416,1.116813,0.937342,0.840103,0.467414
src/App/CMakeFiles/FreeCADApp.dir/ObjectIdentifier.cpp.o,3.921,3.849855,1.725573,2.101014,1.115137,0.470167,0.538904,1.302327,0.79644
src/Main/CMakeFiles/FreeCADMainCmd.dir/MainCmd.cpp.o,3.916,3.848518,2.742439,1.093803,1.074668,0.651854,0.553392,0.727741,0.364091
src/Mod/Part/App/CMakeFiles/Part.dir/FeatureProjectOnSurface.cpp.o,3.912,3.827397,3.195265,0.595741,2.400207,1.087097,1.006569,0.357991,0.234998
src/Mod/TechDraw/App/CMakeFiles/TechDraw.dir/DrawLeaderLine.cpp.o,3.912,3.833021,2.520005,1.268858,1.564575,1.140167,0.970879,0.823412,0.442772
src/3rdParty/salomesmesh/CMakeFiles/SMESH.dir/src/SMESH/DriverMED_W_Field.cpp.o,3.911,3.830553,3.106961,0.706887,0.639628,0.92151,0.674016,0.502799,0.20184
src/Mod/Fem/Gui/CMakeFiles/FemGui.dir/TaskFemConstraintDisplacement.cpp.o,3.906,3.830859,3.328487,0.471299,2.299815,1.335825,1.198952,0.310839,0.158606
tests/src/App/CMakeFiles/App_tests_run.dir/DocumentObject.cpp.o,3.906,3.831608,3.513624,0.300618,1.57701,0.964795,0.985791,0.193088,0.105515
src/Mod/Material/App/CMakeFiles/Materials.dir/MaterialManagerLocal.cpp.o,3.905,3.833354,2.450979,1.358191,1.401259,1.150547,0.856349,0.856365,0.499378
src/3rdParty/salomesmesh/CMakeFiles/SMESH.dir/src/SMESH/MED_GaussUtils.cpp.o,3.898,3.831538,1.842372,1.976062,1.261283,0.575761,0.32492,1.282522,0.690069
src/Mod/TechDraw/Gui/CMakeFiles/TechDrawGui.dir/CommandDecorate.cpp.o,3.889,3.810768,3.542446,0.234539,2.622545,1.434794,1.370899,0.153832,0.077904
tests/src/Gui/CMakeFiles/Gui_tests_run.dir/NativeGesturePinchTest.cpp.o,3.886,3.812077,3.581531,0.214492,0.0,0.84628,0.831151,0.119244,0.092913
src/Gui/CMakeFiles/FreeCADGui.dir/ViewProviderFeaturePython.cpp.o,3.883,3.808317,1.710239,2.06919,1.215367,0.498383,0.599506,1.121428,0.9455
src/Mod/Part/Gui/CMakeFiles/PartGui.dir/ViewProvider2DObject.cpp.o,3.883,3.801549,2.556471,1.207873,1.575601,1.110779,0.854261,0.770749,0.434858
tests/src/App/CMakeFiles/App_tests_run.dir/PropertyExpressionEngine.cpp.o,3.881,3.81091,3.459193,0.335852,1.451788,1.001227,0.9516,0.229466,0.104478
src/Gui/CMakeFiles/FreeCADGui.dir/CommandLink.cpp.o,3.877,3.798937,2.167467,1.599282,1.445846,0.629266,0.816139,1.026694,0.570059
src/Mod/Part/App/CMakeFiles/Part.dir/PrimitiveFeature.cpp.o,3.871,3.796141,3.26064,0.49699,2.510027,1.057011,1.028282,0.226033,0.268242
src/Mod/Import/Gui/CMakeFiles/ImportGui.dir/ImportOCAFGui.cpp.o,3.868,3.780348,3.476635,0.262116,2.533746,1.332785,1.234347,0.188514,0.071079
src/Base/CMakeFiles/FreeCADBase.dir/UnitsApiPy.cpp.o,3.865,3.811098,0.745755,3.049278,0.40902,0.257845,0.153007,1.949184,1.098205
tests/src/Gui/CMakeFiles/Gui_tests_run.dir/StyleParameters/StyleParametersApplicationTest.cpp.o,3.862,3.787173,3.509422,0.263018,0.996531,0.94084,0.870031,0.185064,0.076128
src/Mod/Part/App/CMakeFiles/Part.dir/PolarPatternExtension.cpp.o,3.86,3.784629,3.422274,0.322494,2.619909,1.17031,1.135456,0.222187,0.097825
src/Mod/Part/App/CMakeFiles/Part.dir/PathPatternExtension.cpp.o,3.86,3.779101,3.289378,0.450481,2.476292,1.130786,1.048926,0.307469,0.139787
src/Mod/TechDraw/App/CMakeFiles/TechDraw.dir/DrawSVGTemplate.cpp.o,3.859,3.77852,2.485746,1.243071,1.541953,1.09672,0.914664,0.831031,0.409063
src/Mod/Fem/Gui/CMakeFiles/FemGui.dir/TaskFemConstraintFixed.cpp.o,3.858,3.768026,3.354216,0.378767,2.33428,1.351099,1.221034,0.266811,0.109109
tests/src/Gui/CMakeFiles/Gui_tests_run.dir/StyleParameters/ParserRobustnessTest.cpp.o,3.855,3.786739,2.989931,0.783076,2.325909,0.889891,0.816802,0.658027,0.123319
src/Mod/Robot/App/CMakeFiles/Robot.dir/Edge2TracObject.cpp.o,3.847,3.769239,3.578198,0.160046,2.937565,1.071207,1.043638,0.098994,0.058471
tests/src/App/CMakeFiles/App_tests_run.dir/ProjectFile.cpp.o,3.842,3.766696,3.313025,0.43744,1.331841,0.96853,0.909444,0.276371,0.158207
src/Mod/Part/App/CMakeFiles/Part.dir/FeatureMirroring.cpp.o,3.84,3.758849,3.461604,0.260093,2.757478,1.086219,1.089609,0.153193,0.104606
tests/src/App/CMakeFiles/App_tests_run.dir/MappedElement.cpp.o,3.835,3.766875,3.114872,0.637888,1.117584,0.826104,0.674299,0.398703,0.236922
src/Mod/Robot/Gui/CMakeFiles/RobotGui.dir/ViewProviderRobotObject.cpp.o,3.832,3.742756,3.578659,0.133498,2.826993,1.127541,0.987043,0.078448,0.052412
src/Base/CMakeFiles/FreeCADBase.dir/UnitsSchemas.cpp.o,3.829,3.772541,0.723347,3.031936,0.340454,0.298376,0.170805,1.896691,1.133433
src/Mod/PartDesign/App/CMakeFiles/PartDesign.dir/FeatureDefeaturing.cpp.o,3.826,3.748293,3.546812,0.165435,2.844792,1.112362,1.079935,0.098882,0.063525
tests/src/Mod/Spreadsheet/App/CMakeFiles/Spreadsheet_tests_run.dir/RenameProperty.cpp.o,3.82,3.748391,3.489021,0.241888,0.879014,1.012288,0.993262,0.164883,0.07479
src/Mod/Part/App/CMakeFiles/Part.dir/FeaturePartFuse.cpp.o,3.817,3.738338,3.274546,0.428529,2.454338,1.108414,1.036914,0.296246,0.130002
src/Gui/CMakeFiles/FreeCADGui.dir/ViewProviderDocumentObject.cpp.o,3.816,3.731978,2.336004,1.364869,1.726163,0.718192,0.921986,0.888522,0.473877
src/Mod/PartDesign/App/CMakeFiles/PartDesign.dir/FeatureRevolution.cpp.o,3.813,3.737214,3.581276,0.1218,2.927974,1.08718,1.086959,0.083612,0.035835
tests/src/App/CMakeFiles/App_tests_run.dir/ElementNamingUtils.cpp.o,3.81,3.7341,3.406617,0.310482,1.486579,0.910573,0.824923,0.207444,0.100479
src/Mod/TechDraw/App/CMakeFiles/TechDraw.dir/DrawViewSymbol.cpp.o,3.808,3.725926,2.450234,1.229346,1.488574,1.115809,0.939465,0.823888,0.402903
src/3rdParty/salomesmesh/CMakeFiles/StdMeshers.dir/src/StdMeshers/StdMeshers_Hexa_3D.cpp.o,3.805,3.727083,2.955524,0.755284,0.004141,0.82313,0.788432,0.508159,0.244526
src/Mod/TechDraw/App/CMakeFiles/TechDraw.dir/HatchLine.cpp.o,3.804,3.728489,2.390641,1.293035,1.423521,1.112951,0.896173,0.867187,0.423193
src/Mod/TechDraw/Gui/CMakeFiles/TechDrawGui.dir/TaskWeldingSymbol.cpp.o,3.801,3.724669,2.430496,1.26657,1.884603,0.678206,0.887293,0.77514,0.488819
tests/src/Base/CMakeFiles/Base_tests_run.dir/Reader.cpp.o,3.796,3.73404,2.854916,0.867336,0.255719,0.788815,0.651545,0.46973,0.395595
src/3rdParty/salomesmesh/CMakeFiles/SMESH.dir/src/SMESH/DriverMED_W_SMESHDS_Mesh.cpp.o,3.795,3.727135,3.105886,0.605466,0.337451,0.874732,0.699883,0.415215,0.187972
src/Mod/PartDesign/App/CMakeFiles/PartDesign.dir/FeatureCircularPattern.cpp.o,3.793,3.715791,3.601996,0.076492,2.932581,1.133266,1.134036,0.048341,0.025244
src/3rdParty/salomesmesh/CMakeFiles/SMDS.dir/src/SMDS/SMDS_Mesh.cpp.o,3.789,3.723001,2.288466,1.423503,0.002571,0.69843,0.515693,0.893464,0.528104
src/Mod/PartDesign/App/CMakeFiles/PartDesign.dir/FeatureGroove.cpp.o,3.787,3.707576,3.561787,0.110484,2.852911,1.131437,1.087897,0.075134,0.032795
src/Mod/CAM/PathSimulator/App/CMakeFiles/PathSimulator.dir/PathSimPyImp.cpp.o,3.786,3.714031,3.641055,0.056569,3.201419,0.826483,0.830343,0.029276,0.0252
src/Mod/CAM/PathSimulator/AppGL/CMakeFiles/CAMSimulator.dir/TopoShapeViewProvider.cpp.o,3.785,3.706236,3.640537,0.050145,3.202922,0.744064,0.764612,0.034893,0.013279
src/Mod/PartDesign/App/CMakeFiles/PartDesign.dir/FeaturePolarPattern.cpp.o,3.784,3.705851,3.586481,0.085339,2.908683,1.113249,1.126843,0.054186,0.028746
src/3rdParty/salomesmesh/CMakeFiles/StdMeshers.dir/src/StdMeshers/StdMeshers_RadialQuadrangle_1D2D.cpp.o,3.782,3.706578,2.873794,0.819205,0.003698,0.775032,0.692116,0.528722,0.288074
src/Mod/Spreadsheet/Gui/CMakeFiles/SpreadsheetGui.dir/AppSpreadsheetGui.cpp.o,3.776,3.693114,2.624808,1.041042,2.183602,0.665705,0.960476,0.67156,0.367095
src/3rdParty/salomesmesh/CMakeFiles/StdMeshers.dir/src/StdMeshers/StdMeshers_QuadToTriaAdaptor.cpp.o,3.766,3.694086,2.7966,0.884096,0.009024,0.85713,0.680639,0.552061,0.329991
src/Mod/Material/App/CMakeFiles/Materials.dir/MaterialLibrary.cpp.o,3.764,3.698907,2.344636,1.332214,1.357507,1.100609,0.826469,0.884067,0.446068
tests/src/Gui/CMakeFiles/Gui_tests_run.dir/NavigationStyleWheelTest.cpp.o,3.763,3.686797,3.546366,0.12519,0.0,0.856607,0.837179,0.07905,0.043876
src/Mod/Part/Gui/CMakeFiles/PartGui.dir/AttacherTexts.cpp.o,3.761,3.686721,2.366292,1.285497,1.396843,1.021599,0.79917,0.798151,0.485206
src/Mod/Surface/App/CMakeFiles/Surface.dir/Blending/FeatureBlendCurve.cpp.o,3.759,3.677725,3.434223,0.210151,2.729476,1.095638,1.040292,0.138517,0.06863
src/Mod/Part/App/CMakeFiles/Part.dir/FeatureExtrusion.cpp.o,3.758,3.686288,3.233996,0.411849,2.524586,1.046341,1.044805,0.247413,0.161723
src/Mod/PartDesign/App/CMakeFiles/PartDesign.dir/DatumPoint.cpp.o,3.752,3.671235,3.56597,0.070729,2.896744,1.097454,1.123248,0.045271,0.022644
src/Mod/TechDraw/Gui/CMakeFiles/TechDrawGui.dir/qrc_TechDraw_translation.cpp.o,3.752,3.678224,3.632958,0.008776,0.0,0.0,0.0,0.002604,0.004797
src/Mod/CAM/PathSimulator/App/CMakeFiles/PathSimulator.dir/PathSim.cpp.o,3.75,3.675505,3.624421,0.034217,3.201686,0.80707,0.825401,0.023587,0.008795
src/Mod/Part/Gui/CMakeFiles/PartGui.dir/ViewProviderCurveNet.cpp.o,3.74,3.658451,2.559242,1.061157,1.638991,1.058217,0.876887,0.702519,0.356205
src/App/CMakeFiles/FreeCADApp.dir/Range.cpp.o,3.739,3.676066,1.07217,2.582378,0.167447,0.641189,0.273459,1.589697,0.99035
src/Mod/ReverseEngineering/Gui/CMakeFiles/ReverseEngineeringGui.dir/FitBSplineSurface.cpp.o,3.736,3.652415,3.3954,0.227812,2.522013,1.167219,1.1647,0.133045,0.092234
src/Mod/TechDraw/Gui/CMakeFiles/TechDrawGui.dir/QGIViewBalloon.cpp.o,3.736,3.657285,3.212556,0.414307,2.244292,1.319601,1.196227,0.242024,0.169637
src/Mod/PartDesign/App/CMakeFiles/PartDesign.dir/DatumCS.cpp.o,3.729,3.649418,3.505915,0.107259,2.841117,1.093301,1.096246,0.071578,0.033399
src/Mod/PartDesign/App/CMakeFiles/PartDesign.dir/DatumLine.cpp.o,3.725,3.652688,3.542799,0.074632,2.869751,1.094452,1.115116,0.047644,0.024814
src/Mod/TechDraw/App/CMakeFiles/TechDraw.dir/DimensionReferences.cpp.o,3.719,3.642241,2.542402,1.056257,1.714981,1.09923,0.947975,0.690386,0.363701
src/Gui/CMakeFiles/FreeCADGui.dir/Quarter/DragDropHandler.cpp.o,3.718,3.642687,3.528786,0.09991,0.377933,0.699697,0.736361,0.067941,0.029966
src/Mod/PartDesign/App/CMakeFiles/PartDesign.dir/FeaturePocket.cpp.o,3.718,3.644401,3.525921,0.084659,2.854072,1.10076,1.073037,0.054793,0.027649
src/3rdParty/salomesmesh/CMakeFiles/SMESH.dir/src/SMESH/SMESH_Block.cpp.o,3.713,3.611328,2.803923,0.795218,0.021439,0.610409,0.511806,0.449988,0.343095
src/Mod/Fem/Gui/CMakeFiles/FemGui.dir/TaskFemConstraintBearing.cpp.o,3.71,3.630868,3.237172,0.363422,2.2649,1.30235,1.169788,0.232105,0.12874
src/Mod/PartDesign/App/CMakeFiles/PartDesign.dir/BodyPyImp.cpp.o,3.706,3.626964,3.51906,0.07432,2.845971,1.111248,1.09711,0.053882,0.017873
src/Mod/PartDesign/App/CMakeFiles/PartDesign.dir/FeaturePyImp.cpp.o,3.706,3.627878,3.517142,0.077114,2.801974,1.130003,1.057692,0.061412,0.013485
src/Mod/Surface/App/CMakeFiles/Surface.dir/FeatureExtend.cpp.o,3.703,3.625392,3.430829,0.161938,2.740792,1.099106,1.073695,0.096277,0.063284
src/Mod/CAM/App/CMakeFiles/Path.dir/Voronoi.cpp.o,3.702,3.636652,1.329478,2.278654,0.44404,0.787137,0.348559,1.372096,0.904824
tests/src/Gui/CMakeFiles/Gui_tests_run.dir/StyleParameters/DiagnosticsTest.cpp.o,3.701,3.634741,2.333809,1.289847,1.608014,0.777826,0.614892,0.82629,0.461451
src/Mod/TechDraw/Gui/CMakeFiles/TechDrawGui.dir/CommandHelpers.cpp.o,3.699,3.613198,3.452039,0.128985,2.594604,1.343947,1.214796,0.091712,0.034531
src/Mod/TechDraw/App/CMakeFiles/TechDraw.dir/DrawViewMulti.cpp.o,3.697,3.617422,2.470227,1.103229,1.519901,1.154996,0.943861,0.714497,0.386157
src/Mod/PartDesign/Gui/CMakeFiles/PartDesignGui.dir/ViewProviderDatum.cpp.o,3.695,3.60692,3.360744,0.211618,2.480584,1.295174,1.224337,0.140282,0.068385
tests/src/Mod/Part/App/CMakeFiles/Part_tests_run.dir/BRepMesh.cpp.o,3.693,3.613128,3.369538,0.228445,1.4683,0.902589,0.811024,0.147775,0.078541
src/Mod/Measure/App/CMakeFiles/Measure.dir/MeasureArea.cpp.o,3.692,3.614942,2.462727,1.125454,2.024919,0.509353,0.6403,0.765125,0.358071
src/Mod/Fem/Gui/CMakeFiles/FemGui.dir/TaskFemConstraintPlaneRotation.cpp.o,3.691,3.610248,3.172145,0.404906,2.147733,1.33458,1.15922,0.287094,0.115129
src/Mod/Material/Gui/CMakeFiles/MatGui.dir/AppMatGui.cpp.o,3.69,3.613545,2.598613,0.987083,1.613492,1.152876,0.944688,0.631597,0.353189
tests/src/Mod/Spreadsheet/App/CMakeFiles/Spreadsheet_tests_run.dir/PropertySheet.cpp.o,3.69,3.620595,3.329692,0.27436,1.451283,0.977847,0.950017,0.192225,0.080096
src/Base/CMakeFiles/FreeCADBase.dir/UnitsSchema.cpp.o,3.686,3.626157,0.641394,2.968452,0.284413,0.23439,0.125518,1.860123,1.106497
src/Gui/CMakeFiles/FreeCADGui.dir/PropertyPage.cpp.o,3.684,3.61067,2.181165,1.400172,0.979858,1.072525,0.764372,0.940771,0.457059
src/Mod/CAM/Gui/CMakeFiles/PathGui.dir/ViewProviderArea.cpp.o,3.678,3.593158,3.237806,0.326886,2.34017,1.473829,1.16714,0.184483,0.139819
src/Mod/Part/App/CMakeFiles/Part.dir/CircularPatternExtension.cpp.o,3.677,3.596545,3.3311,0.224472,2.602799,1.090212,1.106545,0.154852,0.067049
src/App/CMakeFiles/FreeCADApp.dir/StringHasher.cpp.o,3.676,3.596018,1.619168,1.953533,0.662743,0.480902,0.552576,1.278493,0.673223
src/Gui/CMakeFiles/FreeCADGui.dir/Quarter/QuarterWidgetP.cpp.o,3.676,3.605069,3.408256,0.182645,2.847885,0.671244,0.688615,0.105065,0.075348
src/Mod/Part/App/CMakeFiles/Part.dir/PartFeatures.cpp.o,3.676,3.599357,3.254703,0.307526,2.526577,1.043955,1.007076,0.184671,0.120478
src/3rdParty/salomesmesh/CMakeFiles/StdMeshers.dir/src/StdMeshers/StdMeshers_RadialPrism_3D.cpp.o,3.672,3.598578,2.951727,0.632738,0.062529,0.805419,0.748424,0.396227,0.234332
src/Mod/Part/App/CMakeFiles/Part.dir/Services.cpp.o,3.671,3.592102,3.358958,0.19578,2.584163,1.097908,1.101081,0.127495,0.065778
src/Mod/PartDesign/App/CMakeFiles/PartDesign.dir/FeaturePointPattern.cpp.o,3.668,3.592308,3.481305,0.076058,2.799645,1.113787,1.095381,0.054751,0.018882
src/Mod/Measure/App/CMakeFiles/Measure.dir/MeasurePosition.cpp.o,3.665,3.589714,2.453239,1.10677,2.044843,0.507456,0.650992,0.736095,0.368291
src/Mod/Mesh/Gui/CMakeFiles/MeshGui.dir/DlgRegularSolidImp.cpp.o,3.664,3.587065,2.328155,1.231188,1.506054,0.903531,0.714359,0.794006,0.434886
tests/src/Base/CMakeFiles/Base_tests_run.dir/Parameter.cpp.o,3.66,3.597394,2.357094,1.22904,0.42556,0.803519,0.610331,0.679467,0.547414
src/Mod/Material/App/CMakeFiles/Materials.dir/MaterialManager.cpp.o,3.658,3.586882,2.392185,1.172291,1.380656,1.128099,0.85238,0.768814,0.400906
src/Mod/PartDesign/App/CMakeFiles/PartDesign.dir/FeatureFillet.cpp.o,3.657,3.585137,3.425165,0.125366,2.756542,1.072437,1.040827,0.083846,0.039063
src/Gui/CMakeFiles/FreeCADGui.dir/Dialogs/DlgMacroExecuteImp.cpp.o,3.654,3.581586,2.002916,1.547748,1.289878,0.595372,0.723723,0.985404,0.55975
src/Mod/PartDesign/App/CMakeFiles/PartDesign.dir/FeatureScaled.cpp.o,3.654,3.576919,3.455894,0.088146,2.764608,1.090908,1.048927,0.06344,0.022769
src/Mod/PartDesign/App/CMakeFiles/PartDesign.dir/FeaturePad.cpp.o,3.646,3.573313,3.453441,0.085221,2.582385,1.080957,1.072227,0.055289,0.027829
src/Base/CMakeFiles/FreeCADBase.dir/UnitsApi.cpp.o,3.645,3.5926,0.650051,2.925119,0.340279,0.246832,0.144654,1.844462,1.078802
src/Mod/Material/Gui/CMakeFiles/MatGui.dir/Array2D.cpp.o,3.619,3.542483,2.40643,1.110595,1.329698,1.203797,0.853753,0.768522,0.339784
src/Mod/TechDraw/App/CMakeFiles/TechDraw.dir/DrawProjGroupItem.cpp.o,3.609,3.530405,2.409917,1.075452,1.580003,1.088692,0.935273,0.685213,0.387905
src/Mod/Fem/Gui/CMakeFiles/FemGui.dir/TaskFemConstraintGear.cpp.o,3.608,3.525388,3.262152,0.232184,2.332697,1.297598,1.187903,0.144287,0.085395
src/Mod/Material/Gui/CMakeFiles/MatGui.dir/MaterialDelegate.cpp.o,3.605,3.532674,2.501189,1.006563,1.567996,1.100177,0.888773,0.655076,0.3494
src/Mod/Part/Gui/CMakeFiles/PartGui.dir/TaskSweep.cpp.o,3.601,3.518803,3.043805,0.434397,2.05214,1.225718,1.074408,0.265365,0.166813
src/Mod/TechDraw/App/CMakeFiles/TechDraw.dir/DimensionGeometry.cpp.o,3.599,3.516981,2.396645,1.076961,1.466636,1.069371,0.888765,0.707711,0.366935
src/Gui/CMakeFiles/FreeCADGui.dir/TaskView/TaskView.cpp.o,3.598,3.522614,2.041847,1.449392,1.167092,0.713935,0.746422,0.960848,0.486197
src/Gui/CMakeFiles/FreeCADGui.dir/StyleParameters/ParameterManager.cpp.o,3.596,3.52387,1.516578,1.978633,0.752865,0.482285,0.456277,1.31742,0.659197
src/Mod/Part/App/CMakeFiles/Part.dir/Part2DObject.cpp.o,3.593,3.513617,3.211561,0.264649,2.483281,1.091395,1.049353,0.151974,0.109977
src/Mod/PartDesign/App/CMakeFiles/PartDesign.dir/DatumPlane.cpp.o,3.59,3.517005,3.406949,0.075736,2.746971,1.073625,1.073662,0.049,0.024671
tests/src/App/CMakeFiles/App_tests_run.dir/IndexedName.cpp.o,3.59,3.523062,2.65999,0.850889,0.76942,0.718508,0.576605,0.468462,0.380152
tests/src/Gui/CMakeFiles/Gui_tests_run.dir/ColorScaleOverlayTest.cpp.o,3.583,3.512913,2.39858,1.10334,0.456507,0.773556,0.57382,0.706923,0.39448
src/Mod/PartDesign/App/CMakeFiles/PartDesign.dir/FeaturePathPattern.cpp.o,3.582,3.508593,3.419878,0.056151,2.754882,1.080197,1.06076,0.037586,0.016312
src/Mod/Part/Gui/CMakeFiles/PartGui.dir/PatternParametersWidget.cpp.o,3.579,3.503699,2.093146,1.374707,1.121257,0.939554,0.697904,0.92054,0.452145
src/Mod/Material/Gui/CMakeFiles/MatGui.dir/MaterialTreeWidgetPyImp.cpp.o,3.57,3.493892,2.411278,1.05757,1.50644,1.034207,0.801653,0.679299,0.375899
src/Mod/Part/App/CMakeFiles/Part.dir/FeaturePartCommon.cpp.o,3.558,3.478403,3.213595,0.229279,2.460234,1.076627,1.034391,0.169827,0.056984
src/Mod/TechDraw/App/CMakeFiles/TechDraw.dir/CosmeticVertexPyImp.cpp.o,3.558,3.477788,2.306056,1.125159,1.451813,1.035016,0.87875,0.70399,0.418906
src/Mod/Material/Gui/CMakeFiles/MatGui.dir/ListEdit.cpp.o,3.557,3.487099,2.309274,1.153009,1.22544,1.151744,0.779333,0.808793,0.341804
src/Gui/CMakeFiles/FreeCADGui.dir/Navigation/GestureNavigationStyle.cpp.o,3.554,3.474701,1.925363,1.518149,1.272046,0.662445,0.728466,1.000058,0.515789
src/Gui/CMakeFiles/FreeCADGui.dir/TaskTransform.cpp.o,3.553,3.468071,2.816458,0.616353,1.763005,1.232162,1.02932,0.381693,0.232267
src/Mod/Material/Gui/CMakeFiles/MatGui.dir/Array3D.cpp.o,3.55,3.47643,2.294299,1.157382,1.202064,1.160461,0.792588,0.791241,0.364011
src/Mod/CAM/PathSimulator/AppGL/CMakeFiles/CAMSimulator.dir/CAMSimPyImp.cpp.o,3.549,3.473651,3.370955,0.0803,3.098193,0.714411,0.911703,0.043491,0.034602
src/Gui/CMakeFiles/FreeCADGui.dir/TaskView/TaskDialogPython.cpp.o,3.546,3.475952,1.707743,1.738225,1.116256,0.592007,0.615698,1.072734,0.663123
src/Mod/Part/App/CMakeFiles/Part.dir/FeatureRevolution.cpp.o,3.541,3.459127,3.261545,0.159089,2.573975,1.081798,1.066159,0.099271,0.057671
src/3rdParty/salomesmesh/CMakeFiles/SMESH.dir/src/SMESH/SMESH_Gen.cpp.o,3.54,3.472643,2.81517,0.64348,0.003137,0.780177,0.700678,0.442119,0.199423
src/Gui/CMakeFiles/FreeCADGui.dir/CommandTest.cpp.o,3.539,3.464806,1.731,1.704994,1.070365,0.563528,0.580504,1.079487,0.623349
src/Mod/Part/App/CMakeFiles/Part.dir/FeatureOffset.cpp.o,3.537,3.458173,3.326602,0.09491,2.63375,1.056073,1.042415,0.063264,0.029182
src/Mod/PartDesign/Gui/CMakeFiles/PartDesignGui.dir/ReferenceSelection.cpp.o,3.537,3.455022,3.0992,0.321913,2.255089,1.269883,1.159308,0.199977,0.119429
src/Mod/PartDesign/App/CMakeFiles/PartDesign.dir/FeatureBase.cpp.o,3.534,3.462723,3.350915,0.077026,2.691013,1.085277,1.013625,0.052285,0.022645
src/Mod/Sketcher/Gui/CMakeFiles/SketcherGui.dir/qrc_Sketcher_translation.cpp.o,3.534,3.463463,3.42723,0.008874,0.0,0.0,0.0,0.002994,0.004397
src/Mod/Part/Gui/CMakeFiles/PartGui.dir/TaskPatternParameters.cpp.o,3.533,3.446435,2.272686,1.135556,1.389693,0.938705,0.764947,0.740094,0.392977
tests/src/Gui/CMakeFiles/Gui_tests_run.dir/Assistant.cpp.o,3.526,3.457412,3.296931,0.146085,1.44957,0.85026,0.809672,0.107235,0.036817
src/Mod/Mesh/App/CMakeFiles/Mesh.dir/AppMesh.cpp.o,3.524,3.457182,2.544295,0.888844,2.249886,0.599701,0.755051,0.588909,0.297801
src/Mod/Material/Gui/CMakeFiles/MatGui.dir/ImageEdit.cpp.o,3.523,3.44855,2.292013,1.130987,1.273575,1.101379,0.802924,0.731571,0.397171
src/Mod/Import/App/CMakeFiles/Import.dir/SketchExportHelper.cpp.o,3.523,3.444252,3.322828,0.087181,2.66445,1.075942,1.049256,0.05349,0.031534
src/Gui/CMakeFiles/FreeCADGui.dir/Quarter/EventFilter.cpp.o,3.517,3.442827,3.348967,0.080292,0.253635,0.667516,0.707645,0.056341,0.022236
src/Mod/Part/App/CMakeFiles/Part.dir/VectorAdapter.cpp.o,3.513,3.433593,3.24725,0.149985,2.52495,1.067558,1.078259,0.100049,0.047491
src/Gui/CMakeFiles/FreeCADGui.dir/QSint/actionpanel/actiongroup.cpp.o,3.511,3.441465,3.356544,0.071119,2.94549,0.67798,0.702483,0.04574,0.023075
src/Mod/Fem/Gui/CMakeFiles/FemGui.dir/ViewProviderFemConstraintOnBoundary.cpp.o,3.51,3.426803,3.209379,0.186751,2.281763,1.330582,1.207328,0.119931,0.064424
src/Gui/CMakeFiles/FreeCADGui.dir/Quarter/moc_QuarterWidget.cpp.o,3.503,3.430403,3.347734,0.069143,2.856769,0.721042,0.698679,0.041927,0.025165
src/Gui/CMakeFiles/FreeCADGui.dir/QSint/actionpanel/actionlabel.cpp.o,3.498,3.42324,3.37056,0.039785,2.760795,0.658321,0.70293,0.025807,0.012003
src/Mod/TechDraw/App/CMakeFiles/TechDraw.dir/CosmeticVertex.cpp.o,3.494,3.413265,2.360973,1.008967,1.508874,1.058599,0.919296,0.665109,0.341841
tests/src/Mod/TechDraw/App/CMakeFiles/TechDraw_tests_run.dir/LineFormat.cpp.o,3.488,3.416036,3.159534,0.242924,1.276846,0.867496,0.772526,0.165339,0.075283
src/3rdParty/salomesmesh/CMakeFiles/StdMeshers.dir/src/StdMeshers/StdMeshers_MEFISTO_2D.cpp.o,3.487,3.41212,2.830454,0.568392,0.003557,0.748283,0.680198,0.364117,0.202217
src/Mod/Start/Gui/CMakeFiles/StartGui.dir/StartView.cpp.o,3.486,3.412007,2.170074,1.21907,1.621143,0.617673,0.777787,0.793721,0.422887
src/3rdParty/salomesmesh/CMakeFiles/SMESH.dir/src/SMESH/SMESH_ProxyMesh.cpp.o,3.484,3.389051,2.951677,0.422914,0.001358,0.811687,0.65531,0.292446,0.128392
src/Mod/Part/App/CMakeFiles/Part.dir/FeatureChamfer.cpp.o,3.477,3.396135,3.126195,0.233623,2.414781,1.058797,0.998053,0.150806,0.080325
src/Mod/PartDesign/App/CMakeFiles/PartDesign.dir/FeatureSolid.cpp.o,3.467,3.390383,3.310632,0.04707,2.653401,1.06469,1.038466,0.032301,0.012315
src/Mod/Part/App/CMakeFiles/Part.dir/FeatureFillet.cpp.o,3.458,3.37886,3.161036,0.182195,2.45157,1.05774,1.000476,0.118595,0.060769
src/Mod/CAM/PathSimulator/AppGL/CMakeFiles/CAMSimulator.dir/CAMSim.cpp.o,3.458,3.382787,3.343921,0.015429,3.131904,0.686973,0.922106,0.006596,0.006224
src/Gui/CMakeFiles/FreeCADGui.dir/Quarter/Mouse.cpp.o,3.454,3.378973,3.340392,0.024756,0.233896,0.638282,0.6813,0.013181,0.009492
src/Mod/Part/App/CMakeFiles/Part.dir/FeaturePartBoolean.cpp.o,3.447,3.371972,3.12077,0.215804,2.396156,1.033297,1.014478,0.15254,0.060991
src/3rdParty/salomesmesh/CMakeFiles/SMESH.dir/src/SMESH/DriverMED_Family.cpp.o,3.442,3.366031,2.963896,0.386499,0.370853,0.819402,0.659821,0.262817,0.121413
src/Gui/CMakeFiles/FreeCADGui.dir/QSint/actionpanel/taskheader_p.cpp.o,3.44,3.362255,3.305272,0.0429,2.812201,0.674655,0.694814,0.02375,0.017388
src/Mod/Part/App/CMakeFiles/Part.dir/FeatureFace.cpp.o,3.439,3.358451,3.180124,0.14106,2.423208,1.112749,1.050185,0.100406,0.038706
src/Mod/CAM/libarea/CMakeFiles/area-native.dir/clipper.cpp.o,3.439,3.371802,1.833756,1.529823,1.103187,0.566926,0.337538,0.984577,0.543288
src/Mod/Mesh/App/CMakeFiles/Mesh.dir/Importer.cpp.o,3.433,3.365149,2.368797,0.971267,2.010881,0.584895,0.695961,0.648284,0.320738
src/Mod/Material/App/CMakeFiles/Materials.dir/MaterialManagerPyImp.cpp.o,3.432,3.370996,2.125094,1.2272,1.219586,0.981958,0.727171,0.785516,0.43964
src/Mod/Material/App/CMakeFiles/Materials.dir/AppMaterial.cpp.o,3.432,3.365518,2.382638,0.96343,1.501549,1.024065,0.801213,0.599792,0.361377
src/Mod/ReverseEngineering/App/CMakeFiles/ReverseEngineering.dir/AppReverseEngineering.cpp.o,3.429,3.35769,2.073648,1.260136,1.553988,0.669368,0.615985,0.815656,0.442134
src/Mod/Spreadsheet/Gui/CMakeFiles/SpreadsheetGui.dir/ZoomableView.cpp.o,3.427,3.345048,2.286516,1.034059,0.284334,0.593623,0.697876,0.6755,0.356392
src/3rdParty/WildMagic4/CMakeFiles/WildMagic4.dir/Wm4TriangulateEC.cpp.o,3.424,3.359503,1.83911,1.511947,1.165543,0.647319,0.316172,0.895282,0.614592
src/Mod/Part/App/CMakeFiles/Part.dir/Datums.cpp.o,3.422,3.342331,3.236733,0.068334,2.554766,1.086383,1.061741,0.040257,0.025534
src/Gui/CMakeFiles/FreeCADGui.dir/Selection/SelectionView.cpp.o,3.421,3.346774,2.152068,1.162085,1.274286,0.775459,0.773117,0.743342,0.416666
src/Mod/Material/App/CMakeFiles/Materials.dir/ModelManager.cpp.o,3.418,3.351012,2.223636,1.107752,1.339415,1.010516,0.787201,0.758896,0.346709
src/Base/CMakeFiles/FreeCADBase.dir/Parameter.cpp.o,3.416,3.357591,1.074892,2.263669,0.005262,0.490977,0.319855,1.483949,0.777845
src/Gui/CMakeFiles/FreeCADGui.dir/Quarter/ContextMenu.cpp.o,3.413,3.340635,3.257372,0.069729,0.116531,0.658071,0.684385,0.046328,0.021338
src/Mod/Mesh/App/CMakeFiles/Mesh.dir/Core/Algorithm.cpp.o,3.412,3.351555,1.165706,2.168604,0.262988,0.459189,0.271162,1.426051,0.740616
src/Mod/Part/App/CMakeFiles/Part.dir/FeatureCompound.cpp.o,3.4,3.318469,3.114459,0.167058,2.368443,1.083406,1.011369,0.116437,0.047772
src/Mod/Part/App/CMakeFiles/Part.dir/FeaturePartPolygon.cpp.o,3.399,3.323601,3.163447,0.124394,2.453405,1.07999,1.003798,0.086854,0.035354
src/Mod/Inspection/Gui/CMakeFiles/InspectionGui.dir/VisualInspection.cpp.o,3.394,3.318592,3.050934,0.242951,2.224745,1.083853,1.022464,0.139601,0.097738
src/Mod/Part/App/CMakeFiles/Part.dir/BodyBasePyImp.cpp.o,3.391,3.312872,3.221482,0.054535,2.565663,1.034561,1.02985,0.044493,0.007819
src/Mod/Part/App/CMakeFiles/Part.dir/FeaturePartBox.cpp.o,3.39,3.321077,3.131497,0.150705,2.474712,1.010876,1.017535,0.093423,0.054765
src/Mod/Part/App/CMakeFiles/Part.dir/ImportIges.cpp.o,3.385,3.313238,3.165403,0.110915,2.430744,1.043174,1.02331,0.071381,0.037019
src/Mod/Fem/Gui/CMakeFiles/FemGui.dir/TaskPostExtraction.cpp.o,3.385,3.311377,2.210014,1.075359,1.639439,0.57361,0.842835,0.687696,0.385688
src/Mod/Part/App/CMakeFiles/Part.dir/PointPatternExtension.cpp.o,3.383,3.313173,3.146708,0.130505,2.433392,1.0463,1.004311,0.097128,0.031039
src/Mod/Part/App/CMakeFiles/Part.dir/DatumFeature.cpp.o,3.383,3.305953,3.174045,0.094453,2.49863,1.051561,1.03839,0.065136,0.02709
src/Mod/CAM/PathSimulator/AppGL/CMakeFiles/CAMSimulator.dir/MillPathLine.cpp.o,3.379,3.274066,3.250188,0.010947,2.902992,0.597267,0.587739,0.005373,0.003675
src/Gui/CMakeFiles/FreeCADGui.dir/Quarter/InteractionMode.cpp.o,3.373,3.297021,3.258622,0.024821,2.418502,0.641485,0.698363,0.011931,0.010732
src/Mod/Part/Gui/CMakeFiles/PartGui.dir/BoxSelection.cpp.o,3.37,3.289597,3.031515,0.215708,2.108747,1.312334,1.144059,0.158721,0.053865
src/Mod/TechDraw/Gui/CMakeFiles/TechDrawGui.dir/CommandStack.cpp.o,3.368,3.288993,2.204758,1.059429,1.774577,0.61824,0.841817,0.6827,0.374282
tests/src/Mod/Start/App/CMakeFiles/Start_tests_run.dir/ThumbnailSource.cpp.o,3.363,3.295635,3.277474,0.002368,1.449709,0.876873,0.814965,0.000142,0.000303
src/Mod/CAM/Gui/CMakeFiles/PathGui.dir/ViewProviderPathShape.cpp.o,3.362,3.28146,3.190301,0.062524,2.325896,1.450434,1.180505,0.039662,0.020668
src/Mod/Part/App/CMakeFiles/Part.dir/FeaturePartCircle.cpp.o,3.359,3.284963,3.158748,0.090802,2.46976,1.065253,1.008082,0.054215,0.034314
src/Mod/Part/App/CMakeFiles/Part.dir/BodyBase.cpp.o,3.359,3.280221,3.172089,0.068678,2.501605,1.031735,1.035529,0.047172,0.018727
src/Mod/CAM/PathSimulator/AppGL/CMakeFiles/CAMSimulator.dir/MillSimulation.cpp.o,3.358,3.279304,3.088745,0.177894,2.667708,0.644602,0.604161,0.114513,0.061264
src/Gui/CMakeFiles/FreeCADGui.dir/Quarter/KeyboardP.cpp.o,3.351,3.280138,3.172933,0.094232,2.526708,0.663,0.641066,0.06407,0.028023
src/Mod/Fem/Gui/CMakeFiles/FemGui.dir/TaskDlgMeshShapeNetgen.cpp.o,3.341,3.263508,2.209202,1.028319,1.656369,0.662239,0.796433,0.677799,0.348245
src/Gui/CMakeFiles/FreeCADGui.dir/QSint/actionpanel/taskgroup_p.cpp.o,3.339,3.268633,3.222788,0.032094,2.745386,0.645264,0.678667,0.019546,0.010484
src/Mod/TechDraw/Gui/CMakeFiles/TechDrawGui.dir/AppTechDrawGuiPy.cpp.o,3.332,3.258922,2.061736,1.169792,1.676705,0.555246,0.73116,0.74786,0.419193
src/Base/CMakeFiles/FreeCADBase.dir/UnitsModulePy.cpp.o,3.328,3.275995,0.657041,2.603112,0.379525,0.236802,0.140609,1.613271,0.98816
src/3rdParty/OndselSolver/OndselSolver/CMakeFiles/OndselSolver.dir/PartFrame.cpp.o,3.326,3.262139,1.579834,1.672828,0.762048,0.536313,0.439065,1.080445,0.589566
src/Mod/CAM/App/CMakeFiles/Path.dir/VoronoiEdgePyImp.cpp.o,3.325,3.244197,2.906538,0.300667,2.196673,0.952936,0.738228,0.154618,0.144178
src/Mod/CAM/libarea/CMakeFiles/area-native.dir/AreaClipper.cpp.o,3.324,3.259421,2.411943,0.836633,1.586081,0.896951,0.557409,0.621268,0.213394
src/3rdParty/salomesmesh/CMakeFiles/StdMeshers.dir/src/StdMeshers/StdMeshers_Projection_1D2D.cpp.o,3.315,3.242006,2.792747,0.434365,0.003433,0.800882,0.70253,0.289132,0.143225
src/Gui/CMakeFiles/FreeCADGui.dir/qrc_translation.cpp.o,3.313,3.242409,3.207425,0.008324,0.0,0.0,0.0,0.00266,0.004333
src/Mod/TechDraw/Gui/CMakeFiles/TechDrawGui.dir/CommandAlign.cpp.o,3.312,3.236742,3.105258,0.100639,2.248389,1.326003,1.224083,0.071898,0.025963
src/3rdParty/salomesmesh/CMakeFiles/StdMeshers.dir/src/StdMeshers/StdMeshers_Regular_1D.cpp.o,3.311,3.244412,2.608527,0.623255,0.012304,0.698777,0.598442,0.372994,0.248185
src/Gui/CMakeFiles/FreeCADGui.dir/FileHandler.cpp.o,3.306,3.237695,1.683651,1.524205,1.16775,0.531437,0.556699,0.998341,0.52365
src/Gui/CMakeFiles/FreeCADGui.dir/Quarter/FocusHandler.cpp.o,3.305,3.232635,3.20652,0.012561,0.621758,0.654153,0.685089,0.005044,0.005455
src/Mod/Part/App/CMakeFiles/Part.dir/FaceMakerBuildFace.cpp.o,3.305,3.237928,1.858842,1.350147,1.462249,0.394625,0.462194,0.866608,0.481508
src/Mod/PartDesign/Gui/CMakeFiles/PartDesignGui.dir/CommandPrimitive.cpp.o,3.289,3.212915,2.954544,0.226552,2.100172,1.181886,1.068452,0.119678,0.104515
src/Mod/Part/App/CMakeFiles/Part.dir/Part2DObjectPyImp.cpp.o,3.284,3.21072,3.128039,0.048048,2.465747,1.037833,1.016384,0.039077,0.007165
src/Mod/Part/Gui/CMakeFiles/PartGui.dir/DlgBooleanOperation.cpp.o,3.281,3.206021,2.80192,0.360233,1.799992,1.188998,1.047786,0.235034,0.122666
src/Mod/Part/Gui/CMakeFiles/PartGui.dir/ViewProviderMirror.cpp.o,3.281,3.202827,2.80955,0.352311,1.907462,1.154553,0.997533,0.210991,0.138884
src/Mod/TechDraw/App/CMakeFiles/TechDraw.dir/DrawView.cpp.o,3.28,3.200576,2.63207,0.52654,1.730488,1.157015,0.963425,0.350579,0.173356
src/Mod/TechDraw/Gui/CMakeFiles/TechDrawGui.dir/Widgets/CompassWidget.cpp.o,3.279,3.2019,3.115768,0.05983,0.74886,0.86244,0.783324,0.03421,0.023664
src/Mod/Mesh/App/CMakeFiles/Mesh.dir/AppMeshPy.cpp.o,3.278,3.211362,2.705071,0.482199,2.256626,0.737461,0.833279,0.293585,0.186452
src/Gui/CMakeFiles/FreeCADGui.dir/Quarter/QuarterP.cpp.o,3.276,3.203871,3.167099,0.024008,2.785455,0.622075,0.648171,0.015925,0.006047
src/Mod/Part/App/CMakeFiles/Part.dir/FeaturePartSection.cpp.o,3.275,3.197699,3.093726,0.06799,2.40711,1.033201,1.005235,0.050579,0.015195
src/Mod/Part/App/CMakeFiles/Part.dir/CustomFeature.cpp.o,3.27,3.194202,3.04592,0.112288,2.392663,1.039311,1.001777,0.070141,0.039582
src/Gui/CMakeFiles/FreeCADGui.dir/QSint/actionpanel/actionpanel.cpp.o,3.264,3.194546,3.156481,0.024989,2.782291,0.649498,0.677869,0.016401,0.006997
src/Gui/CMakeFiles/FreeCADGui.dir/QSint/actionpanel/actionpanelscheme.cpp.o,3.264,3.195644,3.114825,0.06871,2.731049,0.640503,0.651774,0.041787,0.025044
src/3rdParty/salomesmesh/CMakeFiles/StdMeshers.dir/src/StdMeshers/StdMeshers_CartesianParameters3D.cpp.o,3.262,3.191433,2.540053,0.63974,0.333355,0.71594,0.592237,0.445548,0.192465
tests/src/Base/CMakeFiles/Base_tests_run.dir/ParameterObserver.cpp.o,3.258,3.191036,2.482899,0.696539,0.533314,0.920104,0.678267,0.426705,0.267832
src/Mod/Fem/App/CMakeFiles/Fem.dir/FemPostPipeline.cpp.o,3.253,3.176921,1.806846,1.345122,1.231352,0.476184,0.597353,0.87263,0.47023
src/Mod/Part/App/CMakeFiles/Part.dir/ExtrusionHelper.cpp.o,3.251,3.183393,1.728099,1.42662,1.284331,0.356645,0.421918,0.921215,0.503135
src/Mod/Surface/App/CMakeFiles/Surface.dir/Blending/BlendPointPyImp.cpp.o,3.249,3.174698,2.052414,1.095356,1.461416,0.414261,0.463663,0.729183,0.36442
src/Mod/Assembly/Gui/CMakeFiles/AssemblyGui.dir/AppAssemblyGui.cpp.o,3.249,3.173115,2.16508,0.970929,1.760514,0.460846,0.704304,0.639756,0.3289
src/Mod/CAM/PathSimulator/AppGL/CMakeFiles/CAMSimulator.dir/SimDisplay.cpp.o,3.248,3.175989,3.039996,0.122791,2.643387,0.607241,0.570389,0.065945,0.054732
src/3rdParty/salomesmesh/CMakeFiles/SMESH.dir/src/SMESH/MED_Algorithm.cpp.o,3.247,3.177498,2.477783,0.686692,1.594666,0.792949,0.549425,0.531129,0.153562
src/Mod/TechDraw/Gui/CMakeFiles/TechDrawGui.dir/TaskProjection.cpp.o,3.244,3.16412,3.016976,0.116938,2.107594,1.295898,1.145415,0.075593,0.038639
src/Gui/CMakeFiles/FreeCADGui.dir/PythonWrapper.cpp.o,3.243,3.168893,1.900077,1.237178,1.010809,0.865663,0.611207,0.802826,0.432152
src/3rdParty/salomesmesh/CMakeFiles/SMESH.dir/src/SMESH/MED_Wrapper.cpp.o,3.241,3.174419,2.627721,0.535463,1.978508,0.691039,0.478255,0.340097,0.192836
src/3rdParty/Clipper2/CMakeFiles/Clipper2Z.dir/Clipper2Lib/src/clipper.engine.cpp.o,3.237,3.178366,2.088778,1.081154,1.458015,0.74852,0.44704,0.737186,0.3424
src/Mod/Part/App/CMakeFiles/Part.dir/modelRefine.cpp.o,3.237,3.175197,0.747605,2.402872,0.016378,0.275712,0.17606,1.543247,0.857547
src/Mod/TechDraw/Gui/CMakeFiles/TechDrawGui.dir/QGIRichAnno.cpp.o,3.237,3.161344,2.983482,0.146804,2.06932,1.204605,1.121741,0.086839,0.057699
src/3rdParty/salomesmesh/CMakeFiles/DriverUNV.dir/src/DriverUNV/DriverUNV_R_SMDS_Mesh.cpp.o,3.235,3.154889,2.745958,0.382387,0.013119,0.868135,0.746308,0.268484,0.110452
src/Mod/Part/App/CMakeFiles/Part.dir/FeaturePartCut.cpp.o,3.229,3.151351,3.073632,0.042802,2.431568,1.018413,0.993832,0.031496,0.009016
src/3rdParty/salomesmesh/CMakeFiles/DriverUNV.dir/src/DriverUNV/DriverUNV_W_SMDS_Mesh.cpp.o,3.224,3.141769,2.856269,0.271176,0.216542,0.813989,0.73163,0.193274,0.074657
src/3rdParty/salomesmesh/CMakeFiles/StdMeshers.dir/src/StdMeshers/StdMeshers_Projection_3D.cpp.o,3.22,3.150946,2.67833,0.458272,0.052751,0.740703,0.657708,0.284428,0.171743
src/Mod/Measure/App/CMakeFiles/Measure.dir/SubnameHelper.cpp.o,3.219,3.147372,2.957221,0.161199,2.564641,0.740941,0.858579,0.114211,0.044872
src/Mod/Part/App/CMakeFiles/Part.dir/FeatureGeometrySet.cpp.o,3.218,3.142244,3.049999,0.057967,2.421727,1.008595,0.990275,0.040183,0.015588
tests/src/Base/CMakeFiles/Base_tests_run.dir/Console.cpp.o,3.218,3.15765,2.039238,1.108252,0.0,0.721627,0.552481,0.728962,0.37739
src/Mod/Mesh/App/CMakeFiles/Mesh.dir/Core/TopoAlgorithm.cpp.o,3.214,3.155145,1.170994,1.966313,0.2159,0.472759,0.29587,1.31627,0.648155
src/3rdParty/salomesmesh/CMakeFiles/SMESHDS.dir/src/SMESHDS/SMESHDS_Mesh.cpp.o,3.206,3.136756,2.369135,0.750319,0.00446,0.69902,0.550755,0.469243,0.278316
src/Mod/Part/App/CMakeFiles/Part.dir/FeaturePartSpline.cpp.o,3.206,3.134159,3.060184,0.038754,2.412865,1.029829,0.994913,0.029634,0.006857
src/Mod/CAM/PathSimulator/AppGL/CMakeFiles/CAMSimulator.dir/CAMSimulator_autogen/mocs_compilation.cpp.o,3.203,3.133512,3.081109,0.033675,0.0,0.544572,0.796469,0.015721,0.015865
src/Mod/Part/Gui/CMakeFiles/PartGui.dir/SoBrepEdgeSet.cpp.o,3.201,3.122065,2.61627,0.468146,1.662835,1.136578,0.948425,0.316878,0.149155
tests/src/Mod/Part/App/CMakeFiles/Part_tests_run.dir/TopoDS_Shape.cpp.o,3.195,3.126437,2.822915,0.290938,0.745899,0.800028,0.702941,0.19041,0.098469
src/Mod/Assembly/App/CMakeFiles/Assembly.dir/AssemblyObjectPyImp.cpp.o,3.19,3.112383,2.96274,0.125979,2.670197,0.518737,0.750062,0.060433,0.063159
src/Mod/Part/Gui/CMakeFiles/PartGui.dir/SoBrepFaceSet.cpp.o,3.188,3.09858,2.586937,0.474494,1.685547,1.12253,0.94213,0.304264,0.167815
src/Mod/Material/Gui/CMakeFiles/MatGui.dir/ModelSelect.cpp.o,3.187,3.107439,2.618031,0.462398,1.660669,1.154834,0.952033,0.28869,0.171478
src/Mod/Points/App/CMakeFiles/Points.dir/Properties.cpp.o,3.186,3.12108,2.391708,0.689956,1.413768,1.031632,0.680356,0.503481,0.182053
tests/src/Base/CMakeFiles/Base_tests_run.dir/FileInfo.cpp.o,3.186,3.12386,2.209008,0.90459,0.329692,0.745714,0.574727,0.512837,0.389705
src/Mod/Material/Gui/CMakeFiles/MatGui.dir/ArrayModel.cpp.o,3.182,3.108183,1.935763,1.149087,0.996273,0.930941,0.63645,0.756822,0.390098
src/Mod/Spreadsheet/Gui/CMakeFiles/SpreadsheetGui.dir/LineEdit.cpp.o,3.181,3.104196,2.106528,0.973664,0.259743,0.488181,0.619403,0.638548,0.332723
src/Mod/Part/App/CMakeFiles/Part.dir/FaceMakerUnified.cpp.o,3.178,3.108826,1.897833,1.182215,1.510071,0.398036,0.491178,0.787127,0.392912
src/Mod/Points/Gui/CMakeFiles/PointsGui.dir/AppPointsGui.cpp.o,3.177,3.103286,2.113921,0.965989,1.675246,0.688737,0.819199,0.637411,0.326324
src/Mod/Sketcher/App/CMakeFiles/Sketcher.dir/SketchObjectSF.cpp.o,3.17,3.092837,2.154229,0.899754,1.347238,0.946655,0.798969,0.592274,0.305273
src/Gui/CMakeFiles/FreeCADGui.dir/Dialogs/DlgObjectSelection.cpp.o,3.16,3.083957,2.375175,0.677683,1.322721,1.135127,0.822106,0.443562,0.231962
src/3rdParty/WildMagic4/CMakeFiles/WildMagic4.dir/Wm4Delaunay3.cpp.o,3.156,3.092064,1.760891,1.322744,1.120055,0.636323,0.334944,0.730418,0.590443
src/Mod/Mesh/App/CMakeFiles/Mesh.dir/Exporter.cpp.o,3.144,3.078911,2.567901,0.486734,2.135709,0.679451,0.771033,0.332767,0.151929
src/Mod/Measure/Gui/CMakeFiles/MeasureGui.dir/AppMeasureGui.cpp.o,3.142,3.063705,2.013266,1.01412,1.550582,0.488817,0.74661,0.642926,0.368917
src/Gui/CMakeFiles/FreeCADGui.dir/VectorListEditor.cpp.o,3.14,3.068001,1.827146,1.211334,0.928018,0.81398,0.648357,0.794052,0.414998
src/3rdParty/salomesmesh/CMakeFiles/DriverUNV.dir/src/DriverUNV/UNV_Test.cpp.o,3.136,3.020962,2.894662,0.101266,1.141746,0.722068,0.754166,0.076152,0.021756
src/3rdParty/OndselSolver/OndselSolver/CMakeFiles/OndselSolver.dir/ASMTGeneralMotion.cpp.o,3.132,3.065747,2.072816,0.979014,1.224851,0.644995,0.581355,0.706944,0.269249
src/3rdParty/salomesmesh/CMakeFiles/StdMeshers.dir/src/StdMeshers/StdMeshers_Projection_1D.cpp.o,3.131,3.061075,2.675078,0.372495,0.052524,0.719479,0.63448,0.241569,0.12873
src/Mod/Part/Gui/CMakeFiles/PartGui.dir/ViewProviderBoolean.cpp.o,3.129,3.051457,2.655624,0.357868,1.757192,1.151096,0.958833,0.219281,0.136204
src/Gui/CMakeFiles/FreeCADGui.dir/TaskElementColors.cpp.o,3.125,3.051639,2.401462,0.616058,1.68863,0.771328,1.002621,0.41141,0.202396
src/Mod/Material/Gui/CMakeFiles/MatGui.dir/TextEdit.cpp.o,3.125,3.053887,2.054309,0.976431,1.188153,0.969843,0.722897,0.6466,0.32779
tests/src/App/CMakeFiles/App_tests_run.dir/Application.cpp.o,3.122,3.053176,2.758005,0.283204,0.866388,0.844066,0.716211,0.183078,0.098387
src/Gui/CMakeFiles/FreeCADGui.dir/Quarter/SpaceNavigatorDevice.cpp.o,3.121,3.044915,3.022445,0.008683,0.000573,0.620689,0.621196,0.002994,0.003485
src/Mod/Material/Gui/CMakeFiles/MatGui.dir/DlgMaterialImp.cpp.o,3.118,3.044592,2.798913,0.218229,1.75173,1.252065,1.042037,0.15571,0.06014
src/Mod/Fem/App/CMakeFiles/Fem.dir/FemConstraint.cpp.o,3.115,3.039683,2.499308,0.512859,1.647416,1.058043,0.926709,0.312408,0.198289
src/3rdParty/libE57Format/CMakeFiles/E57Format.dir/src/ReaderImpl.cpp.o,3.113,3.052721,1.432493,1.613947,0.913894,0.473317,0.278682,0.786163,0.825988
src/Mod/PartDesign/Gui/CMakeFiles/PartDesignGui.dir/TaskDatumParameters.cpp.o,3.113,3.032548,2.826015,0.172469,2.028916,1.167935,1.076369,0.118043,0.051949
src/Gui/CMakeFiles/FreeCADGui.dir/Quarter/Keyboard.cpp.o,3.105,3.032013,3.011219,0.007283,0.001287,0.601683,0.593952,0.002617,0.002698
tests/src/Base/CMakeFiles/Base_tests_run.dir/Axis.cpp.o,3.104,3.039333,2.76865,0.2588,0.833213,0.826685,0.700297,0.167154,0.089905
src/Mod/Mesh/Gui/CMakeFiles/MeshGui.dir/SegmentationBestFit.cpp.o,3.103,3.022727,2.433485,0.563728,1.850237,0.772346,0.844079,0.382687,0.17877
src/Gui/CMakeFiles/FreeCADGui.dir/Quarter/InputDevice.cpp.o,3.091,3.025479,3.001244,0.010945,0.198972,0.603809,0.590324,0.005372,0.003634
src/Mod/Mesh/Gui/CMakeFiles/MeshGui.dir/SoFCMeshObject.cpp.o,3.086,3.016784,1.544022,1.450912,1.011528,0.492113,0.449139,0.924963,0.523807
src/Mod/TechDraw/Gui/CMakeFiles/TechDrawGui.dir/QGIProjGroup.cpp.o,3.085,3.009185,1.894016,1.087723,1.465092,0.47354,0.621671,0.719449,0.365974
src/3rdParty/salomesmesh/CMakeFiles/StdMeshers.dir/src/StdMeshers/StdMeshers_CompositeSegment_1D.cpp.o,3.084,3.012392,2.629342,0.369433,0.005737,0.695749,0.641559,0.250829,0.116604
src/Mod/PartDesign/Gui/CMakeFiles/PartDesignGui.dir/Workbench.cpp.o,3.075,2.996387,2.757163,0.208025,1.945391,1.162107,1.023949,0.106878,0.098713
src/Mod/CAM/PathSimulator/AppGL/CMakeFiles/CAMSimulator.dir/SimShapes.cpp.o,3.072,2.998864,2.881675,0.104096,2.509715,0.585145,0.560975,0.066,0.03602
src/Gui/CMakeFiles/FreeCADGui.dir/Dialogs/DlgDocumentObject.cpp.o,3.069,2.995332,2.077775,0.885366,1.344853,0.702797,0.80471,0.60038,0.282448
src/Mod/Points/Gui/CMakeFiles/PointsGui.dir/ViewProvider.cpp.o,3.062,2.987168,2.478242,0.485948,1.968512,0.813123,0.943212,0.330726,0.152901
src/Mod/Part/Gui/CMakeFiles/PartGui.dir/ViewProviderCompound.cpp.o,3.054,2.974714,2.634803,0.301848,1.700414,1.156977,0.947519,0.212295,0.087218
src/Mod/Material/Gui/CMakeFiles/MatGui.dir/MaterialSave.cpp.o,3.05,2.973214,2.55696,0.390139,1.560204,1.186615,0.968437,0.242606,0.145667
src/App/CMakeFiles/FreeCADApp.dir/DocumentObjectPyImp.cpp.o,3.04,2.977053,1.236557,1.718159,0.758268,0.333333,0.385076,1.043429,0.672631
src/Mod/Part/Gui/CMakeFiles/PartGui.dir/TaskLoft.cpp.o,3.04,2.962346,2.72818,0.194568,1.826047,1.175493,0.991227,0.128502,0.063905
tests/src/Mod/Sketcher/App/CMakeFiles/Sketcher_tests_run.dir/planegcs/Constraints.cpp.o,3.04,2.971156,2.744947,0.213055,0.805452,0.765823,0.542624,0.168,0.043069
src/Mod/Import/Gui/CMakeFiles/ImportGui.dir/ExportOCAFGui.cpp.o,3.037,2.957006,2.878878,0.042874,2.070425,1.153398,0.95071,0.036137,0.004791
src/Mod/ReverseEngineering/Gui/CMakeFiles/ReverseEngineeringGui.dir/SegmentationManual.cpp.o,3.036,2.962288,2.68171,0.257082,2.146715,0.839698,0.976393,0.16761,0.087212
src/Mod/Surface/Gui/CMakeFiles/SurfaceGui.dir/Blending/ViewProviderBlendCurve.cpp.o,3.031,2.950535,2.886204,0.03977,2.171941,1.06908,0.97073,0.022314,0.015579
src/Gui/CMakeFiles/FreeCADGui.dir/CallTips.cpp.o,3.029,2.955717,1.425591,1.501293,0.793744,0.403362,0.444736,0.95523,0.543946
src/Gui/CMakeFiles/FreeCADGui.dir/Inventor/Draggers/Gizmo.cpp.o,3.021,2.940794,2.480772,0.421834,1.454933,1.271122,0.960242,0.2495,0.169433
src/Mod/TechDraw/Gui/CMakeFiles/TechDrawGui.dir/QGIEdge.cpp.o,3.012,2.931297,2.821166,0.07938,2.06808,1.184187,1.085388,0.050556,0.026598
src/Mod/TechDraw/Gui/CMakeFiles/TechDrawGui.dir/PreferencesGui.cpp.o,3.009,2.929528,1.899286,1.006032,1.543857,0.473763,0.660806,0.650048,0.353874
src/Mod/TechDraw/Gui/CMakeFiles/TechDrawGui.dir/mrichtextedit.cpp.o,3.006,2.928321,2.253053,0.648232,1.507967,0.665114,0.769906,0.376272,0.269418
src/Mod/CAM/PathSimulator/AppGL/CMakeFiles/CAMSimulator.dir/MillPathSegment.cpp.o,2.994,2.916383,2.826242,0.077697,2.47199,0.579395,0.555775,0.051515,0.023939
src/3rdParty/salomesmesh/CMakeFiles/SMESH.dir/src/SMESH/DriverGMF_Read.cpp.o,2.981,2.913673,2.578681,0.322629,0.00826,0.693417,0.569569,0.2098,0.110967
src/Mod/Part/Gui/CMakeFiles/PartGui.dir/ViewProviderGridExtension.cpp.o,2.976,2.895539,1.849782,1.008907,1.290016,0.537047,0.692332,0.657794,0.348909
src/Mod/TechDraw/Gui/CMakeFiles/TechDrawGui.dir/QGIViewClip.cpp.o,2.976,2.901845,1.863843,1.012194,1.461898,0.481721,0.644864,0.676147,0.333654
src/Mod/CAM/App/CMakeFiles/Path.dir/Path.cpp.o,2.971,2.900713,1.593516,1.276896,1.200551,0.45047,0.465242,0.858616,0.416297
src/Gui/CMakeFiles/FreeCADGui.dir/TaskView/TaskAppearance.cpp.o,2.969,2.899784,1.699319,1.171063,1.073092,0.556121,0.625839,0.769868,0.398938
src/Mod/Part/App/CMakeFiles/Part.dir/LinkArrayLinear.cpp.o,2.968,2.893443,2.447591,0.412177,1.989137,0.56038,0.671735,0.29675,0.112902
src/Mod/MeshPart/App/CMakeFiles/MeshPart.dir/AppMeshPartPy.cpp.o,2.968,2.895961,2.385872,0.490447,1.737227,0.606934,0.696763,0.303142,0.185083
src/Mod/Material/App/CMakeFiles/Materials.dir/MaterialPyImp.cpp.o,2.958,2.897159,2.069496,0.808528,1.228773,0.991431,0.72714,0.421016,0.38538
src/Mod/CAM/PathSimulator/AppGL/CMakeFiles/CAMSimulator.dir/OpenGlWrapper.cpp.o,2.958,2.887312,2.865377,0.010563,2.530444,0.569577,0.560985,0.005388,0.003369
src/Mod/Part/App/CMakeFiles/Part.dir/FT2FC.cpp.o,2.954,2.882906,1.609676,1.245631,1.169525,0.328843,0.394025,0.799261,0.444362
src/Mod/Fem/Gui/CMakeFiles/FemGui.dir/qrc_Fem_translation.cpp.o,2.952,2.88734,2.858113,0.007783,0.0,0.0,0.0,0.002665,0.00386
src/Mod/Robot/Gui/CMakeFiles/RobotGui.dir/TaskTrajectory.cpp.o,2.952,2.877708,2.705797,0.149566,2.256524,0.647874,0.78924,0.081689,0.06609
src/Mod/Part/Gui/CMakeFiles/PartGui.dir/DlgSettings3DViewPartImp.cpp.o,2.945,2.86584,2.73057,0.097887,1.888693,1.151782,0.965229,0.068611,0.027265
src/Mod/PartDesign/Gui/CMakeFiles/PartDesignGui.dir/WorkflowManager.cpp.o,2.944,2.866335,2.699768,0.137154,1.851958,1.157915,1.013398,0.093679,0.041369
src/Mod/TechDraw/Gui/CMakeFiles/TechDrawGui.dir/DlgPrefsTechDrawDimensionsImp.cpp.o,2.944,2.86574,2.598236,0.241419,1.919692,0.950297,0.907356,0.120795,0.118801
src/Mod/Inspection/Gui/CMakeFiles/InspectionGui.dir/AppInspectionGui.cpp.o,2.943,2.866888,1.897405,0.948732,1.475966,0.58691,0.662767,0.604748,0.341749
src/Mod/Material/App/CMakeFiles/Materials.dir/Model.cpp.o,2.941,2.874899,1.785612,1.071224,1.007962,0.837429,0.606166,0.70889,0.360213
src/Mod/PartDesign/Gui/CMakeFiles/PartDesignGui.dir/DlgActiveBody.cpp.o,2.938,2.861719,2.703824,0.129495,1.877293,1.183649,0.99547,0.093568,0.034003
src/Mod/CAM/PathSimulator/AppGL/CMakeFiles/CAMSimulator.dir/Texture.cpp.o,2.934,2.861987,2.838976,0.01048,2.494574,0.580235,0.553024,0.004406,0.003827
tests/src/Gui/CMakeFiles/Gui_tests_run.dir/InputHintTest.cpp.o,2.923,2.857156,2.535701,0.311167,0.627471,0.758464,0.600281,0.228569,0.080867
src/Mod/Draft/App/CMakeFiles/DraftUtils.dir/AppDraftUtils.cpp.o,2.922,2.856676,1.945356,0.901273,0.356981,0.481832,0.343646,0.604949,0.294536
src/Gui/CMakeFiles/FreeCADGui.dir/SceneInspector.cpp.o,2.919,2.844972,1.612986,1.204249,1.094149,0.555864,0.696737,0.761121,0.44095
src/Mod/CAM/PathSimulator/AppGL/CMakeFiles/CAMSimulator.dir/StockObject.cpp.o,2.916,2.8417,2.821434,0.007841,2.484422,0.572041,0.551661,0.002835,0.002954
src/Gui/CMakeFiles/FreeCADGui.dir/ColorScaleOverlay.cpp.o,2.913,2.843776,0.785063,2.03447,0.224998,0.368944,0.151684,1.370016,0.662445
src/3rdParty/salomesmesh/CMakeFiles/SMESH.dir/src/SMESH/DriverGMF_Write.cpp.o,2.909,2.843821,2.502023,0.326225,0.000189,0.691202,0.561278,0.203977,0.120374
src/3rdParty/salomesmesh/CMakeFiles/SMESH.dir/src/SMESH/SMESH_MeshVSLink.cpp.o,2.907,2.824306,2.509234,0.280553,8.1e-05,0.828301,0.586349,0.180892,0.095321
src/Mod/TechDraw/App/CMakeFiles/TechDraw.dir/Preferences.cpp.o,2.9,2.827975,1.503723,1.284198,1.107854,0.413057,0.542057,0.784,0.498293
src/3rdParty/WildMagic4/CMakeFiles/WildMagic4.dir/Wm4ConvexHull3.cpp.o,2.897,2.836421,1.685876,1.142432,1.139616,0.555039,0.283642,0.63399,0.506702
src/Mod/Mesh/App/CMakeFiles/Mesh.dir/MeshProperties.cpp.o,2.892,2.825347,2.251377,0.546601,1.874879,0.650036,0.653537,0.334593,0.209874
src/Mod/TechDraw/Gui/CMakeFiles/TechDrawGui.dir/DlgPrefsTechDrawAnnotationImp.cpp.o,2.89,2.813531,2.486484,0.301455,1.768778,0.896134,0.826981,0.158451,0.141061
src/3rdParty/salomesmesh/CMakeFiles/SMDS.dir/src/SMDS/SMDS_UnstructuredGrid.cpp.o,2.884,2.819774,2.234889,0.573922,0.001088,0.685889,0.542592,0.38813,0.183904
src/Gui/CMakeFiles/FreeCADGui.dir/DAGView/DAGView.cpp.o,2.883,2.800557,2.61604,0.148718,2.134368,0.614412,0.790211,0.099617,0.046081
src/Mod/TechDraw/Gui/CMakeFiles/TechDrawGui.dir/QGIViewSection.cpp.o,2.88,2.810209,1.800828,0.986454,1.472197,0.489117,0.614439,0.649874,0.334345
src/3rdParty/OndselSolver/OndselSolver/CMakeFiles/OndselSolver.dir/CADSystem.cpp.o,2.872,2.814237,1.254749,1.551927,0.775342,0.307392,0.2991,0.846235,0.703952
src/Mod/Mesh/Gui/CMakeFiles/MeshGui.dir/ViewProviderTransformDemolding.cpp.o,2.872,2.799585,1.782327,0.992337,1.359228,0.492803,0.57004,0.650496,0.339662
src/Mod/CAM/PathSimulator/AppGL/CMakeFiles/CAMSimulator.dir/SolidObject.cpp.o,2.872,2.801933,2.773227,0.016403,2.402529,0.593315,0.544402,0.008655,0.005764
src/Mod/Part/Gui/CMakeFiles/PartGui.dir/qrc_Part_translation.cpp.o,2.871,2.811721,2.782139,0.007493,0.0,0.0,0.0,0.002427,0.003824
src/Gui/CMakeFiles/FreeCADGui.dir/View3DInventorSelection.cpp.o,2.866,2.792163,1.670241,1.092128,1.203182,0.512968,0.64611,0.697085,0.39289
src/Mod/Part/Gui/CMakeFiles/PartGui.dir/ViewProviderPython.cpp.o,2.865,2.787056,2.459442,0.290396,1.618303,1.081065,0.8555,0.173841,0.114581
src/Gui/CMakeFiles/FreeCADGui.dir/ViewProviderCoordinateSystem.cpp.o,2.859,2.785011,1.659832,1.096167,1.229096,0.502508,0.619945,0.730057,0.363988
src/Gui/CMakeFiles/FreeCADGui.dir/Quarter/moc_InteractionMode.cpp.o,2.851,2.780963,2.762101,0.007559,2.404106,0.576873,0.517465,0.002841,0.002826
src/Base/CMakeFiles/FreeCADBase.dir/Reader.cpp.o,2.85,2.792653,1.19398,1.579338,0.428749,0.543176,0.403614,1.007622,0.56998
src/3rdParty/WildMagic4/CMakeFiles/WildMagic4.dir/Wm4Delaunay2.cpp.o,2.848,2.787273,1.769936,1.009557,1.133405,0.636403,0.332341,0.598201,0.409538
src/Mod/Part/Gui/CMakeFiles/PartGui.dir/SoBrepPointSet.cpp.o,2.841,2.765044,2.49132,0.236482,1.677205,1.057262,0.897932,0.151994,0.082268
src/Mod/Fem/Gui/CMakeFiles/FemGui.dir/TaskDlgCreateNodeSet.cpp.o,2.841,2.769214,1.783068,0.962473,1.4184,0.489795,0.647891,0.638947,0.321478
tests/src/Mod/Sketcher/App/CMakeFiles/Sketcher_tests_run.dir/planegcs/GCS.cpp.o,2.841,2.77596,2.676323,0.086599,0.861573,0.718427,0.52567,0.064107,0.020582
src/Mod/PartDesign/Gui/CMakeFiles/PartDesignGui.dir/ViewProviderDatumPlane.cpp.o,2.84,2.75316,2.665122,0.06003,1.923974,1.067371,0.869764,0.03003,0.027692
src/Mod/TechDraw/Gui/CMakeFiles/TechDrawGui.dir/QGIGhostHighlight.cpp.o,2.838,2.759065,2.699652,0.031296,1.964921,1.116405,0.997834,0.015027,0.013903
src/3rdParty/salomesmesh/CMakeFiles/StdMeshers.dir/src/StdMeshers/StdMeshers_ImportSource.cpp.o,2.832,2.76297,2.427164,0.323508,0.002191,0.681057,0.575127,0.227923,0.093549
src/Mod/Part/Gui/CMakeFiles/PartGui.dir/PreviewUpdateScheduler.cpp.o,2.83,2.755459,1.699048,1.022721,1.259643,0.478054,0.580383,0.696246,0.324456
src/Mod/Points/App/CMakeFiles/Points.dir/Structured.cpp.o,2.825,2.756489,2.691052,0.043857,2.464747,0.627471,0.914496,0.022087,0.019822
src/Gui/CMakeFiles/FreeCADGui.dir/Quarter/Quarter.cpp.o,2.824,2.757059,2.737292,0.008709,2.172223,0.587917,0.523938,0.002539,0.004118
tests/src/Base/CMakeFiles/Base_tests_run.dir/Matrix.cpp.o,2.822,2.760632,2.004767,0.746835,0.13578,0.646261,0.481661,0.386374,0.358715
src/Gui/CMakeFiles/FreeCADGui.dir/ActiveObjectList.cpp.o,2.82,2.742115,1.525371,1.186873,1.127097,0.442789,0.558572,0.792138,0.392728
src/3rdParty/salomesmesh/CMakeFiles/SMDS.dir/src/SMDS/SMDS_Downward.cpp.o,2.819,2.754785,2.080733,0.663923,8.5e-05,0.607064,0.473797,0.405458,0.256756
src/Mod/TechDraw/Gui/CMakeFiles/TechDrawGui.dir/QGIHighlight.cpp.o,2.818,2.741534,2.670075,0.043604,1.960883,1.095423,0.973568,0.022763,0.018452
src/Gui/CMakeFiles/FreeCADGui.dir/Workbench.cpp.o,2.817,2.735432,1.855324,0.848769,1.266723,0.590789,0.730916,0.491162,0.355345
src/Mod/Fem/App/CMakeFiles/Fem.dir/PropertyPostDataObject.cpp.o,2.812,2.746555,1.520599,1.205044,1.096224,0.448124,0.521664,0.771692,0.431488
src/Mod/Points/App/CMakeFiles/Points.dir/AppPoints.cpp.o,2.807,2.696132,1.700666,0.964692,1.355376,0.500519,0.600503,0.614143,0.348407
src/Mod/Part/App/CMakeFiles/Part.dir/TopoShapeFacePyImp.cpp.o,2.804,2.737228,2.019285,0.68728,1.682829,0.417065,0.518914,0.369342,0.315814
src/Mod/TechDraw/Gui/CMakeFiles/TechDrawGui.dir/QGIBreakLine.cpp.o,2.794,2.719507,2.646416,0.045403,1.974738,1.072686,0.983129,0.019091,0.023984
src/Mod/Mesh/App/CMakeFiles/Mesh.dir/Core/CylinderFit.cpp.o,2.791,2.733207,2.002893,0.701757,0.712301,0.916872,0.753598,0.58748,0.112322
src/Mod/Inspection/App/CMakeFiles/Inspection.dir/AppInspection.cpp.o,2.79,2.718755,1.700156,0.994549,1.347737,0.50098,0.60403,0.635246,0.357134
src/Mod/Material/Gui/CMakeFiles/MatGui.dir/MatGui_autogen/mocs_compilation.cpp.o,2.789,2.716535,2.576498,0.114754,0.0,1.154343,0.952627,0.072454,0.039963
src/Gui/CMakeFiles/FreeCADGui.dir/Quarter/SensorManager.cpp.o,2.786,2.722616,2.686651,0.024902,2.265196,0.601475,0.545316,0.011542,0.011474
src/Gui/CMakeFiles/FreeCADGui.dir/View3DPy.cpp.o,2.785,2.713576,1.581416,1.099659,1.119563,0.418183,0.56161,0.486398,0.611324
src/Mod/Surface/Gui/CMakeFiles/SurfaceGui.dir/Command.cpp.o,2.785,2.715725,2.597052,0.094189,1.853193,1.126454,0.964305,0.053284,0.038646
src/Mod/Fem/Gui/CMakeFiles/FemGui.dir/DlgSettingsFemGeneralImp.cpp.o,2.783,2.707546,2.436476,0.243457,1.701781,0.96448,0.883286,0.162496,0.07891
src/Mod/TechDraw/Gui/CMakeFiles/TechDrawGui.dir/QGIViewSymbol.cpp.o,2.783,2.706873,1.719382,0.964903,1.308016,0.41236,0.559722,0.634527,0.328503
src/Mod/PartDesign/Gui/CMakeFiles/PartDesignGui.dir/ViewProviderDatumLine.cpp.o,2.781,2.697807,2.612841,0.057124,1.871165,1.047557,0.845913,0.029532,0.025367
src/3rdParty/salomesmesh/CMakeFiles/StdMeshers.dir/src/StdMeshers/StdMeshers_PolygonPerFace_2D.cpp.o,2.78,2.711301,2.546571,0.150494,0.002993,0.690751,0.619562,0.107783,0.040745
src/Gui/CMakeFiles/FreeCADGui.dir/Dialogs/DlgKeyboardImp.cpp.o,2.774,2.702249,2.209108,0.461991,1.182522,1.004759,0.894132,0.29748,0.162712
src/Gui/CMakeFiles/FreeCADGui.dir/StartupProcess.cpp.o,2.773,2.699901,1.274083,1.398312,0.827018,0.331318,0.362156,0.88095,0.51514
src/Mod/Assembly/Gui/CMakeFiles/AssemblyGui.dir/Commands.cpp.o,2.773,2.695586,2.521557,0.145623,2.155692,0.618144,0.909502,0.099293,0.044287
src/Mod/Part/Gui/CMakeFiles/PartGui.dir/ViewProviderSpline.cpp.o,2.771,2.693077,2.42268,0.231509,1.587583,1.035578,0.885964,0.149842,0.079397
src/Mod/Mesh/Gui/CMakeFiles/MeshGui.dir/MeshEditor.cpp.o,2.771,2.693721,2.259044,0.408648,1.692695,0.696461,0.817963,0.268822,0.137511
src/Mod/TechDraw/Gui/CMakeFiles/TechDrawGui.dir/PathBuilder.cpp.o,2.77,2.697737,1.627469,1.047802,1.144752,0.447613,0.586544,0.670267,0.375262
src/Mod/Spreadsheet/Gui/CMakeFiles/SpreadsheetGui.dir/Workbench.cpp.o,2.766,2.69143,2.443053,0.222947,1.982494,0.683389,0.882437,0.133381,0.087364
src/App/CMakeFiles/FreeCADApp.dir/Metadata.cpp.o,2.764,2.699059,1.163526,1.51457,0.543434,0.429141,0.349448,0.935147,0.577298
src/Mod/CAM/Gui/CMakeFiles/PathGui.dir/ViewProviderPath.cpp.o,2.764,2.690671,2.10142,0.566035,1.616661,0.643042,0.793868,0.361781,0.202
src/Mod/TechDraw/App/CMakeFiles/TechDraw.dir/ShapeUtils.cpp.o,2.762,2.683218,2.160736,0.48026,1.222534,1.002964,0.839112,0.318091,0.15998
src/Gui/CMakeFiles/FreeCADGui.dir/Quarter/SignalThread.cpp.o,2.757,2.687616,2.658818,0.017745,2.291625,0.620065,0.528218,0.010539,0.005454
src/Mod/Points/App/CMakeFiles/Points.dir/PointsGrid.cpp.o,2.757,2.668962,1.416439,1.232977,1.116406,0.536798,0.535731,0.914636,0.314815
src/Mod/Robot/Gui/CMakeFiles/RobotGui.dir/AppRobotGui.cpp.o,2.755,2.686753,1.708214,0.959852,1.300789,0.499894,0.601261,0.59065,0.367248
src/Mod/TechDraw/Gui/CMakeFiles/TechDrawGui.dir/DlgPrefsTechDrawGeneralImp.cpp.o,2.751,2.678004,2.427082,0.226185,1.814551,0.859739,0.863029,0.088364,0.135787
src/Gui/CMakeFiles/FreeCADGui.dir/Dialogs/DlgVersionMigrator.cpp.o,2.749,2.683877,1.058638,1.59987,0.411192,0.355039,0.308331,1.027159,0.570628
src/Gui/CMakeFiles/FreeCADGui.dir/ViewProviderGroupExtension.cpp.o,2.749,2.679522,1.557593,1.09404,1.100176,0.446257,0.568968,0.723636,0.368191
src/Mod/MeshPart/Gui/CMakeFiles/MeshPartGui.dir/Command.cpp.o,2.746,2.673921,2.443683,0.205127,2.094517,0.733664,0.978645,0.125368,0.077259
src/Mod/Start/Gui/CMakeFiles/StartGui.dir/AppStartGui.cpp.o,2.746,2.676182,1.689601,0.96799,1.245115,0.570943,0.565513,0.619474,0.346604
src/3rdParty/salomesmesh/CMakeFiles/StdMeshers.dir/src/StdMeshers/StdMeshers_SegmentLengthAroundVertex.cpp.o,2.742,2.672553,2.587586,0.07305,0.003509,0.67473,0.592038,0.042583,0.028635
src/Mod/Robot/App/CMakeFiles/Robot.dir/kdl_cp/chainiksolvervel_pinv_nso.cpp.o,2.742,2.674673,1.480409,1.170222,0.024567,1.131708,0.903549,0.810961,0.357164
src/Gui/CMakeFiles/FreeCADGui.dir/Quarter/moc_SignalThread.cpp.o,2.741,2.674409,2.652148,0.01072,2.268697,0.630031,0.537812,0.004543,0.004481
src/Main/CMakeFiles/FreeCADMainPy.dir/MainPy.cpp.o,2.739,2.676811,2.507744,0.157185,2.080587,0.627531,0.526822,0.113562,0.041724
src/Mod/CAM/App/CMakeFiles/Path.dir/PathPyImp.cpp.o,2.736,2.65773,2.382112,0.242946,1.811309,0.709011,0.695013,0.14168,0.099322
src/Mod/TechDraw/App/CMakeFiles/TechDraw.dir/DrawHatch.cpp.o,2.736,2.660736,2.40194,0.214076,1.633447,1.077017,0.93913,0.133863,0.077802
src/Mod/TechDraw/Gui/CMakeFiles/TechDrawGui.dir/TaskBalloon.cpp.o,2.732,2.656134,2.414449,0.215791,1.689885,0.949181,0.861452,0.124939,0.088754
src/3rdParty/salomesmesh/CMakeFiles/SMESH.dir/src/SMESH/SMESH_OctreeNode.cpp.o,2.731,2.638469,2.393411,0.232941,0.014424,0.565077,0.497088,0.164537,0.066565
tests/src/Base/CMakeFiles/Base_tests_run.dir/PyException.cpp.o,2.729,2.666469,2.390263,0.265286,0.458826,0.766329,0.614198,0.165545,0.097948
tests/src/App/CMakeFiles/App_tests_run.dir/Metadata.cpp.o,2.726,2.661606,2.090955,0.559836,0.17373,0.680027,0.538692,0.317142,0.240633
src/3rdParty/salomesmesh/CMakeFiles/SMESH.dir/src/SMESH/SMESH_HypoFilter.cpp.o,2.725,2.657673,2.500206,0.144376,0.0,0.660682,0.603595,0.092963,0.049479
src/Mod/Robot/Gui/CMakeFiles/RobotGui.dir/TaskDlgEdge2Trac.cpp.o,2.725,2.653882,1.684481,0.950643,1.27269,0.465699,0.581002,0.624832,0.323705
src/Mod/TechDraw/App/CMakeFiles/TechDraw.dir/DrawTemplate.cpp.o,2.724,2.643076,2.330556,0.269725,1.458842,1.082696,0.900561,0.182957,0.084702
src/Gui/CMakeFiles/FreeCADGui.dir/ExpressionBinding.cpp.o,2.718,2.653138,1.473519,1.150131,1.03326,0.431833,0.541165,0.737896,0.410098
src/3rdParty/salomesmesh/CMakeFiles/SMDS.dir/src/SMDS/SMDS_VolumeTool.cpp.o,2.715,2.652689,2.155747,0.483234,0.005544,0.643296,0.510818,0.335649,0.145546
src/Mod/Surface/App/CMakeFiles/Surface.dir/Measure.cpp.o,2.714,2.624152,2.517077,0.064219,2.17024,0.580919,0.784112,0.051277,0.007855
tests/src/App/CMakeFiles/App_tests_run.dir/Branding.cpp.o,2.709,2.645439,2.602033,0.031794,0.819472,0.693218,0.588842,0.022009,0.007966
src/Mod/Part/Gui/CMakeFiles/PartGui.dir/ViewProviderPreviewExtensionPyImp.cpp.o,2.704,2.625487,2.501016,0.087823,2.247984,0.418734,0.621086,0.054987,0.03083
src/Gui/CMakeFiles/FreeCADGui.dir/AutoSaver.cpp.o,2.703,2.632106,1.533327,1.070997,1.076768,0.459993,0.538688,0.711695,0.357237
src/Mod/Surface/Gui/CMakeFiles/SurfaceGui.dir/ViewProviderExtend.cpp.o,2.703,2.62725,2.581968,0.022946,1.894729,1.002814,0.83752,0.010794,0.010015
src/Mod/Part/Gui/CMakeFiles/PartGui.dir/ViewProviderAttachExtension.cpp.o,2.7,2.621301,2.492843,0.091056,1.767654,1.027398,0.973365,0.058615,0.030465
src/Mod/MeshPart/Gui/CMakeFiles/MeshPartGui.dir/AppMeshPartGui.cpp.o,2.698,2.630834,1.626719,0.984598,1.235671,0.476527,0.586806,0.666421,0.316303
src/App/CMakeFiles/FreeCADApp.dir/Transactions.cpp.o,2.695,2.62715,1.377633,1.226681,0.856831,0.444171,0.525861,0.825396,0.399272
src/3rdParty/OndselSolver/OndselSolver/CMakeFiles/OndselSolver.dir/ASMTSpatialContainer.cpp.o,2.694,2.634689,1.286463,1.340711,0.774001,0.326998,0.292238,0.823376,0.515604
src/Mod/Fem/Gui/CMakeFiles/FemGui.dir/TaskDlgCreateElementSet.cpp.o,2.686,2.61254,1.701664,0.885975,1.351473,0.461804,0.609976,0.599865,0.284154
src/Mod/Part/Gui/CMakeFiles/PartGui.dir/ViewProviderRuledSurface.cpp.o,2.685,2.607254,2.417376,0.152597,1.60569,1.09062,0.865153,0.114302,0.036228
src/3rdParty/salomesmesh/CMakeFiles/StdMeshers.dir/src/StdMeshers/StdMeshers_ProjectionSource2D.cpp.o,2.678,2.614534,2.521003,0.082059,0.014611,0.666089,0.569675,0.044082,0.036081
src/3rdParty/libE57Format/CMakeFiles/E57Format.dir/src/WriterImpl.cpp.o,2.674,2.612312,1.368953,1.237029,0.719266,0.477972,0.247454,0.584837,0.650433
src/3rdParty/salomesmesh/CMakeFiles/StdMeshers.dir/src/StdMeshers/StdMeshers_Arithmetic1D.cpp.o,2.674,2.606567,2.46327,0.131267,0.003631,0.652142,0.555072,0.083731,0.045611
src/Mod/CAM/libarea/CMakeFiles/area-native.dir/AreaPocket.cpp.o,2.672,2.607079,2.257297,0.338591,1.619957,0.818788,0.526791,0.259619,0.076963
src/Gui/CMakeFiles/FreeCADGui.dir/PreferencePages/DlgSettingsLightSources.cpp.o,2.669,2.592811,2.285628,0.276678,1.493378,1.073418,0.87127,0.16912,0.105677
src/Mod/TechDraw/App/CMakeFiles/TechDraw.dir/LineGroup.cpp.o,2.66,2.591513,1.388294,1.161742,0.952279,0.392974,0.477026,0.769557,0.390007
src/Gui/CMakeFiles/FreeCADGui.dir/Quarter/eventhandlers/moc_DragDropHandler.cpp.o,2.658,2.588316,2.569313,0.007937,2.20589,0.578235,0.49686,0.002918,0.003088
src/Gui/CMakeFiles/FreeCADGui.dir/PreferencePages/DlgSettingsNavigation.cpp.o,2.652,2.577172,2.122467,0.424502,1.381133,0.905338,0.813617,0.207452,0.215001
src/3rdParty/salomesmesh/CMakeFiles/SMESH.dir/src/SMESH/MED_Structures.cpp.o,2.649,2.581737,1.942609,0.620883,1.271763,0.678815,0.350862,0.359028,0.257799
src/Mod/Part/Gui/CMakeFiles/PartGui.dir/ViewProviderPlaneParametric.cpp.o,2.648,2.567987,2.406017,0.125047,1.617008,1.064978,0.850697,0.092316,0.030372
src/Mod/Material/Gui/CMakeFiles/MatGui.dir/Command.cpp.o,2.647,2.570849,2.51476,0.031005,1.742859,1.15242,1.000124,0.014686,0.014245
src/Mod/Part/Gui/CMakeFiles/PartGui.dir/ViewProviderProjectOnSurface.cpp.o,2.644,2.563802,2.469946,0.055859,1.706223,1.045028,0.892091,0.040143,0.013626
src/Mod/Robot/App/CMakeFiles/Robot.dir/kdl_cp/chainidsolver_vereshchagin.cpp.o,2.644,2.585643,1.409339,1.150496,0.063701,0.867521,0.833611,0.890768,0.25777
src/Gui/CMakeFiles/FreeCADGui.dir/Dialogs/DlgToolbarsImp.cpp.o,2.642,2.563445,1.876144,0.656315,1.324232,0.585672,0.765871,0.388565,0.265542
src/3rdParty/salomesmesh/CMakeFiles/StdMeshers.dir/src/StdMeshers/StdMeshers_NumberOfSegments.cpp.o,2.642,2.576302,2.313698,0.251367,0.332766,0.653668,0.533527,0.162423,0.08725
src/Gui/CMakeFiles/FreeCADGui.dir/Quarter/eventhandlers/moc_FocusHandler.cpp.o,2.64,2.574939,2.556914,0.007274,2.196251,0.569138,0.487547,0.002417,0.003055
src/Mod/Part/Gui/CMakeFiles/PartGui.dir/ViewProviderPrimitive.cpp.o,2.639,2.561316,2.458058,0.065103,1.691203,1.023321,0.897458,0.046796,0.016287
src/App/CMakeFiles/FreeCADApp.dir/FeatureTest.cpp.o,2.636,2.574235,1.250309,1.302482,0.68745,0.44619,0.35829,0.868504,0.43204
src/Mod/MeshPart/App/CMakeFiles/MeshPart.dir/MeshAlgos.cpp.o,2.635,2.564516,2.284377,0.261137,1.665509,0.57089,0.673098,0.166025,0.092879
src/3rdParty/Clipper2/CMakeFiles/Clipper2Z.dir/Clipper2Lib/src/clipper.triangulation.cpp.o,2.631,2.576629,1.987303,0.580593,1.448245,0.706956,0.427476,0.433037,0.145861
src/Gui/CMakeFiles/FreeCADGui.dir/Quarter/eventhandlers/moc_EventFilter.cpp.o,2.631,2.563465,2.545218,0.007506,2.188273,0.570212,0.492732,0.002741,0.002999
src/Mod/Part/Gui/CMakeFiles/PartGui.dir/ViewProviderPartExtPyImp.cpp.o,2.631,2.553922,2.362259,0.155303,1.536993,1.09061,0.824118,0.120776,0.032391
src/Mod/TechDraw/Gui/CMakeFiles/TechDrawGui.dir/DlgPrefsTechDrawAdvancedImp.cpp.o,2.63,2.552586,2.324471,0.201977,1.686461,0.83221,0.769867,0.103323,0.096491
src/Mod/Fem/Gui/CMakeFiles/FemGui.dir/TaskFemConstraint.cpp.o,2.627,2.552172,2.239694,0.284714,1.477891,0.662735,0.794056,0.185576,0.096786
src/Gui/CMakeFiles/FreeCADGui.dir/Transform.cpp.o,2.625,2.549512,2.161621,0.357029,1.312001,0.974696,0.761707,0.223377,0.131423
src/Mod/ReverseEngineering/Gui/CMakeFiles/ReverseEngineeringGui.dir/AppReverseEngineeringGui.cpp.o,2.622,2.552999,1.589262,0.943286,1.19609,0.474062,0.546088,0.605754,0.335298
src/Mod/Material/Gui/CMakeFiles/MatGui.dir/BaseDelegate.cpp.o,2.619,2.54019,2.344987,0.168881,1.506999,1.087243,0.824484,0.105753,0.061017
src/Gui/CMakeFiles/FreeCADGui.dir/Quarter/moc_SensorManager.cpp.o,2.618,2.550323,2.528668,0.010194,2.166543,0.564522,0.484904,0.004143,0.004326
src/3rdParty/salomesmesh/CMakeFiles/StdMeshers.dir/src/StdMeshers/StdMeshers_MaxElementArea.cpp.o,2.618,2.550953,2.470067,0.06926,1.210464,0.629708,0.58046,0.041307,0.026164
src/3rdParty/salomesmesh/CMakeFiles/StdMeshers.dir/src/StdMeshers/StdMeshers_Propagation.cpp.o,2.618,2.545,2.245898,0.285494,0.019612,0.59439,0.53277,0.178414,0.104965
src/App/CMakeFiles/FreeCADApp.dir/PropertyPythonObject.cpp.o,2.617,2.551176,1.169881,1.359338,0.759455,0.349022,0.395997,0.837091,0.520445
src/Mod/PartDesign/Gui/CMakeFiles/PartDesignGui.dir/ViewProviderDatumPoint.cpp.o,2.613,2.536742,2.45399,0.054887,1.701621,1.06719,0.871287,0.030354,0.022242
src/Mod/TechDraw/App/CMakeFiles/TechDraw.dir/CenterLinePyImp.cpp.o,2.611,2.538261,2.167165,0.329126,1.371601,1.02234,0.845973,0.178828,0.147783
src/Mod/Inspection/Gui/CMakeFiles/InspectionGui.dir/Command.cpp.o,2.611,2.530562,2.481527,0.026453,2.166804,0.760942,0.988599,0.013679,0.010652
src/App/CMakeFiles/FreeCADApp.dir/PropertyGeo.cpp.o,2.607,2.539276,1.707102,0.80887,1.235607,0.581966,0.616163,0.458595,0.347977
src/Gui/CMakeFiles/FreeCADGui.dir/Quarter/NativeEvent.cpp.o,2.606,2.540058,2.522669,0.005393,2.183646,0.56129,0.488453,0.001619,0.001812
src/Mod/Import/Gui/CMakeFiles/ImportGui.dir/AppImportGui.cpp.o,2.605,2.532476,1.595363,0.903082,1.176946,0.42295,0.548418,0.624093,0.277119
src/Mod/Part/App/CMakeFiles/Part.dir/FaceMakerBullseye.cpp.o,2.604,2.538342,1.970846,0.536944,1.6003,0.461373,0.536497,0.328792,0.205966
src/Mod/Fem/Gui/CMakeFiles/FemGui.dir/DlgSettingsFemInOutVtkImp.cpp.o,2.603,2.524561,2.39739,0.102012,1.648339,0.984762,0.871768,0.066133,0.033799
tests/src/Base/CMakeFiles/Base_tests_run.dir/Stream.cpp.o,2.602,2.541477,1.990008,0.541406,0.20256,0.679341,0.512731,0.278722,0.260744
src/Mod/Fem/App/CMakeFiles/Fem.dir/FemTools.cpp.o,2.601,2.52638,2.210846,0.288987,1.479665,0.986259,0.828884,0.172373,0.114208
src/Mod/Fem/Gui/CMakeFiles/FemGui.dir/DlgSettingsFemZ88Imp.cpp.o,2.601,2.525883,2.354163,0.14704,1.601666,0.966622,0.840499,0.094055,0.050994
src/Mod/Fem/Gui/CMakeFiles/FemGui.dir/ViewProviderFemConstraintBearing.cpp.o,2.601,2.52882,1.533993,0.97167,1.23221,0.375774,0.531128,0.623119,0.346387
src/Gui/CMakeFiles/FreeCADGui.dir/ViewProviderDragger.cpp.o,2.597,2.520629,2.383161,0.105344,1.947988,0.870538,1.009664,0.056485,0.046619
src/Gui/CMakeFiles/FreeCADGui.dir/View3DInventor.cpp.o,2.596,2.520185,2.199811,0.289423,1.685711,0.774151,0.887593,0.170969,0.116091
src/3rdParty/salomesmesh/CMakeFiles/StdMeshers.dir/src/StdMeshers/StdMeshers_MaxElementVolume.cpp.o,2.594,2.523578,2.437896,0.073225,0.383962,0.614972,0.547125,0.045032,0.026166
src/Mod/Fem/Gui/CMakeFiles/FemGui.dir/DlgSettingsFemCcxImp.cpp.o,2.593,2.522907,2.268507,0.228635,1.554525,0.892504,0.774386,0.100271,0.126006
src/3rdParty/salomesmesh/CMakeFiles/StdMeshers.dir/src/StdMeshers/StdMeshers_AutomaticLength.cpp.o,2.592,2.520726,2.383967,0.124481,0.003191,0.648568,0.555738,0.078438,0.044188
src/Mod/Part/App/CMakeFiles/Part.dir/TopoShapeEdgePyImp.cpp.o,2.591,2.528668,1.748029,0.751216,1.412803,0.355994,0.423996,0.38245,0.366096
tests/src/Base/CMakeFiles/Base_tests_run.dir/Vector3D.cpp.o,2.591,2.528474,1.945055,0.573973,0.071548,0.658279,0.482038,0.299253,0.272792
src/Mod/Part/App/CMakeFiles/Part.dir/LinkArrayPolar.cpp.o,2.589,2.519194,2.295156,0.191506,1.974499,0.485762,0.632512,0.137602,0.051606
src/3rdParty/salomesmesh/CMakeFiles/StdMeshers.dir/src/StdMeshers/StdMeshers_StartEndLength.cpp.o,2.587,2.523506,2.369713,0.142632,0.003067,0.629821,0.528592,0.089261,0.05142
src/App/CMakeFiles/FreeCADApp.dir/PropertyFile.cpp.o,2.581,2.51171,1.201595,1.289781,0.800551,0.318433,0.411662,0.787631,0.500319
src/Mod/Fem/App/CMakeFiles/Fem.dir/AppFem.cpp.o,2.58,2.505948,1.597175,0.885252,1.254164,0.389252,0.534882,0.581275,0.301663
src/Gui/CMakeFiles/FreeCADGui.dir/Quarter/moc_ContextMenu.cpp.o,2.579,2.510644,2.490296,0.009714,2.137843,0.559468,0.479654,0.003875,0.003848
src/Mod/Robot/Gui/CMakeFiles/RobotGui.dir/TrajectorySimulate.cpp.o,2.576,2.494636,2.330534,0.140819,1.913295,0.601325,0.693447,0.080857,0.057614
src/Mod/Spreadsheet/Gui/CMakeFiles/SpreadsheetGui.dir/SpreadsheetDelegate.cpp.o,2.573,2.501385,1.487835,0.991248,1.053012,0.420598,0.47363,0.660384,0.329051
tests/src/Base/CMakeFiles/Base_tests_run.dir/XMLParser.cpp.o,2.571,2.512464,2.056237,0.446992,0.864486,0.704949,0.548627,0.272392,0.172836
src/Gui/CMakeFiles/FreeCADGui.dir/resource.cpp.o,2.569,2.492123,2.256746,0.204499,1.673808,0.911024,1.024073,0.086294,0.115753
src/3rdParty/salomesmesh/CMakeFiles/StdMeshers.dir/src/StdMeshers/StdMeshers_MaxLength.cpp.o,2.563,2.49485,2.383733,0.100124,0.003166,0.6128,0.531547,0.057598,0.040657
src/Gui/CMakeFiles/FreeCADGui.dir/Navigation/NavigationStyle.cpp.o,2.558,2.486764,1.980835,0.476692,1.384993,0.627928,0.79044,0.275458,0.199076
src/Mod/Part/App/CMakeFiles/Part.dir/FaceMaker.cpp.o,2.554,2.481234,1.89494,0.553928,1.497983,0.446589,0.506008,0.373142,0.178546
src/Mod/Fem/App/CMakeFiles/Fem.dir/FemMeshPyImp.cpp.o,2.55,2.48237,1.23865,1.221284,0.709217,0.358743,0.372947,0.664417,0.554824
src/Gui/CMakeFiles/FreeCADGui.dir/TaskView/TaskSelectLinkProperty.cpp.o,2.546,2.475286,1.341516,1.105628,0.940298,0.349803,0.458546,0.730802,0.372867
src/Mod/CAM/Gui/CMakeFiles/PathGui.dir/TaskDlgPathCompound.cpp.o,2.546,2.472335,2.290449,0.158577,1.820699,0.718214,0.839164,0.109762,0.04666
src/Mod/Import/App/CMakeFiles/Import.dir/Tools.cpp.o,2.545,2.477697,1.919012,0.533441,1.334845,0.395308,0.444543,0.347016,0.184594
src/Mod/Part/Gui/CMakeFiles/PartGui.dir/ViewProviderReference.cpp.o,2.542,2.459301,2.325959,0.09764,1.577284,0.993945,0.815363,0.069545,0.026309
src/Mod/Fem/Gui/CMakeFiles/FemGui.dir/TaskFemConstraintInitialTemperature.cpp.o,2.542,2.465821,2.31521,0.12199,1.641237,0.928351,0.86768,0.084887,0.035041
src/App/CMakeFiles/FreeCADApp.dir/PropertyContainerPyImp.cpp.o,2.541,2.480278,1.093764,1.365938,0.659671,0.288237,0.30851,0.864951,0.499006
src/Mod/CAM/libarea/CMakeFiles/area-native.dir/Area.cpp.o,2.537,2.471567,2.143664,0.318934,1.62139,0.737278,0.485343,0.214822,0.102231
src/Gui/CMakeFiles/FreeCADGui.dir/NetworkRetriever.cpp.o,2.536,2.468505,1.08451,1.358752,0.602997,0.337687,0.365025,0.865674,0.491095
src/3rdParty/salomesmesh/CMakeFiles/DriverSTL.dir/src/DriverSTL/DriverSTL_W_SMDS_Mesh.cpp.o,2.535,2.469381,2.191576,0.266802,0.053789,0.596637,0.502207,0.183223,0.081726
src/Mod/Assembly/Gui/CMakeFiles/AssemblyGui.dir/ViewProviderBom.cpp.o,2.535,2.451662,2.35212,0.070477,2.06129,0.577149,0.831973,0.042091,0.025932
src/Mod/Measure/App/CMakeFiles/Measure.dir/AppMeasurePy.cpp.o,2.53,2.461883,2.408002,0.026669,1.831644,0.571465,0.713336,0.02451,0.000294
src/Mod/Part/Gui/CMakeFiles/PartGui.dir/ViewProviderRegularPolygon.cpp.o,2.528,2.449448,2.328394,0.084048,1.556508,1.041318,0.824843,0.0649,0.017124
src/Mod/TechDraw/Gui/CMakeFiles/TechDrawGui.dir/QGVPage.cpp.o,2.528,2.454531,2.207932,0.219901,1.810564,0.523888,0.816379,0.139354,0.078287
tests/src/Mod/Mesh/App/CMakeFiles/Mesh_tests_run.dir/Importer.cpp.o,2.527,2.464105,2.238259,0.215326,0.35889,0.775571,0.571779,0.157909,0.055451
src/3rdParty/salomesmesh/CMakeFiles/StdMeshers.dir/src/StdMeshers/StdMeshers_Geometric1D.cpp.o,2.524,2.461898,2.358003,0.092329,0.003158,0.618589,0.539103,0.055684,0.034732
tests/src/Base/CMakeFiles/Base_tests_run.dir/BoundBox.cpp.o,2.522,2.462797,1.927554,0.526253,0.163948,0.641944,0.45987,0.282318,0.242156
src/Mod/Robot/App/CMakeFiles/Robot.dir/AppRobot.cpp.o,2.518,2.453412,1.454945,0.980488,0.864255,0.340282,0.372272,0.644773,0.333869
src/Mod/Part/Gui/CMakeFiles/PartGui.dir/ViewProviderTorusParametric.cpp.o,2.516,2.440577,2.311885,0.093178,1.542647,1.035371,0.808889,0.07094,0.020218
src/Mod/Points/App/CMakeFiles/Points.dir/PropertyPointKernel.cpp.o,2.516,2.45262,2.235743,0.188187,1.89289,0.737602,1.066673,0.139716,0.046111
src/Mod/Part/Gui/CMakeFiles/PartGui.dir/ViewProviderCylinderParametric.cpp.o,2.514,2.437431,2.310091,0.091392,1.564479,1.020163,0.819176,0.06785,0.02111
src/Mod/Material/Gui/CMakeFiles/MatGui.dir/DlgSettingsDefaultMaterial.cpp.o,2.513,2.438667,2.329948,0.083699,1.513725,1.046892,0.840186,0.057343,0.024459
src/Mod/Material/Gui/CMakeFiles/MatGui.dir/ArrayDelegate.cpp.o,2.511,2.442449,2.358213,0.059583,1.569036,1.112447,0.854573,0.038322,0.019387
src/App/CMakeFiles/FreeCADApp.dir/DynamicProperty.cpp.o,2.51,2.444606,1.048823,1.374129,0.555105,0.374271,0.383708,0.915104,0.457214
tests/src/Base/CMakeFiles/Base_tests_run.dir/Translate.cpp.o,2.51,2.447226,2.147762,0.289329,0.106718,0.698642,0.500817,0.180866,0.106573
src/3rdParty/salomesmesh/CMakeFiles/StdMeshers.dir/src/StdMeshers/StdMeshers_Deflection1D.cpp.o,2.508,2.44272,2.314766,0.11673,0.016328,0.602696,0.529701,0.069301,0.045395
src/Mod/Part/Gui/CMakeFiles/PartGui.dir/ViewProviderBox.cpp.o,2.504,2.430918,2.305946,0.090057,1.551758,1.025289,0.81581,0.067516,0.020358
tests/src/Mod/Part/App/CMakeFiles/Part_tests_run.dir/__/Gui/SoBrepEdgeSet.cpp.o,2.504,2.434937,2.238645,0.185683,0.321083,0.677638,0.500732,0.11036,0.073582
src/Mod/Part/Gui/CMakeFiles/PartGui.dir/ViewProviderExtrusion.cpp.o,2.503,2.423686,2.326104,0.059097,1.569034,1.022718,0.830536,0.045001,0.012017
src/Mod/TechDraw/Gui/CMakeFiles/TechDrawGui.dir/TaskSelectLineAttributes.cpp.o,2.503,2.422687,2.263083,0.133272,1.555713,0.907351,0.815981,0.086761,0.044207
src/App/CMakeFiles/FreeCADApp.dir/AutoTransaction.cpp.o,2.499,2.435562,1.30053,1.113139,0.943546,0.340869,0.485151,0.727044,0.384092
src/Mod/Mesh/App/CMakeFiles/Mesh.dir/FeatureMeshSolid.cpp.o,2.499,2.431846,2.301409,0.106924,2.072507,0.548618,0.702698,0.049207,0.055604
src/Mod/ReverseEngineering/Gui/CMakeFiles/ReverseEngineeringGui.dir/FitBSplineCurve.cpp.o,2.499,2.424261,2.198844,0.204092,1.835735,0.60737,0.741218,0.114958,0.087036
src/Mod/Mesh/App/CMakeFiles/Mesh.dir/Core/Curvature.cpp.o,2.498,2.433175,2.079843,0.328785,1.765717,0.506162,0.572956,0.241209,0.085554
src/3rdParty/salomesmesh/CMakeFiles/StdMeshers.dir/src/StdMeshers/StdMeshers_LocalLength.cpp.o,2.493,2.424286,2.310711,0.102524,0.004499,0.589848,0.522776,0.058628,0.042093
src/3rdParty/salomesmesh/CMakeFiles/StdMeshers.dir/src/StdMeshers/StdMeshers_QuadrangleParams.cpp.o,2.493,2.42219,2.288206,0.122971,0.003099,0.62268,0.518873,0.092058,0.029084
src/Mod/Part/Gui/CMakeFiles/PartGui.dir/ViewProviderEllipseParametric.cpp.o,2.492,2.415166,2.297926,0.080858,1.532515,1.033376,0.812673,0.061634,0.017176
src/Gui/CMakeFiles/FreeCADGui.dir/StyleParameters/Value.cpp.o,2.491,2.423819,0.84953,1.551064,0.226087,0.282373,0.256955,1.056174,0.493117
src/Mod/Part/Gui/CMakeFiles/PartGui.dir/ViewProviderCircleParametric.cpp.o,2.491,2.413364,2.295851,0.081791,1.531085,1.032708,0.81091,0.063317,0.016483
src/Gui/CMakeFiles/FreeCADGui.dir/DownloadItem.cpp.o,2.488,2.415157,1.901205,0.483489,1.140304,0.58859,0.695824,0.286521,0.194702
src/Gui/CMakeFiles/FreeCADGui.dir/BitmapFactory.cpp.o,2.487,2.419672,0.901341,1.493534,0.374279,0.24529,0.267658,0.962419,0.529183
src/Gui/CMakeFiles/FreeCADGui.dir/GuiApplication.cpp.o,2.486,2.421101,1.166343,1.229132,0.520269,0.335809,0.326127,0.793382,0.433761
src/Mod/Mesh/App/CMakeFiles/Mesh.dir/FeatureMeshSegmentByMesh.cpp.o,2.485,2.422946,2.292239,0.106098,2.043845,0.603004,0.711675,0.071938,0.03228
src/Mod/Mesh/App/CMakeFiles/Mesh.dir/Core/SphereFit.cpp.o,2.484,2.423937,1.722099,0.674044,0.744328,0.825454,0.675422,0.586324,0.085754
src/Base/CMakeFiles/FreeCADBase.dir/Builder3D.cpp.o,2.482,2.425379,0.724385,1.684413,0.187374,0.25575,0.142975,1.091964,0.590636
src/Mod/Part/Gui/CMakeFiles/PartGui.dir/ViewProviderSphereParametric.cpp.o,2.482,2.40506,2.271639,0.096177,1.525282,1.012102,0.800642,0.070241,0.02389
src/Mod/Assembly/App/CMakeFiles/Assembly.dir/AssemblyLinkPyImp.cpp.o,2.477,2.409615,2.339197,0.051785,2.155196,0.408047,0.570376,0.029001,0.020699
src/Mod/Part/Gui/CMakeFiles/PartGui.dir/ViewProviderConeParametric.cpp.o,2.475,2.398638,2.272006,0.08994,1.530073,1.006608,0.805516,0.066976,0.020883
src/Mod/Mesh/App/CMakeFiles/Mesh.dir/FeatureMeshDefects.cpp.o,2.474,2.408974,2.274237,0.111133,2.048929,0.564366,0.687481,0.051305,0.057796
src/Mod/TechDraw/App/CMakeFiles/TechDraw.dir/LineFormat.cpp.o,2.474,2.4069,1.359902,1.008656,1.015216,0.376561,0.508402,0.664939,0.341743
src/Mod/Part/Gui/CMakeFiles/PartGui.dir/ViewProviderPrism.cpp.o,2.473,2.393635,2.259253,0.097061,1.534382,0.986792,0.800739,0.069117,0.025981
src/Mod/TechDraw/App/CMakeFiles/TechDraw.dir/CosmeticEdgePyImp.cpp.o,2.473,2.400955,2.108413,0.250883,1.398039,0.977551,0.847741,0.146039,0.102894
src/Mod/Sketcher/Gui/CMakeFiles/SketcherGui.dir/Workbench.cpp.o,2.471,2.399424,2.055879,0.319072,0.986831,0.527919,0.647482,0.157314,0.15955
src/Mod/Part/Gui/CMakeFiles/PartGui.dir/ViewProviderLineParametric.cpp.o,2.467,2.389661,2.272342,0.081039,1.516745,1.017992,0.802721,0.062225,0.016796
src/3rdParty/salomesmesh/CMakeFiles/StdMeshers.dir/src/StdMeshers/StdMeshers_FixedPoints1D.cpp.o,2.465,2.401805,2.277556,0.113581,0.0,0.640051,0.529181,0.081292,0.03048
tests/src/Mod/CAM/App/CMakeFiles/CAM_tests_run.dir/Path.cpp.o,2.465,2.405082,2.08847,0.306981,0.275814,0.700506,0.517645,0.172602,0.132474
src/3rdParty/salomesmesh/CMakeFiles/SMESHDS.dir/src/SMESHDS/SMESHDS_SubMesh.cpp.o,2.464,2.401741,2.185247,0.203472,0.001527,0.627016,0.493795,0.136066,0.065444
src/Gui/CMakeFiles/FreeCADGui.dir/ViewProviderVRMLObject.cpp.o,2.46,2.392652,1.236312,1.127138,0.806554,0.310839,0.381982,0.748898,0.376462
src/Mod/Part/Gui/CMakeFiles/PartGui.dir/ViewProviderHelixParametric.cpp.o,2.46,2.383148,2.261955,0.085858,1.529816,0.988003,0.797945,0.063239,0.020588
src/Mod/Part/Gui/CMakeFiles/PartGui.dir/ViewProviderPointParametric.cpp.o,2.457,2.38321,2.26033,0.087574,1.506858,1.017457,0.79598,0.066204,0.019392
src/Mod/Robot/Gui/CMakeFiles/RobotGui.dir/Command.cpp.o,2.456,2.383286,2.292919,0.068665,1.985942,0.546012,0.715257,0.035782,0.030851
src/Mod/TechDraw/App/CMakeFiles/TechDraw.dir/PropertyGeomFormatList.cpp.o,2.455,2.387245,1.278354,1.071795,0.861351,0.376977,0.456672,0.70599,0.363795
src/Mod/CAM/libarea/CMakeFiles/area-native.dir/AreaOrderer.cpp.o,2.451,2.383056,2.157839,0.215393,1.639738,0.772033,0.519943,0.15492,0.058761
src/Mod/Part/Gui/CMakeFiles/PartGui.dir/ViewProviderScale.cpp.o,2.449,2.376588,2.282331,0.056027,1.546331,1.008288,0.811712,0.043854,0.010416
src/Mod/TechDraw/App/CMakeFiles/TechDraw.dir/PropertyCosmeticVertexList.cpp.o,2.449,2.380402,1.263233,1.077486,0.85106,0.375341,0.451093,0.717319,0.358079
src/3rdParty/WildMagic4/CMakeFiles/WildMagic4.dir/Wm4PolynomialRoots.cpp.o,2.448,2.386058,1.598802,0.780447,1.177509,0.490176,0.260837,0.397216,0.381735
src/Gui/CMakeFiles/FreeCADGui.dir/PreferencePages/DlgSettingsUI.cpp.o,2.448,2.374572,2.010931,0.334159,1.271078,0.918685,0.792443,0.196593,0.135814
src/App/CMakeFiles/FreeCADApp.dir/ApplicationDirectories.cpp.o,2.444,2.384707,0.684485,1.682686,0.133219,0.203244,0.139618,1.071144,0.609738
src/Mod/TechDraw/App/CMakeFiles/TechDraw.dir/PropertyCosmeticEdgeList.cpp.o,2.44,2.368552,1.247171,1.084153,0.854593,0.354647,0.443921,0.728906,0.353207
src/Gui/CMakeFiles/FreeCADGui.dir/ViewProviderAnnotation.cpp.o,2.436,2.365293,1.925445,0.410952,1.44517,0.732689,0.716146,0.276401,0.13222
src/3rdParty/salomesmesh/CMakeFiles/SMESHDS.dir/src/SMESHDS/SMESHDS_GroupOnFilter.cpp.o,2.434,2.369083,2.222,0.135008,0.007328,0.604542,0.49248,0.087705,0.045432
tests/src/Base/CMakeFiles/Base_tests_run.dir/DualQuaternion.cpp.o,2.428,2.370652,1.882319,0.479579,0.11963,0.604756,0.455589,0.232247,0.245624
tests/src/Base/CMakeFiles/Base_tests_run.dir/NumericFormatting.cpp.o,2.428,2.362575,1.922798,0.430186,0.090834,0.671028,0.501681,0.241134,0.18728
src/Mod/CAM/Gui/CMakeFiles/PathGui.dir/DlgSettingsPathColor.cpp.o,2.426,2.355296,2.19126,0.141441,1.551405,0.816367,0.715323,0.064952,0.074445
src/3rdParty/OndselSolver/OndselSolver/CMakeFiles/OndselSolver.dir/EndFrameqct.cpp.o,2.425,2.36988,1.130588,1.232861,0.738458,0.282842,0.258303,0.770696,0.459908
src/Mod/Mesh/App/CMakeFiles/Mesh.dir/MeshFeature.cpp.o,2.425,2.356569,2.229443,0.104377,2.014109,0.552008,0.660704,0.050864,0.051397
src/Mod/Robot/Gui/CMakeFiles/RobotGui.dir/CommandTrajectory.cpp.o,2.421,2.347317,2.150361,0.177406,1.867689,0.486223,0.626825,0.098832,0.076768
tests/src/Base/CMakeFiles/Base_tests_run.dir/Writer.cpp.o,2.42,2.360865,2.091319,0.259715,0.251382,0.75356,0.597572,0.155105,0.102902
src/Gui/CMakeFiles/FreeCADGui.dir/Selection/BoxSelection.cpp.o,2.416,2.335963,2.045284,0.25848,1.679148,0.695825,0.8222,0.17793,0.077941
src/Mod/Fem/Gui/CMakeFiles/FemGui.dir/DlgSettingsFemGmshImp.cpp.o,2.415,2.346413,2.184467,0.13927,1.451745,0.903363,0.761825,0.092248,0.045031
src/3rdParty/salomesmesh/CMakeFiles/StdMeshers.dir/src/StdMeshers/StdMeshers_ProjectionSource3D.cpp.o,2.413,2.345083,2.250918,0.082405,0.003135,0.609004,0.528852,0.043383,0.037169
src/App/CMakeFiles/FreeCADApp.dir/ProgramInformation.cpp.o,2.412,2.353076,0.969388,1.364981,0.545001,0.183575,0.218103,0.894912,0.468188
src/Gui/CMakeFiles/FreeCADGui.dir/ToolBarManager.cpp.o,2.412,2.338605,1.506396,0.802984,0.80455,0.525426,0.527449,0.53858,0.262286
src/Mod/TechDraw/App/CMakeFiles/TechDraw.dir/PropertyCenterLineList.cpp.o,2.412,2.341723,1.230554,1.072723,0.818146,0.36407,0.441662,0.704769,0.365911
src/Mod/Part/Gui/CMakeFiles/PartGui.dir/ViewProviderImport.cpp.o,2.411,2.336798,2.255066,0.046,1.533642,0.995914,0.801858,0.033648,0.010331
tests/src/App/CMakeFiles/App_tests_run.dir/StartupConfiguration.cpp.o,2.411,2.347171,1.923677,0.414126,0.423352,0.705686,0.508354,0.268323,0.143966
src/Mod/CAM/libarea/CMakeFiles/area-native.dir/Curve.cpp.o,2.408,2.346533,2.085972,0.250733,1.585625,0.736342,0.489419,0.159602,0.089225
src/3rdParty/salomesmesh/CMakeFiles/SMESH.dir/src/SMESH/MED_Factory.cpp.o,2.405,2.333682,2.26441,0.058492,1.625684,0.699494,0.411905,0.039223,0.017173
src/Mod/Fem/App/CMakeFiles/Fem.dir/FemConstraintBearing.cpp.o,2.405,2.328257,2.171664,0.129201,1.454373,0.998894,0.802989,0.07994,0.047286
src/Mod/Fem/Gui/CMakeFiles/FemGui.dir/TaskFemConstraintPulley.cpp.o,2.403,2.321301,2.198421,0.097167,1.767745,0.670222,0.807029,0.057606,0.037653
src/Mod/TechDraw/App/CMakeFiles/TechDraw.dir/DrawWeldSymbol.cpp.o,2.402,2.324062,2.106372,0.175758,1.387556,0.952856,0.792334,0.118093,0.055624
src/Mod/Mesh/App/CMakeFiles/Mesh.dir/FeatureMeshSetOperations.cpp.o,2.399,2.3371,2.251168,0.062996,2.017097,0.57559,0.709698,0.040514,0.020772
src/Mod/Fem/Gui/CMakeFiles/FemGui.dir/ViewProviderAnalysis.cpp.o,2.398,2.325595,1.937277,0.363525,1.583593,0.557677,0.736918,0.228382,0.132717
src/Mod/Fem/App/CMakeFiles/Fem.dir/FemConstraintTransform.cpp.o,2.397,2.325077,2.175495,0.126584,1.466599,0.994646,0.795017,0.083284,0.041448
src/Gui/CMakeFiles/FreeCADGui.dir/ManualAlignment.cpp.o,2.396,2.321084,1.808612,0.483585,1.222472,0.595104,0.703063,0.295139,0.186349
src/Gui/CMakeFiles/FreeCADGui.dir/NaviCube.cpp.o,2.395,2.320439,1.855705,0.435491,1.246452,0.618904,0.759071,0.265742,0.167492
src/Mod/Sketcher/App/CMakeFiles/Sketcher.dir/AppSketcherPy.cpp.o,2.395,2.317097,2.143632,0.135886,1.448756,0.969687,0.825166,0.080002,0.053777
src/Mod/Part/App/CMakeFiles/Part.dir/FaceMakerCheese.cpp.o,2.389,2.322661,1.867965,0.425583,1.557936,0.416517,0.50128,0.271021,0.152185
src/Mod/Mesh/App/CMakeFiles/Mesh.dir/FeatureMeshCurvature.cpp.o,2.389,2.325117,2.220428,0.082134,2.016562,0.551341,0.679377,0.055647,0.024576
src/Mod/Start/App/CMakeFiles/Start.dir/DisplayedFilesModel.cpp.o,2.385,2.324762,0.88161,1.428163,0.344225,0.330292,0.281034,0.972853,0.453357
src/Gui/CMakeFiles/FreeCADGui.dir/ViewProviderImagePlane.cpp.o,2.384,2.31595,1.248538,1.040818,0.836505,0.304548,0.43566,0.680801,0.35805
tests/src/Base/CMakeFiles/Base_tests_run.dir/Unit.cpp.o,2.384,2.326061,1.916007,0.400881,0.955065,0.633108,0.479498,0.223202,0.175781
src/Mod/Fem/Gui/CMakeFiles/FemGui.dir/DlgSettingsFemExportAbaqusImp.cpp.o,2.382,2.306792,2.228676,0.053418,1.525264,0.949306,0.80519,0.030235,0.021332
src/3rdParty/Clipper2/CMakeFiles/Clipper2Z.dir/Clipper2Lib/src/clipper.offset.cpp.o,2.378,2.324018,1.917569,0.398156,1.426777,0.68501,0.422698,0.290735,0.105836
src/3rdParty/salomesmesh/CMakeFiles/SMESH.dir/src/SMESH/SMESH_Hypothesis.cpp.o,2.375,2.308093,2.211587,0.085722,5.9e-05,0.611729,0.544119,0.05881,0.024998
src/Gui/CMakeFiles/FreeCADGui.dir/ViewProviderPart.cpp.o,2.373,2.290977,2.000659,0.259435,1.668885,0.640017,0.839806,0.152733,0.104681
src/Mod/Part/App/CMakeFiles/Part.dir/GeometryCurvePyImp.cpp.o,2.372,2.306452,1.627801,0.651579,1.321483,0.314799,0.383402,0.318439,0.33111
src/Mod/Part/Gui/CMakeFiles/PartGui.dir/DlgSettingsGeneral.cpp.o,2.371,2.298522,2.01963,0.243063,1.300667,0.83325,0.723539,0.123468,0.117426
src/Mod/Mesh/App/CMakeFiles/Mesh.dir/FeatureMeshImport.cpp.o,2.364,2.297288,2.250025,0.023174,2.043082,0.553606,0.697259,0.012108,0.009183
tests/src/Base/CMakeFiles/Base_tests_run.dir/UniqueNameManager.cpp.o,2.364,2.300853,2.020184,0.271552,0.10784,0.712096,0.542457,0.167946,0.10174
src/Gui/CMakeFiles/FreeCADGui.dir/qrc_resource.cpp.o,2.359,2.298818,2.273223,0.006932,0.0,0.0,0.0,0.002422,0.003276
src/Mod/Fem/App/CMakeFiles/Fem.dir/FemPostFilter.cpp.o,2.357,2.293776,1.433848,0.839546,0.975689,0.374361,0.43335,0.503727,0.333787
src/Gui/CMakeFiles/FreeCADGui.dir/DemoMode.cpp.o,2.355,2.285054,1.517924,0.738001,1.079111,0.48287,0.603026,0.687196,0.048931
src/Mod/Mesh/App/CMakeFiles/Mesh.dir/Core/Triangulation.cpp.o,2.355,2.296343,0.995971,1.283425,0.301036,0.354521,0.220967,0.860589,0.421109
src/Mod/Mesh/App/CMakeFiles/Mesh.dir/MeshFeaturePyImp.cpp.o,2.355,2.296046,2.163377,0.111514,1.955514,0.517535,0.653281,0.056204,0.053705
src/3rdParty/salomesmesh/CMakeFiles/StdMeshers.dir/src/StdMeshers/StdMeshers_NumberOfLayers.cpp.o,2.354,2.286941,2.243238,0.03424,6.9e-05,0.595616,0.509219,0.019898,0.012539
src/Mod/Fem/Gui/CMakeFiles/FemGui.dir/ViewProviderFemPostPipeline.cpp.o,2.353,2.282402,2.131024,0.125238,1.882548,0.658701,0.876167,0.077,0.046094
src/3rdParty/salomesmesh/CMakeFiles/DriverUNV.dir/src/DriverUNV/UNV2420_Structure.cpp.o,2.351,2.245053,2.006424,0.225214,1.317456,0.668124,0.396892,0.143925,0.077492
src/Gui/CMakeFiles/FreeCADGui.dir/PythonConsolePy.cpp.o,2.347,2.283853,0.691481,1.570452,0.272059,0.229173,0.128155,0.954403,0.614007
src/Mod/Start/Gui/CMakeFiles/StartGui.dir/DlgStartPreferencesImp.cpp.o,2.346,2.270167,2.190909,0.058376,1.519438,0.940002,0.806805,0.031078,0.025252
src/3rdParty/salomesmesh/CMakeFiles/SMESHDS.dir/src/SMESHDS/SMESHDS_Document.cpp.o,2.345,2.280971,2.189407,0.081252,8.6e-05,0.613931,0.496262,0.059243,0.020313
src/Mod/Material/Gui/CMakeFiles/MatGui.dir/ListDelegate.cpp.o,2.34,2.274391,2.231156,0.01963,1.491004,1.04125,0.80722,0.009328,0.008436
src/Mod/Spreadsheet/App/CMakeFiles/Spreadsheet.dir/AppSpreadsheet.cpp.o,2.338,2.268967,1.280527,0.968546,0.95023,0.322974,0.412489,0.63688,0.329341
src/Mod/Mesh/Gui/CMakeFiles/MeshGui.dir/DlgSmoothing.cpp.o,2.337,2.259255,2.119975,0.116229,1.770498,0.667007,0.768145,0.069209,0.045281
src/Mod/Material/App/CMakeFiles/Materials.dir/PropertyMaterial.cpp.o,2.336,2.26791,2.139684,0.104536,1.377982,1.069229,0.786507,0.068749,0.033793
src/3rdParty/salomesmesh/CMakeFiles/SMESH.dir/src/SMESH/SMESH_Group.cpp.o,2.335,2.270547,2.225008,0.034614,0.0,0.595219,0.517684,0.02249,0.010115
src/3rdParty/salomesmesh/CMakeFiles/DriverSTL.dir/src/DriverSTL/DriverSTL_R_SMDS_Mesh.cpp.o,2.334,2.263593,2.146389,0.104315,0.028026,0.593715,0.474623,0.061107,0.041326
src/Mod/TechDraw/App/CMakeFiles/TechDraw.dir/DrawViewImage.cpp.o,2.331,2.257951,2.063955,0.147063,1.377579,0.928843,0.782163,0.089547,0.055694
src/3rdParty/salomesmesh/CMakeFiles/StdMeshers.dir/src/StdMeshers/StdMeshers_ProjectionSource1D.cpp.o,2.33,2.26052,2.184106,0.066142,0.003069,0.574513,0.497877,0.036685,0.027686
src/3rdParty/OndselSolver/OndselSolver/CMakeFiles/OndselSolver.dir/MarkerFrame.cpp.o,2.327,2.269112,1.249468,1.012307,0.756021,0.34612,0.310311,0.66456,0.34558
src/Mod/MeshPart/Gui/CMakeFiles/MeshPartGui.dir/TaskCurveOnMesh.cpp.o,2.326,2.257262,2.153799,0.083196,1.522246,0.824989,0.746333,0.045086,0.036284
src/Gui/CMakeFiles/FreeCADGui.dir/CommandFeat.cpp.o,2.325,2.247373,2.045889,0.171475,1.663661,0.606035,0.842102,0.11421,0.055236
src/Base/CMakeFiles/FreeCADBase.dir/CrashReporter/CrashReportPyImp.cpp.o,2.321,2.266039,0.690036,1.559318,0.234551,0.265815,0.147089,0.96121,0.596404
src/Mod/Fem/App/CMakeFiles/Fem.dir/FemMeshShapeObject.cpp.o,2.321,2.246344,2.102387,0.119772,1.450079,0.929482,0.779562,0.062496,0.054674
src/Mod/TechDraw/Gui/CMakeFiles/TechDrawGui.dir/Grabber3d.cpp.o,2.32,2.249598,1.334427,0.894621,0.99179,0.323036,0.472984,0.583599,0.309152
src/Mod/TechDraw/App/CMakeFiles/TechDraw.dir/DrawTileWeld.cpp.o,2.319,2.244008,2.049455,0.149553,1.366079,0.921411,0.778564,0.091384,0.055913
src/3rdParty/salomesmesh/CMakeFiles/StdMeshers.dir/src/StdMeshers/StdMeshers_UseExisting_1D2D.cpp.o,2.318,2.253732,2.215758,0.02725,0.0,0.59434,0.531216,0.016028,0.009404
src/Mod/Fem/Gui/CMakeFiles/FemGui.dir/DlgSettingsFemElmerImp.cpp.o,2.317,2.245578,2.114557,0.107968,1.399641,0.845509,0.717854,0.060644,0.045453
tests/src/Base/CMakeFiles/Base_tests_run.dir/ServiceProvider.cpp.o,2.317,2.255392,1.913635,0.332668,0.07059,0.663767,0.492706,0.215506,0.11542
src/Base/CMakeFiles/FreeCADBase.dir/Tools.cpp.o,2.316,2.261977,0.660976,1.585058,0.220938,0.258493,0.106488,1.021963,0.56147
src/Mod/Part/App/CMakeFiles/Part.dir/PreviewExtension.cpp.o,2.315,2.243222,2.084356,0.124869,1.812395,0.4861,0.606863,0.076195,0.046166
src/Mod/Mesh/App/CMakeFiles/Mesh.dir/FeatureMeshExport.cpp.o,2.315,2.250318,2.190363,0.037163,2.001942,0.544673,0.672116,0.021165,0.014089
tests/src/Base/CMakeFiles/Base_tests_run.dir/Placement.cpp.o,2.315,2.2536,1.931023,0.309763,0.129406,0.637324,0.48798,0.175245,0.132405
src/Mod/Measure/Gui/CMakeFiles/MeasureGui.dir/ViewProviderMeasureDistance.cpp.o,2.313,2.235264,2.047648,0.151946,1.624005,0.573307,0.740839,0.078542,0.071282
src/Mod/Measure/App/CMakeFiles/Measure.dir/MeasurementPyImp.cpp.o,2.303,2.220812,2.00062,0.183011,1.655831,0.487337,0.564304,0.107907,0.071562
src/3rdParty/libE57Format/CMakeFiles/E57Format.dir/src/E57XmlParser.cpp.o,2.295,2.23005,1.637372,0.585756,1.21694,0.404789,0.280619,0.314527,0.269187
tests/src/Base/CMakeFiles/Base_tests_run.dir/NumericInput.cpp.o,2.292,2.23446,1.788288,0.436859,0.00461,0.631458,0.480734,0.245511,0.189567
src/Gui/CMakeFiles/FreeCADGui.dir/GraphvizView.cpp.o,2.291,2.219868,1.52924,0.659765,0.945044,0.517538,0.517654,0.417865,0.239388
src/Gui/CMakeFiles/FreeCADGui.dir/LinkViewPyImp.cpp.o,2.286,2.215107,1.7081,0.479709,1.229689,0.553738,0.638367,0.299232,0.178544
src/Mod/Fem/App/CMakeFiles/Fem.dir/FemMeshShapeNetgenObject.cpp.o,2.285,2.215525,2.144519,0.044227,1.44651,0.969947,0.779018,0.02531,0.016566
src/Gui/CMakeFiles/FreeCADGui.dir/Dialogs/DlgPropertyLink.cpp.o,2.282,2.2113,1.738529,0.444277,1.203831,0.593303,0.653422,0.316261,0.125987
src/Mod/PartDesign/Gui/CMakeFiles/PartDesignGui.dir/qrc_PartDesign_translation.cpp.o,2.281,2.223297,2.197156,0.007829,0.0,0.0,0.0,0.002667,0.003681
src/3rdParty/salomesmesh/CMakeFiles/DriverUNV.dir/src/DriverUNV/UNV164_Structure.cpp.o,2.28,2.184863,2.031069,0.13854,1.300481,0.730398,0.369835,0.092923,0.04053
src/Mod/CAM/Gui/CMakeFiles/PathGui.dir/AppPathGuiPy.cpp.o,2.278,2.206722,1.80441,0.382113,1.477547,0.497115,0.610402,0.23065,0.149508
src/Mod/Mesh/App/CMakeFiles/Mesh.dir/FeatureMeshTransform.cpp.o,2.276,2.208137,2.167419,0.017879,1.983442,0.52566,0.658305,0.006114,0.009711
tests/src/Gui/CMakeFiles/Gui_tests_run.dir/StyleParameters/ColorShadingTest.cpp.o,2.275,2.211204,1.87743,0.324547,0.001917,0.624456,0.460811,0.184527,0.138141
tests/src/Mod/Mesh/App/CMakeFiles/Mesh_tests_run.dir/Core/KDTree.cpp.o,2.274,2.21407,2.035697,0.168761,0.185513,0.708605,0.514717,0.1076,0.059398
src/Mod/Mesh/Gui/CMakeFiles/MeshGui.dir/Segmentation.cpp.o,2.272,2.197258,1.921705,0.251682,1.623119,0.548819,0.66166,0.164276,0.085228
src/3rdParty/salomesmesh/CMakeFiles/SMESHDS.dir/src/SMESHDS/SMESHDS_Group.cpp.o,2.271,2.209942,2.156606,0.043552,0.0,0.589041,0.480969,0.026763,0.015249
src/3rdParty/salomesmesh/CMakeFiles/SMESHDS.dir/src/SMESHDS/SMESHDS_GroupBase.cpp.o,2.271,2.210106,2.155829,0.044161,6.8e-05,0.577459,0.478801,0.026665,0.015744
src/App/CMakeFiles/FreeCADApp.dir/OriginGroupExtension.cpp.o,2.27,2.209731,1.100014,1.08872,0.771263,0.29223,0.347956,0.699259,0.387564
tests/src/Base/CMakeFiles/Base_tests_run.dir/Tools3D.cpp.o,2.267,2.199054,1.998257,0.191486,0.076526,0.699604,0.516966,0.110719,0.079077
tests/src/Base/CMakeFiles/Base_tests_run.dir/CoordinateSystem.cpp.o,2.261,2.198868,1.953125,0.236737,0.158066,0.673936,0.497419,0.135038,0.099985
src/App/CMakeFiles/FreeCADApp.dir/PropertyContainer.cpp.o,2.259,2.199941,0.861122,1.318848,0.348477,0.301606,0.31224,0.881484,0.435577
src/Mod/Part/App/CMakeFiles/Part.dir/TopoShapeWirePyImp.cpp.o,2.258,2.193756,1.618713,0.543565,1.363514,0.328027,0.400778,0.262477,0.27935
src/Mod/TechDraw/Gui/CMakeFiles/TechDrawGui.dir/ViewProviderLeader.cpp.o,2.258,2.184421,2.067009,0.090946,1.784517,0.613846,0.83012,0.05263,0.03618
src/3rdParty/Clipper2/CMakeFiles/Clipper2Z.dir/Clipper2Lib/src/clipper.rectclip.cpp.o,2.254,2.198845,1.887715,0.302767,1.444312,0.66204,0.406181,0.199631,0.101696
src/Mod/Part/App/CMakeFiles/Part.dir/PropertyTopoShapeList.cpp.o,2.254,2.185422,1.782794,0.373299,1.463378,0.409682,0.492016,0.225926,0.144872
src/3rdParty/OndselSolver/OndselSolver/CMakeFiles/OndselSolver.dir/ASMTGearJoint.cpp.o,2.252,2.134067,1.923155,0.192253,1.469514,0.407499,0.474459,0.116584,0.071735
src/Mod/TechDraw/Gui/CMakeFiles/TechDrawGui.dir/ViewProviderGeomHatch.cpp.o,2.251,2.172695,2.09813,0.048954,1.803226,0.630533,0.848676,0.026617,0.020258
src/3rdParty/WildMagic4/CMakeFiles/WildMagic4.dir/Wm4QuadricSurface.cpp.o,2.25,2.191417,1.521568,0.661987,1.149625,0.442107,0.220956,0.308936,0.351144
src/Mod/Part/App/CMakeFiles/Part.dir/Tools.cpp.o,2.25,2.18392,1.605699,0.550929,1.291603,0.336124,0.394386,0.324083,0.224814
tests/src/Base/CMakeFiles/Base_tests_run.dir/Tools2D.cpp.o,2.248,2.18716,1.989725,0.187515,0.148521,0.680104,0.491691,0.122366,0.06333
src/Mod/Robot/Gui/CMakeFiles/RobotGui.dir/Workbench.cpp.o,2.243,2.165497,2.046892,0.09372,1.809254,0.40715,0.566336,0.05912,0.03231
src/Gui/CMakeFiles/FreeCADGui.dir/PreferencePages/DlgSettings3DViewImp.cpp.o,2.24,2.172144,1.940537,0.203086,1.27597,0.90863,0.736472,0.094985,0.1062
src/Mod/Mesh/App/CMakeFiles/Mesh.dir/FeatureMeshTransformDemolding.cpp.o,2.239,2.177838,2.134929,0.017065,1.953553,0.515366,0.647095,0.006,0.009225
src/Mod/Mesh/App/CMakeFiles/Mesh.dir/Segment.cpp.o,2.236,2.179648,1.960052,0.197759,1.720358,0.511642,0.561247,0.138781,0.057405
src/Mod/Mesh/App/CMakeFiles/Mesh.dir/FacetPyImp.cpp.o,2.235,2.176558,1.93532,0.217988,1.521154,0.449151,0.535263,0.105227,0.110885
tests/src/Base/CMakeFiles/Base_tests_run.dir/Color.cpp.o,2.231,2.170404,1.880937,0.280285,0.001788,0.635847,0.476535,0.160303,0.118034
tests/src/Base/CMakeFiles/Base_tests_run.dir/UnlimitedUnsigned.cpp.o,2.231,2.167447,1.924503,0.233751,0.056466,0.70282,0.535688,0.165197,0.066842
tests/src/zipios++/CMakeFiles/Zipios_tests_run.dir/collectioncollection.cpp.o,2.231,2.173215,1.833059,0.330991,0.053673,0.66547,0.491653,0.204509,0.124544
src/Mod/Sketcher/App/CMakeFiles/Sketcher.dir/SketchObjectSFPyImp.cpp.o,2.229,2.156004,2.09528,0.024937,1.443898,0.940099,0.798493,0.016481,0.006877
src/3rdParty/OndselSolver/OndselSolver/CMakeFiles/OndselSolver.dir/ASMTItem.cpp.o,2.228,2.136917,1.79632,0.322394,1.236105,0.488879,0.50913,0.223521,0.096407
tests/src/Base/CMakeFiles/Base_tests_run.dir/Rotation.cpp.o,2.228,2.160171,2.025923,0.124332,0.174984,0.696597,0.497995,0.082388,0.040369
tests/src/Base/CMakeFiles/Base_tests_run.dir/TimeInfo.cpp.o,2.228,2.165436,2.064918,0.090945,0.231821,0.740401,0.573739,0.062073,0.027255
src/3rdParty/salomesmesh/CMakeFiles/SMESHDS.dir/src/SMESHDS/SMESHDS_GroupOnGeom.cpp.o,2.227,2.161811,2.100431,0.050753,7.2e-05,0.563479,0.470041,0.028643,0.020362
src/Mod/Spreadsheet/Gui/CMakeFiles/SpreadsheetGui.dir/DlgSettingsImp.cpp.o,2.218,2.150196,2.00907,0.11849,1.400075,0.91395,0.734908,0.061563,0.054933
src/Mod/Points/App/CMakeFiles/Points.dir/Points.cpp.o,2.211,2.14635,1.896021,0.22716,1.603584,0.481482,0.500475,0.152087,0.072915
tests/src/Base/CMakeFiles/Base_tests_run.dir/Translation.cpp.o,2.211,2.152498,1.870395,0.272845,0.009056,0.656438,0.49609,0.179861,0.091281
src/Mod/Sketcher/App/CMakeFiles/Sketcher.dir/PropertyConstraintList.cpp.o,2.21,2.140112,1.396312,0.710073,0.918264,0.460494,0.433252,0.486356,0.22172
tests/src/zipios++/CMakeFiles/Zipios_tests_run.dir/zipfile.cpp.o,2.205,2.146691,1.895935,0.241319,0.050798,0.665899,0.503487,0.146831,0.092756
src/Mod/Fem/Gui/CMakeFiles/FemGui.dir/ViewProviderFemPostFilter.cpp.o,2.203,2.129251,1.849501,0.256305,1.602208,0.542758,0.71673,0.141191,0.113096
tests/src/Base/CMakeFiles/Base_tests_run.dir/XMLTools.cpp.o,2.202,2.138033,1.848185,0.281537,0.0,0.630817,0.473547,0.165181,0.114773
src/Mod/Material/App/CMakeFiles/Materials.dir/Array2DPyImp.cpp.o,2.198,2.100398,1.847669,0.228546,1.208694,0.823371,0.573286,0.139635,0.087163
src/3rdParty/salomesmesh/CMakeFiles/SMDS.dir/src/SMDS/SMDS_MeshNode.cpp.o,2.197,2.132769,2.026145,0.097604,0.000126,0.618366,0.465403,0.060221,0.035731
src/Gui/CMakeFiles/FreeCADGui.dir/SplashScreen.cpp.o,2.197,2.114482,0.839239,1.247374,0.488728,0.155273,0.209754,0.82282,0.422511
src/Mod/Measure/Gui/CMakeFiles/MeasureGui.dir/Command.cpp.o,2.196,2.122952,2.024052,0.063109,1.745855,0.514531,0.810181,0.046547,0.014578
tests/src/Mod/Mesh/App/CMakeFiles/Mesh_tests_run.dir/Core/MeshIO.cpp.o,2.195,2.13207,2.036563,0.086143,0.239125,0.706139,0.522769,0.064323,0.020224
src/Gui/CMakeFiles/FreeCADGui.dir/Macro.cpp.o,2.193,2.129951,0.885642,1.220243,0.478772,0.227726,0.20819,0.799338,0.418978
src/3rdParty/WildMagic4/CMakeFiles/WildMagic4.dir/Wm4ConvexHull2.cpp.o,2.192,2.13457,1.504878,0.622782,1.119214,0.443473,0.223389,0.329493,0.291583
src/Mod/Sketcher/App/CMakeFiles/Sketcher.dir/SketchPyImp.cpp.o,2.19,2.11088,1.904962,0.170897,1.659632,0.39635,0.433358,0.094209,0.074359
src/Mod/Part/App/CMakeFiles/Part.dir/GeometrySurfacePyImp.cpp.o,2.187,2.120336,1.601836,0.491376,1.320336,0.31015,0.381643,0.236569,0.253041
src/Mod/TechDraw/Gui/CMakeFiles/TechDrawGui.dir/ViewProviderProjGroup.cpp.o,2.187,2.114714,1.910224,0.180245,1.59144,0.519164,0.714702,0.116197,0.061935
tests/src/Base/CMakeFiles/Base_tests_run.dir/OkLch.cpp.o,2.186,2.129011,1.898602,0.221487,0.001945,0.646482,0.481237,0.125516,0.094269
src/Mod/TechDraw/App/CMakeFiles/TechDraw.dir/DrawViewArch.cpp.o,2.185,2.122713,1.072061,1.014134,0.682802,0.261861,0.326863,0.651601,0.360035
src/Mod/Mesh/Gui/CMakeFiles/MeshGui.dir/Workbench.cpp.o,2.184,2.112463,1.910769,0.179633,1.634616,0.583949,0.712212,0.097789,0.080292
src/Mod/Fem/Gui/CMakeFiles/FemGui.dir/AppFemGuiPy.cpp.o,2.184,2.114111,1.903902,0.186698,1.516269,0.518696,0.688465,0.116363,0.068402
src/3rdParty/salomesmesh/CMakeFiles/SMDS.dir/src/SMDS/SMDS_VtkVolume.cpp.o,2.179,2.118212,1.969359,0.139561,6.3e-05,0.553628,0.449683,0.087967,0.049965
src/Gui/CMakeFiles/FreeCADGui.dir/EditorView.cpp.o,2.177,2.101831,1.321526,0.745782,0.67369,0.517444,0.443785,0.469655,0.27417
src/Mod/TechDraw/App/CMakeFiles/TechDraw.dir/FeatureProjection.cpp.o,2.172,2.100584,1.961823,0.097596,1.260274,0.93797,0.747796,0.063216,0.032562
src/3rdParty/salomesmesh/CMakeFiles/SMDS.dir/src/SMDS/SMDS_MeshCell.cpp.o,2.165,2.107854,1.85696,0.242471,6.2e-05,0.544505,0.430262,0.154937,0.086045
src/Mod/Part/App/CMakeFiles/Part.dir/PreviewExtensionPyImp.cpp.o,2.164,2.096874,1.998728,0.067525,1.721758,0.482709,0.590089,0.046256,0.019201
src/Mod/Fem/Gui/CMakeFiles/FemGui.dir/ViewProviderFemMeshPyImp.cpp.o,2.162,2.09388,1.618171,0.452064,1.262856,0.499521,0.566911,0.273305,0.176411
src/Gui/CMakeFiles/FreeCADGui.dir/DocumentModel.cpp.o,2.158,2.086882,1.566636,0.489001,1.039594,0.561357,0.624574,0.327778,0.159244
src/Mod/Part/App/CMakeFiles/Part.dir/PartFeatureReference.cpp.o,2.156,2.091935,2.008515,0.052648,1.745259,0.487337,0.612371,0.035987,0.014667
src/Mod/Robot/Gui/CMakeFiles/RobotGui.dir/TaskRobotControl.cpp.o,2.156,2.082166,1.997164,0.066219,1.783744,0.357222,0.521443,0.03093,0.033395
src/Mod/Part/App/CMakeFiles/Part.dir/Geom2d/Curve2dPyImp.cpp.o,2.154,2.090529,1.587043,0.472767,1.315989,0.295945,0.370759,0.231221,0.239607
src/Mod/Robot/Gui/CMakeFiles/RobotGui.dir/TaskRobot6Axis.cpp.o,2.154,2.083148,1.931479,0.133275,1.645909,0.364573,0.516028,0.06586,0.065522
src/Mod/TechDraw/Gui/CMakeFiles/TechDrawGui.dir/ViewProviderTemplate.cpp.o,2.152,2.073757,1.951873,0.096237,1.679135,0.565265,0.771785,0.053324,0.040559
src/Mod/Part/App/CMakeFiles/Part.dir/ShapeFix/ShapeFix_WirePyImp.cpp.o,2.15,2.089538,1.578439,0.483986,1.317649,0.311276,0.387847,0.22284,0.259168
src/Mod/Fem/App/CMakeFiles/Fem.dir/FemConstraintFluidBoundary.cpp.o,2.143,2.08202,1.074643,0.988578,0.691964,0.283029,0.337747,0.634176,0.352499
src/Mod/Fem/Gui/CMakeFiles/FemGui.dir/TaskTetParameter.cpp.o,2.142,2.065216,1.911097,0.128524,1.586926,0.532852,0.703053,0.08007,0.046436
src/Mod/TechDraw/App/CMakeFiles/TechDraw.dir/XMLQuery.cpp.o,2.141,2.064286,1.964765,0.056862,1.285005,0.921434,0.753914,0.04312,0.011646
src/3rdParty/salomesmesh/CMakeFiles/SMDS.dir/src/SMDS/SMDS_QuadraticFaceOfNodes.cpp.o,2.14,2.078853,1.969008,0.100371,0.002463,0.571639,0.447848,0.063677,0.035074
src/Gui/CMakeFiles/FreeCADGui.dir/TaskCommandLink.cpp.o,2.14,2.072111,1.87314,0.170668,1.200532,0.878673,0.733549,0.127259,0.041696
src/Mod/Spreadsheet/Gui/CMakeFiles/SpreadsheetGui.dir/ViewProviderSpreadsheetPyImp.cpp.o,2.14,2.060908,1.992927,0.045231,1.729409,0.477593,0.643003,0.023285,0.019901
src/3rdParty/salomesmesh/CMakeFiles/SMDS.dir/src/SMDS/SMDS_PolygonalFaceOfNodes.cpp.o,2.136,2.072151,1.963631,0.098561,0.002063,0.592461,0.449007,0.064512,0.032222
src/Gui/CMakeFiles/FreeCADGui.dir/SoFCColorBar.cpp.o,2.136,2.067509,0.727183,1.315163,0.351486,0.2207,0.208325,0.77861,0.534374
src/Mod/Part/Gui/CMakeFiles/PartGui.dir/DlgExportStep.cpp.o,2.136,2.068758,1.849483,0.185031,1.142629,0.813557,0.655675,0.107846,0.075215
src/Mod/TechDraw/Gui/CMakeFiles/TechDrawGui.dir/Widgets/CompassDialWidget.cpp.o,2.134,2.063101,1.933622,0.109499,0.001489,0.24955,0.372681,0.079647,0.028058
src/Gui/CMakeFiles/FreeCADGui.dir/EditableDatumLabel.cpp.o,2.133,2.070504,1.856582,0.185372,1.094534,0.916767,0.748905,0.111453,0.071882
src/Mod/Robot/Gui/CMakeFiles/RobotGui.dir/CommandExport.cpp.o,2.133,2.061621,1.920591,0.121357,1.654933,0.483176,0.597701,0.075952,0.043162
tests/src/Base/CMakeFiles/Base_tests_run.dir/StringUtils.cpp.o,2.132,2.069938,1.817136,0.243161,0.000393,0.631514,0.453001,0.134066,0.106728
src/Mod/Material/App/CMakeFiles/Materials.dir/ModelManagerLocal.cpp.o,2.127,2.063111,1.82646,0.21746,1.059853,0.901862,0.657972,0.143029,0.072544
src/Mod/Material/App/CMakeFiles/Materials.dir/ModelLibrary.cpp.o,2.124,2.066008,1.748702,0.300277,1.057825,0.862277,0.654604,0.203277,0.095104
src/Mod/Robot/Gui/CMakeFiles/RobotGui.dir/CommandInsertRobot.cpp.o,2.124,2.055988,1.989952,0.046649,1.722789,0.488165,0.630676,0.028985,0.015672
src/3rdParty/OndselSolver/OndselSolver/CMakeFiles/OndselSolver.dir/MomentOfInertiaSolver.cpp.o,2.123,2.065624,0.994308,1.065011,0.595233,0.307038,0.184083,0.670018,0.393321
src/Mod/Fem/Gui/CMakeFiles/FemGui.dir/DlgSettingsFemMystranImp.cpp.o,2.122,2.053999,1.953553,0.076205,1.308593,0.780038,0.669237,0.049456,0.02495
src/Gui/CMakeFiles/FreeCADGui.dir/CommandStd.cpp.o,2.118,2.047866,1.626641,0.393006,1.2445,0.508787,0.678278,0.240519,0.150436
src/Gui/CMakeFiles/FreeCADGui.dir/PythonEditor.cpp.o,2.117,2.052953,0.887979,1.13998,0.338174,0.249528,0.25795,0.733345,0.404704
src/3rdParty/OndselSolver/OndselSolver/CMakeFiles/OndselSolver.dir/SymbolicParser.cpp.o,2.113,2.058069,1.366195,0.684103,0.656553,0.41085,0.367443,0.428466,0.25402
src/Gui/CMakeFiles/FreeCADGui.dir/MDIView.cpp.o,2.111,2.038046,1.693239,0.316749,1.159558,0.575126,0.658242,0.210527,0.103891
tests/src/App/CMakeFiles/App_tests_run.dir/License.cpp.o,2.108,2.048964,1.92424,0.114826,0.126346,0.636845,0.480612,0.072271,0.040823
src/3rdParty/salomesmesh/CMakeFiles/SMDS.dir/src/SMDS/SMDS_MeshGroup.cpp.o,2.107,2.047198,1.981899,0.055803,6.2e-05,0.575613,0.460906,0.043039,0.011112
src/Mod/Fem/Gui/CMakeFiles/FemGui.dir/ViewProviderFemConstraintForce.cpp.o,2.107,2.033751,1.933738,0.075879,1.621578,0.527714,0.679399,0.040595,0.032702
src/Gui/CMakeFiles/FreeCADGui.dir/EditableDatumLabelPyImp.cpp.o,2.105,2.034197,1.630187,0.377175,0.943,0.784985,0.562523,0.189251,0.185749
src/3rdParty/salomesmesh/CMakeFiles/DriverDAT.dir/src/DriverDAT/DriverDAT_W_SMDS_Mesh.cpp.o,2.103,2.037629,1.988555,0.039623,7.3e-05,0.560834,0.453534,0.020743,0.017303
src/Gui/CMakeFiles/FreeCADGui.dir/Dialogs/DlgRevertToBackupConfigImp.cpp.o,2.102,2.032113,1.000349,1.006815,0.630576,0.293131,0.327157,0.662674,0.342287
src/3rdParty/salomesmesh/CMakeFiles/SMDS.dir/src/SMDS/SMDS_VolumeOfNodes.cpp.o,2.094,2.03351,1.968535,0.055746,0.004612,0.555148,0.454828,0.031066,0.022964
src/3rdParty/salomesmesh/CMakeFiles/StdMeshers.dir/src/StdMeshers/StdMeshers_SegmentAroundVertex_0D.cpp.o,2.093,2.033222,1.97889,0.045163,0.0,0.478978,0.438644,0.032112,0.011499
src/3rdParty/salomesmesh/CMakeFiles/DriverUNV.dir/src/DriverUNV/UNV2417_Structure.cpp.o,2.088,2.007585,1.812054,0.179413,1.266069,0.614963,0.372129,0.140056,0.035655
src/Gui/CMakeFiles/FreeCADGui.dir/FreeCADGui_autogen/mocs_compilation.cpp.o,2.088,2.017495,1.827786,0.161538,0.0,0.629899,0.703235,0.088456,0.071156
src/Mod/Part/App/CMakeFiles/Part.dir/Geometry2d.cpp.o,2.088,2.028688,1.0554,0.941043,0.520324,0.353933,0.305939,0.489963,0.448873
src/3rdParty/salomesmesh/CMakeFiles/DriverDAT.dir/src/DriverDAT/DriverDAT_R_SMDS_Mesh.cpp.o,2.086,2.021778,1.982454,0.029463,8.1e-05,0.565962,0.467784,0.016827,0.010886
src/Mod/Mesh/App/CMakeFiles/Mesh.dir/MeshPointPyImp.cpp.o,2.085,2.023377,1.883755,0.116967,1.710355,0.450472,0.534097,0.065219,0.049677
src/Mod/Start/Gui/CMakeFiles/StartGui.dir/FileCardDelegate.cpp.o,2.083,2.018357,0.901298,1.102357,0.413623,0.279003,0.302746,0.714213,0.385387
src/3rdParty/salomesmesh/CMakeFiles/SMDS.dir/src/SMDS/SMDS_VtkEdge.cpp.o,2.079,2.013001,1.956792,0.046304,0.000101,0.559364,0.442191,0.025054,0.019683
src/3rdParty/salomesmesh/CMakeFiles/SMDS.dir/src/SMDS/SMDS_MeshElementIDFactory.cpp.o,2.077,2.014444,1.962662,0.041891,7.1e-05,0.550788,0.445906,0.028129,0.012025
src/Mod/Mesh/Gui/CMakeFiles/MeshGui.dir/ViewProviderDefects.cpp.o,2.077,2.007671,1.712042,0.271589,1.464676,0.4646,0.552579,0.138267,0.131127
src/Mod/Spreadsheet/App/CMakeFiles/Spreadsheet.dir/SheetPyImp.cpp.o,2.076,2.014188,1.275626,0.721092,0.931194,0.331763,0.39654,0.34647,0.372721
src/3rdParty/salomesmesh/CMakeFiles/SMDS.dir/src/SMDS/SMDS_PolyhedralVolumeOfNodes.cpp.o,2.075,2.011782,1.877182,0.125222,0.002464,0.535733,0.426307,0.086,0.037581
src/Gui/CMakeFiles/FreeCADGui.dir/PreferencePages/DlgSettingsMacroImp.cpp.o,2.074,2.0046,1.864248,0.112084,1.215763,0.873092,0.773264,0.057442,0.052692
src/Mod/TechDraw/Gui/CMakeFiles/TechDrawGui.dir/ViewProviderViewSection.cpp.o,2.073,2.002791,1.907121,0.071073,1.640159,0.543608,0.736552,0.031029,0.037838
src/3rdParty/salomesmesh/CMakeFiles/SMDS.dir/src/SMDS/SMDS_FaceOfNodes.cpp.o,2.072,2.00979,1.936449,0.064398,0.255798,0.556021,0.43826,0.038626,0.024164
src/Mod/Material/App/CMakeFiles/Materials.dir/MaterialLibraryPyImp.cpp.o,2.071,2.008747,1.845347,0.146364,1.187057,0.91259,0.650946,0.082105,0.062398
tests/src/Base/CMakeFiles/Base_tests_run.dir/DualNumber.cpp.o,2.071,2.01088,1.825876,0.17649,0.072078,0.621852,0.460487,0.102744,0.072171
tests/src/Base/CMakeFiles/Base_tests_run.dir/Exception.cpp.o,2.071,2.0124,1.840748,0.161175,0.082351,0.657643,0.495101,0.098926,0.060468
src/3rdParty/salomesmesh/CMakeFiles/SMDS.dir/src/SMDS/SMDS_VtkFace.cpp.o,2.07,2.009124,1.940297,0.058937,6.2e-05,0.545149,0.44521,0.031614,0.025637
src/Gui/CMakeFiles/FreeCADGui.dir/ReportView.cpp.o,2.067,1.998607,1.095578,0.876511,0.615876,0.312307,0.305213,0.737901,0.136785
src/Mod/Fem/Gui/CMakeFiles/FemGui.dir/ViewProviderFemConstraintHeatflux.cpp.o,2.067,1.991998,1.901575,0.06426,1.589797,0.533508,0.691322,0.037502,0.024736
src/Mod/Part/Gui/CMakeFiles/PartGui.dir/DlgImportStep.cpp.o,2.065,1.991931,1.795443,0.163111,1.109626,0.764824,0.631133,0.100373,0.0605
src/Mod/TechDraw/Gui/CMakeFiles/TechDrawGui.dir/TechDrawHandler.cpp.o,2.065,1.986163,1.938674,0.022938,1.561772,0.532614,0.719392,0.013315,0.007589
src/Mod/TechDraw/Gui/CMakeFiles/TechDrawGui.dir/ViewProviderPageExtension.cpp.o,2.065,1.983011,1.893294,0.065989,1.671945,0.41942,0.572537,0.033543,0.030509
src/Mod/Mesh/App/CMakeFiles/Mesh.dir/MeshTexture.cpp.o,2.064,2.008206,1.892953,0.093414,1.696979,0.495307,0.550236,0.068889,0.022866
src/Mod/Sketcher/App/CMakeFiles/Sketcher.dir/ExternalGeometryFacade.cpp.o,2.059,1.990697,0.913706,1.046798,0.497656,0.24788,0.22407,0.670535,0.374412
src/Mod/Robot/Gui/CMakeFiles/RobotGui.dir/TaskDlgSimulate.cpp.o,2.057,1.989968,1.932894,0.03674,1.663942,0.402456,0.504986,0.022913,0.01176
src/3rdParty/libE57Format/CMakeFiles/E57Format.dir/src/ImageFileImpl.cpp.o,2.054,1.994204,1.573421,0.411681,1.16581,0.434507,0.286485,0.253359,0.156339
src/Mod/Fem/Gui/CMakeFiles/FemGui.dir/ViewProviderFemConstraintDisplacement.cpp.o,2.054,1.980308,1.887837,0.069327,1.590913,0.51584,0.682778,0.040877,0.026304
src/Mod/Fem/Gui/CMakeFiles/FemGui.dir/ViewProviderFemConstraintFluidBoundary.cpp.o,2.049,1.975623,1.87242,0.076887,1.570432,0.497203,0.654804,0.043865,0.030783
src/Gui/CMakeFiles/FreeCADGui.dir/ViewProviderPlane.cpp.o,2.047,1.978376,1.837825,0.112082,1.549171,0.67939,0.730849,0.068635,0.041362
src/Gui/CMakeFiles/FreeCADGui.dir/PreferencePages/DlgSettingsEditor.cpp.o,2.046,1.97718,1.616985,0.331626,0.950943,0.748747,0.579135,0.196499,0.133157
src/Mod/Import/App/CMakeFiles/Import.dir/ReaderGltf.cpp.o,2.044,1.977173,1.778088,0.1711,1.496705,0.35479,0.443717,0.108698,0.060799
src/Mod/Assembly/App/CMakeFiles/Assembly.dir/Groups.cpp.o,2.044,1.980929,1.886645,0.077465,1.698363,0.396304,0.522691,0.039589,0.035922
src/Mod/Fem/Gui/CMakeFiles/FemGui.dir/ViewProviderFemConstraintFixed.cpp.o,2.044,1.971468,1.884926,0.063654,1.596651,0.507108,0.6775,0.037418,0.024221
src/3rdParty/libE57Format/CMakeFiles/E57Format.dir/src/Encoder.cpp.o,2.043,1.983931,1.371892,0.60507,0.97708,0.415192,0.259218,0.301233,0.302096
src/3rdParty/salomesmesh/CMakeFiles/SMESH.dir/src/SMESH/MED_GaussDef.cpp.o,2.042,1.977038,1.800977,0.16761,1.306678,0.544636,0.324856,0.084955,0.080813
src/Mod/Fem/Gui/CMakeFiles/FemGui.dir/ViewProviderFemConstraintRigidBody.cpp.o,2.041,1.961809,1.854391,0.079441,1.5532,0.493281,0.64169,0.046867,0.029532
src/Mod/TechDraw/Gui/CMakeFiles/TechDrawGui.dir/DlgPrefsTechDrawScaleImp.cpp.o,2.038,1.96424,1.804865,0.135859,1.173831,0.769159,0.65261,0.063641,0.070119
src/Mod/TechDraw/Gui/CMakeFiles/TechDrawGui.dir/ViewProviderWeld.cpp.o,2.038,1.965062,1.865587,0.075636,1.628137,0.468449,0.69506,0.041788,0.031719
src/Mod/TechDraw/Gui/CMakeFiles/TechDrawGui.dir/QGIViewSpreadsheet.cpp.o,2.037,1.96698,1.568312,0.374985,1.110978,0.453486,0.531505,0.249581,0.123534
src/3rdParty/salomesmesh/CMakeFiles/SMESH.dir/src/SMESH/MED_Utilities.cpp.o,2.035,1.957452,1.706722,0.232806,1.235467,0.513005,0.291689,0.168655,0.060776
src/Mod/Measure/App/CMakeFiles/Measure.dir/MeasureBasePyImp.cpp.o,2.035,1.956471,1.857842,0.061249,1.602497,0.428009,0.462204,0.048399,0.00863
src/Mod/TechDraw/Gui/CMakeFiles/TechDrawGui.dir/DlgPrefsTechDrawColorsImp.cpp.o,2.035,1.961087,1.781095,0.158266,1.171007,0.752645,0.639326,0.063832,0.0928
src/Mod/Mesh/Gui/CMakeFiles/MeshGui.dir/RemoveComponents.cpp.o,2.032,1.960838,1.808242,0.129818,1.4441,0.526994,0.666314,0.073408,0.054555
src/Mod/Part/App/CMakeFiles/Part.dir/TopoShapeMapper.cpp.o,2.029,1.963014,1.655477,0.276703,1.378171,0.369128,0.460819,0.19399,0.08069
src/Mod/TechDraw/Gui/CMakeFiles/TechDrawGui.dir/ViewProviderBalloon.cpp.o,2.028,1.953334,1.833986,0.095548,1.572234,0.481737,0.689731,0.055253,0.038268
src/Gui/CMakeFiles/FreeCADGui.dir/TaskView/TaskOrientation.cpp.o,2.024,1.955648,1.778257,0.149229,1.101814,0.783893,0.625642,0.098086,0.049042
src/Gui/CMakeFiles/FreeCADGui.dir/WorkbenchSelector.cpp.o,2.023,1.948976,1.456886,0.463084,0.750447,0.596475,0.580184,0.309439,0.151829
src/3rdParty/salomesmesh/CMakeFiles/SMDS.dir/src/SMDS/SMDS_Mesh0DElement.cpp.o,2.022,1.960536,1.913874,0.037509,6.6e-05,0.535054,0.434152,0.020006,0.015809
src/Mod/PartDesign/App/CMakeFiles/PartDesign.dir/Measure.cpp.o,2.022,1.95205,1.890912,0.034316,1.686402,0.414369,0.564594,0.028538,0.004042
src/3rdParty/salomesmesh/CMakeFiles/SMDS.dir/src/SMDS/SMDS_BallElement.cpp.o,2.021,1.963019,1.916558,0.037447,0.0,0.543619,0.438541,0.019381,0.016449
src/Mod/Material/App/CMakeFiles/Materials.dir/ModelPyImp.cpp.o,2.018,1.953972,1.59183,0.345272,0.951593,0.763744,0.524175,0.200193,0.143423
src/Mod/Fem/Gui/CMakeFiles/FemGui.dir/ViewProviderFemConstraintPressure.cpp.o,2.018,1.946293,1.849031,0.073181,1.553312,0.512885,0.663262,0.042741,0.028268
src/Gui/CMakeFiles/FreeCADGui.dir/WorkbenchManipulatorPython.cpp.o,2.013,1.940909,0.677335,1.238303,0.313178,0.132134,0.163235,0.771677,0.464599
src/Mod/Fem/Gui/CMakeFiles/FemGui.dir/TaskFemConstraintOnBoundary.cpp.o,2.013,1.941224,1.858656,0.059741,1.505372,0.533618,0.668502,0.03899,0.018763
src/Mod/Fem/Gui/CMakeFiles/FemGui.dir/ViewProviderFemConstraintSpring.cpp.o,2.013,1.94476,1.858294,0.061699,1.572603,0.511982,0.678842,0.035904,0.023932
src/Mod/Fem/Gui/CMakeFiles/FemGui.dir/ViewProviderFemConstraintTemperature.cpp.o,2.011,1.937359,1.841163,0.068441,1.541237,0.529332,0.662993,0.039531,0.026505
src/Mod/Mesh/App/CMakeFiles/Mesh.dir/Edge.cpp.o,2.01,1.950239,1.908938,0.017163,1.759094,0.473445,0.557201,0.008779,0.006392
src/Gui/CMakeFiles/FreeCADGui.dir/NotificationArea.cpp.o,2.009,1.942821,1.250354,0.664312,0.526966,0.539486,0.476374,0.45829,0.203517
src/Mod/Material/Gui/CMakeFiles/MatGui.dir/DlgInspectAppearance.cpp.o,2.008,1.940345,1.745991,0.17245,1.377555,0.501591,0.656836,0.103617,0.066857
src/Mod/Mesh/Gui/CMakeFiles/MeshGui.dir/DlgSettingsImportExportImp.cpp.o,2.008,1.93712,1.846042,0.069312,1.276831,0.79766,0.647695,0.035643,0.03191
tests/src/Base/CMakeFiles/Base_tests_run.dir/ViewProj.cpp.o,2.008,1.948105,1.860627,0.077743,0.080193,0.655049,0.480422,0.053047,0.022822
src/Gui/CMakeFiles/FreeCADGui.dir/ViewProviderLine.cpp.o,2.007,1.937539,1.830323,0.076243,1.541377,0.670972,0.719723,0.046525,0.027877
tests/src/Base/CMakeFiles/Base_tests_run.dir/Persistence.cpp.o,2.007,1.94881,1.83082,0.109218,0.002027,0.646686,0.487521,0.073001,0.034536
src/Mod/Part/App/CMakeFiles/Part.dir/TopoShapeShellPyImp.cpp.o,2.0,1.933719,1.646541,0.258348,1.426742,0.333041,0.394505,0.143646,0.112817
src/3rdParty/salomesmesh/CMakeFiles/SMDS.dir/src/SMDS/SMDS_MeshNodeIDFactory.cpp.o,1.999,1.94206,1.911496,0.019762,0.0,0.535831,0.435422,0.010447,0.007468
src/3rdParty/salomesmesh/CMakeFiles/SMDS.dir/src/SMDS/SMDS_VtkCellIterator.cpp.o,1.999,1.938925,1.885342,0.045046,5.3e-05,0.517138,0.427731,0.022956,0.020352
tests/src/Gui/CMakeFiles/Gui_tests_run.dir/SoMouseWheelEventTest.cpp.o,1.999,1.939458,1.866076,0.063941,0.0,0.626698,0.461653,0.04924,0.012948
src/3rdParty/WildMagic4/CMakeFiles/WildMagic4.dir/Wm4LinearSystem.cpp.o,1.998,1.938767,1.47862,0.453581,1.115479,0.435365,0.238418,0.232564,0.219449
src/Mod/Measure/Gui/CMakeFiles/MeasureGui.dir/ViewProviderMassPropertiesResult.cpp.o,1.997,1.92049,1.793137,0.08424,1.537087,0.454743,0.601737,0.051797,0.030563
src/Mod/CAM/PathSimulator/AppGL/CMakeFiles/CAMSimulator.dir/TextureLoader.cpp.o,1.993,1.928051,1.861919,0.056724,1.765145,0.162697,0.255573,0.034837,0.020282
src/3rdParty/salomesmesh/CMakeFiles/SMDS.dir/src/SMDS/SMDS_MeshIDFactory.cpp.o,1.991,1.934643,1.888896,0.037117,7.3e-05,0.530378,0.422544,0.027251,0.008429
src/Mod/Mesh/App/CMakeFiles/Mesh.dir/Core/Builder.cpp.o,1.991,1.933294,1.379168,0.537631,0.918221,0.481977,0.344515,0.381056,0.154823
src/Mod/Part/Gui/CMakeFiles/PartGui.dir/DlgSettingsObjectColor.cpp.o,1.991,1.916589,1.747729,0.134832,1.110691,0.739026,0.627672,0.074699,0.058349
src/Gui/CMakeFiles/FreeCADGui.dir/ViewProviderPyImp.cpp.o,1.99,1.920681,1.252733,0.641358,0.90476,0.352651,0.435757,0.338901,0.300372
src/Mod/Mesh/App/CMakeFiles/Mesh.dir/Facet.cpp.o,1.988,1.928484,1.884542,0.022189,1.727978,0.469161,0.551565,0.011044,0.00923
src/Mod/Part/App/CMakeFiles/Part.dir/CrossSection.cpp.o,1.983,1.919414,1.511767,0.38048,1.249885,0.314957,0.377525,0.234029,0.144777
src/Mod/Material/App/CMakeFiles/Materials.dir/ModelManagerPyImp.cpp.o,1.98,1.923845,1.629434,0.277348,0.996769,0.772177,0.548329,0.15698,0.118568
src/Gui/CMakeFiles/FreeCADGui.dir/Selection/SelectionFilter.cpp.o,1.98,1.907343,1.304884,0.572528,0.905679,0.3745,0.45524,0.364813,0.204813
src/Mod/Material/App/CMakeFiles/Materials.dir/Array3DPyImp.cpp.o,1.979,1.889603,1.617091,0.24963,0.984785,0.772865,0.526108,0.149891,0.097892
src/Mod/ReverseEngineering/Gui/CMakeFiles/ReverseEngineeringGui.dir/Poisson.cpp.o,1.979,1.909493,1.815828,0.073779,1.520233,0.505165,0.674662,0.041585,0.030261
src/Mod/TechDraw/Gui/CMakeFiles/TechDrawGui.dir/QGISectionLine.cpp.o,1.978,1.908127,1.768791,0.115652,1.485143,0.457664,0.616923,0.068493,0.045152
src/Gui/CMakeFiles/FreeCADGui.dir/PreferencePages/DlgSettingsDocumentImp.cpp.o,1.977,1.908901,1.645371,0.236352,0.997326,0.74551,0.583885,0.111234,0.123123
tests/src/Base/CMakeFiles/Base_tests_run.dir/FileLock.cpp.o,1.974,1.912213,1.838731,0.064734,0.071792,0.654192,0.483191,0.044109,0.018972
tests/src/Base/CMakeFiles/Base_tests_run.dir/Handle.cpp.o,1.965,1.910445,1.743991,0.157991,0.000492,0.622606,0.46509,0.093225,0.06311
src/Mod/Measure/Gui/CMakeFiles/MeasureGui.dir/MeasureGui_autogen/mocs_compilation.cpp.o,1.962,1.887199,1.809866,0.042275,0.0,0.40254,0.605599,0.031358,0.008924
src/3rdParty/salomesmesh/CMakeFiles/SMDS.dir/src/SMDS/SMDS_QuadraticVolumeOfNodes.cpp.o,1.961,1.896482,1.799056,0.087886,0.002053,0.485138,0.401099,0.053601,0.032435
src/Gui/CMakeFiles/FreeCADGui.dir/Dialogs/DlgActionsImp.cpp.o,1.96,1.891646,1.255168,0.609233,0.796894,0.382682,0.534958,0.371973,0.235005
src/Mod/Fem/Gui/CMakeFiles/FemGui.dir/ViewProviderFemPostBranchFilter.cpp.o,1.96,1.888972,1.824506,0.041144,1.639843,0.503109,0.740811,0.019661,0.019788
src/Mod/Part/Gui/CMakeFiles/PartGui.dir/PatternPathParametersWidget.cpp.o,1.958,1.888158,1.638618,0.216594,0.960794,0.772426,0.549318,0.155212,0.059599
src/Mod/Material/Gui/CMakeFiles/MatGui.dir/ListModel.cpp.o,1.956,1.889742,1.785202,0.082952,1.042128,0.885443,0.630705,0.054858,0.026259
tests/src/Base/CMakeFiles/Base_tests_run.dir/Builder3D.cpp.o,1.955,1.896327,1.859781,0.027731,0.090949,0.640151,0.4812,0.018274,0.007871
tests/src/Base/CMakeFiles/Base_tests_run.dir/InputSource.cpp.o,1.955,1.90049,1.772696,0.119503,0.019229,0.625541,0.484877,0.080074,0.037851
src/3rdParty/salomesmesh/CMakeFiles/SMDS.dir/src/SMDS/SMDS_MeshElement.cpp.o,1.953,1.890761,1.8054,0.076749,6.4e-05,0.481104,0.404062,0.041199,0.03386
tests/src/Base/CMakeFiles/Base_tests_run.dir/Base64.cpp.o,1.951,1.892949,1.74163,0.141839,0.284429,0.616327,0.470379,0.092582,0.047495
src/Mod/Robot/Gui/CMakeFiles/RobotGui.dir/TaskRobotMessages.cpp.o,1.946,1.876612,1.828875,0.029213,1.625541,0.329066,0.473501,0.017195,0.010035
src/Gui/CMakeFiles/FreeCADGui.dir/DocumentPyImp.cpp.o,1.945,1.877608,1.484047,0.367429,1.204155,0.425465,0.581145,0.169076,0.196616
src/Mod/Part/App/CMakeFiles/Part.dir/GizmoHelper.cpp.o,1.945,1.884621,1.622748,0.233154,0.033766,0.350033,0.432972,0.142777,0.088398
src/Mod/Part/Gui/CMakeFiles/PartGui.dir/ViewProviderDatum.cpp.o,1.945,1.870051,1.738934,0.093677,1.482532,0.455908,0.697722,0.050973,0.040776
src/Base/CMakeFiles/FreeCADBase.dir/Console.cpp.o,1.943,1.888311,0.610248,1.261675,0.18575,0.218148,0.137995,0.822704,0.437385
src/Mod/Material/App/CMakeFiles/Materials.dir/MaterialFilter.cpp.o,1.942,1.880071,1.708168,0.154819,1.075186,0.861386,0.632469,0.094387,0.058778
src/Mod/CAM/App/CMakeFiles/Path.dir/VoronoiPyImp.cpp.o,1.941,1.874562,1.585352,0.261299,0.738574,0.692807,0.37534,0.157702,0.101969
src/3rdParty/salomesmesh/CMakeFiles/SMDS.dir/src/SMDS/SMDS_IteratorOfElements.cpp.o,1.936,1.874905,1.814007,0.052135,0.0,0.489896,0.412472,0.032672,0.017868
src/Mod/Part/App/CMakeFiles/Part.dir/TopoShapeSolidPyImp.cpp.o,1.935,1.873762,1.533925,0.312892,1.31821,0.325844,0.371718,0.161483,0.149734
src/Gui/CMakeFiles/FreeCADGui.dir/Dialogs/DlgParameterImp.cpp.o,1.933,1.867062,1.033195,0.808872,0.444202,0.304574,0.326169,0.460588,0.346295
src/3rdParty/libE57Format/CMakeFiles/E57Format.dir/src/Decoder.cpp.o,1.932,1.871915,1.372585,0.492557,0.986003,0.410911,0.255811,0.253143,0.237738
src/Gui/CMakeFiles/FreeCADGui.dir/TextureMapping.cpp.o,1.932,1.861946,1.604964,0.229434,1.226914,0.533752,0.692914,0.150277,0.077545
src/Mod/Fem/Gui/CMakeFiles/FemGui.dir/ViewProviderFemConstraint.cpp.o,1.93,1.854095,1.522592,0.308849,1.245146,0.427056,0.551432,0.189088,0.117643
src/Gui/CMakeFiles/FreeCADGui.dir/Quarter/QtCoinCompatibility.cpp.o,1.929,1.863323,1.788931,0.065487,9.4e-05,0.162641,0.245275,0.043351,0.020271
src/Mod/Spreadsheet/Gui/CMakeFiles/SpreadsheetGui.dir/SpreadsheetGui_autogen/mocs_compilation.cpp.o,1.929,1.853422,1.81083,0.021387,0.0,0.40733,0.542494,0.010277,0.009177
src/Gui/CMakeFiles/FreeCADGui.dir/Quarter/ImageReader.cpp.o,1.925,1.860012,1.836693,0.01528,0.000212,0.163788,0.246984,0.009533,0.00419
src/3rdParty/salomesmesh/CMakeFiles/SMESH.dir/src/SMESH/SMESH_Octree.cpp.o,1.923,1.854448,1.814437,0.027484,0.0,0.606339,0.343813,0.015603,0.009112
src/3rdParty/salomesmesh/CMakeFiles/SMDS.dir/src/SMDS/SMDS_FaceOfEdges.cpp.o,1.921,1.858899,1.808441,0.040575,5.7e-05,0.462913,0.405519,0.021805,0.016856
src/3rdParty/libE57Format/CMakeFiles/E57Format.dir/src/CompressedVectorWriterImpl.cpp.o,1.921,1.858639,1.448605,0.40256,0.848957,0.435549,0.266915,0.257516,0.143428
src/Mod/Measure/Gui/CMakeFiles/MeasureGui.dir/DlgPrefsMeasureAppearanceImp.cpp.o,1.919,1.845723,1.703086,0.107698,1.069698,0.729094,0.612898,0.065589,0.040207
src/3rdParty/WildMagic4/CMakeFiles/WildMagic4.dir/Wm4Eigen.cpp.o,1.915,1.856956,1.52091,0.329495,1.169362,0.429788,0.228401,0.174117,0.15382
src/Mod/Part/App/CMakeFiles/Part.dir/BRepFeat/MakePrismPyImp.cpp.o,1.914,1.849189,1.56985,0.251696,1.319031,0.319501,0.402409,0.128824,0.121087
src/Mod/Part/App/CMakeFiles/Part.dir/TopoShapeCache.cpp.o,1.914,1.855134,1.474842,0.353907,1.204161,0.311066,0.372809,0.23716,0.114829
src/Mod/Assembly/Gui/CMakeFiles/AssemblyGui.dir/TaskAssemblyMessages.cpp.o,1.914,1.844057,1.768142,0.051006,1.424373,0.512414,0.676673,0.035235,0.014034
src/Mod/Part/App/CMakeFiles/Part.dir/TopoShapeCompoundPyImp.cpp.o,1.913,1.852458,1.566456,0.259371,1.332025,0.334469,0.385247,0.166674,0.090824
src/Mod/Mesh/App/CMakeFiles/Mesh.dir/Core/Evaluation.cpp.o,1.913,1.858076,0.955479,0.885605,0.453339,0.465564,0.303085,0.603953,0.279934
src/Mod/Robot/Gui/CMakeFiles/RobotGui.dir/TaskEdge2TracParameter.cpp.o,1.913,1.839517,1.750678,0.069717,1.442216,0.505489,0.673898,0.040509,0.027509
src/Base/CMakeFiles/FreeCADBase.dir/Writer.cpp.o,1.911,1.851821,1.094112,0.737241,0.500205,0.569265,0.411582,0.479635,0.255813
src/App/CMakeFiles/FreeCADApp.dir/DocumentPyImp.cpp.o,1.909,1.84415,1.079948,0.741987,0.74713,0.261713,0.350101,0.367351,0.372486
src/3rdParty/salomesmesh/CMakeFiles/SMDS.dir/src/SMDS/SMDS_VolumeOfFaces.cpp.o,1.908,1.847495,1.800708,0.037818,6.3e-05,0.475699,0.41254,0.019977,0.016312
src/Mod/Part/App/CMakeFiles/Part.dir/BRepMesh.cpp.o,1.908,1.844645,1.513292,0.30514,1.224179,0.340364,0.384661,0.246333,0.057053
src/Mod/Fem/Gui/CMakeFiles/FemGui.dir/ActiveAnalysisObserver.cpp.o,1.905,1.83307,1.787341,0.022899,1.51312,0.493506,0.678483,0.011807,0.009315
src/Gui/CMakeFiles/FreeCADGui.dir/DAGView/DAGModelGraph.cpp.o,1.903,1.820663,1.669359,0.120513,1.32552,0.190999,0.421967,0.087049,0.031412
src/Gui/CMakeFiles/FreeCADGui.dir/PythonConsole.cpp.o,1.898,1.831727,1.105029,0.701137,0.639067,0.328274,0.34917,0.439017,0.260103
tests/src/Base/CMakeFiles/Base_tests_run.dir/Bitmask.cpp.o,1.898,1.839729,1.75682,0.074204,0.001108,0.618285,0.470897,0.061793,0.010765
src/Gui/CMakeFiles/FreeCADGui.dir/MergeDocuments.cpp.o,1.896,1.820794,1.593272,0.197547,1.255438,0.556219,0.676776,0.133758,0.061508
src/3rdParty/OndselSolver/OndselSolver/CMakeFiles/OndselSolver.dir/Part.cpp.o,1.896,1.841609,1.087623,0.747203,0.72612,0.274574,0.247467,0.454745,0.290492
src/3rdParty/salomesmesh/CMakeFiles/DriverUNV.dir/src/DriverUNV/UNV_Utilities.cpp.o,1.893,1.767393,1.715813,0.032761,1.218598,0.631235,0.350996,0.023777,0.005466
src/Mod/TechDraw/Gui/CMakeFiles/TechDrawGui.dir/DlgPrefsTechDrawHLRImp.cpp.o,1.893,1.821326,1.704115,0.093596,1.110781,0.731876,0.623102,0.042397,0.049322
src/3rdParty/WildMagic4/CMakeFiles/WildMagic4.dir/Wm4ETManifoldMesh.cpp.o,1.892,1.832121,1.601916,0.222914,1.141677,0.481821,0.295244,0.156595,0.064578
src/3rdParty/salomesmesh/CMakeFiles/SMDS.dir/src/SMDS/SMDS_QuadraticEdge.cpp.o,1.889,1.828749,1.772662,0.047441,0.004103,0.463138,0.40398,0.025137,0.020594
src/App/CMakeFiles/FreeCADApp.dir/MetadataPyImp.cpp.o,1.888,1.828347,0.615938,1.194995,0.313574,0.133455,0.093149,0.581962,0.611051
src/Mod/Mesh/Gui/CMakeFiles/MeshGui.dir/DlgSettingsMeshView.cpp.o,1.888,1.817967,1.70942,0.08753,1.118325,0.740313,0.580864,0.04361,0.042072
src/3rdParty/OndselSolver/OndselSolver/CMakeFiles/OndselSolver.dir/EndFrameqct2.cpp.o,1.887,1.832222,1.12416,0.701151,0.763197,0.296374,0.261191,0.423551,0.275724
src/3rdParty/WildMagic4/CMakeFiles/WildMagic4.dir/Wm4IntrTriangle3Triangle3.cpp.o,1.886,1.831989,1.492318,0.33275,1.118829,0.443148,0.225669,0.173171,0.157746
src/Mod/Material/App/CMakeFiles/Materials.dir/MaterialPropertyPyImp.cpp.o,1.885,1.820027,1.744868,0.058311,1.151069,0.844344,0.617923,0.038483,0.018
src/3rdParty/salomesmesh/CMakeFiles/DriverUNV.dir/src/DriverUNV/UNV2411_Structure.cpp.o,1.884,1.770196,1.6006,0.157687,1.114102,0.563358,0.332563,0.109631,0.045431
src/Base/CMakeFiles/FreeCADBase.dir/CrashReporter/Manager.cpp.o,1.881,1.827508,0.572841,1.238496,0.1803,0.182305,0.15111,0.82976,0.407028
src/Gui/CMakeFiles/FreeCADGui.dir/Control.cpp.o,1.879,1.806146,1.64773,0.126964,1.230542,0.513545,0.681304,0.079707,0.045465
src/3rdParty/salomesmesh/CMakeFiles/SMDS.dir/src/SMDS/SMDS_LinearEdge.cpp.o,1.873,1.810823,1.765446,0.035538,6.1e-05,0.474449,0.406317,0.018642,0.01517
src/Gui/CMakeFiles/FreeCADGui.dir/ViewProviderDocumentObjectGroup.cpp.o,1.873,1.805575,1.507455,0.270394,1.197185,0.500125,0.602942,0.162851,0.105502
src/Mod/TechDraw/Gui/CMakeFiles/TechDrawGui.dir/QGVNavStyle.cpp.o,1.872,1.802242,1.689167,0.090794,1.487057,0.445197,0.606635,0.055907,0.033033
src/Mod/Mesh/Gui/CMakeFiles/MeshGui.dir/ThumbnailExtension.cpp.o,1.871,1.805858,1.700766,0.083695,1.462411,0.469717,0.618907,0.053995,0.027824
src/3rdParty/salomesmesh/CMakeFiles/DriverUNV.dir/src/DriverUNV/UNV2412_Structure.cpp.o,1.869,1.781261,1.613934,0.154369,1.090017,0.591621,0.337966,0.118992,0.032562
src/Gui/CMakeFiles/FreeCADGui.dir/SplitView3DInventor.cpp.o,1.869,1.798718,1.435486,0.336538,1.073567,0.476482,0.584955,0.179167,0.155422
src/App/CMakeFiles/FreeCADApp.dir/DocumentObserver.cpp.o,1.867,1.804684,1.379268,0.403677,0.985322,0.422592,0.5046,0.246578,0.155308
src/Mod/TechDraw/Gui/CMakeFiles/TechDrawGui.dir/QGIPrimPath.cpp.o,1.867,1.794826,1.726581,0.045421,1.501561,0.442359,0.627504,0.021869,0.021536
src/3rdParty/salomesmesh/CMakeFiles/SMESH.dir/src/SMESH/MED_CoordUtils.cpp.o,1.865,1.805217,1.757889,0.039129,1.271789,0.567929,0.338305,0.020117,0.017273
src/Mod/Material/Gui/CMakeFiles/MatGui.dir/DlgSettingsMaterial.cpp.o,1.864,1.791683,1.672413,0.098378,1.105622,0.711198,0.592354,0.043809,0.052984
src/Mod/Mesh/App/CMakeFiles/Mesh.dir/Core/IO/WriterOBJ.cpp.o,1.864,1.807648,0.71434,1.078571,0.209271,0.213,0.160067,0.708385,0.368522
src/Mod/TechDraw/Gui/CMakeFiles/TechDrawGui.dir/ViewProviderProjGroupItem.cpp.o,1.863,1.796407,1.674461,0.099323,1.417178,0.440396,0.606776,0.059764,0.037725
src/3rdParty/WildMagic4/CMakeFiles/WildMagic4.dir/Wm4ContBox3.cpp.o,1.862,1.803811,1.537329,0.259784,1.128192,0.460108,0.25685,0.154964,0.103345
src/Mod/Part/App/CMakeFiles/Part.dir/ShapeFix/ShapeFix_FacePyImp.cpp.o,1.862,1.79955,1.491069,0.281893,1.268179,0.293205,0.365383,0.136332,0.143579
src/3rdParty/OndselSolver/OndselSolver/CMakeFiles/OndselSolver.dir/ASMTFixedJoint.cpp.o,1.858,1.751588,1.643271,0.094968,1.259079,0.362124,0.392458,0.062028,0.029784
src/Mod/Part/Gui/CMakeFiles/PartGui.dir/ViewProviderLinkArray.cpp.o,1.857,1.781753,1.698814,0.050272,1.425846,0.427069,0.635071,0.03539,0.013018
src/Mod/Fem/App/CMakeFiles/Fem.dir/AppFemPy.cpp.o,1.856,1.785816,1.528779,0.233156,1.273439,0.420446,0.56663,0.132051,0.099134
src/3rdParty/OndselSolver/OndselSolver/CMakeFiles/OndselSolver.dir/ASMTItemIJ.cpp.o,1.853,1.771637,1.589682,0.173822,1.223224,0.323505,0.402924,0.106962,0.065147
src/Mod/Mesh/Gui/CMakeFiles/MeshGui.dir/ViewProviderMeshFaceSet.cpp.o,1.85,1.778127,1.709862,0.046549,1.517603,0.485241,0.583038,0.022387,0.022408
src/Mod/Robot/Gui/CMakeFiles/RobotGui.dir/TaskWatcher.cpp.o,1.849,1.783174,1.740597,0.024143,1.538251,0.340457,0.464823,0.01406,0.008275
src/Mod/Fem/Gui/CMakeFiles/FemGui.dir/ViewProviderFemPostFilterPyImp.cpp.o,1.841,1.770209,1.706703,0.040738,1.510035,0.508983,0.715529,0.023332,0.015385
src/App/CMakeFiles/FreeCADApp.dir/DocumentObserverPython.cpp.o,1.84,1.781947,1.273224,0.48665,0.856165,0.436986,0.499977,0.224621,0.259968
src/Mod/Part/App/CMakeFiles/Part.dir/BRepOffsetAPI_MakePipeShellPyImp.cpp.o,1.84,1.779203,1.509006,0.244303,1.284002,0.31075,0.376238,0.120652,0.121746
src/Mod/Part/Gui/CMakeFiles/PartGui.dir/PatternInstanceControls.cpp.o,1.838,1.767364,1.577762,0.157591,1.209614,0.546462,0.636225,0.116787,0.039019
src/App/CMakeFiles/FreeCADApp.dir/ProjectFile.cpp.o,1.833,1.772009,1.095708,0.655059,0.749994,0.367236,0.420158,0.415599,0.237674
src/Gui/CMakeFiles/FreeCADGui.dir/Assistant.cpp.o,1.832,1.76496,0.641184,1.09638,0.293945,0.170588,0.165741,0.679464,0.41503
src/Mod/Test/Gui/CMakeFiles/QtUnitGui.dir/AppTestGui.cpp.o,1.832,1.777616,0.718874,1.046837,0.360424,0.184891,0.150918,0.667355,0.377789
src/3rdParty/OndselSolver/OndselSolver/CMakeFiles/OndselSolver.dir/ASMTSpatialItem.cpp.o,1.831,1.778312,1.105092,0.666521,0.76796,0.272397,0.245187,0.415063,0.249801
src/Gui/CMakeFiles/FreeCADGui.dir/PreferencePages/DlgSettingsCacheDirectory.cpp.o,1.827,1.756541,1.370465,0.357061,0.994584,0.383788,0.463887,0.221449,0.133692
src/Gui/CMakeFiles/FreeCADGui.dir/CommandPyImp.cpp.o,1.824,1.754566,1.442403,0.284267,1.146148,0.425159,0.603369,0.175323,0.107011
src/Mod/Sketcher/Gui/CMakeFiles/SketcherGui.dir/SketcherRegularPolygonDialog.cpp.o,1.823,1.758514,1.691763,0.044173,1.050509,0.778303,0.600641,0.027335,0.015235
src/3rdParty/salomesmesh/CMakeFiles/SMDS.dir/src/SMDS/SMDS_MeshVolume.cpp.o,1.821,1.76544,1.750041,0.006308,0.0,0.452033,0.3874,0.002345,0.002344
src/Gui/CMakeFiles/FreeCADGui.dir/PreferencePages/DlgSettingsViewColor.cpp.o,1.821,1.75335,1.579538,0.14767,0.969083,0.747225,0.607619,0.070799,0.074788
src/Mod/TechDraw/Gui/CMakeFiles/TechDrawGui.dir/Workbench.cpp.o,1.817,1.748881,1.396102,0.331573,1.158106,0.334168,0.478151,0.147687,0.18169
src/Gui/CMakeFiles/FreeCADGui.dir/PreferencePages/DlgSettingsNotificationArea.cpp.o,1.814,1.742705,1.619654,0.096159,1.008197,0.78999,0.596604,0.045483,0.048761
src/Mod/Material/App/CMakeFiles/Materials.dir/ModelPropertyPyImp.cpp.o,1.813,1.752962,1.507756,0.22845,0.898659,0.739196,0.500242,0.125891,0.100667
src/3rdParty/OndselSolver/OndselSolver/CMakeFiles/OndselSolver.dir/ASMTInPlaneJoint.cpp.o,1.812,1.707623,1.602185,0.091865,1.201917,0.380114,0.377788,0.056423,0.03257
src/3rdParty/salomesmesh/CMakeFiles/SMDS.dir/src/SMDS/SMDS_MeshEdge.cpp.o,1.807,1.747444,1.732803,0.006107,0.0,0.449427,0.389829,0.002288,0.002261
src/3rdParty/salomesmesh/CMakeFiles/SMDS.dir/src/SMDS/SMDS_MeshFace.cpp.o,1.806,1.750183,1.735313,0.006272,0.0,0.454255,0.383999,0.00232,0.002309
src/Mod/Part/Gui/CMakeFiles/PartGui.dir/PartGui_autogen/mocs_compilation.cpp.o,1.803,1.734418,1.610018,0.092894,0.0,0.734534,0.558583,0.062147,0.029184
src/Gui/CMakeFiles/FreeCADGui.dir/ShortcutManager.cpp.o,1.802,1.736763,1.136195,0.573434,0.534114,0.41566,0.45069,0.395486,0.175982
src/Mod/Part/App/CMakeFiles/Part.dir/TopoShapeVertexPyImp.cpp.o,1.8,1.736171,1.52711,0.182118,1.332265,0.304373,0.374932,0.106578,0.073787
src/3rdParty/coin/src/shapenodes/CMakeFiles/shapenodes.dir/SoQuadMesh.cpp.o,1.796,1.743201,0.934706,0.803465,0.000735,0.204847,0.040711,0.434833,0.367045
src/Mod/CAM/Gui/CMakeFiles/PathGui.dir/ViewProviderPathCompound.cpp.o,1.796,1.723714,1.504131,0.199325,1.272933,0.381814,0.538727,0.115373,0.081726
src/Mod/Sketcher/Gui/CMakeFiles/SketcherGui.dir/SketchOrientationDialog.cpp.o,1.795,1.728748,1.617788,0.089042,1.00557,0.745972,0.572089,0.056599,0.030664
src/Mod/Sketcher/Gui/CMakeFiles/SketcherGui.dir/SketchRectangularArrayDialog.cpp.o,1.795,1.727777,1.640613,0.061866,1.054928,0.732902,0.577605,0.033783,0.026276
src/Gui/CMakeFiles/FreeCADGui.dir/PreferencePages/DlgSettingsAdvanced.cpp.o,1.793,1.720639,1.502353,0.191712,0.841722,0.749865,0.538533,0.094218,0.095406
src/Mod/Part/App/CMakeFiles/Part.dir/HLRBRep/HLRBRep_PolyAlgoPyImp.cpp.o,1.793,1.731132,1.505073,0.199501,1.286171,0.314057,0.377784,0.112293,0.085412
src/Mod/Part/Gui/CMakeFiles/PartGui.dir/PatternCircularParametersWidget.cpp.o,1.793,1.723423,1.598883,0.092319,0.993095,0.727866,0.531056,0.0642,0.026272
src/Mod/Start/App/CMakeFiles/Start.dir/ThumbnailSource.cpp.o,1.791,1.732071,0.579537,1.138492,0.159117,0.166829,0.162983,0.768518,0.368165
src/Mod/TechDraw/Gui/CMakeFiles/TechDrawGui.dir/QGCustomText.cpp.o,1.788,1.71536,1.619066,0.072731,1.194937,0.388322,0.559217,0.034967,0.03557
src/Mod/TechDraw/Gui/CMakeFiles/TechDrawGui.dir/ViewProviderViewClip.cpp.o,1.783,1.715643,1.630412,0.06221,1.430361,0.414824,0.574721,0.033034,0.027208
src/Base/CMakeFiles/FreeCADBase.dir/Exception.cpp.o,1.782,1.731292,0.461219,1.254494,0.173185,0.10663,0.072044,0.768981,0.483824
src/Mod/Points/App/CMakeFiles/Points.dir/PointsFeature.cpp.o,1.777,1.705457,1.573642,0.111639,1.351441,0.513358,0.584981,0.053766,0.055526
src/Mod/Robot/App/CMakeFiles/Robot.dir/kdl_cp/chainiksolvervel_pinv_givens.cpp.o,1.776,1.716423,0.804142,0.895077,0.201026,0.443027,0.462437,0.651686,0.2417
src/3rdParty/WildMagic4/CMakeFiles/WildMagic4.dir/Wm4VEManifoldMesh.cpp.o,1.771,1.714945,1.544891,0.163335,1.115773,0.468321,0.27985,0.115791,0.04595
src/3rdParty/libE57Format/CMakeFiles/E57Format.dir/src/SourceDestBufferImpl.cpp.o,1.768,1.701918,1.359242,0.335777,0.804606,0.403273,0.253336,0.154736,0.179436
src/Mod/Part/App/CMakeFiles/Part.dir/PointPyImp.cpp.o,1.768,1.702186,1.535935,0.138348,1.317985,0.306698,0.385455,0.087111,0.049563
src/Mod/Import/App/CMakeFiles/Import.dir/AppImport.cpp.o,1.766,1.703694,0.764959,0.917715,0.260758,0.141944,0.126493,0.591646,0.324264
src/3rdParty/OndselSolver/OndselSolver/CMakeFiles/OndselSolver.dir/SystemSolver.cpp.o,1.766,1.704437,1.26056,0.43597,0.767019,0.366417,0.351096,0.295455,0.138851
src/Base/CMakeFiles/FreeCADBase.dir/ParameterPy.cpp.o,1.764,1.710389,0.654346,1.039084,0.280497,0.191146,0.153983,0.820637,0.216804
src/Mod/Part/App/CMakeFiles/Part.dir/ChFi2d/ChFi2d_FilletAlgoPyImp.cpp.o,1.764,1.699308,1.507573,0.165165,1.295365,0.312286,0.376323,0.095467,0.068007
src/Mod/Part/App/CMakeFiles/Part.dir/ShapeFix/ShapeFix_EdgePyImp.cpp.o,1.76,1.699123,1.519555,0.152924,1.317367,0.31199,0.381597,0.080176,0.07098
src/App/CMakeFiles/FreeCADApp.dir/ExtensionContainer.cpp.o,1.759,1.701988,0.635034,1.048623,0.299451,0.212453,0.222798,0.680347,0.366519
src/Gui/CMakeFiles/FreeCADGui.dir/ExpressionBindingPy.cpp.o,1.759,1.693029,1.522988,0.144698,0.973841,0.703529,0.529083,0.079454,0.063657
src/Gui/CMakeFiles/FreeCADGui.dir/PreferencePages/DlgSettingsSelection.cpp.o,1.759,1.691021,1.581809,0.082094,1.006157,0.752813,0.579852,0.040172,0.039995
src/App/CMakeFiles/FreeCADApp.dir/ApplicationPy.cpp.o,1.758,1.696773,1.126029,0.550572,0.770618,0.292522,0.425219,0.300945,0.247981
src/Mod/Part/App/CMakeFiles/Part.dir/ChFi2d/ChFi2d_FilletAPIPyImp.cpp.o,1.757,1.695659,1.507957,0.160953,1.300451,0.314488,0.382013,0.090043,0.069255
src/Base/CMakeFiles/FreeCADBase.dir/XMLParser.cpp.o,1.75,1.696853,0.50966,1.17089,0.148378,0.176193,0.105821,0.774021,0.395122
src/Mod/MeshPart/App/CMakeFiles/MeshPart.dir/AppMeshPart.cpp.o,1.748,1.69164,0.792101,0.887378,0.294259,0.150126,0.128543,0.583394,0.302275
src/App/CMakeFiles/FreeCADApp.dir/GeoFeatureGroupExtension.cpp.o,1.747,1.68461,1.230114,0.433775,0.901192,0.348346,0.395863,0.285797,0.146177
src/Gui/CMakeFiles/FreeCADGui.dir/PreferencePages/DlgSettingsPDF.cpp.o,1.747,1.678014,1.586618,0.064547,0.985578,0.769063,0.583946,0.036734,0.026096
src/Mod/TechDraw/Gui/CMakeFiles/TechDrawGui.dir/QGICMark.cpp.o,1.747,1.672383,1.6275,0.022037,1.300542,0.388581,0.578921,0.009115,0.01129
src/3rdParty/OndselSolver/OndselSolver/CMakeFiles/OndselSolver.dir/System.cpp.o,1.744,1.685064,1.23284,0.444647,0.753361,0.377032,0.325781,0.301618,0.141067
src/Mod/TechDraw/App/CMakeFiles/TechDraw.dir/DrawViewClip.cpp.o,1.743,1.669448,1.39776,0.233944,1.13059,0.390119,0.48125,0.151556,0.080353
src/Mod/TechDraw/Gui/CMakeFiles/TechDrawGui.dir/QGIArrow.cpp.o,1.743,1.672409,1.597038,0.053953,1.393817,0.394523,0.558394,0.018525,0.03357
src/Gui/CMakeFiles/FreeCADGui.dir/Selection/SelectionObject.cpp.o,1.741,1.670597,1.450551,0.19001,1.192624,0.435708,0.549081,0.125388,0.062428
src/Mod/Mesh/Gui/CMakeFiles/MeshGui.dir/ViewProviderTransform.cpp.o,1.739,1.670939,1.593954,0.055552,1.387414,0.460981,0.545132,0.035036,0.018629
src/Base/CMakeFiles/FreeCADBase.dir/Unit.cpp.o,1.734,1.679608,0.570055,1.09324,0.174632,0.162768,0.131369,0.71791,0.373536
src/3rdParty/OndselSolver/OndselSolver/CMakeFiles/OndselSolver.dir/ASMTForceTorque.cpp.o,1.734,1.644192,1.592711,0.03845,1.278411,0.314414,0.330335,0.021513,0.014782
src/3rdParty/WildMagic4/CMakeFiles/WildMagic4.dir/Wm4IntrTriangle2Triangle2.cpp.o,1.733,1.67479,1.438213,0.229595,1.091507,0.423215,0.221886,0.120576,0.107241
src/Gui/CMakeFiles/FreeCADGui.dir/DocumentObserver.cpp.o,1.733,1.663627,1.437276,0.198986,1.063486,0.4906,0.593802,0.12339,0.073726
src/Gui/CMakeFiles/FreeCADGui.dir/Dialogs/DlgAbout.cpp.o,1.732,1.661284,1.270931,0.365486,0.909927,0.310224,0.382967,0.212849,0.150956
src/Mod/TechDraw/Gui/CMakeFiles/TechDrawGui.dir/ViewProviderSymbol.cpp.o,1.73,1.659225,1.583632,0.052937,1.40015,0.399759,0.56287,0.023435,0.027542
src/3rdParty/WildMagic4/CMakeFiles/WildMagic4.dir/Wm4Delaunay1.cpp.o,1.729,1.670178,1.484269,0.179308,1.122394,0.436947,0.244372,0.124038,0.053729
src/Gui/CMakeFiles/FreeCADGui.dir/ToolHandler.cpp.o,1.729,1.658839,1.532649,0.099092,1.190677,0.478856,0.612129,0.062847,0.034481
src/Gui/CMakeFiles/FreeCADGui.dir/ViewProviderGeoFeatureGroupExtension.cpp.o,1.729,1.660302,1.511136,0.1202,1.209071,0.525982,0.655798,0.0844,0.033812
src/Gui/CMakeFiles/FreeCADGui.dir/ViewProviderOriginGroupExtension.cpp.o,1.729,1.657126,1.576787,0.051729,1.344267,0.5023,0.684339,0.031328,0.018419
src/Mod/TechDraw/Gui/CMakeFiles/TechDrawGui.dir/QGIVertex.cpp.o,1.726,1.658776,1.613161,0.024167,1.439663,0.422045,0.580495,0.010248,0.011999
src/3rdParty/OndselSolver/OndselSolver/CMakeFiles/OndselSolver.dir/ASMTExtrusion.cpp.o,1.724,1.64006,1.626299,0.00315,1.315701,0.318946,0.354418,0.000207,0.000571
src/Gui/CMakeFiles/FreeCADGui.dir/Dialogs/DlgOnlineHelpImp.cpp.o,1.724,1.653434,1.569779,0.056716,0.985227,0.755042,0.586851,0.033886,0.021071
src/Mod/Draft/App/CMakeFiles/DraftUtils.dir/AppDraftUtilsPy.cpp.o,1.724,1.666094,1.546133,0.111152,1.181401,0.450668,0.266754,0.066331,0.043147
src/3rdParty/libE57Format/CMakeFiles/E57Format.dir/src/CompressedVectorReaderImpl.cpp.o,1.723,1.664128,1.342947,0.3141,0.975102,0.407251,0.281213,0.199772,0.112464
src/Mod/Part/App/CMakeFiles/Part.dir/HLRBRep/HLRBRep_AlgoPyImp.cpp.o,1.72,1.662128,1.469248,0.167119,1.259156,0.311525,0.373439,0.091585,0.073988
src/Mod/Robot/App/CMakeFiles/Robot.dir/kdl_cp/articulatedbodyinertia.cpp.o,1.719,1.653122,1.208112,0.422124,0.036029,0.668257,0.799559,0.389356,0.031063
src/Mod/TechDraw/Gui/CMakeFiles/TechDrawGui.dir/QGICenterLine.cpp.o,1.717,1.647657,1.560683,0.063679,1.177872,0.38596,0.55556,0.03898,0.022808
src/Mod/Part/App/CMakeFiles/Part.dir/ShapeUpgrade/UnifySameDomainPyImp.cpp.o,1.713,1.647345,1.445502,0.174872,1.223748,0.276531,0.355899,0.105792,0.067525
src/Mod/Part/App/CMakeFiles/Part.dir/BSplineSurfacePyImp.cpp.o,1.711,1.652353,0.668062,0.961687,0.399819,0.116891,0.084341,0.448713,0.511083
src/Gui/CMakeFiles/FreeCADGui.dir/3Dconnexion/GuiNativeEventLinux.cpp.o,1.71,1.647223,0.624873,1.000701,0.318687,0.163573,0.161153,0.662272,0.336415
src/Mod/Web/App/CMakeFiles/Web.dir/AppWeb.cpp.o,1.71,1.654665,0.624189,1.019376,0.316262,0.133721,0.094745,0.666636,0.351065
src/3rdParty/libE57Format/CMakeFiles/E57Format.dir/src/Packet.cpp.o,1.708,1.650772,1.355253,0.288643,0.974369,0.420777,0.270928,0.150201,0.136758
src/Mod/Assembly/Gui/CMakeFiles/AssemblyGui.dir/ViewProviderGroups.cpp.o,1.708,1.639752,1.552277,0.063274,1.35491,0.427782,0.570514,0.025699,0.03562
src/Mod/PartDesign/App/CMakeFiles/PartDesign.dir/PartDesignParameter.cpp.o,1.702,1.639597,1.389722,0.227779,1.163348,0.375618,0.397833,0.18333,0.042944
src/3rdParty/WildMagic4/CMakeFiles/WildMagic4.dir/Wm4System.cpp.o,1.701,1.64208,1.45048,0.18466,1.091959,0.40711,0.232604,0.11155,0.071478
src/Mod/Robot/Gui/CMakeFiles/RobotGui.dir/TaskDlgTrajectoryDressUp.cpp.o,1.7,1.62802,1.582066,0.025935,1.33127,0.471159,0.584352,0.01526,0.008627
src/Mod/Part/App/CMakeFiles/Part.dir/ChFi2d/ChFi2d_AnaFilletAlgoPyImp.cpp.o,1.699,1.636386,1.480756,0.129302,1.281316,0.297184,0.372834,0.073924,0.05362
src/Mod/Part/App/CMakeFiles/Part.dir/ShapeFix/ShapeFix_ShapePyImp.cpp.o,1.697,1.629232,1.419194,0.183947,1.210784,0.275458,0.352276,0.099692,0.082451
src/Mod/Part/App/CMakeFiles/Part.dir/BRepOffsetAPI_MakeFillingPyImp.cpp.o,1.696,1.630096,1.43474,0.169471,1.205931,0.286888,0.361518,0.091996,0.075685
src/3rdParty/OndselSolver/OndselSolver/CMakeFiles/OndselSolver.dir/DistancexyConstraintIqcJqc.cpp.o,1.696,1.643719,1.03851,0.599203,0.721163,0.257928,0.23447,0.352667,0.24507
src/3rdParty/WildMagic4/CMakeFiles/WildMagic4.dir/Wm4MeshCurvature.cpp.o,1.694,1.634949,1.485124,0.142814,1.143504,0.420211,0.229362,0.089042,0.052138
src/Mod/TechDraw/Gui/CMakeFiles/TechDrawGui.dir/QGIMatting.cpp.o,1.693,1.621835,1.563913,0.036045,1.383886,0.390024,0.542417,0.020674,0.013462
src/Mod/CAM/App/CMakeFiles/Path.dir/VoronoiCellPyImp.cpp.o,1.689,1.620636,1.444715,0.146192,0.667664,0.638921,0.343229,0.074225,0.070318
src/Mod/TechDraw/Gui/CMakeFiles/TechDrawGui.dir/QGIDecoration.cpp.o,1.687,1.613747,1.56841,0.021909,1.392105,0.379692,0.553242,0.009596,0.010365
src/Mod/Start/App/CMakeFiles/Start.dir/CustomFolderModel.cpp.o,1.685,1.624561,0.608523,1.001042,0.35619,0.190276,0.193711,0.662858,0.336405
src/Gui/CMakeFiles/FreeCADGui.dir/PreferencePages/DlgSettingsReportView.cpp.o,1.684,1.617405,1.479974,0.109837,0.905336,0.707927,0.560505,0.049243,0.058864
src/Mod/Part/App/CMakeFiles/Part.dir/HLRBRep/PolyHLRToShapePyImp.cpp.o,1.684,1.617975,1.413259,0.178136,1.206668,0.279719,0.346707,0.089864,0.086479
src/3rdParty/OndselSolver/OndselSolver/CMakeFiles/OndselSolver.dir/ScrewConstraintIqcJc.cpp.o,1.684,1.631058,1.064678,0.559911,0.59723,0.261477,0.245885,0.349442,0.208677
src/Mod/Fem/Gui/CMakeFiles/FemGui.dir/TaskDlgAnalysis.cpp.o,1.684,1.610749,1.551133,0.036814,1.248792,0.459497,0.611341,0.022144,0.012756
src/Gui/CMakeFiles/FreeCADGui.dir/Dialogs/DlgProjectUtility.cpp.o,1.681,1.609701,1.448568,0.134583,1.115174,0.454596,0.555204,0.084907,0.048154
src/Mod/Part/App/CMakeFiles/Part.dir/BSplineCurvePyImp.cpp.o,1.679,1.618736,0.725537,0.869249,0.392362,0.146749,0.127232,0.423895,0.443138
src/3rdParty/OndselSolver/OndselSolver/CMakeFiles/OndselSolver.dir/RackPinConstraintIqcJc.cpp.o,1.676,1.619543,1.045832,0.567642,0.725564,0.257065,0.234856,0.346497,0.219421
src/Gui/CMakeFiles/FreeCADGui.dir/TaskView/TaskSolverMessages.cpp.o,1.675,1.608236,1.484841,0.09462,1.206776,0.468381,0.596869,0.060329,0.032421
src/3rdParty/OndselSolver/OndselSolver/CMakeFiles/OndselSolver.dir/GeneralSpline.cpp.o,1.673,1.617705,1.114696,0.49632,0.739638,0.2928,0.268983,0.348906,0.145701
src/Mod/Robot/App/CMakeFiles/Robot.dir/kdl_cp/treeiksolvervel_wdls.cpp.o,1.673,1.615001,0.887217,0.712443,0.090355,0.565054,0.460061,0.487367,0.223467
src/Mod/Part/App/CMakeFiles/Part.dir/ShapeFix/ShapeFix_FixSmallFacePyImp.cpp.o,1.671,1.609722,1.444534,0.138985,1.248484,0.269502,0.36308,0.074653,0.062464
src/Mod/Part/App/CMakeFiles/Part.dir/HLRBRep/HLRToShapePyImp.cpp.o,1.67,1.609822,1.395232,0.189538,1.197755,0.272161,0.34866,0.090007,0.097867
src/Mod/Start/App/CMakeFiles/Start.dir/FcstdInfoSource.cpp.o,1.666,1.608879,0.574132,1.020169,0.325893,0.151367,0.154318,0.673568,0.344568
src/Gui/CMakeFiles/FreeCADGui.dir/ViewProviderPlacement.cpp.o,1.664,1.589298,1.271538,0.286999,0.989686,0.411745,0.516463,0.179407,0.105612
src/3rdParty/OndselSolver/OndselSolver/CMakeFiles/OndselSolver.dir/DistancexyConstraintIqcJc.cpp.o,1.663,1.608406,1.024899,0.577285,0.71887,0.250413,0.230432,0.35009,0.225704
src/Mod/Robot/Gui/CMakeFiles/RobotGui.dir/TaskDlgTrajectoryCompound.cpp.o,1.662,1.588846,1.545414,0.025826,1.31099,0.455583,0.56987,0.014929,0.009087
src/Mod/Part/App/CMakeFiles/Part.dir/LinkArray.cpp.o,1.659,1.592621,1.349951,0.214988,1.04876,0.338954,0.392437,0.159185,0.053938
src/Mod/Part/App/CMakeFiles/Part.dir/TopoShapeCompSolidPyImp.cpp.o,1.659,1.596086,1.432243,0.136417,1.2422,0.280291,0.343629,0.095667,0.03903
src/3rdParty/salomesmesh/CMakeFiles/StdMeshers.dir/src/StdMeshers/StdMeshers_Distribution.cpp.o,1.659,1.596946,1.45031,0.139541,1.091714,0.419322,0.254946,0.07982,0.058092
src/Mod/Material/App/CMakeFiles/Materials.dir/MaterialFilterPyImp.cpp.o,1.658,1.57932,1.395098,0.167387,0.868516,0.632555,0.452497,0.097941,0.067948
src/3rdParty/OndselSolver/OndselSolver/CMakeFiles/OndselSolver.dir/GearConstraintIqcJc.cpp.o,1.657,1.602165,1.068141,0.52734,0.746422,0.263955,0.248391,0.325717,0.200057
src/3rdParty/OndselSolver/OndselSolver/CMakeFiles/OndselSolver.dir/EndFrameqc.cpp.o,1.656,1.604363,1.071312,0.526203,0.741317,0.256014,0.239109,0.366537,0.157862
src/App/CMakeFiles/FreeCADApp.dir/ComplexGeoDataPyImp.cpp.o,1.655,1.598366,0.980038,0.600056,0.649206,0.342449,0.296992,0.326388,0.271966
src/Mod/Part/App/CMakeFiles/Part.dir/ShapeFix/ShapeFix_ShellPyImp.cpp.o,1.652,1.589199,1.414815,0.147899,1.210643,0.270861,0.348722,0.082757,0.063384
src/Mod/Robot/Gui/CMakeFiles/RobotGui.dir/TaskTrajectoryDressUpParameter.cpp.o,1.652,1.582477,1.487446,0.078377,1.276611,0.343261,0.501302,0.040268,0.036399
src/3rdParty/OndselSolver/OndselSolver/CMakeFiles/OndselSolver.dir/RackPinConstraintIqcJqc.cpp.o,1.65,1.595161,1.066998,0.521194,0.724311,0.276101,0.245585,0.321228,0.197954
src/3rdParty/WildMagic4/CMakeFiles/WildMagic4.dir/Wm4ConvexHull1.cpp.o,1.649,1.589668,1.447416,0.135634,1.088133,0.430415,0.240979,0.099311,0.03487
src/3rdParty/libE57Format/CMakeFiles/E57Format.dir/src/NodeImpl.cpp.o,1.648,1.58552,1.28997,0.287633,0.911338,0.418983,0.290065,0.172091,0.113815
src/3rdParty/OndselSolver/OndselSolver/CMakeFiles/OndselSolver.dir/ScrewConstraintIqcJqc.cpp.o,1.645,1.589742,1.055795,0.527059,0.588057,0.266271,0.245181,0.326909,0.198296
src/Mod/TechDraw/Gui/CMakeFiles/TechDrawGui.dir/DlgPageChooser.cpp.o,1.645,1.578681,0.509657,1.052593,0.050485,0.139236,0.121675,0.698444,0.352323
src/Gui/CMakeFiles/FreeCADGui.dir/DocumentObserverPython.cpp.o,1.643,1.57282,1.300331,0.243969,0.964941,0.456063,0.507784,0.13339,0.108717
src/Mod/Fem/Gui/CMakeFiles/FemGui.dir/TaskAnalysisInfo.cpp.o,1.643,1.577931,1.515597,0.041253,1.300415,0.352695,0.534152,0.026276,0.013132
src/3rdParty/libE57Format/CMakeFiles/E57Format.dir/src/ScaledIntegerNodeImpl.cpp.o,1.642,1.580985,1.434742,0.139866,0.883696,0.403399,0.256731,0.086396,0.051879
src/Gui/CMakeFiles/FreeCADGui.dir/DockWindowManager.cpp.o,1.642,1.576682,0.937157,0.61449,0.35236,0.39757,0.298161,0.42284,0.189651
src/3rdParty/libE57Format/CMakeFiles/E57Format.dir/src/CheckedFile.cpp.o,1.641,1.577565,1.361811,0.20927,0.777961,0.410262,0.242397,0.122283,0.085451
src/3rdParty/WildMagic4/CMakeFiles/WildMagic4.dir/Wm4ContBox2.cpp.o,1.64,1.582213,1.439736,0.136323,1.103513,0.417835,0.223321,0.08175,0.052999
src/Mod/Part/App/CMakeFiles/Part.dir/ShapeFix/ShapeFix_FixSmallSolidPyImp.cpp.o,1.64,1.574393,1.458112,0.088733,1.256926,0.284042,0.37034,0.056175,0.030684
src/3rdParty/OndselSolver/OndselSolver/CMakeFiles/OndselSolver.dir/GearConstraintIqcJqc.cpp.o,1.639,1.584183,1.038377,0.538927,0.722825,0.256713,0.23453,0.319195,0.217949
src/Mod/Part/App/CMakeFiles/Part.dir/ShapeFix/ShapeFix_SolidPyImp.cpp.o,1.634,1.571883,1.408803,0.135921,1.205281,0.269107,0.34316,0.077379,0.056869
src/Mod/Fem/Gui/CMakeFiles/FemGui.dir/TaskDriver.cpp.o,1.633,1.562671,1.503883,0.03528,1.297776,0.343222,0.534896,0.024015,0.009392
src/Mod/Start/App/CMakeFiles/Start.dir/ExamplesModel.cpp.o,1.627,1.566049,0.587245,0.964897,0.352452,0.175048,0.187027,0.648346,0.314812
src/3rdParty/WildMagic4/CMakeFiles/WildMagic4.dir/Wm4ApprCylinderFit3.cpp.o,1.626,1.569212,1.466059,0.096736,1.135371,0.410626,0.22555,0.054499,0.040742
src/3rdParty/libE57Format/CMakeFiles/E57Format.dir/src/CompressedVectorNodeImpl.cpp.o,1.624,1.569457,1.296941,0.265631,0.947179,0.395322,0.264688,0.133092,0.130724
src/Mod/Part/Gui/CMakeFiles/PartGui.dir/CommandParametric.cpp.o,1.624,1.556173,1.356969,0.161258,1.118764,0.372733,0.487423,0.094565,0.064393
src/Mod/Part/App/CMakeFiles/Part.dir/ShapeFix/ShapeFix_WireframePyImp.cpp.o,1.623,1.556633,1.416791,0.114006,1.2164,0.275631,0.349953,0.069201,0.042992
src/3rdParty/libE57Format/CMakeFiles/E57Format.dir/src/StructureNodeImpl.cpp.o,1.621,1.555014,1.242512,0.306258,0.89259,0.380464,0.245529,0.186604,0.118041
src/Gui/CMakeFiles/FreeCADGui.dir/Utilities.cpp.o,1.62,1.552612,1.376338,0.146856,1.081312,0.526755,0.543131,0.106827,0.03778
src/Mod/TechDraw/Gui/CMakeFiles/TechDrawGui.dir/Rez.cpp.o,1.619,1.552611,1.511038,0.019634,1.169898,0.359734,0.51961,0.009438,0.008471
src/Mod/Part/App/CMakeFiles/Part.dir/ShapeFix/ShapeFix_EdgeConnectPyImp.cpp.o,1.618,1.554795,1.426354,0.102449,1.230658,0.279013,0.351409,0.061495,0.039139
src/3rdParty/OndselSolver/OndselSolver/CMakeFiles/OndselSolver.dir/TranslationConstraintIqcJc.cpp.o,1.618,1.566364,1.047946,0.512301,0.721365,0.267086,0.23648,0.32464,0.186037
src/Gui/CMakeFiles/FreeCADGui.dir/ViewProviderLinkPyImp.cpp.o,1.617,1.5463,1.45802,0.061707,1.225982,0.401493,0.583075,0.04045,0.019482
src/Gui/CMakeFiles/FreeCADGui.dir/MDIViewPyWrap.cpp.o,1.615,1.544227,1.15935,0.359149,0.843143,0.325043,0.379307,0.211724,0.145296
src/Mod/Part/App/CMakeFiles/Part.dir/ShapeFix/ShapeFix_SplitToolPyImp.cpp.o,1.614,1.552384,1.413268,0.113013,1.222027,0.273834,0.34657,0.066471,0.044807
src/Mod/Points/App/CMakeFiles/Points.dir/PointsPyImp.cpp.o,1.614,1.55133,1.285507,0.248035,1.084799,0.42679,0.491418,0.145253,0.100967
src/Mod/CAM/App/CMakeFiles/Path.dir/VoronoiVertexPyImp.cpp.o,1.613,1.545202,1.426006,0.091125,0.666067,0.636979,0.350405,0.051261,0.038436
src/Mod/Part/App/CMakeFiles/Part.dir/ShapeFix/ShapeFix_FaceConnectPyImp.cpp.o,1.606,1.541752,1.413637,0.102522,1.216521,0.275568,0.348583,0.062829,0.037915
src/App/CMakeFiles/FreeCADApp.dir/GeoFeature.cpp.o,1.605,1.545656,1.323601,0.199669,1.109923,0.37377,0.474238,0.121407,0.07637
src/Mod/Part/App/CMakeFiles/Part.dir/ChFi2d/ChFi2d_ChamferAPIPyImp.cpp.o,1.605,1.541034,1.391567,0.123755,1.19573,0.273514,0.345571,0.071722,0.050117
src/3rdParty/WildMagic4/CMakeFiles/WildMagic4.dir/Wm4ApprQuadraticFit3.cpp.o,1.603,1.543816,1.451432,0.08682,1.151161,0.38156,0.220282,0.032169,0.053307
src/Mod/PartDesign/Gui/CMakeFiles/PartDesignGui.dir/ViewProviderDatumCS.cpp.o,1.602,1.531496,1.432273,0.076146,1.228879,0.313766,0.416272,0.038889,0.035288
src/Gui/CMakeFiles/FreeCADGui.dir/PreferencePages/DlgSettingsPythonConsole.cpp.o,1.601,1.535417,1.450492,0.058453,0.884423,0.710283,0.567065,0.030462,0.026243
src/Mod/Fem/Gui/CMakeFiles/FemGui.dir/ViewProviderFemConstraintTransform.cpp.o,1.598,1.522945,1.414536,0.086615,1.223893,0.383129,0.533654,0.049239,0.035435
src/Gui/CMakeFiles/FreeCADGui.dir/ViewProviderSuppressibleExtension.cpp.o,1.596,1.523479,1.434516,0.061272,1.228964,0.408287,0.540349,0.032677,0.026554
src/Mod/Mesh/App/CMakeFiles/Mesh.dir/Core/MeshKernel.cpp.o,1.596,1.541202,0.787972,0.737107,0.372762,0.355437,0.198061,0.519899,0.215511
src/Gui/CMakeFiles/FreeCADGui.dir/Selection/SoFCSelectionContext.cpp.o,1.592,1.524109,1.225158,0.2735,0.873097,0.442298,0.553398,0.199036,0.072734
src/Mod/Material/App/CMakeFiles/Materials.dir/Library.cpp.o,1.59,1.535669,0.582656,0.942712,0.373738,0.147517,0.17273,0.608902,0.332209
src/Gui/CMakeFiles/FreeCADGui.dir/TaskView/TaskDialog.cpp.o,1.59,1.521247,1.434844,0.059775,1.145223,0.465592,0.595042,0.036987,0.020979
src/Mod/Assembly/Gui/CMakeFiles/AssemblyGui.dir/ViewProviderAssemblyPyImp.cpp.o,1.59,1.523151,1.351468,0.150608,1.160248,0.327936,0.455866,0.085107,0.06336
src/Gui/CMakeFiles/FreeCADGui.dir/Navigation/SiemensNXNavigationStyle.cpp.o,1.587,1.515344,1.197508,0.288434,0.853621,0.404437,0.504592,0.195218,0.091314
src/Mod/Fem/Gui/CMakeFiles/FemGui.dir/Workbench.cpp.o,1.587,1.519863,1.261334,0.238059,1.070579,0.31096,0.440163,0.102081,0.134092
src/Mod/Robot/Gui/CMakeFiles/RobotGui.dir/ViewProviderTrajectory.cpp.o,1.581,1.518402,1.431332,0.070498,1.207684,0.33899,0.462721,0.045142,0.023551
src/3rdParty/salomesmesh/CMakeFiles/MEFISTO2.dir/src/MEFISTO2/aptrte.cpp.o,1.58,1.524401,1.444942,0.073271,7.6e-05,0.408487,0.257669,0.034162,0.037686
src/Gui/CMakeFiles/FreeCADGui.dir/TaskView/TaskWatcher.cpp.o,1.579,1.508397,1.410936,0.068746,1.101386,0.437227,0.557242,0.036107,0.030979
src/Gui/CMakeFiles/FreeCADGui.dir/ViewProviderMaterialObject.cpp.o,1.577,1.508063,1.29086,0.18641,1.067741,0.424204,0.504318,0.110744,0.073852
src/Mod/Part/App/CMakeFiles/Part.dir/ShapeFix/ShapeFix_SplitCommonVertexPyImp.cpp.o,1.577,1.510344,1.407457,0.072441,1.217652,0.269304,0.354433,0.049983,0.020761
src/3rdParty/salomesmesh/CMakeFiles/StdMeshers.dir/src/StdMeshers/SMESH_Quadtree.cpp.o,1.576,1.515825,1.491877,0.017226,0.0,0.427827,0.263342,0.010555,0.005047
src/Mod/Mesh/Gui/CMakeFiles/MeshGui.dir/ViewProviderPython.cpp.o,1.575,1.506248,1.320012,0.166208,1.141336,0.340317,0.425076,0.09966,0.064807
src/Mod/Fem/Gui/CMakeFiles/FemGui.dir/ViewProviderSolver.cpp.o,1.574,1.506446,1.266695,0.218941,1.052907,0.32546,0.440263,0.140577,0.07647
src/Gui/CMakeFiles/FreeCADGui.dir/StyleParameters/Diagnostics.cpp.o,1.572,1.507902,0.473333,1.012842,0.023124,0.148794,0.127033,0.679016,0.332038
src/3rdParty/OndselSolver/OndselSolver/CMakeFiles/OndselSolver.dir/TranslationConstraintIqcJqc.cpp.o,1.572,1.515868,1.06547,0.444104,0.741134,0.267637,0.240994,0.281704,0.160667
src/3rdParty/WildMagic4/CMakeFiles/WildMagic4.dir/Wm4ParametricSurface.cpp.o,1.57,1.517971,1.47188,0.03989,1.146568,0.40647,0.224486,0.020197,0.018175
src/3rdParty/WildMagic4/CMakeFiles/WildMagic4.dir/Wm4DistVector3Triangle3.cpp.o,1.568,1.507338,1.4515,0.049564,1.138969,0.393567,0.219376,0.021972,0.026055
src/3rdParty/WildMagic4/CMakeFiles/WildMagic4.dir/Wm4MeshSmoother.cpp.o,1.568,1.512233,1.445296,0.06028,1.127073,0.399482,0.217144,0.034344,0.02428
src/Gui/CMakeFiles/FreeCADGui.dir/Selection/SelectionFilterPy.cpp.o,1.567,1.498578,1.133012,0.337113,0.885989,0.349446,0.396139,0.209593,0.125528
src/Mod/Fem/Gui/CMakeFiles/FemGui.dir/ViewProviderFemConstraintContact.cpp.o,1.566,1.500108,1.412317,0.065776,1.232883,0.378616,0.531556,0.039199,0.024563
src/3rdParty/coin/src/actions/CMakeFiles/actions.dir/SoToVRML2Action.cpp.o,1.565,1.51636,0.935095,0.575026,0.003296,0.088594,0.042225,0.29863,0.274888
src/3rdParty/WildMagic4/CMakeFiles/WildMagic4.dir/Wm4DistSegment3Segment3.cpp.o,1.565,1.507595,1.451619,0.049673,1.129752,0.40312,0.226029,0.021737,0.026411
src/Mod/TechDraw/Gui/CMakeFiles/TechDrawGui.dir/DlgTemplateField.cpp.o,1.565,1.496339,1.353063,0.121907,1.069297,0.374729,0.430575,0.078307,0.041655
src/Mod/Assembly/App/CMakeFiles/Assembly.dir/BomObjectPyImp.cpp.o,1.564,1.497806,1.453512,0.027768,1.076756,0.351401,0.429864,0.016883,0.008803
src/3rdParty/WildMagic4/CMakeFiles/WildMagic4.dir/Wm4DistLine3Triangle3.cpp.o,1.563,1.506865,1.438056,0.061986,1.105241,0.411743,0.223471,0.032404,0.028076
src/3rdParty/WildMagic4/CMakeFiles/WildMagic4.dir/Wm4ApprLineFit3.cpp.o,1.562,1.502743,1.472147,0.024498,1.158179,0.399036,0.218967,0.011911,0.011047
src/Gui/CMakeFiles/FreeCADGui.dir/View3DViewerPy.cpp.o,1.561,1.497738,1.121418,0.350906,0.852557,0.322103,0.404636,0.172413,0.176607
src/Mod/Sketcher/Gui/CMakeFiles/SketcherGui.dir/DrawSketchKeyboardManager.cpp.o,1.561,1.493869,1.447831,0.023269,1.200899,0.4531,0.607635,0.013478,0.008017
src/3rdParty/WildMagic4/CMakeFiles/WildMagic4.dir/Wm4ApprGaussPointsFit2.cpp.o,1.56,1.501845,1.47242,0.02285,1.155218,0.398407,0.221475,0.011933,0.009296
src/3rdParty/WildMagic4/CMakeFiles/WildMagic4.dir/Wm4ApprPlaneFit3.cpp.o,1.56,1.503988,1.46571,0.032215,1.151744,0.394982,0.220434,0.016692,0.014041
src/3rdParty/WildMagic4/CMakeFiles/WildMagic4.dir/Wm4ApprPolyFit3.cpp.o,1.559,1.501839,1.393185,0.102857,1.093723,0.381954,0.21434,0.055349,0.046108
src/Mod/Surface/Gui/CMakeFiles/SurfaceGui.dir/SurfaceGui_autogen/mocs_compilation.cpp.o,1.559,1.489355,1.449913,0.018591,0.0,0.378441,0.499574,0.009073,0.007576
src/Mod/Mesh/App/CMakeFiles/Mesh.dir/Core/Degeneration.cpp.o,1.558,1.503185,0.676643,0.81227,0.297455,0.326732,0.172185,0.545523,0.265177
src/App/CMakeFiles/FreeCADApp.dir/MergeDocuments.cpp.o,1.557,1.493857,1.238327,0.23185,0.912076,0.434558,0.48663,0.158294,0.071579
src/Mod/Fem/Gui/CMakeFiles/FemGui.dir/ViewProviderFemConstraintPulley.cpp.o,1.557,1.485285,1.407023,0.057329,1.236415,0.343327,0.522844,0.025772,0.029704
src/3rdParty/WildMagic4/CMakeFiles/WildMagic4.dir/Wm4IntrLine3Box3.cpp.o,1.556,1.498209,1.451909,0.039665,1.1342,0.403999,0.224146,0.018186,0.019997
src/Mod/Part/App/CMakeFiles/Part.dir/Geom2d/BSplineCurve2dPyImp.cpp.o,1.554,1.49741,0.679428,0.79574,0.374765,0.145609,0.108513,0.39985,0.393928
src/Mod/Part/App/CMakeFiles/Part.dir/ShapeFix/ShapeFix_WireVertexPyImp.cpp.o,1.554,1.49109,1.373839,0.092116,1.179258,0.273515,0.343609,0.059326,0.031033
src/Mod/Part/App/CMakeFiles/Part.dir/ShapeFix/ShapeFix_ShapeTolerancePyImp.cpp.o,1.554,1.493349,1.394411,0.071959,1.204842,0.276116,0.339005,0.050747,0.019628
src/Mod/Part/App/CMakeFiles/Part.dir/PyException.cpp.o,1.554,1.496527,0.580482,0.89427,0.282162,0.124589,0.092881,0.603746,0.288978
src/Mod/Start/Gui/CMakeFiles/StartGui.dir/ThemeSelectorWidget.cpp.o,1.554,1.487006,1.309187,0.159868,1.003464,0.467963,0.442073,0.108156,0.049813
src/3rdParty/WildMagic4/CMakeFiles/WildMagic4.dir/Wm4Distance.cpp.o,1.553,1.49201,1.412485,0.072656,1.096872,0.395301,0.213959,0.029879,0.04118
src/3rdParty/WildMagic4/CMakeFiles/WildMagic4.dir/Wm4Matrix4.cpp.o,1.552,1.4945,1.484525,0.003204,1.163647,0.413224,0.233827,0.000954,0.000318
src/Mod/Part/App/CMakeFiles/Part.dir/ShapeFix/ShapeFix_FreeBoundsPyImp.cpp.o,1.552,1.490678,1.387207,0.077221,1.197056,0.27416,0.347652,0.051546,0.023984
src/3rdParty/WildMagic4/CMakeFiles/WildMagic4.dir/Wm4ImplicitSurface.cpp.o,1.551,1.496052,1.442601,0.047264,1.121868,0.402135,0.222133,0.022488,0.023311
src/3rdParty/WildMagic4/CMakeFiles/WildMagic4.dir/Wm4IntrSegment3Plane3.cpp.o,1.55,1.491803,1.459799,0.025013,1.12466,0.418263,0.225069,0.012467,0.010833
src/3rdParty/OndselSolver/OndselSolver/CMakeFiles/OndselSolver.dir/DistanceConstraintIqcJc.cpp.o,1.547,1.494702,1.015686,0.472318,0.70509,0.257758,0.22961,0.299075,0.171613
src/3rdParty/OndselSolver/OndselSolver/CMakeFiles/OndselSolver.dir/ConstVelConstraintIqcJqc.cpp.o,1.544,1.491986,1.035043,0.45051,0.716342,0.261491,0.238343,0.292302,0.15653
src/Mod/TechDraw/Gui/CMakeFiles/TechDrawGui.dir/TechDrawGui_autogen/mocs_compilation.cpp.o,1.544,1.481256,1.38444,0.076244,0.0,0.360794,0.422603,0.036927,0.037313
src/3rdParty/WildMagic4/CMakeFiles/WildMagic4.dir/Wm4DistSegment3Triangle3.cpp.o,1.542,1.486539,1.439585,0.039178,1.106882,0.410179,0.219906,0.019132,0.018414
src/3rdParty/OndselSolver/OndselSolver/CMakeFiles/OndselSolver.dir/CoaxialGearConstraintIJ.cpp.o,1.541,1.48743,0.988797,0.492644,0.68525,0.248838,0.212495,0.299639,0.191428
src/3rdParty/WildMagic4/CMakeFiles/WildMagic4.dir/Wm4ApprSphereFit3.cpp.o,1.536,1.479993,1.43939,0.034244,1.12308,0.398022,0.22627,0.018964,0.013668
src/3rdParty/WildMagic4/CMakeFiles/WildMagic4.dir/Wm4DistVector3Segment3.cpp.o,1.536,1.479703,1.439061,0.034138,1.11817,0.404078,0.224945,0.015721,0.016844
src/3rdParty/WildMagic4/CMakeFiles/WildMagic4.dir/Wm4Matrix3.cpp.o,1.536,1.47507,1.46612,0.002661,1.144632,0.404451,0.227435,0.000829,0.000278
src/Mod/Fem/Gui/CMakeFiles/FemGui.dir/ViewProviderFemConstraintGear.cpp.o,1.535,1.465797,1.394855,0.049667,1.190099,0.352491,0.509474,0.023412,0.024497
src/Gui/CMakeFiles/FreeCADGui.dir/TreeParams.cpp.o,1.534,1.465734,1.093841,0.344634,0.862788,0.330414,0.467634,0.151708,0.190842
src/Base/CMakeFiles/FreeCADBase.dir/ConsoleObserver.cpp.o,1.532,1.481935,0.511219,0.955248,0.27501,0.122202,0.099951,0.621194,0.332528
src/Gui/CMakeFiles/FreeCADGui.dir/ViewProviderGeometryObject.cpp.o,1.531,1.462494,1.329353,0.10709,1.086563,0.445751,0.549101,0.055222,0.050158
src/3rdParty/WildMagic4/CMakeFiles/WildMagic4.dir/Wm4IntrLine3Plane3.cpp.o,1.53,1.468997,1.446253,0.016561,1.130831,0.397975,0.224162,0.007143,0.007946
src/3rdParty/OndselSolver/OndselSolver/CMakeFiles/OndselSolver.dir/Joint.cpp.o,1.53,1.471811,1.140116,0.3242,0.767608,0.297132,0.28235,0.224135,0.098345
src/Mod/Fem/App/CMakeFiles/Fem.dir/FemPostPipelinePyImp.cpp.o,1.529,1.463128,1.132987,0.309615,0.843271,0.288155,0.349191,0.186559,0.121074
src/3rdParty/WildMagic4/CMakeFiles/WildMagic4.dir/Wm4DistVector3Plane3.cpp.o,1.528,1.469247,1.435504,0.027603,1.112846,0.403485,0.2266,0.013786,0.012294
src/3rdParty/OndselSolver/OndselSolver/CMakeFiles/OndselSolver.dir/DistanceConstraintIqcJqc.cpp.o,1.528,1.479534,1.031625,0.441948,0.720631,0.2578,0.233896,0.271594,0.168825
src/Mod/Robot/Gui/CMakeFiles/RobotGui.dir/ViewProviderEdge2TracObject.cpp.o,1.526,1.456604,1.40811,0.028523,1.229327,0.336005,0.467644,0.014288,0.012497
src/App/CMakeFiles/FreeCADApp.dir/VRMLObject.cpp.o,1.521,1.457269,1.125646,0.311891,0.88991,0.361722,0.420438,0.193593,0.116669
src/Mod/TechDraw/Gui/CMakeFiles/TechDrawGui.dir/QGIDrawingTemplate.cpp.o,1.52,1.453821,1.363821,0.068745,1.142666,0.392027,0.474024,0.047032,0.019878
src/3rdParty/WildMagic4/CMakeFiles/WildMagic4.dir/Wm4ConvexHull.cpp.o,1.517,1.464124,1.439562,0.01833,1.12372,0.40434,0.227826,0.006418,0.010469
src/3rdParty/WildMagic4/CMakeFiles/WildMagic4.dir/Wm4DelPolygonEdge.cpp.o,1.517,1.460928,1.446676,0.007489,1.119573,0.408779,0.234726,0.002387,0.003348
src/Mod/Material/App/CMakeFiles/Materials.dir/MaterialFilterOptionsPyImp.cpp.o,1.517,1.428181,1.316909,0.090744,0.843223,0.590925,0.413409,0.052979,0.03604
src/Mod/TechDraw/App/CMakeFiles/TechDraw.dir/DrawPagePyImp.cpp.o,1.517,1.438908,1.231228,0.17047,0.969385,0.373628,0.459556,0.096987,0.071502
src/Mod/Fem/Gui/CMakeFiles/FemGui.dir/ViewProviderFemConstraintInitialTemperature.cpp.o,1.517,1.446733,1.380986,0.043868,1.21127,0.378684,0.521198,0.021601,0.020404
src/Gui/CMakeFiles/FreeCADGui.dir/CommandWindow.cpp.o,1.516,1.447474,1.326231,0.093589,1.097206,0.380312,0.533128,0.048885,0.042715
src/Gui/CMakeFiles/FreeCADGui.dir/Clipping.cpp.o,1.516,1.451126,1.273713,0.149937,0.970704,0.400079,0.550944,0.084008,0.064121
src/3rdParty/WildMagic4/CMakeFiles/WildMagic4.dir/Wm4DelTetrahedron.cpp.o,1.515,1.457246,1.430147,0.020811,1.124121,0.390895,0.22006,0.011473,0.00773
src/3rdParty/WildMagic4/CMakeFiles/WildMagic4.dir/Wm4IntrSegment3Box3.cpp.o,1.513,1.454784,1.427091,0.021371,1.111267,0.395634,0.219652,0.008995,0.010835
src/3rdParty/WildMagic4/CMakeFiles/WildMagic4.dir/Wm4Quaternion.cpp.o,1.512,1.452504,1.443886,0.002591,1.143629,0.38837,0.218519,0.0008,0.00029
src/3rdParty/WildMagic4/CMakeFiles/WildMagic4.dir/Wm4DistLine3Segment3.cpp.o,1.51,1.453593,1.414575,0.032373,1.090109,0.40535,0.22623,0.015826,0.014993
src/Mod/TechDraw/App/CMakeFiles/TechDraw.dir/DrawViewAnnotation.cpp.o,1.51,1.442131,1.209161,0.195987,0.965221,0.37875,0.453699,0.126552,0.067433
src/3rdParty/coin/src/rendering/CMakeFiles/rendering.dir/SoGLDriverDatabase.cpp.o,1.509,1.456596,1.130311,0.320597,0.508236,0.372115,0.175674,0.166769,0.152249
src/App/CMakeFiles/FreeCADApp.dir/LinkBaseExtensionPyImp.cpp.o,1.509,1.446953,1.080243,0.344958,0.824273,0.289254,0.343409,0.208821,0.134411
src/App/CMakeFiles/FreeCADApp.dir/GroupExtension.cpp.o,1.507,1.444997,1.049601,0.374839,0.688538,0.330155,0.371625,0.252065,0.121244
src/3rdParty/WildMagic4/CMakeFiles/WildMagic4.dir/Wm4Math.cpp.o,1.506,1.447976,1.438529,0.002834,1.114178,0.405109,0.227115,0.000927,0.000303
src/Mod/Fem/Gui/CMakeFiles/FemGui.dir/ViewProviderFemConstraintPlaneRotation.cpp.o,1.506,1.437369,1.352569,0.063355,1.17175,0.3733,0.507407,0.036695,0.024764
src/Mod/Sketcher/App/CMakeFiles/Sketcher.dir/planegcs/SubSystem.cpp.o,1.502,1.43516,0.927333,0.478174,0.492223,0.249117,0.18884,0.357692,0.118877
src/Base/CMakeFiles/FreeCADBase.dir/CrashReporter/CrashFramePyImp.cpp.o,1.501,1.447843,0.511089,0.92076,0.25171,0.123454,0.106468,0.606429,0.312611
src/3rdParty/WildMagic4/CMakeFiles/WildMagic4.dir/Wm4Intersector.cpp.o,1.501,1.439528,1.418658,0.014785,1.121429,0.379218,0.218495,0.004506,0.008795
src/3rdParty/WildMagic4/CMakeFiles/WildMagic4.dir/Wm4Surface.cpp.o,1.5,1.444413,1.431326,0.006445,1.115429,0.400098,0.223975,0.001972,0.002775
src/3rdParty/OndselSolver/OndselSolver/CMakeFiles/OndselSolver.dir/ASMTMarker.cpp.o,1.5,1.441031,1.066168,0.368374,0.755239,0.258318,0.269861,0.243588,0.123114
src/3rdParty/WildMagic4/CMakeFiles/WildMagic4.dir/Wm4Intersector1.cpp.o,1.498,1.443249,1.409906,0.027094,1.099303,0.392263,0.224854,0.010982,0.014652
src/3rdParty/WildMagic4/CMakeFiles/WildMagic4.dir/Wm4DelTriangle.cpp.o,1.497,1.440823,1.413676,0.021033,1.094586,0.40074,0.221952,0.011773,0.007665
src/Gui/CMakeFiles/FreeCADGui.dir/ViewProviderDatum.cpp.o,1.497,1.427431,1.329875,0.069075,1.113726,0.380815,0.51141,0.042437,0.024717
src/Mod/TechDraw/App/CMakeFiles/TechDraw.dir/DrawViewBalloon.cpp.o,1.494,1.421253,1.291928,0.088012,1.074286,0.3686,0.498849,0.057379,0.02847
src/Mod/Start/App/CMakeFiles/Start.dir/AppStart.cpp.o,1.493,1.43567,0.468166,0.954322,0.262724,0.063441,0.056484,0.623492,0.329029
src/3rdParty/OndselSolver/OndselSolver/CMakeFiles/OndselSolver.dir/GESpMatParPvPrecise.cpp.o,1.492,1.432889,1.059284,0.367176,0.725816,0.279219,0.245333,0.261612,0.104069
src/3rdParty/WildMagic4/CMakeFiles/WildMagic4.dir/Wm4Delaunay.cpp.o,1.491,1.437863,1.407816,0.023993,1.097358,0.390601,0.222846,0.010027,0.012409
src/Mod/TechDraw/Gui/CMakeFiles/TechDrawGui.dir/ViewProviderCosmeticExtension.cpp.o,1.489,1.423554,1.371536,0.030021,1.178931,0.373732,0.456378,0.014361,0.013898
src/Mod/Test/Gui/CMakeFiles/QtUnitGui.dir/UnitTestImp.cpp.o,1.486,1.421364,1.176128,0.230124,0.844787,0.295846,0.297322,0.137548,0.090717
src/3rdParty/salomesmesh/CMakeFiles/SMESH.dir/src/SMESH/SMESH_TryCatch.cpp.o,1.484,1.429559,1.399644,0.023435,1.074741,0.402258,0.237082,0.016069,0.005917
src/3rdParty/WildMagic4/CMakeFiles/WildMagic4.dir/Wm4DelPolyhedronFace.cpp.o,1.482,1.426674,1.411977,0.007498,1.100509,0.392684,0.234106,0.002012,0.003844
src/Mod/Assembly/App/CMakeFiles/Assembly.dir/SimulationGroupPyImp.cpp.o,1.482,1.419065,1.378577,0.024925,1.009303,0.310638,0.372662,0.015746,0.007464
src/3rdParty/WildMagic4/CMakeFiles/WildMagic4.dir/Wm4Matrix2.cpp.o,1.481,1.426223,1.417108,0.002495,1.104032,0.397275,0.21961,0.000722,0.000266
src/Mod/Fem/Gui/CMakeFiles/FemGui.dir/ViewProviderResult.cpp.o,1.481,1.415588,1.198724,0.194601,0.993647,0.320602,0.427404,0.118174,0.074453
src/3rdParty/WildMagic4/CMakeFiles/WildMagic4.dir/Wm4ApprGaussPointsFit3.cpp.o,1.48,1.425083,1.393808,0.025154,1.090843,0.382871,0.213068,0.013351,0.010308
src/Gui/CMakeFiles/FreeCADGui.dir/TextEdit.cpp.o,1.48,1.41641,0.832981,0.560114,0.157218,0.319342,0.246698,0.351197,0.20709
src/Mod/Part/Gui/CMakeFiles/PartGui.dir/Workbench.cpp.o,1.479,1.409418,1.218038,0.159767,1.001114,0.281543,0.396489,0.092612,0.065363
src/App/CMakeFiles/FreeCADApp.dir/CommandLine.cpp.o,1.478,1.424609,0.471324,0.937416,0.175966,0.181596,0.103994,0.580703,0.355086
src/3rdParty/WildMagic4/CMakeFiles/WildMagic4.dir/Wm4Vector4.cpp.o,1.473,1.419707,1.410628,0.002634,1.101744,0.39006,0.219612,0.00087,0.000273
src/Mod/Mesh/Gui/CMakeFiles/MeshGui.dir/ViewProviderMeshPyImp.cpp.o,1.473,1.40577,1.229943,0.156371,0.98119,0.307822,0.36609,0.098167,0.05649
src/Mod/Fem/App/CMakeFiles/Fem.dir/FemMeshObject.cpp.o,1.472,1.407215,1.284198,0.102649,1.096553,0.366422,0.473954,0.0526,0.048194
src/3rdParty/OndselSolver/OndselSolver/CMakeFiles/OndselSolver.dir/AngleZConstraintIqcJqc.cpp.o,1.469,1.416411,1.003697,0.406459,0.682948,0.261953,0.22061,0.267826,0.136771
src/3rdParty/libE57Format/CMakeFiles/E57Format.dir/src/FloatNodeImpl.cpp.o,1.468,1.412446,1.261766,0.144286,0.939826,0.383069,0.247282,0.089838,0.052922
src/App/CMakeFiles/FreeCADApp.dir/RecoverySnapshot.cpp.o,1.468,1.407012,1.233656,0.151267,0.99167,0.391402,0.464802,0.103008,0.046617
src/3rdParty/OndselSolver/OndselSolver/CMakeFiles/OndselSolver.dir/DirectionCosineConstraintIqcJqc.cpp.o,1.468,1.413154,1.029188,0.377692,0.715023,0.262453,0.234969,0.254523,0.12171
src/Base/CMakeFiles/FreeCADBase.dir/CrashReporter/Writer.cpp.o,1.467,1.414404,0.419958,0.978704,0.157018,0.106921,0.089244,0.651705,0.32532
src/Mod/Part/App/CMakeFiles/Part.dir/PartPyCXX.cpp.o,1.467,1.402193,1.339441,0.037372,1.18613,0.268314,0.326622,0.02792,0.00789
src/3rdParty/OndselSolver/OndselSolver/CMakeFiles/OndselSolver.dir/DistxyIeqcJeqc.cpp.o,1.467,1.413925,0.996216,0.411646,0.731987,0.225928,0.210341,0.256361,0.15365
src/Gui/CMakeFiles/FreeCADGui.dir/TextDocumentEditorView.cpp.o,1.46,1.398267,1.212343,0.158845,0.890833,0.452233,0.501829,0.103745,0.053036
src/Gui/CMakeFiles/FreeCADGui.dir/Thumbnail.cpp.o,1.458,1.389829,1.246521,0.115337,1.026089,0.410215,0.556508,0.076373,0.037199
src/Gui/CMakeFiles/FreeCADGui.dir/View3DSettings.cpp.o,1.457,1.391787,1.149451,0.216921,0.700378,0.299093,0.413275,0.13718,0.077941
src/Mod/Assembly/App/CMakeFiles/Assembly.dir/JointGroupPyImp.cpp.o,1.457,1.397414,1.358265,0.024985,0.998433,0.316354,0.371848,0.016296,0.007194
src/3rdParty/coin/src/engines/CMakeFiles/engines.dir/SoConvertAll.cpp.o,1.454,1.398491,0.846036,0.547393,0.002819,0.090807,0.043769,0.266962,0.278562
src/Gui/CMakeFiles/FreeCADGui.dir/CommandStructure.cpp.o,1.454,1.388668,1.290903,0.070708,1.086083,0.416297,0.540284,0.042434,0.026489
src/3rdParty/libE57Format/CMakeFiles/E57Format.dir/src/BlobNodeImpl.cpp.o,1.453,1.389141,1.231789,0.150849,0.922016,0.368199,0.241302,0.094365,0.054968
src/3rdParty/libE57Format/CMakeFiles/E57Format.dir/src/CompressedVectorNode.cpp.o,1.452,1.394766,1.235196,0.153209,0.888122,0.404239,0.261057,0.092986,0.058669
src/3rdParty/OndselSolver/OndselSolver/CMakeFiles/OndselSolver.dir/AtPointConstraintIqcJc.cpp.o,1.452,1.396095,1.027949,0.361691,0.717647,0.261328,0.241959,0.235453,0.124582
src/Mod/Fem/Gui/CMakeFiles/FemGui.dir/TaskObjectName.cpp.o,1.452,1.387231,1.30429,0.062641,1.089264,0.347064,0.482497,0.042434,0.01851
src/3rdParty/WildMagic4/CMakeFiles/WildMagic4.dir/Wm4Vector2.cpp.o,1.451,1.399128,1.390312,0.002744,1.093367,0.376928,0.21359,0.000791,0.000378
src/3rdParty/WildMagic4/CMakeFiles/WildMagic4.dir/Wm4Vector3.cpp.o,1.45,1.393154,1.384421,0.002435,1.081759,0.383929,0.215387,0.000768,0.000243
src/Mod/Part/App/CMakeFiles/Part.dir/LinkArrayPath.cpp.o,1.449,1.37912,1.265935,0.085459,1.036879,0.305809,0.368705,0.065229,0.018406
src/Mod/Robot/App/CMakeFiles/Robot.dir/RobotObject.cpp.o,1.449,1.387721,1.291666,0.078359,1.074377,0.394756,0.413349,0.043568,0.033004
src/3rdParty/OndselSolver/OndselSolver/CMakeFiles/OndselSolver.dir/ConstVelConstraintIqcJc.cpp.o,1.448,1.393699,1.02768,0.359256,0.724086,0.246679,0.234535,0.241445,0.116152
src/App/CMakeFiles/FreeCADApp.dir/FeaturePython.cpp.o,1.445,1.384028,0.792638,0.569578,0.609512,0.212776,0.240736,0.245742,0.32189
src/Mod/Part/App/CMakeFiles/Part.dir/LinkArrayCircular.cpp.o,1.445,1.379627,1.264281,0.088554,1.028142,0.315263,0.379441,0.065131,0.021166
src/Mod/Assembly/App/CMakeFiles/Assembly.dir/SnapshotGroupPyImp.cpp.o,1.445,1.382865,1.345351,0.023146,0.987466,0.307409,0.366962,0.014885,0.006677
src/Mod/Robot/Gui/CMakeFiles/RobotGui.dir/ViewProviderTrajectoryDressUp.cpp.o,1.445,1.38482,1.329082,0.037767,1.143486,0.332352,0.433766,0.023394,0.012423
src/3rdParty/libE57Format/CMakeFiles/E57Format.dir/src/Common.cpp.o,1.443,1.379875,1.330204,0.042946,1.013872,0.419349,0.250881,0.030228,0.011194
src/Mod/TechDraw/App/CMakeFiles/TechDraw.dir/DrawParametricTemplate.cpp.o,1.443,1.37719,1.163192,0.177192,0.917991,0.369416,0.428545,0.115757,0.059637
src/3rdParty/OndselSolver/OndselSolver/CMakeFiles/OndselSolver.dir/ASMTRotationalMotion.cpp.o,1.442,1.386913,1.189234,0.191104,0.836912,0.296768,0.331548,0.124273,0.065379
src/3rdParty/OndselSolver/OndselSolver/CMakeFiles/OndselSolver.dir/AngleZConstraintIqcJc.cpp.o,1.441,1.387615,0.989766,0.391836,0.690675,0.246426,0.21384,0.25764,0.132441
src/3rdParty/salomesmesh/CMakeFiles/Driver.dir/src/Driver/Driver_Mesh.cpp.o,1.439,1.383986,1.281718,0.095961,0.000683,0.377162,0.23414,0.069063,0.025351
src/3rdParty/OndselSolver/OndselSolver/CMakeFiles/OndselSolver.dir/SystemNewtonRaphson.cpp.o,1.438,1.384585,1.086268,0.292248,0.765725,0.268174,0.25446,0.191741,0.09901
src/Mod/Robot/App/CMakeFiles/Robot.dir/RobotObjectPyImp.cpp.o,1.438,1.376518,1.328779,0.030084,0.943322,0.326851,0.364227,0.018184,0.010215
src/Gui/CMakeFiles/FreeCADGui.dir/PythonWorkbenchPyImp.cpp.o,1.437,1.363335,1.135,0.201821,0.924057,0.330645,0.411321,0.098688,0.101153
src/Mod/Assembly/App/CMakeFiles/Assembly.dir/ViewGroupPyImp.cpp.o,1.437,1.378983,1.340049,0.024719,0.965903,0.314378,0.363483,0.015581,0.007421
src/3rdParty/libE57Format/CMakeFiles/E57Format.dir/src/IntegerNodeImpl.cpp.o,1.435,1.373352,1.234984,0.130588,0.907933,0.386343,0.243762,0.085586,0.043288
src/Mod/Material/App/CMakeFiles/Materials.dir/PyVariants.cpp.o,1.435,1.374553,1.262448,0.097435,0.800098,0.602035,0.414472,0.064642,0.03114
src/Mod/Assembly/App/CMakeFiles/Assembly.dir/BomGroupPyImp.cpp.o,1.434,1.372495,1.332272,0.025176,0.979013,0.299696,0.363174,0.016223,0.007204
src/Mod/CAM/App/CMakeFiles/Path.dir/PathSegmentWalker.cpp.o,1.431,1.363258,1.189446,0.145967,1.018545,0.278118,0.325225,0.090072,0.054301
src/3rdParty/libE57Format/CMakeFiles/E57Format.dir/src/ScaledIntegerNode.cpp.o,1.43,1.372289,1.250195,0.11591,0.909693,0.404021,0.248028,0.068845,0.045502
src/Mod/Spreadsheet/App/CMakeFiles/Spreadsheet.dir/Utils.cpp.o,1.428,1.369161,1.212302,0.138621,0.975725,0.353104,0.413287,0.103084,0.033712
src/Mod/Fem/Gui/CMakeFiles/FemGui.dir/ViewProviderFemMeshShape.cpp.o,1.427,1.356563,1.154927,0.18154,0.974305,0.300207,0.397772,0.109077,0.070756
src/3rdParty/libE57Format/CMakeFiles/E57Format.dir/src/E57SimpleData.cpp.o,1.426,1.366685,1.313012,0.04741,0.807425,0.408415,0.244973,0.022853,0.023067
src/Mod/Fem/Gui/CMakeFiles/FemGui.dir/ViewProviderSetNodes.cpp.o,1.426,1.354972,1.30404,0.030222,1.129711,0.345816,0.474472,0.014192,0.014216
src/Gui/CMakeFiles/FreeCADGui.dir/MDIViewPy.cpp.o,1.425,1.358135,0.985285,0.345359,0.749015,0.306976,0.316687,0.207355,0.136065
src/Mod/Part/App/CMakeFiles/Part.dir/LinkArrayPoint.cpp.o,1.423,1.353012,1.237378,0.086543,1.00321,0.309564,0.363805,0.06629,0.018308
src/3rdParty/OndselSolver/OndselSolver/CMakeFiles/OndselSolver.dir/AllowZRotationConstraintIqctJqc.cpp.o,1.421,1.370223,1.042186,0.321728,0.735163,0.262571,0.246812,0.206741,0.113353
src/Mod/Measure/Gui/CMakeFiles/MeasureGui.dir/QuickMeasurePyImp.cpp.o,1.421,1.351186,1.269567,0.049128,1.077541,0.30991,0.442977,0.039107,0.008216
src/3rdParty/coin/src/draggers/CMakeFiles/draggers.dir/SoTransformerDragger.cpp.o,1.42,1.367593,0.792166,0.570489,0.000483,0.073606,0.03976,0.172101,0.396649
src/3rdParty/libE57Format/CMakeFiles/E57Format.dir/src/StringNodeImpl.cpp.o,1.417,1.361049,1.248877,0.10597,0.930454,0.386175,0.247024,0.072714,0.031625
src/Mod/ReverseEngineering/App/CMakeFiles/ReverseEngineering.dir/SurfaceTriangulation.cpp.o,1.409,1.348788,1.329293,0.003653,1.173149,0.482454,0.497222,0.001722,0.000283
src/3rdParty/OndselSolver/OndselSolver/CMakeFiles/OndselSolver.dir/VelICSolver.cpp.o,1.408,1.354273,1.014918,0.332765,0.675381,0.276875,0.226857,0.234453,0.096776
src/Mod/ReverseEngineering/App/CMakeFiles/ReverseEngineering.dir/ApproxSurface.cpp.o,1.407,1.353186,0.517615,0.823917,0.221756,0.189462,0.124839,0.467088,0.35517
src/Mod/TechDraw/App/CMakeFiles/TechDraw.dir/DrawViewCollection.cpp.o,1.407,1.343448,1.097153,0.210807,0.848412,0.28642,0.340639,0.14745,0.06176
src/Mod/Sketcher/Gui/CMakeFiles/SketcherGui.dir/TaskSketcherCreateCommands.cpp.o,1.406,1.34316,1.277506,0.043675,1.047667,0.33783,0.455627,0.029412,0.012361
src/Gui/CMakeFiles/FreeCADGui.dir/Inventor/SoFCBoundingBox.cpp.o,1.405,1.335982,1.195746,0.112059,0.961784,0.427283,0.529917,0.060769,0.049334
src/3rdParty/OndselSolver/OndselSolver/CMakeFiles/OndselSolver.dir/OrbitAngleZIeqcJeqc.cpp.o,1.404,1.350623,0.998668,0.345538,0.721876,0.232161,0.212888,0.212144,0.131851
src/Mod/Mesh/App/CMakeFiles/Mesh.dir/Core/IO/ReaderOBJ.cpp.o,1.403,1.350259,0.692017,0.643714,0.314452,0.339757,0.189574,0.443414,0.198777
src/Mod/TechDraw/App/CMakeFiles/TechDraw.dir/DrawViewPyImp.cpp.o,1.403,1.32503,1.190177,0.089606,0.967365,0.338662,0.452076,0.059879,0.027975
src/3rdParty/OndselSolver/OndselSolver/CMakeFiles/OndselSolver.dir/DirectionCosineConstraintIqcJc.cpp.o,1.401,1.346375,1.030627,0.309674,0.735723,0.25277,0.238868,0.196053,0.112026
src/3rdParty/salomesmesh/CMakeFiles/SMESH.dir/src/SMESH/DriverGMF.cpp.o,1.399,1.340237,1.293672,0.040131,0.944662,0.448427,0.264691,0.029281,0.009274
src/3rdParty/OndselSolver/OndselSolver/CMakeFiles/OndselSolver.dir/ConstraintSet.cpp.o,1.398,1.344563,0.956688,0.381803,0.627059,0.237811,0.193196,0.248546,0.131621
src/Mod/Fem/Gui/CMakeFiles/FemGui.dir/ViewProviderSetElementNodes.cpp.o,1.396,1.322523,1.272306,0.028495,1.105377,0.33173,0.462175,0.014288,0.012439
src/Mod/Import/App/CMakeFiles/Import.dir/WriterStep.cpp.o,1.393,1.32769,1.171282,0.132961,0.968233,0.247269,0.307241,0.086712,0.044452
src/Gui/CMakeFiles/FreeCADGui.dir/Dialogs/DlgPreferencePackManagementImp.cpp.o,1.392,1.327858,1.003883,0.298209,0.648963,0.341599,0.353772,0.198872,0.097392
src/Mod/Fem/Gui/CMakeFiles/FemGui.dir/ViewProviderFemPostPipelinePyImp.cpp.o,1.389,1.319441,1.26141,0.037354,1.087541,0.366627,0.433934,0.021329,0.014342
src/Mod/TechDraw/Gui/CMakeFiles/TechDrawGui.dir/TemplateTextField.cpp.o,1.389,1.321139,1.238436,0.06107,0.986489,0.312305,0.417331,0.040051,0.019489
src/Mod/Fem/Gui/CMakeFiles/FemGui.dir/ViewProviderFemConstraintPyImp.cpp.o,1.387,1.320954,1.193769,0.107416,1.017666,0.291743,0.415576,0.064995,0.040539
src/Base/CMakeFiles/FreeCADBase.dir/Observer.cpp.o,1.385,1.338751,0.406583,0.917352,0.182013,0.128365,0.083588,0.607154,0.30863
src/Gui/CMakeFiles/FreeCADGui.dir/Selection/SelectionObjectPyImp.cpp.o,1.385,1.314057,1.109331,0.177979,0.902932,0.30376,0.388059,0.098118,0.077668
src/3rdParty/libE57Format/CMakeFiles/E57Format.dir/src/Node.cpp.o,1.384,1.328113,1.150134,0.170095,0.846189,0.368973,0.230958,0.088365,0.079506
src/3rdParty/coin/src/vrml97/CMakeFiles/vrml97.dir/JS_VRMLClasses.cpp.o,1.382,1.329676,0.742558,0.582144,0.004177,0.094846,0.040186,0.284974,0.295051
src/3rdParty/libE57Format/CMakeFiles/E57Format.dir/src/SourceDestBuffer.cpp.o,1.381,1.32519,1.203384,0.116181,0.906085,0.374225,0.241143,0.062827,0.05183
src/3rdParty/libE57Format/CMakeFiles/E57Format.dir/src/StructureNode.cpp.o,1.381,1.322696,1.202677,0.114185,0.894121,0.370646,0.244099,0.067551,0.045096
src/3rdParty/OndselSolver/OndselSolver/CMakeFiles/OndselSolver.dir/ASMTPart.cpp.o,1.377,1.324505,1.092479,0.225596,0.793536,0.262679,0.255955,0.138029,0.085992
src/Gui/CMakeFiles/FreeCADGui.dir/OnlineDocumentation.cpp.o,1.376,1.308551,0.955925,0.327927,0.616975,0.294506,0.316695,0.207195,0.118369
src/3rdParty/OndselSolver/OndselSolver/CMakeFiles/OndselSolver.dir/GearJoint.cpp.o,1.376,1.324103,1.034037,0.283724,0.75926,0.23628,0.237187,0.183617,0.09832
src/3rdParty/OndselSolver/OndselSolver/CMakeFiles/OndselSolver.dir/ASMTTranslationalMotion.cpp.o,1.375,1.322471,1.149857,0.164914,0.815092,0.283874,0.310118,0.104737,0.058625
src/Mod/Fem/Gui/CMakeFiles/FemGui.dir/ViewProviderFemMeshShapeNetgen.cpp.o,1.375,1.307865,1.254315,0.032872,1.041991,0.340008,0.443055,0.015978,0.014984
src/3rdParty/OndselSolver/OndselSolver/CMakeFiles/OndselSolver.dir/PosICNewtonRaphson.cpp.o,1.374,1.31959,1.10711,0.205525,0.734427,0.283776,0.280045,0.140969,0.062991
src/Gui/CMakeFiles/FreeCADGui.dir/TaskDlgRelocation.cpp.o,1.373,1.305985,1.177909,0.1013,0.936413,0.332495,0.476968,0.041413,0.057857
src/3rdParty/libE57Format/CMakeFiles/E57Format.dir/src/VectorNodeImpl.cpp.o,1.37,1.311694,1.192726,0.112541,0.890872,0.364346,0.233706,0.070775,0.040187
src/3rdParty/libE57Format/CMakeFiles/E57Format.dir/src/FloatNode.cpp.o,1.367,1.305895,1.20582,0.094182,0.909077,0.368336,0.249789,0.059051,0.033681
src/App/CMakeFiles/FreeCADApp.dir/Datums.cpp.o,1.367,1.306633,0.992245,0.294039,0.703055,0.285256,0.320678,0.188699,0.103409
src/3rdParty/OndselSolver/OndselSolver/CMakeFiles/OndselSolver.dir/DistIeqcJeqc.cpp.o,1.363,1.310775,0.930752,0.373826,0.664577,0.227305,0.189124,0.250194,0.12209
src/Mod/Fem/App/CMakeFiles/Fem.dir/FemPostGroupExtension.cpp.o,1.363,1.290768,1.146617,0.119319,0.913207,0.288836,0.369925,0.086681,0.03087
src/3rdParty/libE57Format/CMakeFiles/E57Format.dir/src/StringNode.cpp.o,1.362,1.301525,1.203914,0.091904,0.90806,0.367333,0.235068,0.058912,0.031309
src/3rdParty/OndselSolver/OndselSolver/CMakeFiles/OndselSolver.dir/AtPointConstraintIqcJqc.cpp.o,1.362,1.311033,1.02396,0.281026,0.718187,0.261993,0.230631,0.184919,0.094694
src/Mod/TechDraw/App/CMakeFiles/TechDraw.dir/DrawParametricTemplatePyImp.cpp.o,1.36,1.292499,1.141067,0.113844,0.903037,0.363474,0.428419,0.088282,0.023748
src/3rdParty/OndselSolver/OndselSolver/CMakeFiles/OndselSolver.dir/AngleZIeqcJeqc.cpp.o,1.359,1.310226,1.019096,0.285228,0.741867,0.243327,0.228661,0.187597,0.096065
src/Mod/Import/App/CMakeFiles/Import.dir/WriterIges.cpp.o,1.357,1.297014,1.19,0.084844,0.976213,0.243076,0.311491,0.061193,0.022124
src/Mod/TechDraw/App/CMakeFiles/TechDraw.dir/DrawBrokenViewPyImp.cpp.o,1.355,1.288946,1.184428,0.068363,0.929824,0.347632,0.453691,0.04936,0.01732
src/Mod/TechDraw/App/CMakeFiles/TechDraw.dir/LineNameEnum.cpp.o,1.354,1.289119,1.185139,0.067339,0.983699,0.339047,0.454819,0.056365,0.009211
src/Mod/Part/App/CMakeFiles/Part.dir/FCBRepAlgoAPI_BooleanOperation.cpp.o,1.353,1.295622,0.283483,0.991729,0.002316,0.041499,0.031606,0.650767,0.33934
src/3rdParty/libE57Format/CMakeFiles/E57Format.dir/src/VectorNode.cpp.o,1.352,1.298056,1.18294,0.109369,0.868245,0.379235,0.242058,0.063866,0.044016
src/3rdParty/libE57Format/CMakeFiles/E57Format.dir/src/IntegerNode.cpp.o,1.351,1.294732,1.194661,0.093595,0.893629,0.369795,0.242566,0.059091,0.032925
src/3rdParty/libE57Format/CMakeFiles/E57Format.dir/src/SectionHeaders.cpp.o,1.347,1.28826,1.184047,0.097967,0.895063,0.357007,0.229187,0.058446,0.037898
src/Gui/CMakeFiles/FreeCADGui.dir/WorkbenchManager.cpp.o,1.347,1.278385,1.116877,0.133915,0.83622,0.327559,0.43621,0.100994,0.031096
src/3rdParty/OndselSolver/OndselSolver/CMakeFiles/OndselSolver.dir/QuasiIntegrator.cpp.o,1.347,1.289691,1.096417,0.18638,0.755344,0.297016,0.273901,0.120241,0.06454
src/Mod/TechDraw/Gui/CMakeFiles/TechDrawGui.dir/QGICaption.cpp.o,1.347,1.278559,1.185658,0.07167,0.994178,0.268267,0.385033,0.043131,0.026831
src/3rdParty/libE57Format/CMakeFiles/E57Format.dir/src/BlobNode.cpp.o,1.344,1.283121,1.179712,0.097652,0.865456,0.381157,0.239321,0.060601,0.035539
src/Gui/CMakeFiles/FreeCADGui.dir/Language/Translator.cpp.o,1.344,1.281987,0.757512,0.502386,0.325614,0.230228,0.232034,0.338941,0.16178
src/Mod/Inspection/Gui/CMakeFiles/InspectionGui.dir/Workbench.cpp.o,1.344,1.27707,1.235441,0.025494,1.081246,0.314199,0.411504,0.015246,0.008473
src/Mod/Part/App/CMakeFiles/Part.dir/OCCTMessagePrinter.cpp.o,1.341,1.283707,0.299254,0.963296,0.001854,0.075881,0.041916,0.646382,0.315228
src/Mod/TechDraw/App/CMakeFiles/TechDraw.dir/DrawProjGroupPyImp.cpp.o,1.341,1.273328,1.143902,0.089306,0.929128,0.339646,0.426324,0.056879,0.030684
src/Gui/CMakeFiles/FreeCADGui.dir/ViewProviderGeoFeatureGroup.cpp.o,1.34,1.274315,1.064657,0.185162,0.888051,0.308134,0.380848,0.105694,0.077806
src/3rdParty/libE57Format/CMakeFiles/E57Format.dir/src/DecodeChannel.cpp.o,1.339,1.277334,1.221332,0.050009,0.913028,0.382341,0.256608,0.028516,0.020039
src/Gui/CMakeFiles/FreeCADGui.dir/Selection/SelectionObserverPython.cpp.o,1.338,1.265792,1.048551,0.190934,0.85066,0.324073,0.382938,0.087657,0.101324
src/3rdParty/OndselSolver/OndselSolver/CMakeFiles/OndselSolver.dir/VelKineSolver.cpp.o,1.337,1.285501,1.032844,0.246392,0.690654,0.28836,0.231552,0.178453,0.066525
src/3rdParty/salomesmesh/CMakeFiles/SMDS.dir/src/SMDS/SMDS_FacePosition.cpp.o,1.336,1.278293,1.264521,0.007874,0.273959,0.375406,0.230534,0.002516,0.003895
src/Mod/CAM/App/CMakeFiles/Path.dir/CommandPyImp.cpp.o,1.335,1.268439,0.807148,0.435759,0.307582,0.224925,0.171853,0.261326,0.172744
src/Mod/Start/App/CMakeFiles/Start.dir/FileUtilities.cpp.o,1.331,1.274724,0.326013,0.93608,0.105562,0.108148,0.07086,0.620492,0.313694
src/3rdParty/salomesmesh/CMakeFiles/SMESH.dir/src/SMESH/SMESH_Exception.cpp.o,1.328,1.268017,1.22002,0.042035,0.878086,0.404336,0.206628,0.030721,0.009856
src/Mod/TechDraw/App/CMakeFiles/TechDraw.dir/DrawGeomHatchPyImp.cpp.o,1.328,1.258357,1.144856,0.074979,0.930533,0.391397,0.440923,0.053125,0.020198
src/3rdParty/OndselSolver/OndselSolver/CMakeFiles/OndselSolver.dir/OrbitAngleZIeqcJec.cpp.o,1.327,1.276904,1.007775,0.263302,0.747882,0.228477,0.212862,0.168023,0.093732
src/3rdParty/OndselSolver/OndselSolver/CMakeFiles/OndselSolver.dir/ASMTLimit.cpp.o,1.325,1.270558,1.12449,0.139759,0.830516,0.262073,0.296856,0.080117,0.058187
src/3rdParty/OndselSolver/OndselSolver/CMakeFiles/OndselSolver.dir/PosICDragNewtonRaphson.cpp.o,1.325,1.271828,1.00763,0.257741,0.69344,0.25902,0.22834,0.176646,0.079608
src/Gui/CMakeFiles/FreeCADGui.dir/WorkbenchPyImp.cpp.o,1.323,1.254979,1.087131,0.140484,0.887705,0.32757,0.412118,0.074338,0.064383
src/3rdParty/OndselSolver/OndselSolver/CMakeFiles/OndselSolver.dir/FullMotion.cpp.o,1.323,1.271729,1.073881,0.191236,0.747696,0.293381,0.253233,0.11649,0.07317
src/3rdParty/OndselSolver/OndselSolver/CMakeFiles/OndselSolver.dir/GESpMatFullPv.cpp.o,1.323,1.268827,0.8436,0.419439,0.556263,0.217995,0.14868,0.304499,0.113366
src/Mod/ReverseEngineering/Gui/CMakeFiles/ReverseEngineeringGui.dir/Workbench.cpp.o,1.323,1.252369,1.190331,0.044194,1.02282,0.302674,0.386845,0.02292,0.019462
src/Mod/Sketcher/Gui/CMakeFiles/SketcherGui.dir/ViewProviderSketchGeometryExtension.cpp.o,1.322,1.256524,1.2058,0.03096,1.031266,0.321175,0.306427,0.021661,0.007647
src/3rdParty/salomesmesh/CMakeFiles/SMDS.dir/src/SMDS/SMDS_VertexPosition.cpp.o,1.318,1.25733,1.24476,0.005695,0.266417,0.372728,0.228332,0.002001,0.002039
src/3rdParty/OndselSolver/OndselSolver/CMakeFiles/OndselSolver.dir/AccNewtonRaphson.cpp.o,1.317,1.268683,1.105091,0.156969,0.786451,0.272471,0.269323,0.104062,0.051369
src/Mod/TechDraw/Gui/CMakeFiles/TechDrawGui.dir/ViewProviderSpreadsheet.cpp.o,1.317,1.24741,1.175727,0.052434,1.000971,0.295176,0.39116,0.028247,0.022306
src/Mod/Surface/Gui/CMakeFiles/SurfaceGui.dir/Workbench.cpp.o,1.316,1.253672,1.202575,0.034456,1.045808,0.303269,0.40054,0.018871,0.013873
src/3rdParty/OndselSolver/OndselSolver/CMakeFiles/OndselSolver.dir/DistxyIeqcJec.cpp.o,1.315,1.261893,0.978642,0.277148,0.714196,0.231869,0.213694,0.179454,0.096121
src/Mod/Import/Gui/CMakeFiles/ImportGui.dir/Workbench.cpp.o,1.314,1.249693,1.185808,0.032578,1.001178,0.286055,0.394748,0.027122,0.003712
src/Mod/CAM/App/CMakeFiles/Path.dir/FeaturePathCompound.cpp.o,1.313,1.250119,1.013217,0.208419,0.704066,0.355205,0.319585,0.13198,0.074697
src/Gui/CMakeFiles/FreeCADGui.dir/Inventor/So3DAnnotation.cpp.o,1.311,1.24198,0.924775,0.290492,0.710039,0.343069,0.372277,0.189921,0.098931
src/3rdParty/libE57Format/CMakeFiles/E57Format.dir/src/ImageFile.cpp.o,1.309,1.253445,1.159696,0.087325,0.851366,0.370819,0.237751,0.049935,0.035716
src/Mod/Points/Gui/CMakeFiles/PointsGui.dir/Workbench.cpp.o,1.309,1.248828,1.190099,0.042822,1.044695,0.29762,0.3997,0.024214,0.016809
src/Mod/Material/Gui/CMakeFiles/MatGui.dir/AppearancePreview.cpp.o,1.308,1.24555,1.184646,0.041379,1.036355,0.314043,0.467075,0.01794,0.021546
src/Gui/CMakeFiles/FreeCADGui.dir/AxisOrigin.cpp.o,1.305,1.238112,1.021217,0.191821,0.777556,0.347913,0.4525,0.121271,0.068738
src/Mod/TechDraw/Gui/CMakeFiles/TechDrawGui.dir/QGIViewImage.cpp.o,1.305,1.237337,1.172977,0.04489,1.009005,0.284002,0.376689,0.024641,0.018572
src/3rdParty/libE57Format/CMakeFiles/E57Format.dir/src/E57SimpleWriter.cpp.o,1.304,1.245635,1.16486,0.074383,0.869341,0.361582,0.232592,0.045691,0.027072
src/3rdParty/OndselSolver/OndselSolver/CMakeFiles/OndselSolver.dir/AngleZIeqcJec.cpp.o,1.304,1.255044,1.021172,0.227591,0.755652,0.239898,0.22314,0.149752,0.076239
src/3rdParty/salomesmesh/CMakeFiles/SMDS.dir/src/SMDS/SMDS_Position.cpp.o,1.303,1.244774,1.228997,0.007355,0.257979,0.376386,0.227374,0.002311,0.002774
src/3rdParty/salomesmesh/CMakeFiles/DriverSTL.dir/src/DriverSTL/SMESH_File.cpp.o,1.303,1.252283,1.167693,0.07891,0.509759,0.381997,0.23965,0.050756,0.026697
src/Mod/CAM/App/CMakeFiles/Path.dir/Command.cpp.o,1.302,1.241819,0.709106,0.507602,0.392956,0.279231,0.220736,0.331852,0.174137
src/Mod/TechDraw/Gui/CMakeFiles/TechDrawGui.dir/ViewProviderDrawingViewExtension.cpp.o,1.302,1.237009,1.183289,0.033155,1.032327,0.259425,0.378754,0.015225,0.015795
src/Gui/CMakeFiles/FreeCADGui.dir/ViewParams.cpp.o,1.3,1.238978,0.705099,0.510088,0.460556,0.285167,0.245756,0.30247,0.205711
src/Mod/CAM/App/CMakeFiles/Path.dir/FeaturePathCompoundPyImp.cpp.o,1.3,1.23743,1.131169,0.078535,0.734581,0.319556,0.353078,0.038315,0.038468
src/Mod/TechDraw/App/CMakeFiles/TechDraw.dir/DrawProjGroupItemPyImp.cpp.o,1.299,1.231453,1.138334,0.053293,0.933631,0.344581,0.439751,0.041666,0.010121
src/Base/CMakeFiles/FreeCADBase.dir/PyException.cpp.o,1.298,1.247746,0.396464,0.836532,0.150746,0.111908,0.080158,0.555148,0.279938
src/Base/CMakeFiles/FreeCADBase.dir/Sequencer.cpp.o,1.296,1.246283,0.293956,0.937296,0.001603,0.083387,0.05795,0.618002,0.317734
src/Gui/CMakeFiles/FreeCADGui.dir/UiLoader.cpp.o,1.296,1.228943,0.73702,0.4665,0.417801,0.199001,0.235741,0.252554,0.211573
src/3rdParty/OndselSolver/OndselSolver/CMakeFiles/OndselSolver.dir/DispCompIeqctJeqcIe.cpp.o,1.294,1.239188,0.942996,0.290078,0.688172,0.219961,0.187135,0.179968,0.10841
src/3rdParty/coin/src/misc/CMakeFiles/misc.dir/SoType.cpp.o,1.292,1.234448,1.096476,0.132624,0.008346,0.392477,0.193213,0.070302,0.060757
src/3rdParty/OndselSolver/OndselSolver/CMakeFiles/OndselSolver.dir/EndFramec.cpp.o,1.292,1.242245,1.016421,0.219726,0.749569,0.237076,0.222033,0.150923,0.067133
src/Mod/TechDraw/App/CMakeFiles/TechDraw.dir/GeomFormatPyImp.cpp.o,1.288,1.22472,1.1074,0.079982,0.892397,0.351737,0.420053,0.052978,0.025301
src/Mod/TechDraw/Gui/CMakeFiles/TechDrawGui.dir/ViewProviderImage.cpp.o,1.288,1.224753,1.162548,0.041941,1.015913,0.281923,0.381263,0.0193,0.020659
src/3rdParty/libE57Format/CMakeFiles/E57Format.dir/src/CompressedVectorReader.cpp.o,1.287,1.225419,1.178138,0.040874,0.883093,0.372788,0.247448,0.024096,0.015226
src/3rdParty/coin/src/scxml/CMakeFiles/scxml.dir/ScXMLStateElt.cpp.o,1.286,1.230446,0.956987,0.267902,0.46824,0.186437,0.144548,0.185929,0.080418
src/3rdParty/OndselSolver/OndselSolver/CMakeFiles/OndselSolver.dir/DistIeqcJec.cpp.o,1.286,1.232037,0.955589,0.268906,0.67648,0.244572,0.194682,0.178305,0.08904
src/Mod/Sketcher/Gui/CMakeFiles/SketcherGui.dir/EditModeCoinManagerParameters.cpp.o,1.286,1.217013,1.173139,0.02368,1.021347,0.321349,0.332264,0.017127,0.004882
src/3rdParty/OndselSolver/OndselSolver/CMakeFiles/OndselSolver.dir/AnyPosICNewtonRaphson.cpp.o,1.285,1.232349,0.991882,0.234488,0.689293,0.256813,0.221189,0.161241,0.071608
src/3rdParty/OndselSolver/OndselSolver/CMakeFiles/OndselSolver.dir/DispCompIeqcJecIe.cpp.o,1.283,1.229529,0.961357,0.262473,0.690525,0.232865,0.191628,0.172347,0.088542
src/Gui/CMakeFiles/FreeCADGui.dir/Dialogs/DlgCreateNewPreferencePackImp.cpp.o,1.281,1.20807,0.763413,0.421698,0.327865,0.246924,0.210483,0.287766,0.132024
src/3rdParty/OndselSolver/OndselSolver/CMakeFiles/OndselSolver.dir/ASMTPrincipalMassMarker.cpp.o,1.28,1.226206,1.002159,0.218107,0.731239,0.239815,0.216439,0.157736,0.058832
src/Mod/Spreadsheet/Gui/CMakeFiles/SpreadsheetGui.dir/SheetTableViewAccessibleInterface.cpp.o,1.279,1.213692,1.179104,0.015462,1.035239,0.296867,0.380606,0.009462,0.004439
src/Base/CMakeFiles/FreeCADBase.dir/Uuid.cpp.o,1.278,1.222738,0.316352,0.88954,0.122812,0.088179,0.035614,0.590996,0.29702
src/Mod/TechDraw/App/CMakeFiles/TechDraw.dir/CosmeticExtensionPyImp.cpp.o,1.278,1.211738,1.119308,0.051196,0.915783,0.325121,0.439193,0.042201,0.007325
src/3rdParty/salomesmesh/CMakeFiles/SMDS.dir/src/SMDS/SMDS_EdgePosition.cpp.o,1.276,1.220127,1.207851,0.006254,0.252106,0.355257,0.215317,0.0021,0.002552
src/3rdParty/libE57Format/CMakeFiles/E57Format.dir/src/CompressedVectorWriter.cpp.o,1.272,1.209483,1.156433,0.046899,0.872495,0.359696,0.236896,0.0257,0.019364
src/Mod/Fem/Gui/CMakeFiles/FemGui.dir/FemGui_autogen/mocs_compilation.cpp.o,1.271,1.207129,1.148615,0.038311,0.0,0.319656,0.406385,0.018081,0.018469
src/Gui/CMakeFiles/FreeCADGui.dir/Inventor/SoFCPlacementIndicatorKit.cpp.o,1.27,1.205944,1.109026,0.072694,0.896116,0.453504,0.408663,0.035555,0.03548
src/Gui/CMakeFiles/FreeCADGui.dir/SoFCColorBarNotifier.cpp.o,1.27,1.212678,0.538467,0.650898,0.282581,0.160165,0.159403,0.635339,0.013681
src/Gui/CMakeFiles/FreeCADGui.dir/ViewProviderPoint.cpp.o,1.268,1.201596,1.141641,0.030436,0.985869,0.318499,0.433129,0.013492,0.015127
src/3rdParty/OndselSolver/OndselSolver/CMakeFiles/OndselSolver.dir/DispCompIeqcJeqcKeqct.cpp.o,1.267,1.216413,0.947232,0.263416,0.684103,0.227304,0.190787,0.170561,0.091259
src/3rdParty/coin/src/scxml/CMakeFiles/scxml.dir/ScXMLParallelElt.cpp.o,1.266,1.214834,0.926799,0.281917,0.444062,0.185342,0.13893,0.198199,0.082067
src/Mod/MeshPart/Gui/CMakeFiles/MeshPartGui.dir/Workbench.cpp.o,1.265,1.200966,1.164939,0.01934,1.002328,0.300429,0.381768,0.012554,0.00525
src/Mod/Spreadsheet/App/CMakeFiles/Spreadsheet.dir/SheetParameter.cpp.o,1.263,1.203829,0.802922,0.385978,0.560243,0.339757,0.286722,0.258744,0.125295
src/Mod/Import/App/CMakeFiles/Import.dir/ReaderIges.cpp.o,1.261,1.20209,1.101329,0.078063,0.932492,0.235463,0.288578,0.056104,0.020436
src/Mod/Fem/App/CMakeFiles/Fem.dir/FemMeshProperty.cpp.o,1.261,1.194199,1.120116,0.054668,0.948652,0.371666,0.454645,0.03127,0.021623
src/3rdParty/coin/src/scxml/CMakeFiles/scxml.dir/ScXMLStateMachine.cpp.o,1.259,1.20452,0.938859,0.259644,0.502346,0.150721,0.104632,0.175237,0.08288
src/3rdParty/OndselSolver/OndselSolver/CMakeFiles/OndselSolver.dir/EulerConstraint.cpp.o,1.259,1.20513,1.012661,0.186362,0.735353,0.248417,0.229686,0.131526,0.05341
src/Mod/Fem/App/CMakeFiles/Fem.dir/FemResultObject.cpp.o,1.259,1.197319,0.993817,0.184437,0.729743,0.312549,0.321837,0.111835,0.071002
src/Mod/Material/Gui/CMakeFiles/MatGui.dir/Workbench.cpp.o,1.257,1.192974,1.151254,0.022424,1.019549,0.26784,0.414754,0.013392,0.007427
src/Mod/ReverseEngineering/App/CMakeFiles/ReverseEngineering.dir/Segmentation.cpp.o,1.254,1.190472,1.171097,0.00388,1.023289,0.402433,0.432203,0.001923,0.000278
src/3rdParty/OndselSolver/OndselSolver/CMakeFiles/OndselSolver.dir/DispCompIeqcJecKeqc.cpp.o,1.252,1.201103,0.952154,0.242805,0.694924,0.224897,0.194014,0.167844,0.073312
src/3rdParty/coin/src/nodes/CMakeFiles/nodes.dir/SoExtSelection.cpp.o,1.25,1.195407,0.872464,0.316645,0.001383,0.078829,0.044612,0.166097,0.148914
src/App/CMakeFiles/FreeCADApp.dir/DocumentSettings.cpp.o,1.25,1.191006,0.904718,0.265689,0.706998,0.255674,0.331268,0.180381,0.083384
src/3rdParty/OndselSolver/OndselSolver/CMakeFiles/OndselSolver.dir/TranslationConstraintIqctJqc.cpp.o,1.25,1.195243,1.00778,0.181216,0.739307,0.240262,0.224802,0.111659,0.068101
src/3rdParty/OndselSolver/OndselSolver/CMakeFiles/OndselSolver.dir/ASMTConstraintSet.cpp.o,1.247,1.192254,1.043235,0.142727,0.788325,0.240953,0.259806,0.094042,0.046972
src/Mod/Fem/App/CMakeFiles/Fem.dir/FemPostFilterPyImp.cpp.o,1.246,1.184701,1.045441,0.119617,0.831011,0.246123,0.326512,0.068967,0.048943
src/3rdParty/OndselSolver/OndselSolver/CMakeFiles/OndselSolver.dir/DispCompIecJecKeqc.cpp.o,1.244,1.188542,0.953515,0.229313,0.693493,0.225649,0.191539,0.156074,0.071617
src/Gui/CMakeFiles/FreeCADGui.dir/ViewProviderInventorObject.cpp.o,1.242,1.177134,1.056729,0.092777,0.845312,0.300169,0.374771,0.057922,0.033255
src/3rdParty/OndselSolver/OndselSolver/CMakeFiles/OndselSolver.dir/RevRevJoint.cpp.o,1.241,1.188853,1.027887,0.154935,0.719176,0.284297,0.246959,0.096545,0.056878
src/3rdParty/OndselSolver/OndselSolver/CMakeFiles/OndselSolver.dir/ASMTConstantGravity.cpp.o,1.239,1.187278,1.027325,0.153054,0.758725,0.240507,0.257262,0.110219,0.041166
src/Mod/Measure/App/CMakeFiles/Measure.dir/Preferences.cpp.o,1.239,1.180217,1.118227,0.039987,0.974187,0.22975,0.294248,0.028244,0.010203
src/3rdParty/salomesmesh/CMakeFiles/SMESHDS.dir/src/SMESHDS/SMESHDS_Command.cpp.o,1.238,1.185401,1.090494,0.089313,0.519169,0.39648,0.229191,0.049575,0.038104
src/3rdParty/OndselSolver/OndselSolver/CMakeFiles/OndselSolver.dir/DirectionCosineIeqcJeqc.cpp.o,1.238,1.182751,0.963289,0.213303,0.696996,0.232809,0.194821,0.146766,0.064956
src/Mod/Robot/App/CMakeFiles/Robot.dir/kdl_cp/rigidbodyinertia.cpp.o,1.238,1.180911,0.864701,0.297873,0.0,0.474984,0.552764,0.280019,0.016036
src/3rdParty/OndselSolver/OndselSolver/CMakeFiles/OndselSolver.dir/DispCompIeqcJeqcKeqc.cpp.o,1.234,1.18335,0.938857,0.238947,0.678942,0.226535,0.191038,0.166085,0.071373
src/Mod/Part/Gui/CMakeFiles/PartGui.dir/PatternPointParametersWidget.cpp.o,1.234,1.165247,1.010352,0.124248,0.785235,0.269076,0.342621,0.094236,0.028297
src/Mod/CAM/App/CMakeFiles/Path.dir/PropertyPath.cpp.o,1.234,1.168958,1.093749,0.046188,0.901411,0.372159,0.416297,0.025901,0.018638
src/Gui/CMakeFiles/FreeCADGui.dir/Flag.cpp.o,1.231,1.16517,0.977962,0.161142,0.700408,0.327426,0.404995,0.094872,0.064475
src/3rdParty/OndselSolver/OndselSolver/CMakeFiles/OndselSolver.dir/Product.cpp.o,1.23,1.180019,0.886232,0.288285,0.661384,0.175205,0.156743,0.19143,0.095405
src/Gui/CMakeFiles/FreeCADGui.dir/Inventor/SoNaviCube.cpp.o,1.229,1.165074,0.461786,0.681629,0.055514,0.132179,0.073812,0.414817,0.265245
src/3rdParty/coin/src/shadows/CMakeFiles/shadows.dir/SoShadowGroup.cpp.o,1.228,1.173884,0.863271,0.304376,0.000368,0.075965,0.04214,0.134822,0.167872
src/App/CMakeFiles/FreeCADApp.dir/MeasureManager.cpp.o,1.228,1.170075,0.972297,0.178283,0.745409,0.2634,0.339171,0.10631,0.070285
src/Mod/Fem/Gui/CMakeFiles/FemGui.dir/ViewProviderShapeExtensionPyImp.cpp.o,1.227,1.158123,1.0709,0.067725,0.884805,0.276816,0.386039,0.045625,0.020125
src/Mod/TechDraw/Gui/CMakeFiles/TechDrawGui.dir/QGITemplate.cpp.o,1.226,1.161184,1.120111,0.022158,0.919766,0.296121,0.358338,0.012171,0.008305
src/Gui/CMakeFiles/FreeCADGui.dir/MainWindowPy.cpp.o,1.224,1.160996,0.659399,0.47881,0.390002,0.161985,0.176638,0.301254,0.175607
src/3rdParty/OndselSolver/OndselSolver/CMakeFiles/OndselSolver.dir/DispCompIeqcJeqcIe.cpp.o,1.224,1.174661,0.902607,0.266467,0.651695,0.21503,0.179746,0.176225,0.088653
src/Gui/CMakeFiles/FreeCADGui.dir/TransactionObject.cpp.o,1.221,1.152698,1.116429,0.010045,0.957637,0.356705,0.494793,0.003656,0.004872
src/3rdParty/OndselSolver/OndselSolver/CMakeFiles/OndselSolver.dir/DifferenceOperator.cpp.o,1.221,1.165332,0.993418,0.165883,0.597387,0.233354,0.224174,0.119224,0.045045
src/3rdParty/OndselSolver/OndselSolver/CMakeFiles/OndselSolver.dir/Symbolic.cpp.o,1.221,1.168368,0.914849,0.245964,0.658992,0.20326,0.181769,0.150457,0.093577
src/Mod/ReverseEngineering/App/CMakeFiles/ReverseEngineering.dir/RegionGrowing.cpp.o,1.215,1.154177,1.136121,0.003427,0.984451,0.39794,0.414141,0.001611,0.000279
src/3rdParty/OndselSolver/OndselSolver/CMakeFiles/OndselSolver.dir/DispCompIeqctJeqcKeqct.cpp.o,1.214,1.163077,0.947928,0.209383,0.693914,0.226796,0.186795,0.13161,0.076128
src/3rdParty/coin/src/3ds/CMakeFiles/3ds.dir/3dsLoader.cpp.o,1.212,1.161976,0.706093,0.450584,0.000399,0.071802,0.039873,0.268528,0.180471
src/3rdParty/salomesmesh/CMakeFiles/DriverUNV.dir/src/DriverUNV/DriverUNV_W_SMESHDS_Mesh.cpp.o,1.212,1.147919,1.138099,0.002334,0.0,0.088091,0.137458,0.000143,0.00021
src/3rdParty/OndselSolver/OndselSolver/CMakeFiles/OndselSolver.dir/Sum.cpp.o,1.21,1.161524,0.874958,0.281375,0.657258,0.167959,0.154106,0.190478,0.089445
src/3rdParty/coin/src/shaders/CMakeFiles/shaders.dir/SoShaderParameter.cpp.o,1.209,1.151218,0.828539,0.317297,0.004807,0.074171,0.041259,0.132343,0.183347
src/3rdParty/OndselSolver/OndselSolver/CMakeFiles/OndselSolver.dir/ASMTRefItem.cpp.o,1.206,1.153275,1.033522,0.113662,0.750789,0.262311,0.242407,0.078845,0.033366
src/3rdParty/OndselSolver/OndselSolver/CMakeFiles/OndselSolver.dir/DispCompIeqcJecO.cpp.o,1.206,1.1533,0.965671,0.181673,0.709407,0.23377,0.196904,0.131838,0.048151
src/3rdParty/OndselSolver/OndselSolver/CMakeFiles/OndselSolver.dir/ASMTAllowRotation.cpp.o,1.205,1.152007,1.068767,0.076539,0.800046,0.247842,0.273089,0.050086,0.024886
src/Mod/ReverseEngineering/App/CMakeFiles/ReverseEngineering.dir/SampleConsensus.cpp.o,1.203,1.139275,1.120114,0.003795,0.963734,0.394021,0.408779,0.001827,0.000318
src/3rdParty/OndselSolver/OndselSolver/CMakeFiles/OndselSolver.dir/ASMTJoint.cpp.o,1.202,1.150161,1.048785,0.094671,0.771716,0.256723,0.249866,0.059411,0.033712
src/3rdParty/coin/src/vrml97/CMakeFiles/vrml97.dir/Extrusion.cpp.o,1.201,1.146055,0.77883,0.361743,0.000888,0.079475,0.04278,0.192869,0.167364
src/Mod/TechDraw/Gui/CMakeFiles/TechDrawGui.dir/QGIViewCollection.cpp.o,1.201,1.135266,1.093708,0.022094,0.947729,0.255398,0.356405,0.014229,0.006338
src/Mod/Surface/App/CMakeFiles/Surface.dir/Blending/BlendCurve.cpp.o,1.2,1.139569,0.926159,0.19441,0.758207,0.208327,0.154044,0.12757,0.065096
src/Mod/Mesh/App/CMakeFiles/Mesh.dir/Core/SetOperations.cpp.o,1.197,1.145776,0.590511,0.540693,0.260248,0.299819,0.192036,0.368345,0.170822
src/Mod/TechDraw/App/CMakeFiles/TechDraw.dir/DrawViewDraft.cpp.o,1.197,1.134648,0.944213,0.155361,0.66603,0.235958,0.299472,0.097982,0.055842
src/3rdParty/OndselSolver/OndselSolver/CMakeFiles/OndselSolver.dir/AtPointJoint.cpp.o,1.196,1.145735,0.996797,0.142954,0.706467,0.270239,0.23429,0.093579,0.047801
src/3rdParty/coin/src/shapenodes/CMakeFiles/shapenodes.dir/SoTriangleStripSet.cpp.o,1.195,1.141159,0.830506,0.305778,0.00053,0.114861,0.041504,0.149383,0.154858
src/Mod/Fem/App/CMakeFiles/Fem.dir/FemPostBranchFilter.cpp.o,1.195,1.131286,1.034061,0.07914,0.850759,0.261984,0.323883,0.048097,0.029197
src/Gui/CMakeFiles/FreeCADGui.dir/WorkbenchFactory.cpp.o,1.194,1.12037,1.056682,0.038352,0.887931,0.317177,0.40661,0.028892,0.00786
src/Mod/CAM/App/CMakeFiles/tsp_solver.dir/tsp_solver.cpp.o,1.194,1.141242,0.603052,0.534147,0.080433,0.12863,0.064964,0.375645,0.157109
src/3rdParty/OndselSolver/OndselSolver/CMakeFiles/OndselSolver.dir/DispCompIeqctJeqcO.cpp.o,1.19,1.135486,0.957512,0.172015,0.70719,0.230544,0.193099,0.117162,0.053299
src/3rdParty/OndselSolver/OndselSolver/CMakeFiles/OndselSolver.dir/Translation.cpp.o,1.19,1.14014,1.008804,0.125141,0.722451,0.267513,0.234115,0.082017,0.041556
src/Mod/Fem/App/CMakeFiles/Fem.dir/FemPostBranchFilterPyImp.cpp.o,1.189,1.128411,1.045796,0.064542,0.856321,0.254255,0.349597,0.034473,0.028702
src/Gui/CMakeFiles/FreeCADGui.dir/DownloadManager.cpp.o,1.188,1.122221,0.779109,0.318626,0.327365,0.246662,0.214016,0.197795,0.11927
src/3rdParty/libE57Format/CMakeFiles/E57Format.dir/src/E57SimpleReader.cpp.o,1.187,1.132039,1.108192,0.018007,0.825194,0.354018,0.229138,0.007187,0.00937
src/3rdParty/OndselSolver/OndselSolver/CMakeFiles/OndselSolver.dir/ASMTAngleJoint.cpp.o,1.185,1.133008,1.041671,0.084043,0.766525,0.252251,0.244853,0.056202,0.026155
src/3rdParty/coin/src/actions/CMakeFiles/actions.dir/SoToVRMLAction.cpp.o,1.184,1.132462,0.888577,0.238539,0.000389,0.078764,0.040562,0.123853,0.113123
src/3rdParty/coin/src/scxml/CMakeFiles/scxml.dir/ScXMLEventTarget.cpp.o,1.184,1.13393,0.942266,0.18595,0.46108,0.144714,0.121026,0.130497,0.05373
src/3rdParty/OndselSolver/OndselSolver/CMakeFiles/OndselSolver.dir/DirectionCosineIeqcJec.cpp.o,1.182,1.131657,0.935414,0.19052,0.679018,0.226996,0.187249,0.134402,0.054398
src/3rdParty/OndselSolver/OndselSolver/CMakeFiles/OndselSolver.dir/ZTranslation.cpp.o,1.182,1.130822,1.014727,0.109994,0.729896,0.265322,0.230432,0.069535,0.039073
src/3rdParty/coin/src/shapenodes/CMakeFiles/shapenodes.dir/SoLineSet.cpp.o,1.181,1.127131,0.806691,0.3157,0.000264,0.11112,0.038991,0.158851,0.155306
src/Gui/CMakeFiles/FreeCADGui.dir/Navigation/MayaGestureNavigationStyle.cpp.o,1.18,1.116637,1.039014,0.05345,0.588649,0.272867,0.442272,0.025728,0.025812
src/Gui/CMakeFiles/FreeCADGui.dir/ViewProviderOriginGroup.cpp.o,1.179,1.113156,1.05496,0.032801,0.907495,0.294791,0.386831,0.014302,0.016873
src/Mod/Sketcher/App/CMakeFiles/Sketcher.dir/Measure.cpp.o,1.179,1.1099,1.06709,0.011638,0.908423,0.303718,0.39348,0.00608,0.003954
src/Mod/Surface/App/CMakeFiles/Surface.dir/Blending/BlendCurvePyImp.cpp.o,1.179,1.115829,0.942954,0.150951,0.547654,0.213813,0.152022,0.110394,0.038944
src/Base/CMakeFiles/FreeCADBase.dir/CrashReporter/FaultCodes.cpp.o,1.176,1.12553,0.261737,0.849804,0.059939,0.048161,0.058086,0.556802,0.29152
src/3rdParty/OndselSolver/OndselSolver/CMakeFiles/OndselSolver.dir/Polynomial.cpp.o,1.174,1.119437,0.890596,0.223254,0.687607,0.165057,0.155163,0.136868,0.084944
src/Gui/CMakeFiles/FreeCADGui.dir/SoDatumLabel.cpp.o,1.172,1.10961,0.568855,0.5192,0.146455,0.143797,0.090854,0.280965,0.236664
src/Gui/CMakeFiles/FreeCADGui.dir/MenuManager.cpp.o,1.172,1.105625,0.795213,0.287419,0.506645,0.301558,0.321244,0.180378,0.104847
src/Mod/Fem/App/CMakeFiles/Fem.dir/FemPostFunction.cpp.o,1.172,1.111561,1.011871,0.081636,0.841631,0.238521,0.332949,0.035692,0.044075
src/Mod/TechDraw/App/CMakeFiles/TechDraw.dir/DrawRichAnno.cpp.o,1.172,1.107335,0.945013,0.126575,0.747433,0.243262,0.32073,0.079116,0.045786
src/Mod/Part/Gui/CMakeFiles/PartGui.dir/PatternReferenceWidget.cpp.o,1.171,1.105565,0.964805,0.111427,0.729627,0.259597,0.330499,0.088553,0.020969
src/3rdParty/coin/src/draggers/CMakeFiles/draggers.dir/SoHandleBoxDragger.cpp.o,1.169,1.117777,0.706923,0.406063,0.000468,0.074958,0.03865,0.092446,0.312255
src/Gui/CMakeFiles/FreeCADGui.dir/SoFCOffscreenRenderer.cpp.o,1.165,1.099255,0.697784,0.376908,0.457721,0.129685,0.152003,0.22704,0.148282
src/3rdParty/OndselSolver/OndselSolver/CMakeFiles/OndselSolver.dir/PrescribedMotion.cpp.o,1.165,1.11065,0.974356,0.13027,0.69464,0.254071,0.210131,0.087778,0.040937
src/3rdParty/coin/src/rendering/CMakeFiles/rendering.dir/SoGLImage.cpp.o,1.162,1.10806,0.81863,0.284382,0.051945,0.08729,0.071488,0.159448,0.123399
src/3rdParty/OndselSolver/OndselSolver/CMakeFiles/OndselSolver.dir/DirectionCosineIeqctJeqc.cpp.o,1.162,1.108365,0.932237,0.169959,0.688683,0.218681,0.186843,0.09461,0.073854
src/3rdParty/OndselSolver/OndselSolver/CMakeFiles/OndselSolver.dir/RevCylJoint.cpp.o,1.162,1.114479,1.025843,0.082389,0.753047,0.25821,0.236248,0.051392,0.029473
src/3rdParty/OndselSolver/OndselSolver/CMakeFiles/OndselSolver.dir/VectorNewtonRaphson.cpp.o,1.162,1.108885,0.989979,0.112765,0.739202,0.233683,0.238412,0.077602,0.033676
src/3rdParty/OndselSolver/OndselSolver/CMakeFiles/OndselSolver.dir/ASMTRackPinionJoint.cpp.o,1.16,1.106598,1.01524,0.085075,0.733785,0.258334,0.244389,0.056394,0.027245
src/3rdParty/OndselSolver/OndselSolver/CMakeFiles/OndselSolver.dir/ASMTScrewJoint.cpp.o,1.159,1.109317,1.018026,0.085084,0.748315,0.246442,0.236291,0.05614,0.027159
src/Gui/CMakeFiles/FreeCADGui.dir/ComboLinks.cpp.o,1.157,1.092753,0.954448,0.114115,0.76521,0.258705,0.316703,0.077123,0.035073
src/Mod/Sketcher/App/CMakeFiles/Sketcher.dir/GeometryFacadePyImp.cpp.o,1.157,1.091246,0.73636,0.325712,0.514379,0.156053,0.152954,0.167532,0.156546
src/Mod/Robot/App/CMakeFiles/Robot.dir/TrajectoryCompound.cpp.o,1.157,1.099004,1.004258,0.078872,0.800747,0.301488,0.317471,0.051471,0.025795
src/3rdParty/coin/src/profiler/CMakeFiles/profiler.dir/SoNodeVisualize.cpp.o,1.155,1.100264,0.946025,0.146997,0.026189,0.095225,0.055088,0.072859,0.072579
src/3rdParty/salomesmesh/CMakeFiles/SMDS.dir/src/SMDS/Utils_SALOME_Exception.cpp.o,1.155,1.100583,1.055115,0.040064,0.735175,0.376508,0.185787,0.030248,0.008412
src/Mod/Part/App/CMakeFiles/Part.dir/BezierSurfacePyImp.cpp.o,1.155,1.092046,0.606738,0.463061,0.399113,0.115912,0.084561,0.222593,0.238742
src/Gui/CMakeFiles/FreeCADGui.dir/Navigation/NavigationStateChart.cpp.o,1.153,1.082017,0.999986,0.057144,0.840426,0.291811,0.424355,0.033109,0.022158
src/3rdParty/OndselSolver/OndselSolver/CMakeFiles/OndselSolver.dir/InPlaneJoint.cpp.o,1.153,1.101163,0.982805,0.112186,0.711312,0.256256,0.223874,0.071201,0.039231
src/Base/CMakeFiles/FreeCADBase.dir/Placement.cpp.o,1.152,1.103545,0.223983,0.86522,0.017898,0.060936,0.021739,0.569162,0.294495
src/3rdParty/OndselSolver/OndselSolver/CMakeFiles/OndselSolver.dir/ASMTParallelAxesJoint.cpp.o,1.152,1.098969,1.040479,0.052276,0.776822,0.254512,0.24453,0.033402,0.017408
src/Gui/CMakeFiles/FreeCADGui.dir/MouseSelection.cpp.o,1.151,1.085796,0.901859,0.159849,0.716042,0.296635,0.381424,0.080262,0.077803
src/3rdParty/OndselSolver/OndselSolver/CMakeFiles/OndselSolver.dir/ASMTRotationLimit.cpp.o,1.15,1.098641,1.049805,0.042616,0.805095,0.235915,0.263913,0.026929,0.014278
src/3rdParty/salomesmesh/CMakeFiles/StdMeshers.dir/src/StdMeshers/StdMeshers_Reversible1D.cpp.o,1.148,1.09105,1.038115,0.046765,0.0,0.377516,0.217273,0.035397,0.009868
src/Mod/Fem/App/CMakeFiles/Fem.dir/FemAnalysis.cpp.o,1.148,1.087423,0.922922,0.145671,0.738144,0.240179,0.298288,0.070275,0.073635
src/3rdParty/OndselSolver/OndselSolver/CMakeFiles/OndselSolver.dir/ASMTCylSphJoint.cpp.o,1.147,1.093797,1.036361,0.051199,0.76559,0.261107,0.241787,0.032038,0.017676
src/Gui/CMakeFiles/FreeCADGui.dir/TaskView/TaskEditControl.cpp.o,1.147,1.083534,1.043681,0.014874,0.84668,0.309254,0.398183,0.006911,0.006375
src/3rdParty/OndselSolver/OndselSolver/CMakeFiles/OndselSolver.dir/ParallelAxesJoint.cpp.o,1.145,1.093178,1.007563,0.079786,0.740339,0.255012,0.244149,0.051541,0.02677
src/Mod/Sketcher/App/CMakeFiles/Sketcher.dir/planegcs/Constraints.cpp.o,1.145,1.085009,0.313172,0.744072,0.058711,0.087493,0.057348,0.426387,0.316066
src/Mod/TechDraw/App/CMakeFiles/TechDraw.dir/DrawSVGTemplatePyImp.cpp.o,1.144,1.071606,0.91988,0.114807,0.704739,0.242736,0.319361,0.07977,0.033141
src/3rdParty/OndselSolver/OndselSolver/CMakeFiles/OndselSolver.dir/ASMTCompoundJoint.cpp.o,1.143,1.088458,1.024873,0.057226,0.759719,0.252739,0.246111,0.035695,0.019933
src/3rdParty/OndselSolver/OndselSolver/CMakeFiles/OndselSolver.dir/AbsConstraint.cpp.o,1.142,1.087212,1.012639,0.067621,0.758938,0.241051,0.226667,0.046072,0.019988
src/3rdParty/OndselSolver/OndselSolver/CMakeFiles/OndselSolver.dir/ASMTPlanarJoint.cpp.o,1.142,1.089581,1.03095,0.052548,0.743823,0.277502,0.245958,0.033361,0.017639
src/Mod/Fem/App/CMakeFiles/Fem.dir/FemSolverObject.cpp.o,1.142,1.079444,0.924035,0.137349,0.707274,0.267492,0.294392,0.079314,0.056364
src/3rdParty/OndselSolver/OndselSolver/CMakeFiles/OndselSolver.dir/InLineJoint.cpp.o,1.141,1.089295,0.976919,0.106664,0.710364,0.2519,0.221471,0.069194,0.036031
src/3rdParty/OndselSolver/OndselSolver/CMakeFiles/OndselSolver.dir/ExternalSystem.cpp.o,1.14,1.086985,1.038542,0.042278,0.794001,0.240287,0.257289,0.023179,0.017737
src/Mod/Sketcher/App/CMakeFiles/Sketcher.dir/ExternalGeometryFacadePyImp.cpp.o,1.14,1.074966,0.725018,0.322079,0.504309,0.15274,0.153732,0.170022,0.150496
src/3rdParty/OndselSolver/OndselSolver/CMakeFiles/OndselSolver.dir/LDUFullMat.cpp.o,1.138,1.087882,0.754898,0.327815,0.549811,0.159675,0.119195,0.221011,0.105073
src/3rdParty/OndselSolver/OndselSolver/CMakeFiles/OndselSolver.dir/PosKineNewtonRaphson.cpp.o,1.138,1.081027,0.980667,0.094423,0.704543,0.248837,0.216038,0.059598,0.033388
src/Mod/Assembly/Gui/CMakeFiles/AssemblyGui.dir/qrc_Assembly_translation.cpp.o,1.137,1.08284,1.064369,0.007284,0.0,0.0,0.0,0.002643,0.003326
src/Mod/TechDraw/Gui/CMakeFiles/TechDrawGui.dir/ViewProviderTemplateExtension.cpp.o,1.137,1.070105,1.022527,0.028847,0.871001,0.264637,0.330188,0.012368,0.014847
src/3rdParty/OndselSolver/OndselSolver/CMakeFiles/OndselSolver.dir/ASMTConstantVelocityJoint.cpp.o,1.136,1.074366,1.015618,0.052046,0.765466,0.24046,0.235322,0.03305,0.017532
src/Mod/Sketcher/Gui/CMakeFiles/SketcherGui.dir/qrc_Sketcher.cpp.o,1.136,1.08548,1.0679,0.006759,0.0,0.0,0.0,0.002356,0.003121
src/Mod/TechDraw/Gui/CMakeFiles/TechDrawGui.dir/ViewProviderTile.cpp.o,1.136,1.073067,1.031568,0.023024,0.897432,0.263807,0.333012,0.01082,0.010742
src/3rdParty/coin/src/shapenodes/CMakeFiles/shapenodes.dir/SoFaceSet.cpp.o,1.135,1.082591,0.805122,0.271913,0.000452,0.091869,0.04128,0.143671,0.126748
src/3rdParty/OndselSolver/OndselSolver/CMakeFiles/OndselSolver.dir/ASMTLineInPlaneJoint.cpp.o,1.134,1.077491,1.018719,0.052591,0.76672,0.242264,0.23687,0.034483,0.016672
src/3rdParty/OndselSolver/OndselSolver/CMakeFiles/OndselSolver.dir/ASMTNoRotationJoint.cpp.o,1.133,1.082357,1.014134,0.061732,0.762345,0.239372,0.240165,0.040609,0.019325
src/Mod/Fem/Gui/CMakeFiles/FemGui.dir/FemSelectionGate.cpp.o,1.133,1.064586,1.037742,0.007434,0.905173,0.267329,0.369621,0.003268,0.002798
src/Gui/CMakeFiles/FreeCADGui.dir/ViewProviderTextDocument.cpp.o,1.132,1.06755,0.95926,0.081475,0.773291,0.291511,0.384611,0.045475,0.034245
src/3rdParty/OndselSolver/OndselSolver/CMakeFiles/OndselSolver.dir/BasicIntegrator.cpp.o,1.131,1.07853,0.991293,0.080669,0.721722,0.249253,0.227431,0.056559,0.02258
src/3rdParty/OndselSolver/OndselSolver/CMakeFiles/OndselSolver.dir/ASMTRevoluteJoint.cpp.o,1.129,1.076593,1.017375,0.052858,0.760319,0.247195,0.237955,0.033474,0.017866
src/Mod/Robot/App/CMakeFiles/Robot.dir/TrajectoryObject.cpp.o,1.129,1.06734,1.029735,0.022143,0.885821,0.250821,0.279233,0.008467,0.01199
src/3rdParty/OndselSolver/OndselSolver/CMakeFiles/OndselSolver.dir/Orientation.cpp.o,1.128,1.075305,0.986146,0.082752,0.731363,0.241929,0.223626,0.051552,0.029772
src/Mod/Spreadsheet/App/CMakeFiles/Spreadsheet.dir/PropertySheetPyImp.cpp.o,1.128,1.071354,0.991184,0.064251,0.825621,0.277156,0.332471,0.034051,0.028579
src/3rdParty/OndselSolver/OndselSolver/CMakeFiles/OndselSolver.dir/AngleJoint.cpp.o,1.127,1.078304,0.994436,0.077727,0.726532,0.254826,0.229779,0.049802,0.026449
src/3rdParty/salomesmesh/CMakeFiles/StdMeshers.dir/src/StdMeshers/StdMeshers_LayerDistribution2D.cpp.o,1.127,1.072357,1.04346,0.023555,0.01281,0.390037,0.216626,0.015025,0.006932
src/3rdParty/salomesmesh/CMakeFiles/SMESHDS.dir/src/SMESHDS/SMESHDS_Script.cpp.o,1.126,1.073987,1.021809,0.046905,0.492645,0.360644,0.215862,0.023981,0.021372
src/3rdParty/salomesmesh/CMakeFiles/DriverUNV.dir/src/DriverUNV/DriverUNV_W_SMESHDS_Document.cpp.o,1.125,1.050812,1.030568,0.005242,0.0,0.100038,0.135964,0.000396,0.000353
src/3rdParty/OndselSolver/OndselSolver/CMakeFiles/OndselSolver.dir/ASMTRevRevJoint.cpp.o,1.125,1.063474,1.006,0.050863,0.753402,0.243225,0.236702,0.031986,0.017333
src/3rdParty/OndselSolver/OndselSolver/CMakeFiles/OndselSolver.dir/DirectionCosineConstraintIqctJqc.cpp.o,1.125,1.069009,0.964902,0.098263,0.712791,0.235808,0.222343,0.05773,0.039077
src/3rdParty/salomesmesh/CMakeFiles/StdMeshers.dir/src/StdMeshers/StdMeshers_LayerDistribution.cpp.o,1.125,1.069034,1.017315,0.046324,0.012944,0.396018,0.203512,0.030823,0.014002
src/3rdParty/libE57Format/CMakeFiles/E57Format.dir/src/StringFunctions.cpp.o,1.123,1.062946,0.975537,0.081974,0.683757,0.355447,0.186793,0.060206,0.020328
src/3rdParty/OndselSolver/OndselSolver/CMakeFiles/OndselSolver.dir/ASMTPointInPlaneJoint.cpp.o,1.123,1.070866,1.006283,0.058901,0.771632,0.222978,0.218483,0.039021,0.018453
src/3rdParty/OndselSolver/OndselSolver/CMakeFiles/OndselSolver.dir/AtPointConstraintIqctJqc.cpp.o,1.123,1.070299,0.969603,0.094895,0.71512,0.237422,0.219746,0.055027,0.038322
src/3rdParty/OndselSolver/OndselSolver/CMakeFiles/OndselSolver.dir/PlanarJoint.cpp.o,1.123,1.072118,0.982888,0.083069,0.724232,0.244001,0.22533,0.054965,0.026656
src/Mod/Fem/App/CMakeFiles/Fem.dir/FemConstraintForce.cpp.o,1.123,1.059467,0.954088,0.085658,0.732024,0.270737,0.321416,0.057561,0.02646
src/3rdParty/OndselSolver/OndselSolver/CMakeFiles/OndselSolver.dir/ZRotation.cpp.o,1.122,1.067641,0.981583,0.079339,0.715338,0.251267,0.228071,0.051813,0.026061
src/3rdParty/OndselSolver/OndselSolver/CMakeFiles/OndselSolver.dir/ASMTMotion.cpp.o,1.121,1.066481,0.992051,0.068267,0.745493,0.23213,0.232472,0.042682,0.024031
src/3rdParty/OndselSolver/OndselSolver/CMakeFiles/OndselSolver.dir/RevoluteJoint.cpp.o,1.121,1.06943,0.987066,0.076089,0.730476,0.244416,0.225278,0.048074,0.026568
src/3rdParty/OndselSolver/OndselSolver/CMakeFiles/OndselSolver.dir/AllowZRotation.cpp.o,1.12,1.071303,0.993555,0.072313,0.727926,0.24794,0.227542,0.046046,0.024838
src/App/CMakeFiles/FreeCADApp.dir/TranslationQtBridge.cpp.o,1.12,1.066028,0.691107,0.357899,0.13146,0.304832,0.2398,0.250884,0.10547
src/3rdParty/OndselSolver/OndselSolver/CMakeFiles/OndselSolver.dir/ASMTCylindricalJoint.cpp.o,1.12,1.06722,0.99993,0.06121,0.747956,0.238961,0.228415,0.040632,0.019101
src/3rdParty/OndselSolver/OndselSolver/CMakeFiles/OndselSolver.dir/NoRotationJoint.cpp.o,1.12,1.068359,0.979821,0.08214,0.714954,0.251544,0.229653,0.050823,0.02984
src/Gui/CMakeFiles/FreeCADGui.dir/ComboView.cpp.o,1.118,1.051991,1.002957,0.02077,0.814201,0.344358,0.458961,0.0076,0.011366
src/3rdParty/OndselSolver/OndselSolver/CMakeFiles/OndselSolver.dir/TranslationConstraintIJ.cpp.o,1.117,1.063049,0.983692,0.072831,0.720703,0.251284,0.222913,0.042274,0.028985
src/3rdParty/OndselSolver/OndselSolver/CMakeFiles/OndselSolver.dir/ASMTSphericalJoint.cpp.o,1.115,1.065101,0.997883,0.061325,0.741114,0.244414,0.232145,0.04011,0.019765
src/3rdParty/OndselSolver/OndselSolver/CMakeFiles/OndselSolver.dir/TranslationalJoint.cpp.o,1.115,1.060666,0.971861,0.082102,0.710623,0.247353,0.225988,0.052733,0.027883
src/3rdParty/coin/src/caches/CMakeFiles/caches.dir/SoPrimitiveVertexCache.cpp.o,1.114,1.063242,0.738916,0.319162,0.005607,0.080964,0.040282,0.191007,0.126705
src/3rdParty/OndselSolver/OndselSolver/CMakeFiles/OndselSolver.dir/UniversalJoint.cpp.o,1.114,1.062257,0.982988,0.073027,0.727722,0.243401,0.222344,0.047686,0.02387
src/Mod/Fem/App/CMakeFiles/Fem.dir/FemConstraintContact.cpp.o,1.114,1.053704,0.949962,0.085547,0.726257,0.308445,0.320612,0.050952,0.033011
src/3rdParty/OndselSolver/OndselSolver/CMakeFiles/OndselSolver.dir/Item.cpp.o,1.113,1.062007,0.850218,0.206645,0.692637,0.137831,0.146604,0.095175,0.109755
src/3rdParty/OndselSolver/OndselSolver/CMakeFiles/OndselSolver.dir/ASMTTranslationalJoint.cpp.o,1.112,1.061345,0.989372,0.065536,0.729361,0.24692,0.231143,0.04468,0.019178
src/Mod/Mesh/App/CMakeFiles/Mesh.dir/Core/IO/Reader3MF.cpp.o,1.111,1.061624,0.534107,0.511887,0.23301,0.269968,0.179639,0.328134,0.182007
src/3rdParty/coin/src/scxml/CMakeFiles/scxml.dir/ScXMLScxmlElt.cpp.o,1.109,1.058293,0.881928,0.169883,0.46353,0.14826,0.109154,0.120412,0.048055
src/3rdParty/OndselSolver/OndselSolver/CMakeFiles/OndselSolver.dir/VelSolver.cpp.o,1.109,1.056081,0.982796,0.067617,0.730118,0.240169,0.243407,0.040238,0.025871
src/Mod/CAM/App/CMakeFiles/Path.dir/FeaturePath.cpp.o,1.109,1.040237,0.925664,0.086467,0.738827,0.276527,0.29825,0.042713,0.042042
src/3rdParty/coin/src/nodekits/CMakeFiles/nodekits.dir/SoBaseKit.cpp.o,1.108,1.058537,0.749209,0.304664,0.001693,0.079248,0.05225,0.146728,0.156247
src/3rdParty/libE57Format/CMakeFiles/E57Format.dir/src/E57Exception.cpp.o,1.107,1.048286,0.992511,0.050187,0.678053,0.357116,0.183462,0.031956,0.016752
src/3rdParty/OndselSolver/OndselSolver/CMakeFiles/OndselSolver.dir/ASMTAnimationParameters.cpp.o,1.107,1.048308,0.979386,0.062736,0.731327,0.236841,0.222632,0.043857,0.017397
src/3rdParty/OndselSolver/OndselSolver/CMakeFiles/OndselSolver.dir/CylindricalJoint.cpp.o,1.107,1.053322,0.970097,0.077281,0.715543,0.242224,0.221641,0.049313,0.026444
src/3rdParty/OndselSolver/OndselSolver/CMakeFiles/OndselSolver.dir/PiecewiseFunction.cpp.o,1.107,1.054091,0.845974,0.203022,0.662445,0.154723,0.139039,0.135047,0.066623
src/3rdParty/OndselSolver/OndselSolver/CMakeFiles/OndselSolver.dir/PosICDragLimitNewtonRaphson.cpp.o,1.104,1.053317,0.975854,0.071619,0.715521,0.241175,0.213378,0.04652,0.023642
src/3rdParty/OndselSolver/OndselSolver/CMakeFiles/OndselSolver.dir/ASMTRevCylJoint.cpp.o,1.101,1.047452,0.990381,0.051024,0.740803,0.239617,0.228673,0.032612,0.016932
src/3rdParty/OndselSolver/OndselSolver/CMakeFiles/OndselSolver.dir/ASMTUniversalJoint.cpp.o,1.101,1.052805,0.984855,0.061616,0.73884,0.23366,0.228237,0.041,0.01914
src/Mod/Robot/Gui/CMakeFiles/RobotGui.dir/ViewProviderTrajectoryCompound.cpp.o,1.101,1.038487,0.991228,0.032346,0.818493,0.268302,0.324389,0.018295,0.01245
src/3rdParty/OndselSolver/OndselSolver/CMakeFiles/OndselSolver.dir/FixedJoint.cpp.o,1.1,1.047166,0.962284,0.078439,0.710955,0.238816,0.218379,0.049585,0.02742
src/3rdParty/OndselSolver/OndselSolver/CMakeFiles/OndselSolver.dir/GESpMatParPvMarko.cpp.o,1.1,1.048428,0.763018,0.280389,0.559294,0.161828,0.115252,0.196043,0.08286
src/Mod/Part/App/CMakeFiles/Part.dir/OCAF/ImportExportSettings.cpp.o,1.098,1.038067,0.854306,0.160538,0.670452,0.19799,0.240254,0.112485,0.046543
src/Mod/TechDraw/App/CMakeFiles/TechDraw.dir/DrawTile.cpp.o,1.098,1.027644,0.876921,0.11225,0.690388,0.248285,0.296045,0.069112,0.041473
src/3rdParty/coin/src/collision/CMakeFiles/collision.dir/SoIntersectionDetectionAction.cpp.o,1.097,1.043558,0.846888,0.191059,0.073119,0.108654,0.082533,0.115655,0.073776
src/3rdParty/OndselSolver/OndselSolver/CMakeFiles/OndselSolver.dir/ASMTPointInLineJoint.cpp.o,1.097,1.04696,0.979884,0.0614,0.730169,0.237755,0.232572,0.040967,0.018999
src/3rdParty/OndselSolver/OndselSolver/CMakeFiles/OndselSolver.dir/PerpendicularJoint.cpp.o,1.097,1.041971,0.963368,0.072956,0.709425,0.242443,0.220364,0.046848,0.02459
src/3rdParty/OndselSolver/OndselSolver/CMakeFiles/OndselSolver.dir/ASMTTranslationLimit.cpp.o,1.095,1.04323,0.991847,0.044768,0.752691,0.230728,0.227875,0.028513,0.014792
src/Mod/Spreadsheet/App/CMakeFiles/Spreadsheet.dir/SheetObserver.cpp.o,1.094,1.037098,0.953753,0.06628,0.79497,0.310329,0.384743,0.047481,0.017003
src/3rdParty/salomesmesh/CMakeFiles/StdMeshers.dir/src/StdMeshers/StdMeshers_QuadranglePreference.cpp.o,1.094,1.039274,1.012162,0.022202,0.014179,0.382648,0.199553,0.013466,0.007395
src/3rdParty/OndselSolver/OndselSolver/CMakeFiles/OndselSolver.dir/LineInPlaneJoint.cpp.o,1.093,1.0396,0.960174,0.073207,0.711975,0.236242,0.217896,0.047391,0.024353
src/Mod/Fem/App/CMakeFiles/Fem.dir/FemPostObject.cpp.o,1.093,1.029113,0.916853,0.091995,0.727424,0.243009,0.292383,0.056325,0.033345
src/Gui/CMakeFiles/FreeCADGui.dir/GLPainter.cpp.o,1.092,1.026812,0.89429,0.101669,0.722633,0.285094,0.38717,0.051675,0.048178
src/Mod/TechDraw/App/CMakeFiles/TechDraw.dir/DrawViewSymbolPyImp.cpp.o,1.092,1.029535,0.914932,0.080345,0.715318,0.227079,0.292149,0.058005,0.020762
src/Mod/Robot/App/CMakeFiles/Robot.dir/TrajectoryDressUpObject.cpp.o,1.089,1.029779,0.963194,0.051462,0.804003,0.269769,0.2921,0.028082,0.021772
src/3rdParty/salomesmesh/CMakeFiles/SMDS.dir/src/SMDS/chrono.cpp.o,1.088,1.031997,1.020302,0.006801,0.014938,0.363453,0.205249,0.003,0.002171
src/3rdParty/OndselSolver/OndselSolver/CMakeFiles/OndselSolver.dir/AngleZConstraintIJ.cpp.o,1.088,1.03775,0.976386,0.055612,0.714068,0.248514,0.214404,0.034159,0.019866
src/3rdParty/OndselSolver/OndselSolver/CMakeFiles/OndselSolver.dir/ASMTSphSphJoint.cpp.o,1.088,1.034944,0.975825,0.052698,0.731252,0.235113,0.227435,0.032506,0.018475
src/3rdParty/coin/src/rendering/CMakeFiles/rendering.dir/SoRenderManager.cpp.o,1.087,1.03912,0.907896,0.125126,0.128667,0.091958,0.075592,0.063742,0.059678
src/Mod/Sketcher/Gui/CMakeFiles/SketcherGui.dir/PropertyVisualLayerList.cpp.o,1.084,1.024006,0.813976,0.189999,0.54267,0.262124,0.273872,0.125538,0.062856
src/Gui/CMakeFiles/FreeCADGui.dir/CommandCompleter.cpp.o,1.083,1.017518,0.871492,0.121039,0.611956,0.261613,0.382941,0.079909,0.039074
src/3rdParty/libE57Format/CMakeFiles/E57Format.dir/src/E57Version.cpp.o,1.082,1.02801,0.985353,0.037208,0.687112,0.365208,0.195935,0.027467,0.008273
src/Gui/CMakeFiles/FreeCADGui.dir/ViewProviderDocumentObjectPyImp.cpp.o,1.081,1.016233,0.914977,0.076154,0.734904,0.240075,0.305843,0.045131,0.029429
src/3rdParty/OndselSolver/OndselSolver/CMakeFiles/OndselSolver.dir/GESpMatParPvMarkoFast.cpp.o,1.081,1.028488,0.761182,0.262613,0.559439,0.160703,0.114015,0.190041,0.071159
src/3rdParty/coin/src/rendering/CMakeFiles/rendering.dir/SoGLNurbs.cpp.o,1.08,1.028315,0.781175,0.24177,0.0,0.084222,0.041738,0.1475,0.092824
src/Mod/Measure/App/CMakeFiles/Measure.dir/MassPropertiesObject.cpp.o,1.08,1.020605,0.965308,0.034969,0.776814,0.277407,0.300631,0.026626,0.006659
src/Gui/CMakeFiles/FreeCADGui.dir/Navigation/CADNavigationStyle.cpp.o,1.079,1.011185,0.951463,0.028863,0.675569,0.283021,0.426627,0.010805,0.016362
src/3rdParty/OndselSolver/OndselSolver/CMakeFiles/OndselSolver.dir/AtPointConstraintIJ.cpp.o,1.078,1.023812,0.960858,0.056941,0.72202,0.233098,0.210289,0.033598,0.02188
src/Mod/TechDraw/App/CMakeFiles/TechDraw.dir/DrawTemplatePyImp.cpp.o,1.076,1.008753,0.893373,0.077101,0.683875,0.244029,0.300636,0.062388,0.012998
src/3rdParty/salomesmesh/CMakeFiles/StdMeshers.dir/src/StdMeshers/StdMeshers_QuadraticMesh.cpp.o,1.075,1.018084,0.987866,0.024806,0.012748,0.372041,0.197532,0.014848,0.008441
src/3rdParty/coin/src/actions/CMakeFiles/actions.dir/SoGLRenderAction.cpp.o,1.074,1.026095,0.849027,0.171587,0.336113,0.10492,0.082137,0.090274,0.079584
src/3rdParty/coin/src/fields/CMakeFiles/fields.dir/SoField.cpp.o,1.074,1.024367,0.783819,0.234851,0.003334,0.072882,0.039243,0.123928,0.109392
src/3rdParty/OndselSolver/OndselSolver/CMakeFiles/OndselSolver.dir/ASMTSimulationParameters.cpp.o,1.074,1.02096,0.953095,0.061912,0.713505,0.227689,0.215669,0.042471,0.018071
src/3rdParty/OndselSolver/OndselSolver/CMakeFiles/OndselSolver.dir/RackPinConstraintIJ.cpp.o,1.074,1.018669,0.949728,0.063076,0.70216,0.234622,0.204519,0.038872,0.022713
src/Gui/CMakeFiles/FreeCADGui.dir/SelectionModulePy.cpp.o,1.073,1.00624,0.974637,0.007275,0.82842,0.301347,0.367531,0.002807,0.002498
src/3rdParty/coin/src/shapenodes/CMakeFiles/shapenodes.dir/SoText3.cpp.o,1.072,1.0173,0.762296,0.249465,0.000909,0.076575,0.040448,0.133888,0.114011
src/Mod/Sketcher/Gui/CMakeFiles/SketcherGui.dir/ViewProviderSketchGeometryExtensionPyImp.cpp.o,1.072,1.010842,0.929139,0.063945,0.7969,0.162153,0.126977,0.044084,0.01832
src/3rdParty/OndselSolver/OndselSolver/CMakeFiles/OndselSolver.dir/ASMTPerpendicularJoint.cpp.o,1.069,1.01712,0.962906,0.048653,0.729514,0.22457,0.215405,0.030788,0.016493
src/Mod/CAM/App/CMakeFiles/Path.dir/VoronoiCell.cpp.o,1.069,1.005137,0.956998,0.020354,0.443868,0.550115,0.252764,0.011171,0.007738
src/3rdParty/OndselSolver/OndselSolver/CMakeFiles/OndselSolver.dir/DirectionCosineConstraintIJ.cpp.o,1.067,1.013705,0.957184,0.050703,0.709341,0.242157,0.219456,0.029939,0.019344
src/3rdParty/OndselSolver/OndselSolver/CMakeFiles/OndselSolver.dir/GearConstraintIJ.cpp.o,1.064,1.01063,0.948969,0.055955,0.703605,0.231619,0.198913,0.034436,0.020053
src/Gui/CMakeFiles/FreeCADGui.dir/Inventor/Draggers/SoRotationDragger.cpp.o,1.063,0.998985,0.860687,0.115181,0.629929,0.317103,0.297495,0.045815,0.067524
src/Mod/CAM/App/CMakeFiles/Path.dir/VoronoiVertex.cpp.o,1.063,1.000954,0.958208,0.01724,0.413608,0.57997,0.260362,0.00717,0.008384
src/3rdParty/coin/src/profiler/CMakeFiles/profiler.dir/SoScrollingGraphKit.cpp.o,1.061,1.009093,0.810398,0.193233,0.056968,0.109138,0.095186,0.117941,0.073745
src/Mod/TechDraw/App/CMakeFiles/TechDraw.dir/DrawHatchPyImp.cpp.o,1.061,0.993458,0.873122,0.081829,0.663279,0.242041,0.296836,0.056919,0.02285
src/3rdParty/OndselSolver/OndselSolver/CMakeFiles/OndselSolver.dir/CylSphJoint.cpp.o,1.06,1.007075,0.97019,0.030851,0.728257,0.236127,0.224503,0.01752,0.011901
src/App/CMakeFiles/FreeCADApp.dir/GroupExtensionPyImp.cpp.o,1.059,1.003904,0.80085,0.184849,0.620333,0.230811,0.270358,0.09869,0.084038
src/Mod/Fem/App/CMakeFiles/Fem.dir/FemConstraintHeatflux.cpp.o,1.059,1.000898,0.922667,0.06036,0.750837,0.261625,0.312489,0.038363,0.020374
src/Gui/CMakeFiles/FreeCADGui.dir/Dialogs/DlgMacroRecordImp.cpp.o,1.058,0.995477,0.823702,0.147555,0.544686,0.297921,0.330844,0.091705,0.0541
src/Gui/CMakeFiles/FreeCADGui.dir/Inventor/Draggers/SoTransformDragger.cpp.o,1.057,0.99435,0.767676,0.203412,0.554231,0.308109,0.2556,0.070263,0.131285
src/Gui/CMakeFiles/FreeCADGui.dir/ViewProviderGeometryObjectPyImp.cpp.o,1.057,0.994572,0.901984,0.068896,0.726344,0.262434,0.302714,0.044506,0.022478
src/3rdParty/OndselSolver/OndselSolver/CMakeFiles/OndselSolver.dir/ASMTRefCurve.cpp.o,1.057,1.007227,0.965626,0.035466,0.732034,0.233752,0.221872,0.019843,0.01416
src/Mod/Fem/App/CMakeFiles/Fem.dir/FemConstraintRigidBody.cpp.o,1.057,0.993363,0.914533,0.059701,0.738701,0.270818,0.313349,0.037857,0.020181
src/Mod/Fem/App/CMakeFiles/Fem.dir/FemConstraintTemperature.cpp.o,1.057,1.000624,0.926501,0.056411,0.751904,0.261152,0.301966,0.036475,0.018307
src/Mod/Fem/App/CMakeFiles/Fem.dir/FemConstraintInitialTemperature.cpp.o,1.057,0.994947,0.915676,0.057848,0.737874,0.263814,0.305044,0.038458,0.017402
src/Mod/TechDraw/App/CMakeFiles/TechDraw.dir/DrawRichAnnoPyImp.cpp.o,1.057,0.990063,0.898882,0.055246,0.69409,0.250396,0.301745,0.046376,0.007371
src/Gui/CMakeFiles/FreeCADGui.dir/Navigation/InventorNavigationStyle.cpp.o,1.055,0.990855,0.930328,0.034445,0.648128,0.276136,0.415291,0.019407,0.013417
src/Mod/TechDraw/App/CMakeFiles/TechDraw.dir/DrawViewAnnotationPyImp.cpp.o,1.055,0.988046,0.901413,0.049535,0.700723,0.229749,0.299583,0.040378,0.007459
src/3rdParty/OndselSolver/OndselSolver/CMakeFiles/OndselSolver.dir/RackPinJoint.cpp.o,1.054,1.002165,0.957231,0.03855,0.726666,0.220042,0.222619,0.022665,0.014343
src/3rdParty/OndselSolver/OndselSolver/CMakeFiles/OndselSolver.dir/ScrewConstraintIJ.cpp.o,1.054,1.002101,0.93611,0.060312,0.548045,0.232236,0.199394,0.036774,0.022108
src/3rdParty/OndselSolver/OndselSolver/CMakeFiles/OndselSolver.dir/ScrewJoint.cpp.o,1.053,1.005289,0.962807,0.036395,0.730802,0.222238,0.220972,0.020445,0.014442
src/3rdParty/OndselSolver/OndselSolver/CMakeFiles/OndselSolver.dir/DispCompIeqcJeqcO.cpp.o,1.052,1.003856,0.895815,0.102745,0.656297,0.225129,0.186365,0.072156,0.029218
src/Gui/CMakeFiles/FreeCADGui.dir/Navigation/RevitNavigationStyle.cpp.o,1.051,0.981558,0.929034,0.02754,0.655272,0.279303,0.411549,0.011376,0.014493
src/3rdParty/salomesmesh/CMakeFiles/StdMeshers.dir/src/StdMeshers/StdMeshers_LengthFromEdges.cpp.o,1.051,0.996886,0.962992,0.029032,0.011981,0.37004,0.19279,0.017721,0.009852
src/Mod/TechDraw/App/CMakeFiles/TechDraw.dir/DrawViewClipPyImp.cpp.o,1.051,0.987082,0.844162,0.106409,0.636629,0.227503,0.272733,0.066478,0.038173
src/Mod/TechDraw/App/CMakeFiles/TechDraw.dir/DrawViewCollectionPyImp.cpp.o,1.051,0.982316,0.885463,0.059854,0.674201,0.247229,0.297118,0.043396,0.014669
src/3rdParty/salomesmesh/CMakeFiles/DriverSTL.dir/src/DriverSTL/Basics_Utils.cpp.o,1.049,0.995827,0.954615,0.036102,1e-05,0.353802,0.184185,0.023934,0.010634
src/3rdParty/OndselSolver/OndselSolver/CMakeFiles/OndselSolver.dir/ASMTCylCylContact.cpp.o,1.049,0.997082,0.989704,0.001784,0.771923,0.222693,0.217359,0.00013,0.000247
src/3rdParty/OndselSolver/OndselSolver/CMakeFiles/OndselSolver.dir/ASMTRefSurface.cpp.o,1.048,0.995491,0.9544,0.035058,0.734217,0.220232,0.215454,0.01979,0.013761
src/3rdParty/salomesmesh/CMakeFiles/StdMeshers.dir/src/StdMeshers/StdMeshers_NotConformAllowed.cpp.o,1.047,0.992752,0.964135,0.023937,0.013026,0.361018,0.191845,0.014372,0.008128
src/App/CMakeFiles/FreeCADApp.dir/Property.cpp.o,1.046,0.988768,0.660237,0.310144,0.423524,0.24814,0.211377,0.206855,0.101488
src/3rdParty/OndselSolver/OndselSolver/CMakeFiles/OndselSolver.dir/ConstantVelocityJoint.cpp.o,1.046,0.994008,0.952919,0.035636,0.72004,0.224243,0.21622,0.020258,0.013962
src/3rdParty/OndselSolver/OndselSolver/CMakeFiles/OndselSolver.dir/DistancexyConstraintIJ.cpp.o,1.045,0.991723,0.932473,0.053683,0.693287,0.227196,0.188924,0.032853,0.019423
src/3rdParty/salomesmesh/CMakeFiles/StdMeshers.dir/src/StdMeshers/StdMeshers_NumberOfLayers2D.cpp.o,1.045,0.990426,0.963215,0.022168,0.012427,0.364442,0.18839,0.013479,0.007203
src/Base/CMakeFiles/FreeCADBase.dir/MatrixPyImp.cpp.o,1.044,0.995703,0.470235,0.510683,0.280056,0.111585,0.066802,0.236503,0.272252
src/Mod/TechDraw/App/CMakeFiles/TechDraw.dir/DrawLeaderLinePyImp.cpp.o,1.044,0.980097,0.897679,0.046882,0.701071,0.242667,0.303985,0.038203,0.007196
src/3rdParty/salomesmesh/CMakeFiles/SMESHDS.dir/src/SMESHDS/SMESHDS_Hypothesis.cpp.o,1.043,0.993218,0.947967,0.040392,0.011033,0.351641,0.182178,0.028249,0.010723
src/3rdParty/OndselSolver/OndselSolver/CMakeFiles/OndselSolver.dir/SphSphJoint.cpp.o,1.043,0.990122,0.953696,0.030489,0.726774,0.22139,0.21922,0.017105,0.011713
src/Mod/Sketcher/App/CMakeFiles/Sketcher.dir/SketchGeometryExtension.cpp.o,1.043,0.976789,0.854956,0.092717,0.66285,0.254443,0.225202,0.067814,0.02319
src/3rdParty/salomesmesh/CMakeFiles/StdMeshers.dir/src/StdMeshers/StdMeshers_TrianglePreference.cpp.o,1.043,0.989171,0.958097,0.024737,0.011886,0.361605,0.187208,0.015285,0.008054
src/App/CMakeFiles/FreeCADApp.dir/ColorModel.cpp.o,1.042,0.98868,0.325744,0.648121,0.093877,0.151399,0.051517,0.436367,0.210348
src/3rdParty/OndselSolver/OndselSolver/CMakeFiles/OndselSolver.dir/ASMTRefPoint.cpp.o,1.041,0.991216,0.938849,0.046206,0.701385,0.227714,0.224103,0.026672,0.017989
src/3rdParty/OndselSolver/OndselSolver/CMakeFiles/OndselSolver.dir/BasicUserFunction.cpp.o,1.041,0.991437,0.950828,0.03422,0.724594,0.224005,0.211652,0.022276,0.010546
src/Mod/TechDraw/App/CMakeFiles/TechDraw.dir/DrawTileWeldPyImp.cpp.o,1.039,0.973776,0.891355,0.046811,0.690915,0.250484,0.302494,0.038118,0.007157
src/Mod/Fem/App/CMakeFiles/Fem.dir/FemConstraintPressure.cpp.o,1.038,0.978228,0.905382,0.054522,0.72411,0.257443,0.29816,0.035388,0.017377
src/3rdParty/OndselSolver/OndselSolver/CMakeFiles/OndselSolver.dir/ASMTCylConeContact.cpp.o,1.036,0.983701,0.975982,0.001898,0.746687,0.234015,0.220795,0.00014,0.000272
src/3rdParty/OndselSolver/OndselSolver/CMakeFiles/OndselSolver.dir/ConstVelConstraintIJ.cpp.o,1.036,0.980952,0.918444,0.056894,0.670529,0.23689,0.187478,0.034956,0.020542
src/Mod/Sketcher/App/CMakeFiles/Sketcher.dir/ExternalGeometryExtension.cpp.o,1.036,0.972429,0.859415,0.085289,0.667433,0.26121,0.234177,0.054579,0.029142
src/Mod/Part/App/CMakeFiles/Part.dir/GeomPlate/BuildPlateSurfacePyImp.cpp.o,1.035,0.97522,0.640404,0.312861,0.373261,0.156563,0.139576,0.168785,0.142358
src/3rdParty/OndselSolver/OndselSolver/CMakeFiles/OndselSolver.dir/ASMTKinematicIJ.cpp.o,1.035,0.984253,0.97621,0.001946,0.731412,0.249346,0.225143,0.000114,0.000365
src/3rdParty/OndselSolver/OndselSolver/CMakeFiles/OndselSolver.dir/DistanceConstraintIJ.cpp.o,1.035,0.98441,0.926178,0.052548,0.679519,0.235779,0.193399,0.032581,0.018591
src/Mod/Fem/App/CMakeFiles/Fem.dir/FemPostObjectPyImp.cpp.o,1.035,0.972499,0.895317,0.059121,0.699941,0.22294,0.289483,0.042258,0.015278
src/Mod/TechDraw/App/CMakeFiles/TechDraw.dir/DrawWeldSymbolPyImp.cpp.o,1.034,0.974162,0.8898,0.048063,0.692105,0.246983,0.299892,0.039113,0.007295
src/3rdParty/coin/src/shapenodes/CMakeFiles/shapenodes.dir/SoShape.cpp.o,1.033,0.980472,0.828922,0.14616,0.000258,0.073392,0.042121,0.070889,0.073757
src/3rdParty/OndselSolver/OndselSolver/CMakeFiles/OndselSolver.dir/RampStepFunction.cpp.o,1.033,0.980997,0.838213,0.137503,0.657048,0.155138,0.148488,0.082098,0.054009
src/Mod/TechDraw/App/CMakeFiles/TechDraw.dir/DrawTilePyImp.cpp.o,1.033,0.967881,0.880618,0.05268,0.678188,0.244391,0.294833,0.043838,0.00731
src/Mod/Mesh/App/CMakeFiles/Mesh.dir/Core/Grid.cpp.o,1.032,0.97646,0.399535,0.561772,0.203964,0.211156,0.108236,0.366438,0.193926
src/Mod/Fem/App/CMakeFiles/Fem.dir/FemConstraintPulley.cpp.o,1.03,0.963467,0.915304,0.02848,0.741111,0.256909,0.304392,0.010162,0.016682
src/Mod/Fem/App/CMakeFiles/Fem.dir/FemConstraintDisplacement.cpp.o,1.03,0.974334,0.895399,0.061456,0.71849,0.254737,0.292756,0.037211,0.022685
src/Mod/Sketcher/Gui/CMakeFiles/SketcherGui.dir/FontProvider.cpp.o,1.03,0.965266,0.687849,0.258853,0.363865,0.217726,0.253607,0.186166,0.070994
src/3rdParty/coin/src/nodes/CMakeFiles/nodes.dir/SoNode.cpp.o,1.028,0.976093,0.890097,0.079486,0.004241,0.077403,0.046014,0.039037,0.038817
src/Gui/CMakeFiles/FreeCADGui.dir/CommandActionPy.cpp.o,1.028,0.963459,0.781488,0.158262,0.649519,0.20674,0.28016,0.0886,0.068094
src/3rdParty/OndselSolver/OndselSolver/CMakeFiles/OndselSolver.dir/SphericalJoint.cpp.o,1.027,0.976241,0.950973,0.019929,0.727131,0.222191,0.211417,0.012142,0.0064
src/Mod/Spreadsheet/Gui/CMakeFiles/SpreadsheetGui.dir/qtcolorpicker.cpp.o,1.027,0.966985,0.565637,0.386678,0.081911,0.256573,0.213354,0.236105,0.148902
src/3rdParty/OndselSolver/OndselSolver/CMakeFiles/OndselSolver.dir/Power.cpp.o,1.026,0.974902,0.863539,0.10598,0.694888,0.141269,0.147993,0.060144,0.044445
src/Mod/CAM/App/CMakeFiles/Path.dir/VoronoiEdge.cpp.o,1.026,0.956723,0.915524,0.014905,0.402639,0.547497,0.248794,0.006641,0.006737
src/3rdParty/OndselSolver/OndselSolver/CMakeFiles/OndselSolver.dir/ASMTContact.cpp.o,1.025,0.973519,0.964421,0.001977,0.729668,0.23954,0.220568,0.000135,0.000282
src/3rdParty/coin/src/scxml/CMakeFiles/scxml.dir/ScXMLIfElt.cpp.o,1.024,0.972133,0.831823,0.135154,0.46523,0.124218,0.090593,0.089503,0.044196
src/3rdParty/OndselSolver/OndselSolver/CMakeFiles/OndselSolver.dir/FunctionX.cpp.o,1.024,0.967037,0.853465,0.108312,0.686867,0.136064,0.151513,0.065505,0.041387
src/3rdParty/OndselSolver/OndselSolver/CMakeFiles/OndselSolver.dir/PosICKineNewtonRaphson.cpp.o,1.024,0.971675,0.939322,0.026589,0.709147,0.22992,0.196533,0.016596,0.008358
src/Gui/CMakeFiles/FreeCADGui.dir/Navigation/SolidWorksNavigationStyle.cpp.o,1.023,0.959307,0.908643,0.025956,0.638432,0.269351,0.405488,0.010343,0.013944
src/Gui/CMakeFiles/FreeCADGui.dir/ViewProviderExtensionPyImp.cpp.o,1.023,0.958815,0.896516,0.039215,0.729403,0.24082,0.291874,0.021507,0.016022
src/Mod/Part/Gui/CMakeFiles/PartGui.dir/CommandFilter.cpp.o,1.023,0.954073,0.813442,0.110817,0.610311,0.251962,0.395848,0.068615,0.040204
src/Gui/CMakeFiles/FreeCADGui.dir/Inventor/Draggers/SoLinearDragger.cpp.o,1.02,0.958478,0.819137,0.116201,0.583642,0.318048,0.28559,0.046456,0.068114
src/Gui/CMakeFiles/FreeCADGui.dir/Navigation/BlenderNavigationStyle.cpp.o,1.02,0.957086,0.904202,0.026418,0.635559,0.268388,0.401599,0.01115,0.013624
src/3rdParty/OndselSolver/OndselSolver/CMakeFiles/OndselSolver.dir/FunctionXY.cpp.o,1.02,0.969659,0.852718,0.110922,0.682731,0.143392,0.15506,0.063296,0.046249
src/Mod/Fem/App/CMakeFiles/Fem.dir/FemConstraintGear.cpp.o,1.02,0.959601,0.894864,0.046122,0.727057,0.25293,0.301474,0.02357,0.020772
src/3rdParty/coin/src/soscxml/CMakeFiles/soscxml.dir/ScXMLCoinEvaluator.cpp.o,1.019,0.968582,0.844147,0.11934,0.366568,0.094349,0.074008,0.063803,0.053993
src/3rdParty/OndselSolver/OndselSolver/CMakeFiles/OndselSolver.dir/ASMTConeConeContact.cpp.o,1.019,0.964429,0.956057,0.001817,0.720169,0.240487,0.220274,0.000122,0.00023
src/Base/CMakeFiles/FreeCADBase.dir/UniqueNameManager.cpp.o,1.018,0.968857,0.356633,0.597687,0.098639,0.201278,0.125151,0.42107,0.175027
src/3rdParty/OndselSolver/OndselSolver/CMakeFiles/OndselSolver.dir/CREATE.cpp.o,1.017,0.965779,0.958277,0.001701,0.726816,0.235908,0.218326,0.000107,0.000229
src/Gui/CMakeFiles/FreeCADGui.dir/Dialogs/DlgMaterialPropertiesImp.cpp.o,1.016,0.949773,0.802097,0.123345,0.589452,0.22811,0.266234,0.068574,0.053056
src/Mod/Mesh/Gui/CMakeFiles/MeshGui.dir/qrc_Mesh_translation.cpp.o,1.014,0.954925,0.937942,0.007055,0.0,0.0,0.0,0.002568,0.003103
src/3rdParty/coin/src/profiler/CMakeFiles/profiler.dir/SoProfilerStats.cpp.o,1.012,0.961537,0.804248,0.150938,0.094481,0.115779,0.076764,0.099292,0.050181
src/Gui/CMakeFiles/FreeCADGui.dir/Dialogs/DlgCustomizeSpNavSettings.cpp.o,1.012,0.949232,0.746207,0.179439,0.541405,0.245735,0.275412,0.082696,0.095121
src/Gui/CMakeFiles/FreeCADGui.dir/Navigation/TouchpadNavigationStyle.cpp.o,1.011,0.942075,0.894076,0.023994,0.636178,0.265569,0.400726,0.009967,0.012382
src/3rdParty/OndselSolver/OndselSolver/CMakeFiles/OndselSolver.dir/PointInLineJoint.cpp.o,1.008,0.956018,0.931468,0.018874,0.702043,0.2276,0.21096,0.011507,0.006054
src/Gui/CMakeFiles/FreeCADGui.dir/Navigation/OpenSCADNavigationStyle.cpp.o,1.007,0.941876,0.893937,0.023417,0.641372,0.266501,0.400151,0.009873,0.012012
src/3rdParty/salomesmesh/CMakeFiles/SMDS.dir/src/SMDS/duplicate.cpp.o,1.006,0.953658,0.944656,0.003752,0.66049,0.351155,0.183818,0.0012,0.00117
src/Mod/Fem/App/CMakeFiles/Fem.dir/FemConstraintSpring.cpp.o,1.001,0.939792,0.898597,0.022512,0.740365,0.2518,0.308194,0.009224,0.011683
src/3rdParty/OndselSolver/OndselSolver/CMakeFiles/OndselSolver.dir/GESpMatFullPvPosIC.cpp.o,0.996,0.944096,0.781348,0.157731,0.59425,0.153112,0.118251,0.110302,0.045969
src/Mod/Fem/App/CMakeFiles/Fem.dir/FemConstraintFixed.cpp.o,0.995,0.934123,0.898369,0.017381,0.745175,0.247488,0.301856,0.006559,0.00915
src/Gui/CMakeFiles/FreeCADGui.dir/ViewProviderExtension.cpp.o,0.994,0.931106,0.870433,0.036402,0.723387,0.240536,0.298611,0.015439,0.019298
src/Mod/Import/Gui/CMakeFiles/ImportGui.dir/Command.cpp.o,0.994,0.934088,0.758193,0.150157,0.55234,0.256094,0.303318,0.104715,0.043764
src/Gui/CMakeFiles/FreeCADGui.dir/Navigation/OpenCascadeNavigationStyle.cpp.o,0.993,0.928508,0.878311,0.025107,0.614272,0.25991,0.389539,0.010365,0.013151
src/Mod/Fem/App/CMakeFiles/Fem.dir/FemConstraintPlaneRotation.cpp.o,0.99,0.929395,0.893497,0.017791,0.731208,0.256756,0.304541,0.006893,0.009441
src/3rdParty/coin/src/shapenodes/CMakeFiles/shapenodes.dir/SoText2.cpp.o,0.986,0.934181,0.766777,0.162287,0.000466,0.074881,0.039664,0.092814,0.068073
src/3rdParty/coin/src/profiler/CMakeFiles/profiler.dir/SoProfiler.cpp.o,0.983,0.929158,0.798375,0.125213,0.243716,0.089378,0.07502,0.080153,0.043194
src/Gui/CMakeFiles/FreeCADGui.dir/Navigation/TinkerCADNavigationStyle.cpp.o,0.981,0.918679,0.870848,0.023707,0.622909,0.266163,0.390121,0.009633,0.012393
src/3rdParty/OndselSolver/OndselSolver/CMakeFiles/OndselSolver.dir/ConstantGravity.cpp.o,0.981,0.930387,0.894834,0.030122,0.669355,0.220706,0.18181,0.018879,0.009896
src/3rdParty/coin/src/profiler/CMakeFiles/profiler.dir/SbProfilingData.cpp.o,0.98,0.929288,0.617183,0.307679,0.226418,0.101161,0.065012,0.206938,0.099197
src/3rdParty/coin/src/vrml97/CMakeFiles/vrml97.dir/Background.cpp.o,0.976,0.927951,0.777405,0.1457,0.000495,0.072956,0.041207,0.070978,0.073244
src/3rdParty/OndselSolver/OndselSolver/CMakeFiles/OndselSolver.dir/Constant.cpp.o,0.976,0.921584,0.827714,0.088116,0.648063,0.155788,0.151602,0.061638,0.02502
src/App/CMakeFiles/FreeCADApp.dir/DocumentObjectGroup.cpp.o,0.974,0.915141,0.794055,0.102287,0.645906,0.233641,0.282673,0.050805,0.049797
src/Gui/CMakeFiles/FreeCADGui.dir/GuiApplicationNativeEventAware.cpp.o,0.974,0.913535,0.801733,0.088046,0.5297,0.315645,0.314631,0.055473,0.031077
src/Mod/Sketcher/App/CMakeFiles/Sketcher.dir/ConstraintPyImp.cpp.o,0.973,0.91041,0.599634,0.283263,0.383275,0.109264,0.084368,0.14056,0.141088
src/3rdParty/salomesmesh/CMakeFiles/SMESH.dir/src/SMESH/Utils_ExceptHandlers.cpp.o,0.972,0.925118,0.916427,0.004072,0.0,0.345212,0.177275,0.001113,0.001603
src/3rdParty/OndselSolver/OndselSolver/CMakeFiles/OndselSolver.dir/FunctionWithManyArgs.cpp.o,0.972,0.922461,0.835911,0.081039,0.674558,0.14127,0.139371,0.05414,0.025425
src/3rdParty/coin/src/shaders/CMakeFiles/shaders.dir/SoShaderObject.cpp.o,0.971,0.919426,0.783003,0.131475,0.007412,0.073232,0.039138,0.06889,0.061098
src/Gui/CMakeFiles/FreeCADGui.dir/Camera.cpp.o,0.97,0.901238,0.829745,0.047751,0.660464,0.331871,0.305527,0.026051,0.020129
src/App/CMakeFiles/FreeCADApp.dir/Part.cpp.o,0.967,0.906795,0.836465,0.052391,0.687728,0.243881,0.297787,0.027816,0.022966
src/App/CMakeFiles/FreeCADApp.dir/Origin.cpp.o,0.967,0.90555,0.868751,0.01722,0.746827,0.229088,0.305716,0.005865,0.009671
src/Mod/Fem/App/CMakeFiles/Fem.dir/FemSetObject.cpp.o,0.967,0.899069,0.85957,0.02156,0.69768,0.258262,0.302881,0.00824,0.011663
src/Mod/Fem/Gui/CMakeFiles/FemGui.dir/ViewProviderSetGeometry.cpp.o,0.967,0.904624,0.860387,0.0248,0.709349,0.237704,0.315088,0.012545,0.01062
src/3rdParty/coin/src/fields/CMakeFiles/fields.dir/SoFieldContainer.cpp.o,0.964,0.915124,0.723818,0.185997,0.010351,0.075762,0.038127,0.102858,0.08159
src/3rdParty/coin/src/hardcopy/CMakeFiles/hardcopy.dir/VectorizeActionP.cpp.o,0.964,0.91452,0.703372,0.206621,0.00032,0.074031,0.038989,0.109884,0.095223
src/3rdParty/coin/src/vrml97/CMakeFiles/vrml97.dir/Text.cpp.o,0.964,0.913904,0.772604,0.135809,0.000954,0.07382,0.040635,0.06969,0.064536
src/3rdParty/OndselSolver/OndselSolver/CMakeFiles/OndselSolver.dir/Integral.cpp.o,0.964,0.9114,0.80185,0.104593,0.644825,0.136887,0.140247,0.059323,0.043794
src/3rdParty/coin/src/scxml/CMakeFiles/scxml.dir/ScXMLDocument.cpp.o,0.963,0.912505,0.784076,0.122856,0.368237,0.149588,0.120977,0.086719,0.034699
src/3rdParty/coin/src/misc/CMakeFiles/misc.dir/SoDB.cpp.o,0.961,0.903914,0.79022,0.108572,0.000527,0.076489,0.04195,0.055194,0.051967
src/3rdParty/OndselSolver/OndselSolver/CMakeFiles/OndselSolver.dir/ASMTTime.cpp.o,0.961,0.909344,0.826239,0.077491,0.66002,0.14439,0.150086,0.045315,0.030723
src/3rdParty/coin/src/nodes/CMakeFiles/nodes.dir/SoSceneTexture2.cpp.o,0.959,0.901734,0.810106,0.086121,0.000484,0.076533,0.041281,0.037418,0.047193
src/Mod/Fem/App/CMakeFiles/Fem.dir/FemSetElementNodesObject.cpp.o,0.959,0.893267,0.853127,0.020728,0.70399,0.230123,0.290567,0.008182,0.010901
src/Mod/Import/Gui/CMakeFiles/ImportGui.dir/OCAFBrowser.cpp.o,0.959,0.894865,0.597049,0.269905,0.162673,0.113479,0.148727,0.173132,0.095099
src/Mod/Mesh/App/CMakeFiles/Mesh.dir/Core/Elements.cpp.o,0.957,0.901519,0.475052,0.412869,0.241082,0.222065,0.117611,0.238735,0.172665
src/3rdParty/coin/src/scxml/CMakeFiles/scxml.dir/ScXMLEvaluator.cpp.o,0.955,0.904127,0.692707,0.206299,0.35314,0.079127,0.050964,0.080309,0.12418
src/Mod/Part/App/CMakeFiles/Part.dir/BezierCurvePyImp.cpp.o,0.954,0.896115,0.549772,0.325329,0.370751,0.109145,0.076051,0.16334,0.160403
src/3rdParty/coin/src/nodes/CMakeFiles/nodes.dir/SoGroup.cpp.o,0.953,0.895633,0.810713,0.078751,0.000325,0.07732,0.042707,0.03028,0.046641
src/Mod/Sketcher/App/CMakeFiles/Sketcher.dir/GeoList.cpp.o,0.953,0.889221,0.678303,0.183636,0.398046,0.23925,0.179066,0.124835,0.057234
src/Mod/MeshPart/Gui/CMakeFiles/MeshPartGui.dir/qrc_MeshPart_translation.cpp.o,0.953,0.89666,0.880927,0.006643,0.0,0.0,0.0,0.002812,0.002608
src/Gui/CMakeFiles/FreeCADGui.dir/CommandMacro.cpp.o,0.951,0.882656,0.811795,0.045788,0.653874,0.257522,0.349543,0.02377,0.020375
src/Mod/Sketcher/App/CMakeFiles/Sketcher.dir/planegcs/Geo.cpp.o,0.95,0.888218,0.285261,0.577644,0.026022,0.144275,0.062279,0.303829,0.272272
src/3rdParty/coin/src/vrml97/CMakeFiles/vrml97.dir/IndexedFaceSet.cpp.o,0.949,0.899166,0.786305,0.107109,0.00039,0.072178,0.039973,0.0505,0.05509
src/3rdParty/coin/src/nodes/CMakeFiles/nodes.dir/SoCamera.cpp.o,0.948,0.890497,0.803699,0.081058,0.001137,0.078304,0.043413,0.03117,0.048247
src/Mod/Fem/App/CMakeFiles/Fem.dir/FemSetGeometryObject.cpp.o,0.946,0.881225,0.842459,0.020488,0.682544,0.255522,0.299045,0.007772,0.011156
src/3rdParty/coin/src/engines/CMakeFiles/engines.dir/SoConcatenate.cpp.o,0.945,0.896383,0.778607,0.11265,0.0,0.083149,0.041365,0.066613,0.044523
src/3rdParty/OndselSolver/OndselSolver/CMakeFiles/OndselSolver.dir/PosNewtonRaphson.cpp.o,0.943,0.890622,0.817454,0.068318,0.663373,0.139881,0.137351,0.046041,0.020912
src/Mod/Fem/Gui/CMakeFiles/FemGui.dir/ViewProviderSetFaces.cpp.o,0.943,0.878236,0.835221,0.025382,0.684881,0.232133,0.303838,0.012989,0.010684
src/Gui/CMakeFiles/FreeCADGui.dir/SpaceMouseParameter.cpp.o,0.942,0.883541,0.640631,0.216005,0.469784,0.248604,0.231675,0.169604,0.044912
src/Mod/Part/App/CMakeFiles/Part.dir/IGES/ImportExportSettings.cpp.o,0.942,0.885286,0.818066,0.044383,0.671045,0.184688,0.220373,0.035525,0.007474
src/Mod/Fem/App/CMakeFiles/Fem.dir/FemSetNodesObject.cpp.o,0.941,0.875697,0.837073,0.020948,0.690938,0.225295,0.285221,0.008422,0.010704
src/3rdParty/coin/src/engines/CMakeFiles/engines.dir/SoSelectOne.cpp.o,0.94,0.888143,0.780182,0.102941,0.0,0.080018,0.04418,0.05744,0.043741
src/3rdParty/OndselSolver/OndselSolver/CMakeFiles/OndselSolver.dir/DifferentiatedGeneralSpline.cpp.o,0.94,0.889004,0.824783,0.05891,0.675715,0.137067,0.137384,0.035835,0.021689
src/Mod/Fem/Gui/CMakeFiles/FemGui.dir/ViewProviderSetElements.cpp.o,0.94,0.873192,0.82954,0.025389,0.678847,0.231898,0.300196,0.012596,0.0111
src/Gui/CMakeFiles/FreeCADGui.dir/Dialogs/DlgCheckableMessageBox.cpp.o,0.939,0.870616,0.692081,0.155456,0.374848,0.242638,0.224528,0.093143,0.060743
src/3rdParty/coin/src/rendering/CMakeFiles/rendering.dir/SoOffscreenRenderer.cpp.o,0.938,0.883941,0.775087,0.102738,0.0004,0.074477,0.040811,0.047945,0.0533
src/App/CMakeFiles/FreeCADApp.dir/PropertyUnits.cpp.o,0.938,0.885224,0.61815,0.249225,0.436343,0.14433,0.154309,0.095003,0.152441
src/Mod/Fem/App/CMakeFiles/Fem.dir/FemSetElementsObject.cpp.o,0.938,0.876055,0.837411,0.020025,0.680805,0.231223,0.281281,0.008,0.010483
src/3rdParty/coin/src/scxml/CMakeFiles/scxml.dir/ScXMLInvokeElt.cpp.o,0.937,0.889306,0.79559,0.088369,0.394148,0.1135,0.089193,0.058263,0.028469
src/App/CMakeFiles/FreeCADApp.dir/MappedElement.cpp.o,0.937,0.881084,0.808425,0.054672,0.664456,0.282722,0.299781,0.039158,0.013979
src/3rdParty/OndselSolver/OndselSolver/CMakeFiles/OndselSolver.dir/GESpMatParPv.cpp.o,0.937,0.888191,0.725124,0.158342,0.547806,0.144374,0.108124,0.117574,0.039217
src/App/CMakeFiles/FreeCADApp.dir/MeasureManagerPyImp.cpp.o,0.933,0.876521,0.776696,0.0803,0.620241,0.238778,0.28647,0.04157,0.036774
src/3rdParty/coin/src/shapenodes/CMakeFiles/shapenodes.dir/SoIndexedFaceSet.cpp.o,0.932,0.883056,0.768941,0.109376,0.000289,0.08017,0.041148,0.050851,0.057023
src/Gui/CMakeFiles/FreeCADGui.dir/ViewProviderFeature.cpp.o,0.931,0.866834,0.781927,0.05854,0.592404,0.299257,0.310362,0.03602,0.020894
src/Mod/Robot/App/CMakeFiles/Robot.dir/Robot6AxisPyImp.cpp.o,0.931,0.874714,0.724701,0.137542,0.368441,0.155109,0.119189,0.070235,0.065655
src/3rdParty/OndselSolver/OndselSolver/CMakeFiles/OndselSolver.dir/NewtonRaphson.cpp.o,0.929,0.880688,0.816639,0.059301,0.678288,0.129772,0.131723,0.038035,0.01991
src/Mod/Robot/App/CMakeFiles/Robot.dir/Trajectory.cpp.o,0.929,0.872876,0.673172,0.185068,0.43801,0.255124,0.230674,0.132036,0.05151
src/3rdParty/coin/src/actions/CMakeFiles/actions.dir/SoReorganizeAction.cpp.o,0.928,0.880733,0.769387,0.106191,0.001017,0.076096,0.041139,0.054422,0.05034
src/3rdParty/coin/src/elements/GL/CMakeFiles/glelements.dir/SoGLLazyElement.cpp.o,0.928,0.87827,0.750606,0.122802,0.000115,0.075239,0.04142,0.072616,0.048803
src/Gui/CMakeFiles/FreeCADGui.dir/Dialogs/DlgUndoRedo.cpp.o,0.927,0.863391,0.727814,0.112783,0.454747,0.278625,0.269028,0.073797,0.037465
src/Gui/CMakeFiles/FreeCADGui.dir/GeneralParameter.cpp.o,0.926,0.866953,0.620785,0.22394,0.456488,0.242573,0.239756,0.171003,0.051138
src/Mod/Sketcher/App/CMakeFiles/Sketcher.dir/GeometryFacade.cpp.o,0.926,0.862888,0.702749,0.132538,0.512444,0.19308,0.150573,0.074834,0.056043
src/3rdParty/coin/src/nodes/CMakeFiles/nodes.dir/SoSceneTextureCubeMap.cpp.o,0.925,0.870769,0.802821,0.062361,0.00042,0.090214,0.046328,0.026881,0.034013
src/Gui/CMakeFiles/FreeCADGui.dir/AxisOriginPyImp.cpp.o,0.925,0.859257,0.60902,0.219108,0.445024,0.123696,0.134037,0.115419,0.101873
src/3rdParty/coin/src/shapenodes/CMakeFiles/shapenodes.dir/soshape_bumprender.cpp.o,0.924,0.87612,0.769221,0.102054,0.000115,0.078926,0.044015,0.05789,0.042655
src/3rdParty/OndselSolver/OndselSolver/CMakeFiles/OndselSolver.dir/Reciprocal.cpp.o,0.923,0.872821,0.813866,0.053936,0.654355,0.143061,0.142991,0.03319,0.019431
src/Mod/TechDraw/Gui/CMakeFiles/TechDrawGui.dir/SymbolChooser.cpp.o,0.923,0.863008,0.680461,0.164959,0.419048,0.208524,0.239895,0.104353,0.058881
src/3rdParty/coin/src/scxml/CMakeFiles/scxml.dir/ScXMLTransitionElt.cpp.o,0.921,0.869748,0.78008,0.084871,0.458878,0.100091,0.077048,0.054187,0.029271
src/App/CMakeFiles/FreeCADApp.dir/PartPyImp.cpp.o,0.921,0.860314,0.81646,0.024816,0.673984,0.225065,0.27273,0.015201,0.008029
src/Mod/Fem/App/CMakeFiles/Fem.dir/FemSetFacesObject.cpp.o,0.921,0.860036,0.822441,0.019816,0.666988,0.227538,0.274131,0.008079,0.010204
src/3rdParty/coin/src/draggers/CMakeFiles/draggers.dir/SoTabPlaneDragger.cpp.o,0.92,0.867616,0.731364,0.131384,0.000513,0.072895,0.038399,0.046989,0.082972
src/3rdParty/coin/src/rendering/CMakeFiles/rendering.dir/SoGLBigImage.cpp.o,0.92,0.86944,0.718318,0.146431,0.000444,0.070506,0.039332,0.074762,0.070115
src/3rdParty/coin/src/vrml97/CMakeFiles/vrml97.dir/ElevationGrid.cpp.o,0.92,0.865281,0.764504,0.095739,0.001174,0.073993,0.044431,0.04602,0.048251
src/Mod/Part/App/CMakeFiles/Part.dir/GeometryDefaultExtension.cpp.o,0.92,0.863525,0.693848,0.147157,0.457091,0.263345,0.219623,0.104314,0.04113
src/3rdParty/coin/src/draggers/CMakeFiles/draggers.dir/SoTransformBoxDragger.cpp.o,0.919,0.868603,0.699055,0.165053,0.000332,0.074112,0.038745,0.044384,0.119243
src/3rdParty/coin/src/draggers/CMakeFiles/draggers.dir/SoTrackballDragger.cpp.o,0.918,0.866957,0.706448,0.156003,0.000302,0.072844,0.037422,0.052825,0.10165
src/Mod/Part/App/CMakeFiles/Part.dir/GeometryPyImp.cpp.o,0.918,0.862759,0.600366,0.240604,0.392749,0.130989,0.109868,0.131155,0.107801
src/3rdParty/OndselSolver/OndselSolver/CMakeFiles/OndselSolver.dir/KinematicIeJe.cpp.o,0.918,0.866285,0.706843,0.154967,0.557652,0.135144,0.092505,0.066161,0.087328
src/Mod/Robot/App/CMakeFiles/Robot.dir/TrajectoryPyImp.cpp.o,0.918,0.861122,0.725777,0.123045,0.375419,0.149,0.123787,0.069057,0.052465
src/3rdParty/coin/src/draggers/CMakeFiles/draggers.dir/SoDragger.cpp.o,0.915,0.868173,0.708001,0.155504,0.000452,0.073658,0.040078,0.062582,0.091357
src/3rdParty/coin/src/shapenodes/CMakeFiles/shapenodes.dir/SoAsciiText.cpp.o,0.914,0.861755,0.752825,0.103514,0.00095,0.072108,0.040581,0.053703,0.04819
src/3rdParty/coin/src/rendering/CMakeFiles/rendering.dir/SoRenderManagerP.cpp.o,0.913,0.862606,0.816414,0.041103,0.000157,0.079838,0.064226,0.019477,0.020135
src/3rdParty/coin/src/nodes/CMakeFiles/nodes.dir/SoBumpMap.cpp.o,0.913,0.859116,0.797934,0.055547,0.000458,0.080263,0.044715,0.020242,0.033462
src/3rdParty/coin/src/shapenodes/CMakeFiles/shapenodes.dir/SoImage.cpp.o,0.913,0.858945,0.780465,0.073355,0.000297,0.07816,0.048111,0.032564,0.039388
src/3rdParty/OndselSolver/OndselSolver/CMakeFiles/OndselSolver.dir/Constraint.cpp.o,0.913,0.861526,0.770364,0.086134,0.620275,0.132351,0.118441,0.053365,0.031379
src/3rdParty/OndselSolver/OndselSolver/CMakeFiles/OndselSolver.dir/LDUSpMat.cpp.o,0.913,0.86113,0.731295,0.124798,0.583806,0.128362,0.101009,0.087592,0.035704
src/3rdParty/coin/src/actions/CMakeFiles/actions.dir/SoAction.cpp.o,0.911,0.8623,0.759834,0.096503,0.000432,0.072691,0.038482,0.047727,0.047182
src/Mod/Robot/App/CMakeFiles/Robot.dir/PropertyTrajectory.cpp.o,0.911,0.853627,0.782789,0.056935,0.676642,0.211068,0.190228,0.035597,0.018511
src/3rdParty/coin/src/nodes/CMakeFiles/nodes.dir/SoVertexProperty.cpp.o,0.91,0.855912,0.778952,0.072074,4.2e-05,0.074971,0.040584,0.034172,0.036395
src/Mod/Spreadsheet/App/CMakeFiles/Spreadsheet.dir/PropertyRowHeights.cpp.o,0.91,0.854337,0.724619,0.116471,0.564841,0.216233,0.204059,0.080366,0.03452
src/3rdParty/coin/src/caches/CMakeFiles/caches.dir/SoNormalCache.cpp.o,0.909,0.858803,0.622823,0.231719,0.000496,0.074064,0.038557,0.125537,0.10474
src/3rdParty/coin/src/navigation/CMakeFiles/navigation.dir/SoScXMLNavigationTarget.cpp.o,0.909,0.861026,0.730601,0.125456,0.374798,0.102893,0.066587,0.070799,0.052908
src/3rdParty/coin/src/nodes/CMakeFiles/nodes.dir/SoSeparator.cpp.o,0.909,0.856053,0.780156,0.071005,0.000445,0.070105,0.040359,0.03081,0.038762
src/Mod/Start/Gui/CMakeFiles/StartGui.dir/Manipulator.cpp.o,0.908,0.844206,0.798892,0.031053,0.652724,0.256925,0.332788,0.01957,0.009718
src/Mod/Part/App/CMakeFiles/Part.dir/STEP/ImportExportSettings.cpp.o,0.907,0.84997,0.780563,0.047302,0.642434,0.173605,0.209033,0.036375,0.009509
src/Base/CMakeFiles/FreeCADBase.dir/FileInfo.cpp.o,0.906,0.854041,0.46279,0.375954,0.228453,0.160661,0.120705,0.232538,0.141959
src/App/CMakeFiles/FreeCADApp.dir/OriginGroupExtensionPyImp.cpp.o,0.906,0.847227,0.804316,0.023221,0.670767,0.21002,0.273676,0.014552,0.00721
src/3rdParty/OndselSolver/OndselSolver/CMakeFiles/OndselSolver.dir/Cosine.cpp.o,0.906,0.85904,0.800226,0.05372,0.649103,0.137818,0.141818,0.032917,0.019349
src/Base/CMakeFiles/FreeCADBase.dir/QuantityPyImp.cpp.o,0.905,0.855561,0.417336,0.422874,0.201442,0.108948,0.080507,0.245897,0.175345
src/3rdParty/OndselSolver/OndselSolver/CMakeFiles/OndselSolver.dir/Arguments.cpp.o,0.905,0.854367,0.830781,0.018004,0.69432,0.133221,0.132302,0.011007,0.005372
src/3rdParty/OndselSolver/OndselSolver/CMakeFiles/OndselSolver.dir/StableBackwardDifference.cpp.o,0.905,0.856797,0.605887,0.246696,0.44993,0.115424,0.074398,0.173221,0.07198
src/Mod/Mesh/App/CMakeFiles/Mesh.dir/EdgePyImp.cpp.o,0.905,0.854202,0.699752,0.139959,0.37845,0.180796,0.142418,0.073015,0.065449
src/Gui/CMakeFiles/FreeCADGui.dir/ToolBoxManager.cpp.o,0.904,0.838854,0.71596,0.098591,0.535869,0.248572,0.278278,0.066735,0.030121
src/3rdParty/coin/src/vrml97/CMakeFiles/vrml97.dir/Group.cpp.o,0.903,0.853054,0.781798,0.066416,0.000298,0.074218,0.041476,0.027638,0.037321
src/Gui/CMakeFiles/FreeCADGui.dir/Dialogs/DlgEditFileIncludePropertyExternal.cpp.o,0.903,0.835395,0.78596,0.025854,0.58387,0.266872,0.315457,0.014251,0.010072
src/3rdParty/OndselSolver/OndselSolver/CMakeFiles/OndselSolver.dir/MatrixSolver.cpp.o,0.901,0.849924,0.733636,0.111344,0.581056,0.133226,0.115006,0.072825,0.03708
src/3rdParty/coin/src/base/CMakeFiles/base.dir/SbMatrix.cpp.o,0.899,0.849959,0.61998,0.225264,0.001356,0.069598,0.037667,0.12093,0.102804
src/3rdParty/coin/src/nodes/CMakeFiles/nodes.dir/SoTextureCubeMap.cpp.o,0.899,0.847371,0.794475,0.048079,0.000518,0.073628,0.041021,0.019623,0.027045
src/3rdParty/OndselSolver/OndselSolver/CMakeFiles/OndselSolver.dir/Negative.cpp.o,0.899,0.844559,0.794738,0.044361,0.653687,0.129487,0.131568,0.024744,0.018173
src/3rdParty/coin/src/nodes/CMakeFiles/nodes.dir/SoTexture2.cpp.o,0.898,0.84974,0.791998,0.051954,0.000446,0.081033,0.043538,0.020961,0.029411
src/Gui/CMakeFiles/FreeCADGui.dir/OverlayParams.cpp.o,0.898,0.835152,0.500819,0.312649,0.314775,0.153245,0.180183,0.172135,0.138333
src/3rdParty/OndselSolver/OndselSolver/CMakeFiles/OndselSolver.dir/EulerAngles.cpp.o,0.897,0.844805,0.837437,0.001731,0.684165,0.157384,0.144407,0.000106,0.000248
src/3rdParty/coin/src/vrml97/CMakeFiles/vrml97.dir/Inline.cpp.o,0.896,0.842064,0.777185,0.059883,0.000525,0.070965,0.040805,0.028069,0.030394
src/3rdParty/OndselSolver/OndselSolver/CMakeFiles/OndselSolver.dir/ExpressionX.cpp.o,0.896,0.844502,0.800513,0.038637,0.663534,0.130606,0.133245,0.023076,0.014013
src/3rdParty/OndselSolver/OndselSolver/CMakeFiles/OndselSolver.dir/AccICKineNewtonRaphson.cpp.o,0.895,0.843468,0.812624,0.025376,0.689328,0.122743,0.135797,0.015735,0.008251
src/Mod/Part/App/CMakeFiles/Part.dir/GeomPlate/CurveConstraintPyImp.cpp.o,0.894,0.836416,0.605546,0.208058,0.381726,0.138913,0.116349,0.113206,0.093157
src/3rdParty/coin/src/nodes/CMakeFiles/nodes.dir/SoCoordinate4.cpp.o,0.893,0.840014,0.810376,0.02435,6.7e-05,0.081299,0.047335,0.009785,0.013103
src/App/CMakeFiles/FreeCADApp.dir/DepEdgePyImp.cpp.o,0.893,0.837094,0.732313,0.086993,0.58499,0.212282,0.250498,0.05426,0.031172
src/3rdParty/coin/src/shapenodes/CMakeFiles/shapenodes.dir/SoMarkerSet.cpp.o,0.892,0.841243,0.729306,0.107178,0.00042,0.071139,0.038792,0.058169,0.047484
src/3rdParty/OndselSolver/OndselSolver/CMakeFiles/OndselSolver.dir/ArcTan.cpp.o,0.891,0.841662,0.804494,0.031262,0.665613,0.133135,0.1342,0.018905,0.010765
src/3rdParty/coin/src/vrml97/CMakeFiles/vrml97.dir/IndexedLineSet.cpp.o,0.889,0.834579,0.778637,0.050957,0.000936,0.081087,0.043634,0.024551,0.024889
src/Gui/CMakeFiles/FreeCADGui.dir/TreeView.cpp.o,0.889,0.829637,0.780768,0.025982,0.59214,0.264674,0.290097,0.01397,0.010383
src/App/CMakeFiles/FreeCADApp.dir/GeoFeaturePyImp.cpp.o,0.888,0.831797,0.736991,0.07546,0.575139,0.199777,0.250955,0.035501,0.038418
src/3rdParty/OndselSolver/OndselSolver/CMakeFiles/OndselSolver.dir/Sine.cpp.o,0.887,0.83869,0.794984,0.038835,0.656058,0.129987,0.131209,0.024297,0.013227
src/3rdParty/coin/src/nodes/CMakeFiles/nodes.dir/SoLOD.cpp.o,0.886,0.830962,0.781724,0.043821,4.9e-05,0.075151,0.042143,0.020013,0.022273
src/3rdParty/coin/src/nodes/CMakeFiles/nodes.dir/SoBaseColor.cpp.o,0.885,0.820991,0.796771,0.018818,0.000261,0.078856,0.042156,0.007586,0.009871
src/3rdParty/coin/src/shapenodes/CMakeFiles/shapenodes.dir/soshape_primdata.cpp.o,0.885,0.836364,0.751835,0.077738,0.0,0.077825,0.045398,0.039656,0.03596
src/3rdParty/coin/src/shaders/CMakeFiles/shaders.dir/SoShader.cpp.o,0.885,0.835628,0.763535,0.06543,0.023036,0.07862,0.04238,0.037912,0.025817
src/3rdParty/OndselSolver/OndselSolver/CMakeFiles/OndselSolver.dir/RotationLimitIJ.cpp.o,0.885,0.835037,0.780749,0.049252,0.63595,0.131082,0.13289,0.031408,0.016422
src/3rdParty/coin/src/nodes/CMakeFiles/nodes.dir/SoCoordinate3.cpp.o,0.883,0.831934,0.803421,0.023378,5.2e-05,0.079708,0.047061,0.008907,0.012985
src/Mod/Fem/App/CMakeFiles/Fem.dir/FemShapeExtension.cpp.o,0.883,0.821789,0.749109,0.053632,0.599912,0.174991,0.207131,0.020958,0.030888
src/Mod/CAM/Gui/CMakeFiles/PathGui.dir/DlgProcessorChooser.cpp.o,0.883,0.823919,0.732734,0.075529,0.569744,0.14945,0.190472,0.048704,0.025011
src/3rdParty/coin/src/nodes/CMakeFiles/nodes.dir/SoTextureCoordinateCylinder.cpp.o,0.882,0.826717,0.789892,0.031654,0.000489,0.074305,0.041221,0.013103,0.016969
src/3rdParty/coin/src/draggers/CMakeFiles/draggers.dir/SoSpotLightDragger.cpp.o,0.88,0.831369,0.688134,0.138216,0.00031,0.075994,0.038939,0.048792,0.087354
src/3rdParty/OndselSolver/OndselSolver/CMakeFiles/OndselSolver.dir/AccKineNewtonRaphson.cpp.o,0.88,0.831244,0.799026,0.026604,0.67118,0.127033,0.13473,0.016274,0.008719
src/Mod/PartDesign/App/CMakeFiles/PartDesign.dir/AppPartDesignPy.cpp.o,0.88,0.822352,0.645336,0.156391,0.468284,0.156291,0.099629,0.09646,0.058381
src/3rdParty/coin/src/nodes/CMakeFiles/nodes.dir/SoTexture2Transform.cpp.o,0.879,0.823727,0.787597,0.030733,4.6e-05,0.078431,0.043068,0.011788,0.017355
src/3rdParty/OndselSolver/OndselSolver/CMakeFiles/OndselSolver.dir/ArcSine.cpp.o,0.878,0.828424,0.792857,0.029067,0.658259,0.129881,0.129259,0.017687,0.010005
src/3rdParty/OndselSolver/OndselSolver/CMakeFiles/OndselSolver.dir/KineIntegrator.cpp.o,0.878,0.81985,0.785653,0.029392,0.665058,0.119607,0.12829,0.016676,0.011382
src/Mod/Part/App/CMakeFiles/Part.dir/ConicPyImp.cpp.o,0.877,0.819115,0.597208,0.200701,0.420904,0.119603,0.094246,0.112275,0.086788
src/App/CMakeFiles/FreeCADApp.dir/GeoFeatureGroupExtensionPyImp.cpp.o,0.876,0.818006,0.774492,0.023875,0.631289,0.21384,0.270005,0.014962,0.007334
src/3rdParty/OndselSolver/OndselSolver/CMakeFiles/OndselSolver.dir/Log10.cpp.o,0.876,0.828569,0.794415,0.029121,0.657597,0.131599,0.131885,0.017602,0.01015
src/3rdParty/coin/src/nodes/CMakeFiles/nodes.dir/SoPackedColor.cpp.o,0.875,0.821169,0.780747,0.034917,6.1e-05,0.072825,0.041241,0.016267,0.017269
src/3rdParty/coin/src/nodes/CMakeFiles/nodes.dir/SoVertexAttribute.cpp.o,0.875,0.821543,0.758372,0.058336,0.32662,0.08509,0.06309,0.028742,0.028287
src/3rdParty/coin/src/shapenodes/CMakeFiles/shapenodes.dir/SoIndexedLineSet.cpp.o,0.875,0.825823,0.746016,0.074765,0.000297,0.077455,0.042327,0.035335,0.038025
src/3rdParty/coin/src/shapenodes/CMakeFiles/shapenodes.dir/SoIndexedTriangleStripSet.cpp.o,0.875,0.819933,0.740692,0.074136,0.000319,0.078506,0.040995,0.034412,0.038207
src/Mod/Sketcher/App/CMakeFiles/Sketcher.dir/ExternalGeometryExtensionPyImp.cpp.o,0.875,0.815684,0.674221,0.114479,0.502008,0.141884,0.109737,0.065841,0.047033
src/3rdParty/coin/src/draggers/CMakeFiles/draggers.dir/SoCenterballDragger.cpp.o,0.874,0.82481,0.682363,0.138181,0.000447,0.084019,0.039938,0.043981,0.092759
src/3rdParty/coin/src/nodekits/CMakeFiles/nodekits.dir/SoInteractionKit.cpp.o,0.874,0.82155,0.693118,0.123297,0.000544,0.071898,0.041492,0.059824,0.06197
src/3rdParty/coin/src/shapenodes/CMakeFiles/shapenodes.dir/soshape_bigtexture.cpp.o,0.874,0.821468,0.703642,0.112122,0.000372,0.071291,0.038508,0.064083,0.046498
src/3rdParty/OndselSolver/OndselSolver/CMakeFiles/OndselSolver.dir/GEFullMat.cpp.o,0.874,0.825101,0.709332,0.111193,0.561925,0.131436,0.102069,0.07385,0.035907
src/3rdParty/coin/src/io/CMakeFiles/io.dir/SoInput.cpp.o,0.873,0.826125,0.526209,0.295846,0.005744,0.071852,0.033502,0.151764,0.14267
src/3rdParty/coin/src/nodekits/CMakeFiles/nodekits.dir/SoNodeKitListPart.cpp.o,0.872,0.827036,0.739974,0.082162,0.000312,0.118977,0.048177,0.033658,0.046835
src/3rdParty/coin/src/nodes/CMakeFiles/nodes.dir/SoWWWInline.cpp.o,0.872,0.818824,0.746455,0.0675,0.000419,0.072936,0.045762,0.029643,0.036313
src/3rdParty/coin/src/shapenodes/CMakeFiles/shapenodes.dir/SoIndexedPointSet.cpp.o,0.872,0.819206,0.753618,0.060581,0.000254,0.075627,0.040135,0.027214,0.031918
src/3rdParty/coin/src/vrml97/CMakeFiles/vrml97.dir/Billboard.cpp.o,0.872,0.818377,0.762575,0.051064,0.000872,0.077871,0.04175,0.026029,0.023518
src/3rdParty/coin/src/draggers/CMakeFiles/draggers.dir/SoDragPointDragger.cpp.o,0.87,0.821336,0.659398,0.157633,0.000297,0.07399,0.037695,0.041342,0.114848
src/3rdParty/OndselSolver/OndselSolver/CMakeFiles/OndselSolver.dir/Exponential.cpp.o,0.87,0.815802,0.78079,0.029958,0.646164,0.130704,0.131423,0.018224,0.010194
src/3rdParty/coin/src/draggers/CMakeFiles/draggers.dir/SoTabBoxDragger.cpp.o,0.869,0.813376,0.715062,0.093255,0.000391,0.076286,0.042657,0.028091,0.063755
src/3rdParty/coin/src/nodes/CMakeFiles/nodes.dir/SoNurbsProfile.cpp.o,0.869,0.818309,0.734949,0.078682,0.000308,0.074286,0.038955,0.039239,0.038012
src/Mod/Spreadsheet/App/CMakeFiles/Spreadsheet.dir/PropertyColumnWidths.cpp.o,0.869,0.816624,0.686857,0.116322,0.537003,0.204067,0.194877,0.079843,0.034943
src/3rdParty/coin/src/nodes/CMakeFiles/nodes.dir/SoTextureCoordinate3.cpp.o,0.868,0.811671,0.782939,0.023565,5.4e-05,0.078204,0.043603,0.009306,0.012405
src/3rdParty/coin/src/scxml/CMakeFiles/scxml.dir/ScXMLFinalElt.cpp.o,0.867,0.811223,0.770289,0.03599,0.343385,0.094795,0.08141,0.021687,0.012837
src/3rdParty/coin/src/scxml/CMakeFiles/scxml.dir/ScXMLAssignElt.cpp.o,0.866,0.814648,0.77079,0.039087,0.350729,0.088905,0.076569,0.018079,0.019585
src/3rdParty/coin/src/rendering/CMakeFiles/rendering.dir/SoVBO.cpp.o,0.865,0.806405,0.70866,0.092602,3e-05,0.074512,0.041156,0.057091,0.034086
src/3rdParty/OndselSolver/OndselSolver/CMakeFiles/OndselSolver.dir/AccICNewtonRaphson.cpp.o,0.865,0.814819,0.784955,0.024925,0.661361,0.122991,0.131291,0.015007,0.008558
src/Gui/CMakeFiles/FreeCADGui.dir/ModuleIO.cpp.o,0.865,0.803627,0.717446,0.062424,0.500983,0.243519,0.309873,0.041486,0.019382
src/3rdParty/OndselSolver/OndselSolver/CMakeFiles/OndselSolver.dir/Ln.cpp.o,0.865,0.812333,0.780583,0.026884,0.652859,0.124167,0.125728,0.015867,0.009624
src/3rdParty/coin/src/shapenodes/CMakeFiles/shapenodes.dir/SoPointSet.cpp.o,0.864,0.813191,0.765475,0.043024,0.000267,0.072297,0.03972,0.018321,0.023276
src/App/CMakeFiles/FreeCADApp.dir/TransactionalObject.cpp.o,0.864,0.807475,0.773084,0.015532,0.65689,0.212637,0.285429,0.007225,0.006344
src/3rdParty/coin/src/vrml97/CMakeFiles/vrml97.dir/Appearance.cpp.o,0.863,0.807808,0.768689,0.033568,0.000289,0.074319,0.041828,0.014787,0.017404
src/3rdParty/OndselSolver/OndselSolver/CMakeFiles/OndselSolver.dir/LDUSpMatParPvMarko.cpp.o,0.862,0.812508,0.721528,0.086553,0.570779,0.138796,0.100957,0.060174,0.025041
src/3rdParty/OndselSolver/OndselSolver/CMakeFiles/OndselSolver.dir/Variable.cpp.o,0.861,0.808283,0.783738,0.019439,0.657718,0.12262,0.12328,0.011837,0.006192
src/3rdParty/coin/src/glue/CMakeFiles/glue.dir/gl.cpp.o,0.86,0.810929,0.404859,0.402386,0.005278,0.022317,0.002535,0.167661,0.233136
src/3rdParty/coin/src/misc/CMakeFiles/misc.dir/SoEventManager.cpp.o,0.86,0.814749,0.749829,0.060249,0.192715,0.086693,0.062863,0.037686,0.021112
src/3rdParty/coin/src/nodes/CMakeFiles/nodes.dir/SoTextureCoordinateCube.cpp.o,0.86,0.806657,0.764319,0.03732,0.000426,0.078966,0.046961,0.01588,0.020109
src/3rdParty/OndselSolver/OndselSolver/CMakeFiles/OndselSolver.dir/TranslationLimitIJ.cpp.o,0.86,0.809282,0.757384,0.046765,0.619639,0.125426,0.12473,0.029549,0.015863
src/3rdParty/coin/src/nodes/CMakeFiles/nodes.dir/SoTextureCombine.cpp.o,0.859,0.804185,0.760287,0.038944,4e-05,0.080601,0.038943,0.016212,0.021236
src/3rdParty/OndselSolver/OndselSolver/CMakeFiles/OndselSolver.dir/Abs.cpp.o,0.859,0.811669,0.778605,0.028355,0.645145,0.128635,0.127918,0.017069,0.00994
src/Mod/Part/App/CMakeFiles/Part.dir/ArcOfConicPyImp.cpp.o,0.859,0.799589,0.581288,0.196106,0.405894,0.114236,0.086023,0.108638,0.085819
src/Mod/Part/App/CMakeFiles/Part.dir/Geom2d/BezierCurve2dPyImp.cpp.o,0.859,0.801921,0.528754,0.251997,0.359907,0.105538,0.075224,0.128676,0.121628
src/3rdParty/coin/src/scxml/CMakeFiles/scxml.dir/ScXMLMinimumEvaluator.cpp.o,0.858,0.807208,0.751775,0.050761,0.334037,0.083295,0.072279,0.024977,0.02436
src/3rdParty/OndselSolver/OndselSolver/CMakeFiles/OndselSolver.dir/LogN.cpp.o,0.858,0.809725,0.776408,0.028186,0.646293,0.125339,0.126158,0.017091,0.009811
src/Mod/Mesh/App/CMakeFiles/Mesh.dir/Core/Tools.cpp.o,0.857,0.803107,0.460081,0.32866,0.224184,0.24121,0.12051,0.230912,0.096321
src/App/CMakeFiles/FreeCADApp.dir/DocumentObjectGroupPyImp.cpp.o,0.856,0.798043,0.75108,0.024683,0.611943,0.226011,0.263342,0.015622,0.007529
src/App/CMakeFiles/FreeCADApp.dir/SuppressibleExtensionPyImp.cpp.o,0.856,0.798542,0.752507,0.027729,0.605978,0.224829,0.261368,0.018315,0.007726
src/3rdParty/OndselSolver/OndselSolver/CMakeFiles/OndselSolver.dir/DispCompIecJecIe.cpp.o,0.856,0.808546,0.698836,0.105029,0.551003,0.129035,0.099267,0.072921,0.030585
src/Mod/TechDraw/App/CMakeFiles/TechDraw.dir/TechDrawExport.cpp.o,0.856,0.794277,0.373079,0.384506,0.082919,0.038505,0.040295,0.199194,0.183837
src/3rdParty/coin/src/actions/CMakeFiles/actions.dir/SoRayPickAction.cpp.o,0.855,0.800593,0.672061,0.123799,0.000466,0.071307,0.040212,0.064579,0.057763
src/Base/CMakeFiles/FreeCADBase.dir/RotationPyImp.cpp.o,0.855,0.804899,0.476718,0.312506,0.311164,0.126629,0.082314,0.145251,0.165786
src/3rdParty/coin/src/nodes/CMakeFiles/nodes.dir/SoMaterial.cpp.o,0.855,0.803914,0.754546,0.044275,0.000373,0.073726,0.040458,0.019533,0.023258
src/3rdParty/OndselSolver/OndselSolver/CMakeFiles/OndselSolver.dir/DistIecJec.cpp.o,0.855,0.808301,0.687806,0.114426,0.542038,0.126325,0.091078,0.079441,0.033209
src/3rdParty/coin/src/nodes/CMakeFiles/nodes.dir/SoTexture3.cpp.o,0.854,0.800745,0.739398,0.056521,8.6e-05,0.074018,0.039034,0.024585,0.030503
src/3rdParty/salomesmesh/CMakeFiles/Driver.dir/src/Driver/Driver_SMDS_Mesh.cpp.o,0.854,0.796134,0.777902,0.013278,0.0,0.062412,0.085358,0.008553,0.003295
src/App/CMakeFiles/FreeCADApp.dir/MaterialObject.cpp.o,0.854,0.795689,0.701322,0.076752,0.577982,0.220907,0.252006,0.037811,0.037324
src/3rdParty/coin/src/scxml/CMakeFiles/scxml.dir/ScXMLHistoryElt.cpp.o,0.853,0.80227,0.764684,0.032625,0.36102,0.089757,0.075533,0.017114,0.014017
src/3rdParty/OndselSolver/OndselSolver/CMakeFiles/OndselSolver.dir/LimitIJ.cpp.o,0.853,0.800234,0.739855,0.055343,0.603022,0.125314,0.111418,0.027617,0.026327
src/3rdParty/coin/src/nodes/CMakeFiles/nodes.dir/SoTextureCoordinateSphere.cpp.o,0.852,0.800826,0.767218,0.027676,0.000478,0.073262,0.042844,0.013025,0.01283
src/3rdParty/OndselSolver/OndselSolver/CMakeFiles/OndselSolver.dir/AnyGeneralSpline.cpp.o,0.852,0.801167,0.780189,0.015712,0.658258,0.123413,0.128032,0.007734,0.006615
src/3rdParty/coin/src/shaders/CMakeFiles/shaders.dir/SoGLSLShaderObject.cpp.o,0.851,0.798728,0.769342,0.024556,0.000177,0.074221,0.042519,0.010425,0.012729
src/3rdParty/coin/src/vrml97/CMakeFiles/vrml97.dir/LOD.cpp.o,0.851,0.800128,0.73693,0.058367,0.000288,0.073128,0.040052,0.025183,0.031711
src/3rdParty/coin/src/soscxml/CMakeFiles/soscxml.dir/SoScXMLStateMachine.cpp.o,0.851,0.8023,0.709988,0.087617,0.347222,0.09697,0.066298,0.04341,0.042704
src/3rdParty/coin/src/shapenodes/CMakeFiles/shapenodes.dir/SoIndexedNurbsSurface.cpp.o,0.849,0.796724,0.745262,0.046717,0.000274,0.074346,0.039669,0.02048,0.024793
src/3rdParty/coin/src/scxml/CMakeFiles/scxml.dir/ScXMLInitialElt.cpp.o,0.849,0.796036,0.763083,0.027958,0.357067,0.090168,0.079076,0.015458,0.011101
src/Gui/CMakeFiles/FreeCADGui.dir/Dialogs/DlgCustomizeImp.cpp.o,0.849,0.789372,0.64955,0.117103,0.417769,0.145813,0.190793,0.076456,0.039104
src/Mod/Sketcher/App/CMakeFiles/Sketcher.dir/SketchGeometryExtensionPyImp.cpp.o,0.848,0.785688,0.615144,0.140755,0.460303,0.123434,0.099687,0.074643,0.064727
src/3rdParty/coin/src/profiler/CMakeFiles/profiler.dir/SoProfilerOverlayKit.cpp.o,0.847,0.797725,0.754161,0.038385,0.000461,0.078672,0.046102,0.012101,0.024875
src/3rdParty/coin/src/vrml97/CMakeFiles/vrml97.dir/Sound.cpp.o,0.847,0.79852,0.675706,0.118679,0.000467,0.074414,0.039895,0.054931,0.062268
src/Base/CMakeFiles/FreeCADBase.dir/PersistencePyImp.cpp.o,0.846,0.791523,0.607413,0.167797,0.441963,0.183005,0.159362,0.100245,0.066032
src/3rdParty/coin/src/draggers/CMakeFiles/draggers.dir/SoTranslate1Dragger.cpp.o,0.846,0.792715,0.724814,0.060007,0.000452,0.074067,0.039122,0.021818,0.036615
src/3rdParty/OndselSolver/OndselSolver/CMakeFiles/OndselSolver.dir/LDUSpMatParPvPrecise.cpp.o,0.846,0.796694,0.709465,0.082581,0.564154,0.133925,0.10146,0.057326,0.023893
src/3rdParty/coin/src/shapenodes/CMakeFiles/shapenodes.dir/SoIndexedNurbsCurve.cpp.o,0.845,0.794242,0.748483,0.040911,0.000417,0.076871,0.041712,0.018878,0.020547
src/3rdParty/OndselSolver/OndselSolver/CMakeFiles/OndselSolver.dir/MatrixDecomposition.cpp.o,0.845,0.793904,0.694058,0.095148,0.554856,0.12531,0.094708,0.065264,0.028429
src/Mod/Mesh/App/CMakeFiles/Mesh.dir/Core/IO/ReaderPLY.cpp.o,0.845,0.791149,0.527981,0.248981,0.321027,0.224336,0.124042,0.171353,0.076125
src/3rdParty/coin/src/navigation/CMakeFiles/navigation.dir/SoScXMLRotateTarget.cpp.o,0.844,0.786257,0.706751,0.07429,0.363175,0.084145,0.055309,0.036306,0.036444
src/3rdParty/coin/src/shapenodes/CMakeFiles/shapenodes.dir/SoNurbsSurface.cpp.o,0.844,0.794678,0.743628,0.046106,0.000274,0.072751,0.039989,0.021836,0.022855
src/3rdParty/coin/src/misc/CMakeFiles/misc.dir/SoNormalGenerator.cpp.o,0.843,0.790833,0.66734,0.119069,0.000357,0.078948,0.042513,0.06581,0.051804
src/3rdParty/OndselSolver/OndselSolver/CMakeFiles/OndselSolver.dir/IntegratorInterface.cpp.o,0.843,0.791715,0.761654,0.025198,0.629513,0.130453,0.126514,0.015141,0.008624
src/3rdParty/OndselSolver/OndselSolver/CMakeFiles/OndselSolver.dir/ArcTan2.cpp.o,0.842,0.789836,0.76865,0.015963,0.648516,0.121206,0.123873,0.008323,0.006282
src/3rdParty/salomesmesh/CMakeFiles/DriverDAT.dir/src/DriverDAT/DAT_Test.cpp.o,0.842,0.79002,0.768083,0.017173,0.0,0.063634,0.08213,0.011132,0.004638
src/App/CMakeFiles/FreeCADApp.dir/Placement.cpp.o,0.842,0.782946,0.690092,0.074788,0.561409,0.217477,0.234767,0.037658,0.035523
src/3rdParty/OndselSolver/OndselSolver/CMakeFiles/OndselSolver.dir/FunctionFromData.cpp.o,0.842,0.79401,0.77113,0.017862,0.64856,0.123691,0.126582,0.010636,0.00585
src/3rdParty/OndselSolver/OndselSolver/CMakeFiles/OndselSolver.dir/IndependentVariable.cpp.o,0.842,0.790196,0.772655,0.012528,0.650609,0.120357,0.125831,0.008069,0.003077
src/3rdParty/coin/src/nodes/CMakeFiles/nodes.dir/SoTextureUnit.cpp.o,0.84,0.792099,0.76524,0.021632,4.9e-05,0.074742,0.04071,0.007701,0.012418
src/3rdParty/salomesmesh/CMakeFiles/Driver.dir/src/Driver/Driver_SMESHDS_Mesh.cpp.o,0.84,0.787615,0.769041,0.013515,0.0,0.069854,0.091371,0.008798,0.003174
src/Mod/Part/App/CMakeFiles/Part.dir/PlanePyImp.cpp.o,0.84,0.783784,0.583519,0.178609,0.405533,0.122134,0.089862,0.101398,0.075613
src/3rdParty/OndselSolver/OndselSolver/CMakeFiles/OndselSolver.dir/ICKineIntegrator.cpp.o,0.84,0.791081,0.755506,0.030563,0.63081,0.122961,0.121384,0.017311,0.011888
src/3rdParty/coin/src/nodes/CMakeFiles/nodes.dir/SoDirectionalLight.cpp.o,0.839,0.784934,0.759634,0.019894,0.003245,0.085749,0.045312,0.008183,0.010129
src/3rdParty/OndselSolver/OndselSolver/CMakeFiles/OndselSolver.dir/Function.cpp.o,0.839,0.79058,0.784021,0.001775,0.661422,0.126843,0.126601,0.000126,0.000259
src/3rdParty/coin/src/draggers/CMakeFiles/draggers.dir/SoTranslate2Dragger.cpp.o,0.838,0.78657,0.692401,0.089126,0.000635,0.071015,0.038422,0.031753,0.055987
src/3rdParty/OndselSolver/OndselSolver/CMakeFiles/OndselSolver.dir/ScalarNewtonRaphson.cpp.o,0.838,0.78704,0.760407,0.021593,0.633613,0.126256,0.122035,0.013457,0.006745
src/Mod/Robot/App/CMakeFiles/Robot.dir/kdl_cp/chainiksolvervel_wdls.cpp.o,0.838,0.784573,0.455051,0.316519,0.023114,0.268159,0.245498,0.243299,0.071551
src/3rdParty/OndselSolver/OndselSolver/CMakeFiles/OndselSolver.dir/FunctionXcParameter.cpp.o,0.837,0.785267,0.766634,0.013795,0.641243,0.126887,0.123995,0.007211,0.005132
src/3rdParty/coin/src/shapenodes/CMakeFiles/shapenodes.dir/SoNurbsCurve.cpp.o,0.836,0.785568,0.739588,0.041091,0.000435,0.075336,0.0397,0.017943,0.021683
src/3rdParty/salomesmesh/CMakeFiles/DriverUNV.dir/src/DriverUNV/DriverUNV_R_SMESHDS_Mesh.cpp.o,0.836,0.784044,0.777161,0.001853,0.0,0.067444,0.08806,0.00014,0.000142
src/3rdParty/OndselSolver/OndselSolver/CMakeFiles/OndselSolver.dir/SymTime.cpp.o,0.835,0.781705,0.762633,0.014399,0.643759,0.120255,0.121672,0.009232,0.003695
src/3rdParty/coin/src/shapenodes/CMakeFiles/shapenodes.dir/SoIndexedMarkerSet.cpp.o,0.834,0.783057,0.739055,0.039199,0.000258,0.073263,0.039812,0.018953,0.018788
src/3rdParty/coin/src/vrml97/CMakeFiles/vrml97.dir/Shape.cpp.o,0.834,0.78372,0.739081,0.039168,0.000272,0.075816,0.046808,0.016607,0.020998
src/App/CMakeFiles/FreeCADApp.dir/SuppressibleExtension.cpp.o,0.833,0.771366,0.732978,0.020642,0.610331,0.212916,0.251827,0.007622,0.011557
src/Mod/Part/App/CMakeFiles/Part.dir/LineSegmentPyImp.cpp.o,0.833,0.780041,0.559566,0.198669,0.383394,0.113952,0.082163,0.112174,0.084911
src/3rdParty/coin/src/elements/CMakeFiles/elements.dir/SoLazyElement.cpp.o,0.832,0.779266,0.654877,0.12015,0.179941,0.075517,0.040778,0.052048,0.066552
src/Mod/Part/App/CMakeFiles/Part.dir/ConePyImp.cpp.o,0.832,0.777016,0.552503,0.203257,0.382047,0.113439,0.085004,0.107805,0.093789
src/3rdParty/OndselSolver/OndselSolver/CMakeFiles/OndselSolver.dir/PointInPlaneJoint.cpp.o,0.832,0.780121,0.756073,0.018976,0.627011,0.125456,0.118071,0.011652,0.005913
src/3rdParty/coin/src/elements/GL/CMakeFiles/glelements.dir/SoGLMultiTextureImageElement.cpp.o,0.831,0.780056,0.713695,0.061334,0.000244,0.070355,0.038648,0.032357,0.027558
src/3rdParty/salomesmesh/CMakeFiles/DriverDAT.dir/src/DriverDAT/DriverDAT_R_SMESHDS_Document.cpp.o,0.831,0.778681,0.771632,0.001813,0.0,0.065298,0.089969,0.000139,0.000136
src/Mod/Part/App/CMakeFiles/Part.dir/PlateSurfacePyImp.cpp.o,0.83,0.771347,0.583065,0.165309,0.406576,0.118067,0.08378,0.098631,0.065145
src/3rdParty/coin/src/fields/CMakeFiles/fields.dir/shared.cpp.o,0.829,0.778282,0.713103,0.060551,0.0,0.077313,0.045032,0.026851,0.031984
src/3rdParty/coin/src/nodes/CMakeFiles/nodes.dir/SoFile.cpp.o,0.829,0.773249,0.721369,0.047197,0.000388,0.076221,0.042052,0.02068,0.024949
src/3rdParty/coin/src/nodes/CMakeFiles/nodes.dir/SoLightModel.cpp.o,0.828,0.77334,0.751954,0.016063,5.4e-05,0.073127,0.040003,0.005467,0.009169
src/3rdParty/salomesmesh/CMakeFiles/DriverDAT.dir/src/DriverDAT/DriverDAT_W_SMESHDS_Mesh.cpp.o,0.828,0.774594,0.768059,0.001647,0.0,0.063804,0.084543,0.000126,0.000132
src/3rdParty/coin/src/nodes/CMakeFiles/nodes.dir/SoTextureCoordinate2.cpp.o,0.827,0.773992,0.746937,0.021497,5.4e-05,0.076102,0.040302,0.00815,0.011878
src/3rdParty/coin/src/shapenodes/CMakeFiles/shapenodes.dir/SoCylinder.cpp.o,0.827,0.775113,0.736157,0.034074,0.000409,0.076678,0.041712,0.013524,0.01906
src/3rdParty/salomesmesh/CMakeFiles/DriverUNV.dir/src/DriverUNV/DriverUNV_R_SMESHDS_Document.cpp.o,0.826,0.773982,0.767127,0.001841,0.0,0.065688,0.086818,0.000136,0.000146
src/3rdParty/coin/src/misc/CMakeFiles/misc.dir/CoinResources.cpp.o,0.825,0.775664,0.709595,0.06169,0.606932,0.090195,0.055329,0.044791,0.015501
src/3rdParty/OndselSolver/OndselSolver/CMakeFiles/OndselSolver.dir/RedundantConstraint.cpp.o,0.825,0.773819,0.711114,0.057896,0.554619,0.137302,0.101353,0.039136,0.017404
src/3rdParty/coin/src/elements/GL/CMakeFiles/glelements.dir/SoGLMultiTextureCoordinateElement.cpp.o,0.823,0.773125,0.700262,0.067975,0.000243,0.073396,0.039589,0.041391,0.024809
src/3rdParty/coin/src/elements/CMakeFiles/elements.dir/SoElement.cpp.o,0.822,0.770662,0.745592,0.019688,0.000406,0.074734,0.04213,0.006754,0.011518
src/App/CMakeFiles/FreeCADApp.dir/MappedName.cpp.o,0.822,0.76252,0.567868,0.177314,0.402037,0.144237,0.113237,0.113071,0.062756
src/3rdParty/coin/src/elements/CMakeFiles/elements.dir/SoTextureCombineElement.cpp.o,0.821,0.768197,0.71056,0.052931,0.001398,0.07115,0.039427,0.028151,0.023332
src/Mod/Part/App/CMakeFiles/Part.dir/SpherePyImp.cpp.o,0.821,0.762209,0.540611,0.200127,0.366964,0.11012,0.078746,0.121288,0.077313
src/3rdParty/coin/src/nodes/CMakeFiles/nodes.dir/SoTextureMatrixTransform.cpp.o,0.82,0.767955,0.743866,0.019107,4.9e-05,0.077363,0.041779,0.006544,0.011221
src/3rdParty/coin/src/nodes/CMakeFiles/nodes.dir/SoTexture3Transform.cpp.o,0.819,0.762409,0.731618,0.024899,4.6e-05,0.074312,0.039263,0.009011,0.014316
src/3rdParty/coin/src/manips/CMakeFiles/manips.dir/SoClipPlaneManip.cpp.o,0.818,0.766704,0.698524,0.063417,0.00026,0.072305,0.041602,0.02771,0.034241
src/App/CMakeFiles/FreeCADApp.dir/ConsoleQtBridge.cpp.o,0.818,0.762149,0.534862,0.210275,0.117503,0.218937,0.181341,0.149525,0.058968
src/Base/CMakeFiles/FreeCADBase.dir/ParameterObserver.cpp.o,0.817,0.764704,0.503084,0.246198,0.320955,0.226048,0.155064,0.158745,0.086
src/Mod/Part/App/CMakeFiles/Part.dir/ToroidPyImp.cpp.o,0.817,0.759314,0.555173,0.182134,0.383323,0.114055,0.0827,0.105412,0.075182
src/Mod/TechDraw/App/CMakeFiles/TechDraw.dir/Tag.cpp.o,0.817,0.756514,0.459006,0.26388,0.294565,0.163284,0.178564,0.162913,0.099461
src/Base/CMakeFiles/FreeCADBase.dir/VectorPyImp.cpp.o,0.816,0.763791,0.435876,0.312534,0.275156,0.111419,0.06557,0.148101,0.162936
src/3rdParty/coin/src/vrml97/CMakeFiles/vrml97.dir/Box.cpp.o,0.816,0.76542,0.735028,0.025669,0.000432,0.075041,0.040796,0.008371,0.015915
src/3rdParty/OndselSolver/OndselSolver/CMakeFiles/OndselSolver.dir/UserFunction.cpp.o,0.816,0.769507,0.762946,0.00175,0.645818,0.121379,0.120974,0.00011,0.000263
src/3rdParty/coin/src/shapenodes/CMakeFiles/shapenodes.dir/soshape_trianglesort.cpp.o,0.815,0.764571,0.700859,0.058697,0.000268,0.072662,0.040762,0.036192,0.021149
src/3rdParty/coin/src/vrml97/CMakeFiles/vrml97.dir/PointSet.cpp.o,0.815,0.763626,0.730521,0.02828,0.000888,0.074354,0.042512,0.011022,0.015868
src/3rdParty/coin/src/vrml97/CMakeFiles/vrml97.dir/Collision.cpp.o,0.814,0.76107,0.731773,0.024425,0.000276,0.071612,0.04065,0.00999,0.013057
src/3rdParty/coin/src/vrml97/CMakeFiles/vrml97.dir/TextureCoordinate.cpp.o,0.814,0.760731,0.734393,0.021617,0.000285,0.069674,0.042097,0.008639,0.011527
src/3rdParty/salomesmesh/CMakeFiles/DriverDAT.dir/src/DriverDAT/DriverDAT_W_SMESHDS_Document.cpp.o,0.814,0.763261,0.756709,0.001638,0.0,0.063177,0.082837,0.000122,0.000129
src/3rdParty/coin/src/nodes/CMakeFiles/nodes.dir/SoPointLight.cpp.o,0.813,0.75792,0.734854,0.017812,0.00309,0.07297,0.041526,0.007185,0.009114
src/3rdParty/coin/src/vrml97/CMakeFiles/vrml97.dir/Cone.cpp.o,0.813,0.758871,0.725921,0.027989,0.000421,0.071095,0.038617,0.011274,0.015292
src/3rdParty/coin/src/base/CMakeFiles/base.dir/SbBSPTree.cpp.o,0.812,0.764732,0.634226,0.126461,0.001122,0.074344,0.040999,0.074698,0.050318
src/3rdParty/coin/src/vrml97/CMakeFiles/vrml97.dir/Material.cpp.o,0.812,0.763174,0.731726,0.026031,0.000365,0.075489,0.042325,0.010648,0.013817
src/3rdParty/OndselSolver/OndselSolver/CMakeFiles/OndselSolver.dir/GEFullMatFullPv.cpp.o,0.812,0.761361,0.701872,0.05507,0.565288,0.128497,0.097174,0.034716,0.018961
src/3rdParty/coin/src/misc/CMakeFiles/misc.dir/SoGenerate.cpp.o,0.811,0.756398,0.667087,0.085068,0.0,0.07301,0.043303,0.043753,0.039823
src/3rdParty/coin/src/misc/CMakeFiles/misc.dir/SoSceneManager.cpp.o,0.811,0.759604,0.726509,0.028446,0.000285,0.069441,0.037767,0.010413,0.016617
src/3rdParty/coin/src/nodes/CMakeFiles/nodes.dir/SoArray.cpp.o,0.811,0.755607,0.7075,0.04328,5.6e-05,0.075782,0.042504,0.01971,0.022152
src/3rdParty/coin/src/nodes/CMakeFiles/nodes.dir/SoTextureCoordinatePlane.cpp.o,0.811,0.760831,0.731964,0.023998,0.000269,0.071521,0.039134,0.009261,0.013308
src/3rdParty/coin/src/shapenodes/CMakeFiles/shapenodes.dir/SoCone.cpp.o,0.811,0.757985,0.719411,0.033695,0.00038,0.070709,0.03888,0.013163,0.018868
src/3rdParty/coin/src/vrml97/CMakeFiles/vrml97.dir/Sphere.cpp.o,0.811,0.757976,0.732771,0.020144,0.000458,0.071768,0.040393,0.00771,0.011037
src/3rdParty/coin/src/navigation/CMakeFiles/navigation.dir/SoScXMLDollyTarget.cpp.o,0.81,0.754288,0.693584,0.055887,0.357101,0.081205,0.051177,0.028309,0.025647
src/3rdParty/salomesmesh/CMakeFiles/DriverDAT.dir/src/DriverDAT/DriverDAT_R_SMESHDS_Mesh.cpp.o,0.81,0.756822,0.749648,0.001705,0.0,0.063201,0.082494,0.000116,0.000134
src/3rdParty/OndselSolver/OndselSolver/CMakeFiles/OndselSolver.dir/MatrixLDU.cpp.o,0.81,0.761692,0.674333,0.082904,0.534357,0.128329,0.092712,0.060381,0.021059
src/3rdParty/coin/src/nodekits/CMakeFiles/nodekits.dir/SoLightKit.cpp.o,0.809,0.758515,0.729573,0.024364,0.000343,0.072898,0.041988,0.006968,0.015919
src/3rdParty/coin/src/nodes/CMakeFiles/nodes.dir/SoSpotLight.cpp.o,0.809,0.757891,0.732408,0.020327,0.003184,0.073801,0.041734,0.008217,0.010643
src/3rdParty/coin/src/hardcopy/CMakeFiles/hardcopy.dir/VectorizePSAction.cpp.o,0.809,0.759778,0.668581,0.086532,2e-05,0.073862,0.040315,0.041692,0.043383
src/3rdParty/coin/src/foreignfiles/CMakeFiles/foreignfiles.dir/SoSTLFileKit.cpp.o,0.809,0.763165,0.658037,0.100366,0.000431,0.070539,0.038177,0.040961,0.05776
src/Mod/Part/App/CMakeFiles/Part.dir/OffsetCurvePyImp.cpp.o,0.809,0.746689,0.579458,0.144428,0.402609,0.123736,0.096788,0.083646,0.059236
src/Mod/Part/App/CMakeFiles/Part.dir/CylinderPyImp.cpp.o,0.809,0.75103,0.544116,0.183389,0.372475,0.112672,0.077446,0.102893,0.078986
src/Mod/Sketcher/App/CMakeFiles/Sketcher.dir/SolverGeometryExtension.cpp.o,0.809,0.75051,0.586359,0.137861,0.379464,0.207649,0.144095,0.091,0.045457
src/3rdParty/coin/src/vrml97/CMakeFiles/vrml97.dir/ImageTexture.cpp.o,0.808,0.756839,0.687368,0.064843,0.000452,0.074294,0.040801,0.02938,0.034002
src/3rdParty/coin/src/vrml97/CMakeFiles/vrml97.dir/Normal.cpp.o,0.808,0.759217,0.731355,0.023132,0.000282,0.073247,0.040911,0.009823,0.011819
src/Mod/Part/App/CMakeFiles/Part.dir/SurfaceOfRevolutionPyImp.cpp.o,0.808,0.748388,0.564861,0.160501,0.395049,0.116011,0.086782,0.087737,0.071205
src/3rdParty/coin/src/actions/CMakeFiles/actions.dir/SoCallbackAction.cpp.o,0.807,0.759539,0.659947,0.095011,0.0,0.072528,0.03735,0.048646,0.044775
src/3rdParty/coin/src/nodes/CMakeFiles/nodes.dir/SoTextureCoordinateObject.cpp.o,0.807,0.753768,0.726435,0.022018,0.000429,0.07031,0.039918,0.008695,0.011924
src/3rdParty/coin/src/shapenodes/CMakeFiles/shapenodes.dir/SoSphere.cpp.o,0.807,0.758157,0.734339,0.019332,0.000409,0.071244,0.041515,0.007665,0.010349
src/Base/CMakeFiles/FreeCADBase.dir/BoundBoxPyImp.cpp.o,0.806,0.75612,0.434031,0.307723,0.277362,0.113641,0.070916,0.146171,0.160006
src/3rdParty/coin/src/manips/CMakeFiles/manips.dir/SoSpotLightManip.cpp.o,0.806,0.754869,0.692306,0.057549,0.000337,0.072,0.040915,0.024556,0.031433
src/3rdParty/coin/src/rendering/CMakeFiles/rendering.dir/SoGLCubeMapImage.cpp.o,0.806,0.753987,0.706111,0.043077,0.002647,0.07605,0.040672,0.024995,0.01667
src/3rdParty/coin/src/shapenodes/CMakeFiles/shapenodes.dir/SoCube.cpp.o,0.806,0.753387,0.723663,0.024547,0.000358,0.070598,0.039573,0.009468,0.013728
src/3rdParty/coin/src/vrml97/CMakeFiles/vrml97.dir/Cylinder.cpp.o,0.805,0.759341,0.724139,0.030668,0.000407,0.069514,0.039591,0.011193,0.017987
src/3rdParty/coin/src/base/CMakeFiles/base.dir/SbOctTree.cpp.o,0.804,0.755398,0.607187,0.144154,0.005326,0.07054,0.038192,0.07762,0.065166
src/3rdParty/coin/src/nodes/CMakeFiles/nodes.dir/SoFont.cpp.o,0.804,0.750168,0.724271,0.020663,4.5e-05,0.075957,0.04255,0.008362,0.010766
src/3rdParty/OndselSolver/OndselSolver/CMakeFiles/OndselSolver.dir/LDUFullMatParPv.cpp.o,0.804,0.751426,0.696287,0.050835,0.560235,0.130573,0.098116,0.031789,0.017623
src/Mod/Part/App/CMakeFiles/Part.dir/HyperbolaPyImp.cpp.o,0.803,0.745608,0.578293,0.144458,0.406425,0.121692,0.086094,0.084836,0.058
src/3rdParty/coin/src/nodes/CMakeFiles/nodes.dir/SoDrawStyle.cpp.o,0.802,0.750189,0.719228,0.02491,7.1e-05,0.095195,0.044537,0.010827,0.012296
src/App/CMakeFiles/FreeCADApp.dir/ApplicationDirectoriesPyImp.cpp.o,0.802,0.74758,0.551254,0.179925,0.352324,0.141898,0.171305,0.101447,0.076745
src/3rdParty/coin/src/caches/CMakeFiles/caches.dir/SoGLCacheList.cpp.o,0.801,0.750994,0.702016,0.044092,0.000295,0.072287,0.039304,0.024657,0.018103
src/3rdParty/OndselSolver/OndselSolver/CMakeFiles/OndselSolver.dir/CompoundJoint.cpp.o,0.801,0.749646,0.726144,0.018728,0.606108,0.120418,0.101785,0.011447,0.005855
src/3rdParty/coin/src/vrml97/CMakeFiles/vrml97.dir/Switch.cpp.o,0.8,0.751464,0.693756,0.053387,0.00028,0.072968,0.043864,0.023466,0.028492
src/3rdParty/OndselSolver/OndselSolver/CMakeFiles/OndselSolver.dir/AngleZIecJec.cpp.o,0.8,0.754312,0.71823,0.031533,0.443289,0.123941,0.097719,0.017017,0.013182
src/3rdParty/coin/src/misc/CMakeFiles/misc.dir/SoSceneManagerP.cpp.o,0.799,0.750769,0.739206,0.006811,0.000386,0.083986,0.045561,0.002333,0.003065
src/3rdParty/salomesmesh/CMakeFiles/Driver.dir/src/Driver/Driver_Document.cpp.o,0.799,0.747532,0.725957,0.016784,0.0,0.062096,0.079696,0.012044,0.003378
src/3rdParty/OndselSolver/OndselSolver/CMakeFiles/OndselSolver.dir/GEFullMatParPv.cpp.o,0.799,0.749888,0.689209,0.05613,0.551983,0.130353,0.099565,0.034043,0.020638
src/3rdParty/coin/src/bundles/CMakeFiles/bundles.dir/SoTextureCoordinateBundle.cpp.o,0.798,0.75181,0.710999,0.036169,0.000283,0.070496,0.038599,0.01983,0.014948
src/3rdParty/coin/src/nodes/CMakeFiles/nodes.dir/SoTextureCoordinateReflectionMap.cpp.o,0.798,0.746237,0.723309,0.018427,0.000897,0.070969,0.0408,0.007168,0.009923
src/3rdParty/coin/src/nodes/CMakeFiles/nodes.dir/SoNormal.cpp.o,0.797,0.747108,0.720937,0.020642,5e-05,0.074563,0.04067,0.00803,0.010902
src/3rdParty/coin/src/vrml97/CMakeFiles/vrml97.dir/SpotLight.cpp.o,0.797,0.746121,0.721427,0.020254,0.003948,0.069587,0.039398,0.007916,0.010945
src/3rdParty/coin/src/vrml97/CMakeFiles/vrml97.dir/Coordinate.cpp.o,0.796,0.745427,0.717877,0.022577,0.000296,0.073994,0.04102,0.008722,0.012281
src/3rdParty/FastSignals/libfastsignals/CMakeFiles/libfastsignals.dir/src/signal_impl.cpp.o,0.795,0.752668,0.695789,0.052201,0.625517,0.082936,0.089242,0.040981,0.009898
src/3rdParty/coin/src/base/CMakeFiles/base.dir/SbDPViewVolume.cpp.o,0.794,0.746411,0.641065,0.101106,0.000368,0.070319,0.039553,0.047805,0.051902
src/3rdParty/OndselSolver/OndselSolver/CMakeFiles/OndselSolver.dir/ItemIJ.cpp.o,0.794,0.743818,0.716072,0.023302,0.585661,0.127156,0.093669,0.014918,0.006993
src/Mod/CAM/Gui/CMakeFiles/PathGui.dir/qrc_Path.cpp.o,0.794,0.737845,0.723408,0.006597,0.0,0.0,0.0,0.002518,0.00279
src/3rdParty/salomesmesh/CMakeFiles/DriverSTL.dir/src/DriverSTL/STL_Test.cpp.o,0.793,0.740456,0.731546,0.003902,0.0,0.061147,0.080033,0.001155,0.001312
src/3rdParty/coin/src/navigation/CMakeFiles/navigation.dir/SoScXMLZoomTarget.cpp.o,0.792,0.73685,0.686047,0.046093,0.187117,0.074531,0.039668,0.02108,0.023522
src/3rdParty/coin/src/nodes/CMakeFiles/nodes.dir/SoSelection.cpp.o,0.791,0.736042,0.67528,0.056346,3.7e-05,0.073549,0.042519,0.021893,0.032814
src/3rdParty/coin/src/vrml97/CMakeFiles/vrml97.dir/Color.cpp.o,0.791,0.740322,0.717958,0.017615,0.000291,0.070536,0.038983,0.00705,0.009233
src/App/CMakeFiles/FreeCADApp.dir/Annotation.cpp.o,0.791,0.735523,0.618308,0.100438,0.472552,0.234204,0.259811,0.063857,0.034953
src/3rdParty/coin/src/nodes/CMakeFiles/nodes.dir/SoAlphaTest.cpp.o,0.79,0.740645,0.719267,0.016348,5.8e-05,0.071935,0.041054,0.00598,0.008857
src/3rdParty/coin/src/nodes/CMakeFiles/nodes.dir/SoPickStyle.cpp.o,0.79,0.739839,0.71925,0.015547,4e-05,0.072399,0.043888,0.005508,0.008663
src/3rdParty/coin/src/profiler/CMakeFiles/profiler.dir/SoProfilerVisualizeKit.cpp.o,0.79,0.738378,0.690288,0.043052,0.33508,0.079734,0.050692,0.018136,0.023334
src/Mod/Part/App/CMakeFiles/Part.dir/ParabolaPyImp.cpp.o,0.79,0.727938,0.576195,0.126372,0.414857,0.116767,0.088629,0.074658,0.050087
src/Base/CMakeFiles/FreeCADBase.dir/__/3rdParty/PyCXX/CXX/cxx_extensions.cxx.o,0.788,0.738545,0.261026,0.463239,0.143773,0.085499,0.038717,0.201645,0.259989
src/3rdParty/coin/src/nodes/CMakeFiles/nodes.dir/SoTextureCoordinateNormalMap.cpp.o,0.788,0.737399,0.716429,0.015967,0.000923,0.072643,0.043541,0.005488,0.008989
src/3rdParty/coin/src/engines/CMakeFiles/engines.dir/SoCalculator.cpp.o,0.787,0.738562,0.630593,0.103756,0.000332,0.071483,0.041259,0.053907,0.048385
src/3rdParty/coin/src/nodes/CMakeFiles/nodes.dir/SoComplexity.cpp.o,0.787,0.733335,0.70583,0.022703,4.7e-05,0.08036,0.040681,0.00816,0.012935
src/3rdParty/coin/src/nodes/CMakeFiles/nodes.dir/SoTextureCoordinateEnvironment.cpp.o,0.787,0.735125,0.709168,0.020341,0.000688,0.070451,0.038784,0.008173,0.010809
src/3rdParty/coin/src/nodes/CMakeFiles/nodes.dir/SoSwitch.cpp.o,0.786,0.734977,0.693416,0.036801,0.000486,0.072146,0.042026,0.016628,0.018709
src/3rdParty/coin/src/vrml97/CMakeFiles/vrml97.dir/Transform.cpp.o,0.785,0.737157,0.680016,0.052586,0.00028,0.071495,0.040478,0.018731,0.032405
src/3rdParty/OndselSolver/OndselSolver/CMakeFiles/OndselSolver.dir/GESpMat.cpp.o,0.785,0.733313,0.67933,0.049464,0.54853,0.122894,0.094477,0.028018,0.020159
src/Mod/Mesh/App/CMakeFiles/Mesh.dir/Core/Trim.cpp.o,0.785,0.732606,0.361791,0.355846,0.188717,0.196674,0.091807,0.23426,0.120047
src/Mod/Robot/App/CMakeFiles/Robot.dir/Robot6Axis.cpp.o,0.785,0.727763,0.593725,0.121406,0.45851,0.196798,0.178046,0.07779,0.042156
src/3rdParty/coin/src/caches/CMakeFiles/caches.dir/SoConvexDataCache.cpp.o,0.784,0.739276,0.654225,0.08062,0.001303,0.068239,0.037138,0.039846,0.039369
src/3rdParty/coin/src/navigation/CMakeFiles/navigation.dir/SoScXMLFlightControlTarget.cpp.o,0.784,0.733136,0.694399,0.033428,0.000499,0.076769,0.043383,0.013384,0.018667
src/Mod/Part/App/CMakeFiles/Part.dir/GeometryExtension.cpp.o,0.784,0.727444,0.603077,0.102051,0.452945,0.178077,0.154073,0.073332,0.027221
src/3rdParty/coin/src/navigation/CMakeFiles/navigation.dir/SoScXMLSpinTarget.cpp.o,0.783,0.727707,0.683922,0.038658,0.003655,0.07621,0.042651,0.017576,0.019424
src/3rdParty/coin/src/collision/CMakeFiles/collision.dir/SbTri3f.cpp.o,0.783,0.731317,0.641597,0.085508,0.005507,0.075888,0.040131,0.038253,0.045858
src/3rdParty/coin/src/manips/CMakeFiles/manips.dir/SoTransformManip.cpp.o,0.782,0.731914,0.668753,0.058411,0.000263,0.074736,0.039845,0.024636,0.032363
src/3rdParty/coin/src/vrml97/CMakeFiles/vrml97.dir/PointLight.cpp.o,0.782,0.733057,0.709782,0.018567,0.004413,0.070594,0.039567,0.007155,0.010026
src/Mod/Test/Gui/CMakeFiles/QtUnitGui.dir/UnitTestPy.cpp.o,0.782,0.730237,0.474493,0.244921,0.32861,0.137399,0.088656,0.121471,0.121755
src/Mod/Mesh/App/CMakeFiles/Mesh.dir/Core/Smoothing.cpp.o,0.78,0.730903,0.426835,0.289941,0.276996,0.169774,0.109364,0.197311,0.091118
src/3rdParty/coin/src/draggers/CMakeFiles/draggers.dir/SoRotateSphericalDragger.cpp.o,0.779,0.729222,0.668807,0.055632,0.000478,0.079139,0.041086,0.018447,0.035702
src/3rdParty/coin/src/manips/CMakeFiles/manips.dir/SoDirectionalLightManip.cpp.o,0.779,0.73268,0.677261,0.05104,0.000247,0.070516,0.039966,0.02178,0.027784
src/3rdParty/coin/src/elements/CMakeFiles/elements.dir/SoMultiTextureImageElement.cpp.o,0.777,0.729223,0.640969,0.083803,0.18715,0.074486,0.039177,0.044057,0.03822
src/3rdParty/coin/src/elements/GL/CMakeFiles/glelements.dir/SoGLVertexAttributeElement.cpp.o,0.777,0.726439,0.700232,0.021405,0.003962,0.067849,0.037663,0.009013,0.011057
src/3rdParty/coin/src/vrml97/CMakeFiles/vrml97.dir/DirectionalLight.cpp.o,0.777,0.727858,0.705939,0.017399,0.003288,0.072652,0.040801,0.007384,0.008683
src/Mod/Part/App/CMakeFiles/Part.dir/Geom2d/Line2dSegmentPyImp.cpp.o,0.777,0.718154,0.527367,0.168599,0.367653,0.108961,0.076787,0.094222,0.072861
src/3rdParty/coin/src/elements/CMakeFiles/elements.dir/SoShapeStyleElement.cpp.o,0.776,0.721499,0.671852,0.045298,3.8e-05,0.077593,0.043333,0.019676,0.024113
src/3rdParty/coin/src/nodes/CMakeFiles/nodes.dir/SoProfileCoordinate2.cpp.o,0.776,0.720333,0.695724,0.020208,4.2e-05,0.076697,0.043027,0.007339,0.011309
src/App/CMakeFiles/FreeCADApp.dir/TextDocument.cpp.o,0.776,0.719226,0.617911,0.08251,0.45797,0.247278,0.259287,0.050809,0.03019
src/Mod/Part/App/CMakeFiles/Part.dir/CirclePyImp.cpp.o,0.776,0.722222,0.579049,0.122637,0.413838,0.122603,0.091963,0.080758,0.040424
src/3rdParty/coin/src/draggers/CMakeFiles/draggers.dir/SoScaleUniformDragger.cpp.o,0.775,0.727927,0.669045,0.052806,0.000389,0.072357,0.039904,0.01988,0.031317
src/3rdParty/coin/src/base/CMakeFiles/base.dir/SbViewVolume.cpp.o,0.773,0.726682,0.633407,0.089073,0.000337,0.070424,0.038923,0.041963,0.045649
src/3rdParty/coin/src/nodekits/CMakeFiles/nodekits.dir/SoCameraKit.cpp.o,0.772,0.717147,0.693158,0.019873,0.000294,0.073047,0.041811,0.00605,0.012441
src/3rdParty/coin/src/nodes/CMakeFiles/nodes.dir/SoEventCallback.cpp.o,0.772,0.719659,0.680364,0.034929,5e-05,0.074354,0.042677,0.017019,0.01633
src/3rdParty/coin/src/nodes/CMakeFiles/nodes.dir/SoLevelOfDetail.cpp.o,0.772,0.723578,0.68097,0.037998,0.000253,0.073567,0.041441,0.015821,0.020554
src/3rdParty/coin/src/nodes/CMakeFiles/nodes.dir/SoSurroundScale.cpp.o,0.772,0.721444,0.676902,0.039756,4.7e-05,0.075351,0.042576,0.018751,0.019554
src/3rdParty/coin/src/geo/CMakeFiles/geo.dir/SoGeoSeparator.cpp.o,0.772,0.722104,0.684081,0.031802,5.2e-05,0.071218,0.040304,0.01195,0.018249
src/App/CMakeFiles/FreeCADApp.dir/DocumentObjectExtension.cpp.o,0.772,0.712461,0.673959,0.021072,0.558528,0.200477,0.24216,0.007488,0.01211
src/3rdParty/OndselSolver/OndselSolver/CMakeFiles/OndselSolver.dir/DistanceConstraintIqctJqc.cpp.o,0.772,0.72413,0.673839,0.045886,0.545537,0.123049,0.089273,0.025691,0.018829
src/3rdParty/coin/src/scxml/CMakeFiles/scxml.dir/ScXML.cpp.o,0.771,0.721165,0.676221,0.040195,0.328881,0.089278,0.054543,0.027344,0.011538
src/3rdParty/coin/src/nodes/CMakeFiles/nodes.dir/SoPathSwitch.cpp.o,0.77,0.721608,0.688551,0.028634,7.7e-05,0.076385,0.043101,0.011875,0.015312
src/App/CMakeFiles/FreeCADApp.dir/InventorObject.cpp.o,0.77,0.713778,0.676546,0.01959,0.564978,0.206904,0.23544,0.006811,0.011247
src/3rdParty/OndselSolver/OndselSolver/CMakeFiles/OndselSolver.dir/DispCompIecJecKec.cpp.o,0.77,0.722551,0.690374,0.027901,0.54794,0.139324,0.092034,0.017508,0.008996
src/3rdParty/coin/src/elements/GL/CMakeFiles/glelements.dir/SoGLDisplayList.cpp.o,0.769,0.718635,0.695779,0.018106,0.000641,0.072307,0.037287,0.006988,0.009635
src/3rdParty/coin/src/nodekits/CMakeFiles/nodekits.dir/SoShapeKit.cpp.o,0.769,0.715426,0.665593,0.045169,0.000351,0.072765,0.039582,0.011546,0.032165
src/3rdParty/coin/src/nodes/CMakeFiles/nodes.dir/SoAntiSquish.cpp.o,0.769,0.712998,0.675828,0.031947,4.8e-05,0.079895,0.042389,0.013975,0.016535
src/3rdParty/coin/src/xml/CMakeFiles/xml.dir/document.cpp.o,0.768,0.722564,0.658201,0.059736,0.361564,0.081746,0.052442,0.032397,0.025816
src/3rdParty/coin/src/draggers/CMakeFiles/draggers.dir/SoScale2UniformDragger.cpp.o,0.768,0.720366,0.66285,0.053325,0.000325,0.070366,0.037531,0.018625,0.033337
src/3rdParty/coin/src/nodes/CMakeFiles/nodes.dir/SoClipPlane.cpp.o,0.768,0.717488,0.690882,0.02219,4.3e-05,0.07559,0.043128,0.008256,0.012465
src/3rdParty/coin/src/misc/CMakeFiles/misc.dir/SoPick.cpp.o,0.767,0.715845,0.662024,0.049332,0.0,0.073945,0.039092,0.024437,0.02343
src/3rdParty/coin/src/nodes/CMakeFiles/nodes.dir/SoLinearProfile.cpp.o,0.767,0.713492,0.643717,0.063584,0.000467,0.074664,0.039834,0.032929,0.029122
src/Mod/Fem/Gui/CMakeFiles/FemGui.dir/qrc_Fem.cpp.o,0.767,0.71438,0.700863,0.006913,0.0,0.0,0.0,0.002586,0.003006
src/3rdParty/coin/src/draggers/CMakeFiles/draggers.dir/SoJackDragger.cpp.o,0.766,0.71952,0.654628,0.060464,0.000304,0.088887,0.040534,0.020203,0.038878
src/3rdParty/coin/src/draggers/CMakeFiles/draggers.dir/SoRotateDiscDragger.cpp.o,0.766,0.719685,0.662044,0.052269,0.000476,0.075704,0.039765,0.018607,0.032122
src/3rdParty/coin/src/elements/GL/CMakeFiles/glelements.dir/SoGLClipPlaneElement.cpp.o,0.766,0.711445,0.689979,0.016538,0.000219,0.072582,0.040689,0.006073,0.009073
src/3rdParty/coin/src/elements/GL/CMakeFiles/glelements.dir/SoGLShapeHintsElement.cpp.o,0.766,0.71684,0.699473,0.012596,0.000261,0.076738,0.040504,0.004038,0.007096
src/3rdParty/OndselSolver/OndselSolver/CMakeFiles/OndselSolver.dir/OrbitAngleZIecJec.cpp.o,0.766,0.720008,0.684054,0.0314,0.417411,0.125148,0.091844,0.017087,0.012928
src/3rdParty/OndselSolver/OndselSolver/CMakeFiles/OndselSolver.dir/PosVelAccData.cpp.o,0.766,0.712981,0.680262,0.028496,0.554226,0.120933,0.084173,0.017159,0.009836
src/3rdParty/coin/src/scxml/CMakeFiles/scxml.dir/ScXMLSendElt.cpp.o,0.765,0.71461,0.604562,0.105118,0.235954,0.081806,0.059168,0.065372,0.038339
src/Mod/Import/App/CMakeFiles/Import.dir/StepShapePyImp.cpp.o,0.765,0.708753,0.637507,0.050008,0.305397,0.134039,0.108819,0.038286,0.010317
src/3rdParty/coin/src/elements/GL/CMakeFiles/glelements.dir/SoGLEnvironmentElement.cpp.o,0.764,0.716363,0.695902,0.015519,0.003248,0.071624,0.039324,0.00566,0.008424
src/3rdParty/coin/src/nodes/CMakeFiles/nodes.dir/SoEnvironment.cpp.o,0.764,0.712121,0.685706,0.021849,4.1e-05,0.071509,0.040118,0.007512,0.012871
src/3rdParty/coin/src/base/CMakeFiles/base.dir/SbBox3f.cpp.o,0.763,0.712695,0.661336,0.047227,0.0,0.074628,0.041396,0.026474,0.019409
src/3rdParty/coin/src/draggers/CMakeFiles/draggers.dir/SoScale2Dragger.cpp.o,0.763,0.71448,0.659261,0.050778,0.00031,0.073132,0.040039,0.016831,0.032513
src/3rdParty/coin/src/elements/GL/CMakeFiles/glelements.dir/SoGLColorIndexElement.cpp.o,0.763,0.71115,0.693889,0.012225,0.000262,0.071379,0.038828,0.00386,0.006968
src/Mod/Part/App/CMakeFiles/Part.dir/LinePyImp.cpp.o,0.763,0.706301,0.539182,0.14512,0.379988,0.10712,0.081224,0.082076,0.061443
src/3rdParty/coin/src/navigation/CMakeFiles/navigation.dir/SoScXMLPanTarget.cpp.o,0.762,0.706358,0.657422,0.044267,0.001205,0.072085,0.040214,0.018241,0.024567
src/3rdParty/coin/src/navigation/CMakeFiles/navigation.dir/SoScXMLMiscTarget.cpp.o,0.762,0.706873,0.677532,0.024866,0.000804,0.073941,0.041367,0.008713,0.014794
src/3rdParty/coin/src/hardcopy/CMakeFiles/hardcopy.dir/VectorizeAction.cpp.o,0.762,0.713371,0.661364,0.047638,0.000324,0.071938,0.04009,0.019859,0.026459
src/Gui/CMakeFiles/FreeCADGui.dir/Dialogs/DlgSettingsColorGradientImp.cpp.o,0.762,0.700636,0.534795,0.142934,0.327286,0.161486,0.142542,0.080476,0.060928
src/3rdParty/OndselSolver/OndselSolver/CMakeFiles/OndselSolver.dir/DirectionCosineIecJec.cpp.o,0.762,0.714168,0.668386,0.041478,0.534098,0.124749,0.094352,0.024867,0.015256
src/3rdParty/coin/src/nodes/CMakeFiles/nodes.dir/SoProfileCoordinate3.cpp.o,0.76,0.70534,0.679971,0.020685,4.8e-05,0.072004,0.040113,0.007315,0.011876
src/Mod/Part/App/CMakeFiles/Part.dir/SurfaceOfExtrusionPyImp.cpp.o,0.759,0.698583,0.545429,0.128044,0.388791,0.115269,0.083635,0.074865,0.051606
src/3rdParty/OndselSolver/OndselSolver/CMakeFiles/OndselSolver.dir/DistxyIecJec.cpp.o,0.759,0.713554,0.670565,0.038523,0.541047,0.123393,0.089616,0.022636,0.014425
src/Mod/TechDraw/Gui/CMakeFiles/TechDrawGui.dir/qrc_TechDraw.cpp.o,0.759,0.710398,0.695294,0.007699,0.0,0.0,0.0,0.002747,0.003344
src/3rdParty/coin/src/draggers/CMakeFiles/draggers.dir/SoScale1Dragger.cpp.o,0.758,0.709774,0.655525,0.049583,0.000454,0.075245,0.039724,0.017578,0.030787
src/3rdParty/coin/src/elements/GL/CMakeFiles/glelements.dir/SoGLCoordinateElement.cpp.o,0.758,0.709005,0.693497,0.010833,0.000266,0.070992,0.038996,0.003477,0.005928
src/3rdParty/salomesmesh/CMakeFiles/MEFISTO2.dir/src/MEFISTO2/trte.c.o,0.758,0.71078,0.05793,0.650842,0.0,0.0,0.0,0.364689,0.284694
src/3rdParty/coin/src/nodes/CMakeFiles/nodes.dir/SoCacheHint.cpp.o,0.757,0.704678,0.682708,0.01713,6.1e-05,0.072352,0.041358,0.006478,0.009107
src/3rdParty/coin/src/nodes/CMakeFiles/nodes.dir/SoPendulum.cpp.o,0.757,0.706674,0.678075,0.02401,4.7e-05,0.073443,0.043002,0.007988,0.014555
src/3rdParty/coin/src/vrml97/CMakeFiles/vrml97.dir/IndexedShape.cpp.o,0.757,0.70608,0.676359,0.025243,0.000549,0.076086,0.043291,0.011365,0.012542
src/3rdParty/coin/src/manips/CMakeFiles/manips.dir/SoPointLightManip.cpp.o,0.756,0.707804,0.653239,0.049831,0.000263,0.068721,0.038482,0.021279,0.027119
src/3rdParty/coin/src/navigation/CMakeFiles/navigation.dir/SoScXMLSeekTarget.cpp.o,0.756,0.705185,0.657329,0.042537,0.000816,0.071645,0.041256,0.018695,0.022271
src/3rdParty/coin/src/nodes/CMakeFiles/nodes.dir/SoShapeHints.cpp.o,0.756,0.704434,0.674741,0.024624,5e-05,0.073835,0.039703,0.009081,0.01388
src/3rdParty/coin/src/profiler/CMakeFiles/profiler.dir/SoProfilerTopKit.cpp.o,0.756,0.705988,0.65875,0.04299,0.002661,0.074153,0.042635,0.015386,0.026221
src/Gui/CMakeFiles/FreeCADGui.dir/ViewProviderExtern.cpp.o,0.756,0.693634,0.550145,0.119901,0.383384,0.168073,0.168521,0.078898,0.039403
src/Mod/Part/App/CMakeFiles/Part.dir/EllipsePyImp.cpp.o,0.756,0.699908,0.557487,0.120922,0.39568,0.113561,0.084192,0.072194,0.047106
src/3rdParty/OndselSolver/OndselSolver/CMakeFiles/OndselSolver.dir/EulerParametersDDot.cpp.o,0.756,0.70602,0.69974,0.001586,0.512194,0.189853,0.121898,0.000121,0.000127
src/3rdParty/coin/src/elements/CMakeFiles/elements.dir/SoMultiTextureCoordinateElement.cpp.o,0.755,0.707095,0.630914,0.071579,0.186817,0.071288,0.038605,0.038733,0.031459
src/3rdParty/coin/src/engines/CMakeFiles/engines.dir/SoEngine.cpp.o,0.755,0.700217,0.65827,0.037173,8e-05,0.071861,0.039705,0.0188,0.016894
src/3rdParty/coin/src/geo/CMakeFiles/geo.dir/SoGeoOrigin.cpp.o,0.755,0.701357,0.678163,0.018448,4.1e-05,0.071115,0.041522,0.00673,0.010315
src/3rdParty/OndselSolver/OndselSolver/CMakeFiles/OndselSolver.dir/ForceTorqueData.cpp.o,0.755,0.705271,0.682038,0.01891,0.557047,0.122822,0.090177,0.012519,0.005006
src/3rdParty/coin/src/draggers/CMakeFiles/draggers.dir/SoDirectionalLightDragger.cpp.o,0.753,0.70229,0.646305,0.051657,0.000356,0.072055,0.037802,0.018098,0.032012
src/3rdParty/coin/src/nodekits/CMakeFiles/nodekits.dir/SoAppearanceKit.cpp.o,0.753,0.704629,0.671588,0.028539,0.000367,0.073635,0.042557,0.008004,0.019145
src/Mod/Part/Gui/CMakeFiles/PartGui.dir/DlgPartImportIgesImp.cpp.o,0.753,0.689822,0.545983,0.116035,0.295755,0.133968,0.202375,0.084701,0.02978
src/3rdParty/coin/src/nodes/CMakeFiles/nodes.dir/SoLocateHighlight.cpp.o,0.752,0.701125,0.671265,0.025148,0.000283,0.073779,0.040701,0.009086,0.01457
src/3rdParty/OndselSolver/OndselSolver/CMakeFiles/OndselSolver.dir/CartesianFrame.cpp.o,0.752,0.702636,0.68647,0.011876,0.560309,0.125832,0.088943,0.007132,0.003374
src/Base/CMakeFiles/FreeCADBase.dir/PlacementPyImp.cpp.o,0.751,0.69528,0.44571,0.23429,0.303098,0.112272,0.077174,0.109605,0.123267
src/3rdParty/coin/src/bundles/CMakeFiles/bundles.dir/SoMaterialBundle.cpp.o,0.751,0.703541,0.687846,0.011134,0.000212,0.07166,0.040379,0.004321,0.005419
src/3rdParty/coin/src/nodes/CMakeFiles/nodes.dir/SoMaterialBinding.cpp.o,0.751,0.699688,0.678186,0.017175,4e-05,0.072725,0.038095,0.006009,0.009693
src/3rdParty/coin/src/nodes/CMakeFiles/nodes.dir/SoProfile.cpp.o,0.751,0.696336,0.675448,0.016298,4.5e-05,0.072212,0.041411,0.005402,0.009433
src/Gui/CMakeFiles/FreeCADGui.dir/WhatsThis.cpp.o,0.751,0.684928,0.647397,0.01429,0.518554,0.215918,0.273748,0.005543,0.007219
src/3rdParty/coin/src/fields/CMakeFiles/fields.dir/SoMFColor.cpp.o,0.75,0.698343,0.628099,0.064703,6e-05,0.073874,0.040259,0.029267,0.034093
src/3rdParty/coin/src/nodes/CMakeFiles/nodes.dir/SoPolygonOffset.cpp.o,0.75,0.702398,0.678814,0.019022,5.5e-05,0.07988,0.038374,0.006824,0.01076
src/3rdParty/coin/src/nodes/CMakeFiles/nodes.dir/SoTransform.cpp.o,0.75,0.693944,0.642279,0.04706,4.5e-05,0.070708,0.039512,0.017031,0.028651
src/Gui/CMakeFiles/FreeCADGui.dir/ActionFunction.cpp.o,0.75,0.692019,0.470311,0.19951,0.035246,0.195432,0.20644,0.134958,0.062985
src/Base/CMakeFiles/FreeCADBase.dir/GeometryPyCXX.cpp.o,0.749,0.696969,0.391941,0.290174,0.273257,0.112946,0.055176,0.134765,0.153866
src/3rdParty/coin/src/shapenodes/CMakeFiles/shapenodes.dir/SoVertexShape.cpp.o,0.749,0.696904,0.666696,0.025543,0.000248,0.074609,0.040376,0.009249,0.014905
src/3rdParty/coin/src/draggers/CMakeFiles/draggers.dir/SoPointLightDragger.cpp.o,0.748,0.703167,0.659364,0.038858,0.000304,0.099004,0.041071,0.014312,0.023176
src/3rdParty/coin/src/nodes/CMakeFiles/nodes.dir/SoPerspectiveCamera.cpp.o,0.748,0.697676,0.667651,0.025029,8.1e-05,0.076918,0.041032,0.011686,0.011844
src/3rdParty/coin/src/vrml97/CMakeFiles/vrml97.dir/VertexShape.cpp.o,0.748,0.692124,0.658198,0.029614,0.00027,0.073553,0.042137,0.010804,0.017474
src/3rdParty/salomesmesh/CMakeFiles/SMDS.dir/src/SMDS/SMDS_SpacePosition.cpp.o,0.748,0.697525,0.686781,0.00611,0.0,0.055417,0.071184,0.002222,0.002519
src/3rdParty/coin/src/base/CMakeFiles/base.dir/SbXfBox3f.cpp.o,0.747,0.700622,0.6133,0.083149,0.000521,0.070452,0.03865,0.040905,0.040828
src/Mod/Part/App/CMakeFiles/Part.dir/ArcOfCirclePyImp.cpp.o,0.747,0.687527,0.560759,0.104596,0.371084,0.116055,0.079828,0.073943,0.029226
src/3rdParty/coin/src/elements/CMakeFiles/elements.dir/SoCullElement.cpp.o,0.746,0.695356,0.647361,0.043633,0.000331,0.076915,0.042615,0.023125,0.019118
src/3rdParty/coin/src/nodes/CMakeFiles/nodes.dir/SoTextureCoordinateBinding.cpp.o,0.746,0.698385,0.673104,0.020759,5.7e-05,0.077465,0.042258,0.007484,0.011449
src/3rdParty/coin/src/vrml97/CMakeFiles/vrml97.dir/PixelTexture.cpp.o,0.746,0.698605,0.666348,0.027904,0.000376,0.072599,0.039811,0.011891,0.014536
src/3rdParty/coin/src/nodekits/CMakeFiles/nodekits.dir/SoSeparatorKit.cpp.o,0.745,0.693806,0.647063,0.042328,0.000318,0.073471,0.040368,0.013285,0.027613
src/3rdParty/coin/src/nodes/CMakeFiles/nodes.dir/SoShuttle.cpp.o,0.745,0.694356,0.664896,0.024784,4.6e-05,0.079739,0.042736,0.008743,0.014385
src/3rdParty/coin/src/nodes/CMakeFiles/nodes.dir/SoVertexAttributeBinding.cpp.o,0.745,0.696566,0.673579,0.018504,3.9e-05,0.075081,0.042992,0.006558,0.010613
src/Mod/Part/App/CMakeFiles/Part.dir/ArcOfParabolaPyImp.cpp.o,0.745,0.688971,0.564245,0.102663,0.379697,0.118135,0.082323,0.072659,0.028593
src/3rdParty/OndselSolver/OndselSolver/CMakeFiles/OndselSolver.dir/EulerParametersDot.cpp.o,0.745,0.696688,0.690678,0.001695,0.503225,0.189729,0.124195,0.000116,0.000132
src/3rdParty/OndselSolver/OndselSolver/CMakeFiles/OndselSolver.dir/LDUSpMatParPv.cpp.o,0.745,0.693136,0.687378,0.001595,0.563356,0.126351,0.095702,0.000121,0.00014
src/Mod/Part/Gui/CMakeFiles/PartGui.dir/DlgPartImportStepImp.cpp.o,0.745,0.684856,0.538507,0.117884,0.287235,0.13621,0.197049,0.088578,0.027611
src/3rdParty/coin/src/fields/CMakeFiles/fields.dir/SoSFImage3.cpp.o,0.744,0.690259,0.651619,0.034285,1.5e-05,0.073965,0.041101,0.015585,0.01732
src/3rdParty/coin/src/nodes/CMakeFiles/nodes.dir/SoBumpMapCoordinate.cpp.o,0.744,0.69263,0.670572,0.017524,4.8e-05,0.070448,0.040752,0.006795,0.009203
src/3rdParty/coin/src/nodes/CMakeFiles/nodes.dir/SoFrustumCamera.cpp.o,0.744,0.694798,0.659119,0.031023,4.5e-05,0.077608,0.04445,0.013349,0.016241
src/3rdParty/coin/src/shapenodes/CMakeFiles/shapenodes.dir/SoIndexedShape.cpp.o,0.744,0.694916,0.656792,0.033464,0.00041,0.076735,0.040911,0.01588,0.016212
src/3rdParty/OndselSolver/OndselSolver/CMakeFiles/OndselSolver.dir/EulerParameters.cpp.o,0.744,0.695405,0.689537,0.001608,0.510856,0.180939,0.120743,0.000125,0.000135
src/3rdParty/coin/src/elements/GL/CMakeFiles/glelements.dir/SoGLModelMatrixElement.cpp.o,0.743,0.695134,0.671578,0.018891,0.000227,0.069483,0.038403,0.006511,0.011041
src/3rdParty/coin/src/manips/CMakeFiles/manips.dir/SoTabBoxManip.cpp.o,0.743,0.691517,0.669794,0.015728,0.000279,0.074012,0.041881,0.005893,0.008209
src/3rdParty/coin/src/nodes/CMakeFiles/nodes.dir/SoNormalBinding.cpp.o,0.743,0.692416,0.666217,0.021577,4e-05,0.072784,0.041131,0.008315,0.011573
src/3rdParty/coin/src/nodes/CMakeFiles/nodes.dir/SoRotation.cpp.o,0.743,0.688634,0.662806,0.021416,4.7e-05,0.073734,0.043033,0.007446,0.012398
src/Mod/Points/Gui/CMakeFiles/PointsGui.dir/DlgPointsReadImp.cpp.o,0.743,0.683357,0.56586,0.104328,0.436527,0.110836,0.155525,0.048685,0.054058
src/3rdParty/coin/src/nodes/CMakeFiles/nodes.dir/SoFontStyle.cpp.o,0.742,0.689711,0.660327,0.024932,5.7e-05,0.077712,0.041427,0.010465,0.01297
src/3rdParty/coin/src/caches/CMakeFiles/caches.dir/SoGLRenderCache.cpp.o,0.741,0.693428,0.662273,0.026602,0.005747,0.069587,0.037942,0.015136,0.010092
src/3rdParty/coin/src/fields/CMakeFiles/fields.dir/SoMFVec3f.cpp.o,0.74,0.691179,0.631598,0.055263,4.8e-05,0.072402,0.040028,0.026213,0.027685
src/3rdParty/coin/src/navigation/CMakeFiles/navigation.dir/SoCameraUtils.cpp.o,0.74,0.688762,0.634149,0.04992,0.000793,0.073449,0.039563,0.021878,0.026577
src/3rdParty/coin/src/nodes/CMakeFiles/nodes.dir/SoCallback.cpp.o,0.74,0.68706,0.663415,0.019064,5e-05,0.070514,0.040252,0.006695,0.010937
src/3rdParty/coin/src/actions/CMakeFiles/actions.dir/SoBoxHighlightRenderAction.cpp.o,0.739,0.694745,0.642119,0.047013,0.000113,0.0728,0.039865,0.022656,0.022861
src/3rdParty/coin/src/base/CMakeFiles/base.dir/SbBox3d.cpp.o,0.739,0.689938,0.639936,0.045892,0.0,0.070358,0.037763,0.025935,0.018548
src/3rdParty/coin/src/elements/GL/CMakeFiles/glelements.dir/SoGLNormalElement.cpp.o,0.739,0.684953,0.669516,0.010413,0.000254,0.070461,0.038427,0.003397,0.005576
src/3rdParty/coin/src/geo/CMakeFiles/geo.dir/SoGeo.cpp.o,0.739,0.687014,0.657226,0.025522,0.000347,0.073513,0.040089,0.01197,0.012187
src/Mod/Part/App/CMakeFiles/Part.dir/ArcOfEllipsePyImp.cpp.o,0.739,0.681545,0.542523,0.116403,0.374421,0.113198,0.080336,0.079149,0.035691
src/3rdParty/coin/src/nodes/CMakeFiles/nodes.dir/SoBumpMapTransform.cpp.o,0.738,0.690268,0.659145,0.026609,0.000371,0.070289,0.040087,0.010075,0.015152
src/3rdParty/OndselSolver/OndselSolver/CMakeFiles/OndselSolver.dir/DispCompIecJecO.cpp.o,0.738,0.689414,0.660875,0.024159,0.532528,0.125593,0.090843,0.014986,0.007842
src/3rdParty/coin/src/base/CMakeFiles/base.dir/SbTesselator.cpp.o,0.737,0.680881,0.603324,0.073216,0.000487,0.071761,0.039477,0.042629,0.029139
src/3rdParty/coin/src/soscxml/CMakeFiles/soscxml.dir/SoScXMLEvent.cpp.o,0.737,0.678336,0.645841,0.028213,3.3e-05,0.076352,0.041169,0.009376,0.017431
src/App/CMakeFiles/FreeCADApp.dir/ExtensionContainerPyImp.cpp.o,0.737,0.680054,0.567267,0.095727,0.468806,0.134701,0.179668,0.061207,0.033035
src/Mod/Part/App/CMakeFiles/Part.dir/Geom2d/Ellipse2dPyImp.cpp.o,0.737,0.680301,0.536,0.121753,0.374204,0.110239,0.078896,0.071181,0.049033
src/3rdParty/coin/src/elements/CMakeFiles/elements.dir/SoClipPlaneElement.cpp.o,0.736,0.686584,0.648732,0.033147,0.0,0.074074,0.040324,0.017911,0.013829
src/3rdParty/coin/src/nodes/CMakeFiles/nodes.dir/SoLight.cpp.o,0.736,0.683975,0.663808,0.014437,3.8e-05,0.072297,0.040596,0.004586,0.008353
src/3rdParty/coin/src/nodes/CMakeFiles/nodes.dir/SoUnknownNode.cpp.o,0.736,0.686964,0.646963,0.035127,0.0,0.072408,0.040301,0.015069,0.018599
src/3rdParty/coin/src/actions/CMakeFiles/actions.dir/SoHandleEventAction.cpp.o,0.735,0.689513,0.652592,0.032823,0.0,0.073823,0.039206,0.013861,0.017555
src/3rdParty/coin/src/base/CMakeFiles/base.dir/SbGLUTessellator.cpp.o,0.735,0.686015,0.655043,0.026323,0.0,0.07581,0.037558,0.014641,0.010357
src/3rdParty/coin/src/engines/CMakeFiles/engines.dir/SoHeightMapToNormalMap.cpp.o,0.735,0.684946,0.647574,0.032497,0.33199,0.08029,0.050222,0.016397,0.014648
src/3rdParty/coin/src/fields/CMakeFiles/fields.dir/SoMFColorRGBA.cpp.o,0.735,0.686261,0.617364,0.064791,4.6e-05,0.072079,0.039027,0.027712,0.035716
src/3rdParty/coin/src/nodes/CMakeFiles/nodes.dir/SoRotationXYZ.cpp.o,0.735,0.681958,0.6474,0.030068,4.2e-05,0.073964,0.043075,0.012016,0.016529
src/3rdParty/coin/src/manips/CMakeFiles/manips.dir/commoncode.cpp.o,0.734,0.683669,0.646744,0.032479,0.000219,0.074511,0.043477,0.011229,0.019457
src/3rdParty/coin/src/vrml97/CMakeFiles/vrml97.dir/Init.cpp.o,0.734,0.683087,0.674382,0.004147,0.182686,0.072899,0.040517,0.001267,0.001446
src/Mod/Web/App/CMakeFiles/Web.dir/Server.cpp.o,0.734,0.682248,0.519426,0.152988,0.336494,0.124146,0.084132,0.087972,0.063387
src/3rdParty/coin/src/nodes/CMakeFiles/nodes.dir/SoRotor.cpp.o,0.733,0.680826,0.650461,0.025813,0.000386,0.075333,0.042133,0.009625,0.014642
src/Mod/Part/App/CMakeFiles/Part.dir/Geom2d/Hyperbola2dPyImp.cpp.o,0.733,0.67305,0.527919,0.123546,0.373114,0.109892,0.077414,0.072926,0.049102
src/3rdParty/coin/src/elements/CMakeFiles/elements.dir/SoShapeHintsElement.cpp.o,0.732,0.679722,0.647185,0.028403,3.7e-05,0.073012,0.0403,0.012908,0.014067
src/3rdParty/coin/src/misc/CMakeFiles/misc.dir/SoInteraction.cpp.o,0.732,0.682151,0.672977,0.004614,0.000248,0.073893,0.041321,0.001509,0.001672
src/3rdParty/coin/src/nodes/CMakeFiles/nodes.dir/SoUnits.cpp.o,0.732,0.683579,0.655896,0.023211,3.9e-05,0.071959,0.039675,0.008056,0.013729
src/3rdParty/coin/src/projectors/CMakeFiles/projectors.dir/SbSphereSheetProjector.cpp.o,0.732,0.680865,0.655655,0.020078,4.1e-05,0.074388,0.044393,0.009862,0.008902
src/3rdParty/coin/src/nodes/CMakeFiles/nodes.dir/SoBlinker.cpp.o,0.731,0.682173,0.648592,0.028905,0.000364,0.074166,0.041643,0.01146,0.016006
src/3rdParty/coin/src/nodes/CMakeFiles/nodes.dir/SoWWWAnchor.cpp.o,0.731,0.67963,0.648013,0.027027,0.000348,0.075462,0.042007,0.010515,0.01505
src/3rdParty/coin/src/vrml97/CMakeFiles/vrml97.dir/CoordinateInterpolator.cpp.o,0.731,0.684017,0.644799,0.03478,0.000275,0.071591,0.040932,0.019507,0.013881
src/3rdParty/coin/src/vrml97/CMakeFiles/vrml97.dir/PlaneSensor.cpp.o,0.731,0.680144,0.64941,0.026052,0.000288,0.073007,0.043553,0.009749,0.014879
src/3rdParty/coin/src/vrml97/CMakeFiles/vrml97.dir/VertexPoint.cpp.o,0.731,0.679055,0.649496,0.025409,0.000496,0.070007,0.038378,0.010687,0.013368
src/3rdParty/OndselSolver/OndselSolver/CMakeFiles/OndselSolver.dir/StateData.cpp.o,0.731,0.679146,0.663395,0.011535,0.54032,0.122991,0.086438,0.00689,0.003308
src/Mod/Part/Gui/CMakeFiles/PartGui.dir/ReferenceHighlighter.cpp.o,0.731,0.670446,0.337321,0.306642,0.058791,0.141978,0.074895,0.199525,0.105252
src/3rdParty/FastSignals/libfastsignals/CMakeFiles/libfastsignals.dir/src/connection.cpp.o,0.73,0.685549,0.57996,0.101663,0.524968,0.062617,0.080053,0.059974,0.040278
src/3rdParty/coin/src/nodes/CMakeFiles/nodes.dir/SoOrthographicCamera.cpp.o,0.73,0.681102,0.654696,0.022017,3.7e-05,0.072211,0.040908,0.009556,0.011061
src/3rdParty/coin/src/geo/CMakeFiles/geo.dir/SoGeoLocation.cpp.o,0.73,0.680038,0.649961,0.025861,4.9e-05,0.072573,0.039544,0.00889,0.015517
src/Mod/Part/App/CMakeFiles/Part.dir/Geom2d/Line2dPyImp.cpp.o,0.73,0.674213,0.503685,0.14945,0.355304,0.103687,0.074095,0.08793,0.060048
src/3rdParty/coin/src/actions/CMakeFiles/actions.dir/SoLineHighlightRenderAction.cpp.o,0.729,0.682051,0.646157,0.030977,3.4e-05,0.071611,0.043393,0.012593,0.016979
src/3rdParty/coin/src/geo/CMakeFiles/geo.dir/SoGeoCoordinate.cpp.o,0.729,0.681574,0.638634,0.03869,3.9e-05,0.072765,0.037743,0.02098,0.016284
src/3rdParty/coin/src/base/CMakeFiles/base.dir/SbBox3i32.cpp.o,0.728,0.678564,0.619575,0.054524,0.0,0.072755,0.039492,0.030016,0.023094
src/3rdParty/coin/src/manips/CMakeFiles/manips.dir/SoTransformerManip.cpp.o,0.728,0.676123,0.654017,0.017447,0.000266,0.077034,0.041121,0.00618,0.009749
src/3rdParty/coin/src/shapenodes/CMakeFiles/shapenodes.dir/SoNonIndexedShape.cpp.o,0.728,0.679177,0.647311,0.027476,4.3e-05,0.075249,0.039982,0.012005,0.014026
src/3rdParty/coin/src/vrml97/CMakeFiles/vrml97.dir/NormalInterpolator.cpp.o,0.728,0.678498,0.638443,0.035977,0.000247,0.074035,0.041834,0.020431,0.013988
src/3rdParty/coin/src/vrml97/CMakeFiles/vrml97.dir/TextureTransform.cpp.o,0.728,0.67722,0.644453,0.028552,0.000288,0.070645,0.039605,0.010478,0.016685
src/Gui/CMakeFiles/FreeCADGui.dir/Dialogs/DlgParameterFind.cpp.o,0.728,0.668494,0.47809,0.168621,0.204121,0.134588,0.138551,0.10687,0.060114
src/3rdParty/OndselSolver/OndselSolver/CMakeFiles/OndselSolver.dir/ConstraintIJ.cpp.o,0.728,0.678246,0.658572,0.015202,0.536488,0.120292,0.087462,0.009688,0.004198
src/3rdParty/coin/src/engines/CMakeFiles/engines.dir/SoComputeBoundingBox.cpp.o,0.727,0.676172,0.641326,0.030518,0.0,0.073093,0.039138,0.01322,0.015799
src/3rdParty/coin/src/vrml97/CMakeFiles/vrml97.dir/Anchor.cpp.o,0.727,0.674915,0.647021,0.022668,0.000375,0.073141,0.042204,0.00937,0.011859
src/3rdParty/coin/src/vrml97/CMakeFiles/vrml97.dir/VertexLine.cpp.o,0.727,0.675407,0.653384,0.0175,0.000297,0.075556,0.042085,0.006447,0.009699
src/3rdParty/coin/src/engines/CMakeFiles/engines.dir/SoDecomposeMatrix.cpp.o,0.726,0.673982,0.641147,0.028532,0.0,0.074463,0.040784,0.011665,0.015383
src/Mod/Part/App/CMakeFiles/Part.dir/Geom2d/Geometry2dPyImp.cpp.o,0.726,0.670624,0.52721,0.122055,0.372814,0.110016,0.078928,0.068603,0.051945
src/3rdParty/coin/src/fields/CMakeFiles/fields.dir/SoMFVec3s.cpp.o,0.725,0.67923,0.621769,0.053238,5.1e-05,0.070204,0.040171,0.025469,0.026385
src/3rdParty/coin/src/nodes/CMakeFiles/nodes.dir/SoScale.cpp.o,0.725,0.673447,0.648854,0.020448,4.1e-05,0.072753,0.040395,0.007499,0.011513
src/3rdParty/coin/src/nodes/CMakeFiles/nodes.dir/SoTransformSeparator.cpp.o,0.725,0.674593,0.64944,0.020771,4.7e-05,0.073259,0.040204,0.006095,0.013314
src/3rdParty/coin/src/vrml97/CMakeFiles/vrml97.dir/ColorInterpolator.cpp.o,0.725,0.67139,0.645742,0.021343,0.000249,0.0714,0.042744,0.009633,0.010347
src/Mod/Part/App/CMakeFiles/Part.dir/PrismExtension.cpp.o,0.725,0.665848,0.581886,0.060539,0.420836,0.139071,0.133185,0.042456,0.016387
src/Mod/CAM/PathSimulator/AppGL/CMakeFiles/CAMSimulator.dir/GCodeParser.cpp.o,0.725,0.664882,0.559354,0.097961,0.458058,0.106251,0.068023,0.065221,0.030047
src/3rdParty/coin/src/nodes/CMakeFiles/nodes.dir/SoTranslation.cpp.o,0.724,0.672558,0.643355,0.024333,6.6e-05,0.074932,0.040037,0.009966,0.012857
src/3rdParty/OndselSolver/OndselSolver/CMakeFiles/OndselSolver.dir/MatrixGaussElimination.cpp.o,0.724,0.6755,0.669324,0.001503,0.545467,0.126137,0.089789,9e-05,0.000136
src/3rdParty/OndselSolver/OndselSolver/CMakeFiles/OndselSolver.dir/VelICKineSolver.cpp.o,0.723,0.675418,0.669519,0.001646,0.546335,0.125184,0.092603,0.000128,0.000131
src/3rdParty/coin/src/base/CMakeFiles/base.dir/SbBox3s.cpp.o,0.722,0.675331,0.647031,0.024347,3.3e-05,0.069901,0.039895,0.013636,0.009318
src/3rdParty/coin/src/base/CMakeFiles/base.dir/SbRotation.cpp.o,0.722,0.676479,0.622114,0.050194,0.000537,0.074951,0.047051,0.023282,0.025575
src/3rdParty/coin/src/draggers/CMakeFiles/draggers.dir/SoRotateCylindricalDragger.cpp.o,0.722,0.665081,0.6041,0.056751,0.000457,0.069592,0.0352,0.018851,0.03653
src/3rdParty/coin/src/vrml97/CMakeFiles/vrml97.dir/TouchSensor.cpp.o,0.722,0.674289,0.64612,0.023924,0.000271,0.072323,0.039386,0.009386,0.013154
src/3rdParty/OndselSolver/OndselSolver/CMakeFiles/OndselSolver.dir/DistIeqctJeqc.cpp.o,0.722,0.673896,0.668113,0.001602,0.543771,0.126789,0.088743,0.000114,0.000138
src/3rdParty/OndselSolver/OndselSolver/CMakeFiles/OndselSolver.dir/ForceTorqueItem.cpp.o,0.722,0.675165,0.669319,0.001435,0.550013,0.12189,0.08714,7.2e-05,0.000102
src/3rdParty/OndselSolver/OndselSolver/CMakeFiles/OndselSolver.dir/SparseMatrix.cpp.o,0.722,0.674139,0.668412,0.00159,0.5473,0.123335,0.085615,0.000118,0.000134
src/App/CMakeFiles/FreeCADApp.dir/QuantityInput.cpp.o,0.721,0.66324,0.493905,0.151164,0.311381,0.19595,0.206491,0.101274,0.048039
src/3rdParty/OndselSolver/OndselSolver/CMakeFiles/OndselSolver.dir/EigenDecomposition.cpp.o,0.721,0.672862,0.666921,0.001673,0.54284,0.126286,0.088673,0.000129,0.000142
src/3rdParty/coin/src/base/CMakeFiles/base.dir/SbImage.cpp.o,0.72,0.671282,0.602831,0.06426,0.000349,0.070076,0.038903,0.034027,0.028903
src/3rdParty/coin/src/vrml97/CMakeFiles/vrml97.dir/Fog.cpp.o,0.72,0.670198,0.642269,0.023785,0.00028,0.071019,0.040183,0.008807,0.013624
src/3rdParty/coin/src/fields/CMakeFiles/fields.dir/SoSFBox3i32.cpp.o,0.719,0.664764,0.633302,0.026546,1.6e-05,0.071421,0.040912,0.011497,0.013308
src/3rdParty/coin/src/nodes/CMakeFiles/nodes.dir/SoTransparencyType.cpp.o,0.719,0.667887,0.647521,0.015975,4.6e-05,0.07142,0.038907,0.005661,0.008922
src/3rdParty/OndselSolver/OndselSolver/CMakeFiles/OndselSolver.dir/DistxyIeqctJeqc.cpp.o,0.719,0.668197,0.662282,0.00167,0.539469,0.125185,0.089846,0.000117,0.000138
src/3rdParty/coin/src/actions/CMakeFiles/actions.dir/SoGetBoundingBoxAction.cpp.o,0.718,0.668456,0.633166,0.030905,0.0,0.071534,0.039393,0.012276,0.017273
src/3rdParty/coin/src/nodes/CMakeFiles/nodes.dir/SoMatrixTransform.cpp.o,0.718,0.669149,0.646216,0.018644,3.8e-05,0.071326,0.041064,0.006542,0.010639
src/3rdParty/coin/src/nodes/CMakeFiles/nodes.dir/SoTransformation.cpp.o,0.718,0.668907,0.652724,0.011528,4.7e-05,0.072829,0.038331,0.003812,0.00624
src/3rdParty/coin/src/vrml97/CMakeFiles/vrml97.dir/ProximitySensor.cpp.o,0.718,0.668522,0.633324,0.03077,0.000431,0.071695,0.039026,0.012897,0.016474
src/3rdParty/coin/src/fields/CMakeFiles/fields.dir/SoSFBox3f.cpp.o,0.717,0.666036,0.63384,0.027726,1.4e-05,0.076642,0.040949,0.011272,0.014991
src/3rdParty/coin/src/projectors/CMakeFiles/projectors.dir/SbSphereSectionProjector.cpp.o,0.717,0.665037,0.63783,0.022582,0.0,0.074487,0.040415,0.009982,0.011091
src/3rdParty/coin/src/fields/CMakeFiles/fields.dir/SoSFImage.cpp.o,0.716,0.665471,0.621301,0.039609,0.000323,0.070512,0.039236,0.017919,0.02027
src/Mod/Part/App/CMakeFiles/Part.dir/OffsetSurfacePyImp.cpp.o,0.716,0.658469,0.545251,0.090486,0.371474,0.119074,0.093679,0.058519,0.030461
src/3rdParty/coin/src/nodes/CMakeFiles/nodes.dir/SoListener.cpp.o,0.715,0.668699,0.646448,0.018142,0.000269,0.072884,0.040583,0.006598,0.010215
src/3rdParty/coin/src/vrml97/CMakeFiles/vrml97.dir/CylinderSensor.cpp.o,0.715,0.664712,0.634871,0.025088,0.000305,0.070817,0.039367,0.010632,0.013086
src/3rdParty/coin/src/manips/CMakeFiles/manips.dir/SoTransformBoxManip.cpp.o,0.714,0.665479,0.644879,0.015528,0.000259,0.082654,0.041375,0.005657,0.008147
src/3rdParty/coin/src/nodes/CMakeFiles/nodes.dir/SoMultipleCopy.cpp.o,0.714,0.661273,0.628956,0.027845,4.4e-05,0.068864,0.038233,0.012015,0.01435
src/3rdParty/coin/src/shadows/CMakeFiles/shadows.dir/SoShadowDirectionalLight.cpp.o,0.714,0.661912,0.643393,0.014167,4.1e-05,0.073947,0.047228,0.004714,0.008061
src/3rdParty/coin/src/vrml97/CMakeFiles/vrml97.dir/OrientationInterpolator.cpp.o,0.713,0.663692,0.638466,0.020927,0.000289,0.074348,0.041712,0.00886,0.010556
src/3rdParty/coin/src/vrml97/CMakeFiles/vrml97.dir/DragSensor.cpp.o,0.712,0.663495,0.63888,0.020249,0.000286,0.07144,0.039645,0.007047,0.011914
src/Mod/Part/App/CMakeFiles/Part.dir/Geom2d/Conic2dPyImp.cpp.o,0.712,0.652934,0.518906,0.110462,0.367983,0.115358,0.077337,0.066434,0.042487
src/3rdParty/coin/src/base/CMakeFiles/base.dir/SbClip.cpp.o,0.711,0.665739,0.617183,0.044338,3.3e-05,0.073468,0.039045,0.025839,0.017125
src/3rdParty/coin/src/manips/CMakeFiles/manips.dir/SoTrackballManip.cpp.o,0.711,0.657531,0.635503,0.017646,0.00025,0.070861,0.039699,0.005787,0.010242
src/Mod/Part/App/CMakeFiles/Part.dir/ArcOfHyperbolaPyImp.cpp.o,0.711,0.657513,0.521164,0.114764,0.358004,0.105192,0.075548,0.076859,0.036406
src/3rdParty/coin/src/base/CMakeFiles/base.dir/SbByteBuffer.cpp.o,0.71,0.661542,0.612205,0.04521,0.0,0.07695,0.043658,0.024711,0.019097
src/3rdParty/coin/src/elements/CMakeFiles/elements.dir/SoAmbientColorElement.cpp.o,0.71,0.657695,0.639172,0.014161,0.000341,0.076849,0.040375,0.00561,0.007137
src/3rdParty/coin/src/elements/CMakeFiles/elements.dir/SoProfileCoordinateElement.cpp.o,0.71,0.663735,0.63734,0.021943,3e-05,0.073398,0.041224,0.009381,0.011123
src/3rdParty/coin/src/engines/CMakeFiles/engines.dir/SoComposeMatrix.cpp.o,0.709,0.661151,0.626281,0.030637,0.0,0.072626,0.040527,0.014562,0.014598
src/3rdParty/coin/src/vrml97/CMakeFiles/vrml97.dir/Geometry.cpp.o,0.708,0.660935,0.63784,0.018886,0.00028,0.072637,0.039793,0.007725,0.009764
src/3rdParty/coin/src/base/CMakeFiles/base.dir/SbVec3f.cpp.o,0.707,0.658489,0.618834,0.035494,3.4e-05,0.072296,0.039658,0.016733,0.01733
src/3rdParty/coin/src/elements/CMakeFiles/elements.dir/SoShininessElement.cpp.o,0.707,0.651131,0.630881,0.015413,0.000353,0.07291,0.040331,0.005454,0.008548
src/3rdParty/coin/src/fields/CMakeFiles/fields.dir/SoMFRotation.cpp.o,0.707,0.655944,0.601361,0.050494,1.4e-05,0.070271,0.038458,0.022353,0.026776
src/3rdParty/coin/src/manips/CMakeFiles/manips.dir/SoCenterballManip.cpp.o,0.707,0.654807,0.633285,0.016463,0.000414,0.072796,0.039331,0.00622,0.008498
src/3rdParty/coin/src/engines/CMakeFiles/engines.dir/SoDecomposeRotation.cpp.o,0.706,0.65675,0.629435,0.022803,0.0,0.07306,0.041253,0.009794,0.011311
src/3rdParty/coin/src/engines/CMakeFiles/engines.dir/SoTransformVec3f.cpp.o,0.706,0.656642,0.625557,0.026557,0.0,0.071813,0.040712,0.011034,0.014123
src/3rdParty/coin/src/misc/CMakeFiles/misc.dir/SoPickedPoint.cpp.o,0.706,0.651788,0.611825,0.035753,3.4e-05,0.068537,0.037878,0.015357,0.018948
src/3rdParty/coin/src/hardcopy/CMakeFiles/hardcopy.dir/HardCopy.cpp.o,0.706,0.656257,0.647102,0.0046,0.0,0.072353,0.037907,0.001281,0.001918
src/3rdParty/coin/src/scxml/CMakeFiles/scxml.dir/SbStringConvert.cpp.o,0.706,0.657581,0.646943,0.006483,0.0,0.073515,0.046214,0.002669,0.002442
src/Mod/Part/App/CMakeFiles/Part.dir/Geom2d/ArcOfConic2dPyImp.cpp.o,0.706,0.654061,0.515895,0.116871,0.365309,0.107785,0.076204,0.068986,0.046386
src/3rdParty/coin/src/elements/CMakeFiles/elements.dir/SoLightElement.cpp.o,0.705,0.656928,0.618679,0.03383,3.3e-05,0.070076,0.038226,0.017592,0.014962
src/Mod/Start/App/CMakeFiles/Start.dir/Start_autogen/mocs_compilation.cpp.o,0.705,0.644647,0.516267,0.115142,0.0,0.204075,0.181622,0.078448,0.035124
src/3rdParty/coin/src/actions/CMakeFiles/actions.dir/SoAudioRenderAction.cpp.o,0.704,0.657882,0.634375,0.019257,0.000246,0.072818,0.039174,0.009562,0.008258
src/3rdParty/coin/src/base/CMakeFiles/base.dir/SbVec3d.cpp.o,0.704,0.65088,0.61701,0.029156,3.7e-05,0.071609,0.040185,0.016422,0.011428
src/3rdParty/coin/src/vrml97/CMakeFiles/vrml97.dir/PositionInterpolator.cpp.o,0.704,0.652487,0.62773,0.020293,0.000236,0.072082,0.039801,0.008882,0.010126
src/3rdParty/coin/src/elements/CMakeFiles/elements.dir/SoModelMatrixElement.cpp.o,0.703,0.654519,0.612425,0.037434,0.182227,0.071455,0.039218,0.014941,0.021165
src/3rdParty/coin/src/elements/CMakeFiles/elements.dir/SoTransparencyElement.cpp.o,0.703,0.654372,0.634829,0.015096,3.7e-05,0.070485,0.03982,0.005849,0.00785
src/3rdParty/coin/src/io/CMakeFiles/io.dir/SoInput_FileInfo.cpp.o,0.703,0.656876,0.473021,0.180301,7.6e-05,0.07196,0.028961,0.105102,0.073819
src/3rdParty/coin/src/projectors/CMakeFiles/projectors.dir/SbCylinderSectionProjector.cpp.o,0.703,0.653206,0.624001,0.025118,0.000469,0.0718,0.039755,0.011501,0.012133
src/3rdParty/coin/src/projectors/CMakeFiles/projectors.dir/SbLineProjector.cpp.o,0.703,0.649021,0.621299,0.023624,4.6e-05,0.071433,0.038307,0.01098,0.011338
src/3rdParty/coin/src/shadows/CMakeFiles/shadows.dir/SoShadowSpotLight.cpp.o,0.703,0.653853,0.636414,0.013035,4e-05,0.071524,0.040334,0.004233,0.007401
src/Mod/Sketcher/App/CMakeFiles/Sketcher.dir/SketchGeometry.cpp.o,0.703,0.644277,0.463472,0.152554,0.238978,0.162453,0.116482,0.097462,0.053431
src/3rdParty/coin/src/vrml97/CMakeFiles/vrml97.dir/SphereSensor.cpp.o,0.702,0.650898,0.626843,0.019397,0.000329,0.073308,0.039701,0.007753,0.010302
src/Gui/CMakeFiles/FreeCADGui.dir/ImageView.cpp.o,0.702,0.640978,0.424559,0.193494,0.109257,0.157033,0.125067,0.121943,0.069887
src/3rdParty/coin/src/engines/CMakeFiles/engines.dir/SoInterpolateVec3f.cpp.o,0.701,0.651284,0.62443,0.022623,0.0,0.072709,0.040531,0.01042,0.010793
src/3rdParty/coin/src/manips/CMakeFiles/manips.dir/SoJackManip.cpp.o,0.701,0.648892,0.629697,0.014518,0.000254,0.070827,0.03967,0.005464,0.007506
src/3rdParty/coin/src/vrml97/CMakeFiles/vrml97.dir/MovieTexture.cpp.o,0.701,0.651141,0.631378,0.015573,0.000406,0.073214,0.040399,0.004887,0.009358
src/3rdParty/coin/src/fields/CMakeFiles/fields.dir/SoSFVec3f.cpp.o,0.7,0.652627,0.629501,0.01878,1.6e-05,0.076537,0.040857,0.007972,0.009413
src/Mod/Part/App/CMakeFiles/Part.dir/ArcPyImp.cpp.o,0.7,0.640141,0.539104,0.07835,0.384292,0.115879,0.079547,0.053538,0.023336
src/3rdParty/coin/src/engines/CMakeFiles/engines.dir/SoComposeRotation.cpp.o,0.699,0.650397,0.620909,0.025118,0.0,0.071414,0.041467,0.010952,0.012475
src/3rdParty/coin/src/engines/CMakeFiles/engines.dir/SoComposeRotationFromTo.cpp.o,0.699,0.649526,0.623303,0.022005,0.0,0.070502,0.039972,0.008366,0.01217
src/3rdParty/coin/src/fields/CMakeFiles/fields.dir/SoSFVec3s.cpp.o,0.699,0.651563,0.627181,0.020182,1.5e-05,0.07368,0.04062,0.008607,0.010157
src/3rdParty/coin/src/projectors/CMakeFiles/projectors.dir/SbCylinderProjector.cpp.o,0.699,0.647936,0.625503,0.018182,0.0,0.073191,0.041184,0.007878,0.00886
src/Gui/CMakeFiles/FreeCADGui.dir/ParamHandler.cpp.o,0.699,0.632881,0.505396,0.105052,0.334137,0.162032,0.176175,0.077591,0.02604
src/3rdParty/coin/src/elements/CMakeFiles/elements.dir/SoSpecularColorElement.cpp.o,0.698,0.648967,0.62886,0.015138,0.000353,0.081288,0.040095,0.00538,0.008351
src/3rdParty/coin/src/elements/CMakeFiles/elements.dir/SoListenerPositionElement.cpp.o,0.698,0.646373,0.624649,0.017483,0.000361,0.074757,0.040589,0.007987,0.008121
src/3rdParty/coin/src/engines/CMakeFiles/engines.dir/SoInterpolateRotation.cpp.o,0.698,0.650999,0.624106,0.022647,0.0,0.071281,0.040721,0.009996,0.011314
src/3rdParty/coin/src/fields/CMakeFiles/fields.dir/SoSFColor.cpp.o,0.698,0.649288,0.624592,0.020194,1.7e-05,0.078701,0.040835,0.008494,0.010378
src/Mod/Part/App/CMakeFiles/Part.dir/RectangularTrimmedSurfacePyImp.cpp.o,0.697,0.639793,0.540099,0.077523,0.373058,0.116025,0.093237,0.05327,0.022853
src/3rdParty/coin/src/fields/CMakeFiles/fields.dir/SoMFPlane.cpp.o,0.696,0.649644,0.604514,0.041204,1.5e-05,0.070114,0.038253,0.019041,0.02086
src/3rdParty/coin/src/fields/CMakeFiles/fields.dir/SoSFPlane.cpp.o,0.696,0.648789,0.628663,0.015908,1.8e-05,0.074711,0.041555,0.006062,0.008425
src/3rdParty/coin/src/projectors/CMakeFiles/projectors.dir/SbCylinderPlaneProjector.cpp.o,0.696,0.645926,0.616451,0.024796,0.000504,0.07155,0.03893,0.011529,0.011735
src/3rdParty/coin/src/elements/CMakeFiles/elements.dir/SoLightModelElement.cpp.o,0.695,0.643802,0.626426,0.013232,0.186197,0.073119,0.039722,0.005157,0.006695
src/3rdParty/coin/src/lists/CMakeFiles/lists.dir/SoPickedPointList.cpp.o,0.695,0.64684,0.630463,0.011983,0.0,0.073746,0.039361,0.005956,0.004588
src/3rdParty/coin/src/projectors/CMakeFiles/projectors.dir/SbPlaneProjector.cpp.o,0.695,0.643921,0.610153,0.029372,0.0,0.073363,0.039506,0.012594,0.015317
src/3rdParty/coin/src/projectors/CMakeFiles/projectors.dir/SbSpherePlaneProjector.cpp.o,0.695,0.642158,0.618329,0.019425,0.0,0.072527,0.038661,0.009238,0.008694
src/3rdParty/coin/src/actions/CMakeFiles/actions.dir/SoGetMatrixAction.cpp.o,0.694,0.642634,0.622181,0.015271,3.3e-05,0.069503,0.040044,0.005656,0.008221
src/3rdParty/coin/src/fields/CMakeFiles/fields.dir/SoSFColorRGBA.cpp.o,0.694,0.645419,0.622114,0.018882,2.2e-05,0.073272,0.040246,0.006961,0.010486
src/Mod/Start/Gui/CMakeFiles/StartGui.dir/StartGui_autogen/mocs_compilation.cpp.o,0.694,0.63555,0.538897,0.083652,0.0,0.162828,0.179861,0.055852,0.026301
src/3rdParty/coin/src/elements/CMakeFiles/elements.dir/SoListenerOrientationElement.cpp.o,0.693,0.636277,0.615014,0.016848,0.00036,0.071135,0.042474,0.007233,0.008064
src/3rdParty/coin/src/fields/CMakeFiles/fields.dir/SoSFBox3s.cpp.o,0.693,0.639897,0.610646,0.024926,1.6e-05,0.07149,0.038621,0.01107,0.012385
src/3rdParty/coin/src/nodes/CMakeFiles/nodes.dir/SoTextureCoordinateDefault.cpp.o,0.693,0.644144,0.626377,0.013415,3.6e-05,0.077505,0.039989,0.004373,0.007633
src/3rdParty/coin/src/caches/CMakeFiles/caches.dir/SoGlyphCache.cpp.o,0.692,0.645753,0.612769,0.028662,0.000941,0.073057,0.040028,0.016274,0.011005
src/3rdParty/coin/src/elements/CMakeFiles/elements.dir/SoEmissiveColorElement.cpp.o,0.692,0.640702,0.622089,0.014096,0.000418,0.074651,0.039815,0.005386,0.007317
src/3rdParty/coin/src/navigation/CMakeFiles/navigation.dir/SoScXMLNavigation.cpp.o,0.692,0.642277,0.63012,0.007268,0.342673,0.072244,0.040145,0.002149,0.003547
src/3rdParty/coin/src/projectors/CMakeFiles/projectors.dir/SbSphereProjector.cpp.o,0.692,0.640094,0.618527,0.017117,0.0,0.07159,0.040202,0.007055,0.008651
src/3rdParty/coin/src/base/CMakeFiles/base.dir/SbColor4f.cpp.o,0.691,0.638895,0.60904,0.025677,0.550981,0.072403,0.03927,0.010076,0.014281
src/3rdParty/coin/src/elements/CMakeFiles/elements.dir/SoDiffuseColorElement.cpp.o,0.691,0.64168,0.620738,0.01684,3.7e-05,0.070808,0.039025,0.006553,0.00891
src/Mod/Part/App/CMakeFiles/Part.dir/Geom2d/Circle2dPyImp.cpp.o,0.691,0.634121,0.51511,0.098266,0.363535,0.110314,0.077915,0.059938,0.036871
src/3rdParty/coin/src/engines/CMakeFiles/engines.dir/SoDecomposeVec3f.cpp.o,0.69,0.641641,0.613094,0.024499,0.0,0.070535,0.04011,0.010523,0.012529
src/3rdParty/coin/src/projectors/CMakeFiles/projectors.dir/SbProjector.cpp.o,0.69,0.642433,0.62044,0.017817,0.000358,0.073774,0.039765,0.008049,0.008459
src/3rdParty/coin/src/base/CMakeFiles/base.dir/SbVec3s.cpp.o,0.689,0.639474,0.621598,0.013774,3.3e-05,0.07195,0.03903,0.006389,0.006043
src/3rdParty/coin/src/base/CMakeFiles/base.dir/SbVec3us.cpp.o,0.689,0.638405,0.627231,0.0071,0.0,0.071061,0.039165,0.002957,0.002825
src/3rdParty/coin/src/elements/CMakeFiles/elements.dir/SoNormalElement.cpp.o,0.689,0.63879,0.615979,0.018704,3.3e-05,0.072737,0.039794,0.009029,0.00822
src/3rdParty/coin/src/fields/CMakeFiles/fields.dir/SoSFRotation.cpp.o,0.689,0.639649,0.61657,0.018935,1.4e-05,0.074064,0.040782,0.007112,0.010424
src/3rdParty/coin/src/manips/CMakeFiles/manips.dir/SoHandleBoxManip.cpp.o,0.689,0.640215,0.621026,0.014575,0.000255,0.072091,0.038302,0.005516,0.007629
src/3rdParty/coin/src/actions/CMakeFiles/actions.dir/SoPickAction.cpp.o,0.688,0.642433,0.62369,0.014466,0.0,0.070237,0.037959,0.005272,0.007853
src/3rdParty/coin/src/vrml97/CMakeFiles/vrml97.dir/VisibilitySensor.cpp.o,0.688,0.639905,0.613326,0.022373,0.000288,0.070299,0.038628,0.009599,0.011407
src/3rdParty/coin/src/events/CMakeFiles/events.dir/SoEvent.cpp.o,0.687,0.638017,0.61502,0.018322,3.4e-05,0.073145,0.041038,0.007917,0.008897
src/3rdParty/coin/src/nodes/CMakeFiles/nodes.dir/SoResetTransform.cpp.o,0.687,0.637947,0.609909,0.023307,4.9e-05,0.070502,0.03838,0.00902,0.012514
src/3rdParty/coin/src/vrml97/CMakeFiles/vrml97.dir/IndexedLine.cpp.o,0.687,0.638434,0.614618,0.01944,0.000414,0.070485,0.039218,0.009355,0.008769
src/App/CMakeFiles/FreeCADApp.dir/VarSet.cpp.o,0.687,0.627364,0.598318,0.011593,0.470691,0.228326,0.251419,0.003996,0.006157
src/3rdParty/coin/src/elements/CMakeFiles/elements.dir/SoCoordinateElement.cpp.o,0.686,0.638124,0.609741,0.024281,3.5e-05,0.072336,0.038379,0.010705,0.012212
src/3rdParty/coin/src/elements/CMakeFiles/elements.dir/SoViewVolumeElement.cpp.o,0.686,0.639128,0.620528,0.014474,3.6e-05,0.072705,0.038952,0.006357,0.006806
src/3rdParty/coin/src/vrml97/CMakeFiles/vrml97.dir/Viewpoint.cpp.o,0.686,0.638715,0.61868,0.015483,0.000416,0.071603,0.040175,0.004688,0.009418
src/Mod/Spreadsheet/Gui/CMakeFiles/SpreadsheetGui.dir/qrc_Spreadsheet_translation.cpp.o,0.686,0.634614,0.621031,0.006909,0.0,0.0,0.0,0.002624,0.002898
src/3rdParty/coin/src/elements/CMakeFiles/elements.dir/SoEnvironmentElement.cpp.o,0.685,0.634916,0.602582,0.027798,3.3e-05,0.071367,0.040394,0.011407,0.014956
src/Mod/Material/App/CMakeFiles/Materials.dir/UUIDsPyImp.cpp.o,0.685,0.636879,0.318523,0.309319,0.183592,0.042255,0.018547,0.129354,0.178203
src/3rdParty/coin/src/nodes/CMakeFiles/nodes.dir/SoReversePerspectiveCamera.cpp.o,0.684,0.635317,0.617906,0.013368,7e-05,0.070071,0.038817,0.004575,0.007448
src/3rdParty/coin/src/base/CMakeFiles/base.dir/SbPlane.cpp.o,0.683,0.632845,0.604337,0.02426,0.017722,0.072065,0.040903,0.011788,0.011143
src/3rdParty/coin/src/bundles/CMakeFiles/bundles.dir/SoNormalBundle.cpp.o,0.683,0.635221,0.616446,0.01443,2.8e-05,0.071288,0.039999,0.004963,0.00809
src/Gui/CMakeFiles/FreeCADGui.dir/Dialogs/DlgActivateWindowImp.cpp.o,0.683,0.622195,0.472721,0.127946,0.229612,0.133898,0.151793,0.086367,0.04012
src/Mod/TechDraw/App/CMakeFiles/TechDraw.dir/ProjectionAlgos.cpp.o,0.683,0.621211,0.301181,0.286135,0.041575,0.079153,0.054738,0.149827,0.134741
src/3rdParty/coin/src/base/CMakeFiles/base.dir/SbVec3i32.cpp.o,0.682,0.634304,0.622374,0.007976,0.0,0.073478,0.040447,0.003646,0.00297
src/3rdParty/coin/src/elements/CMakeFiles/elements.dir/SoLightAttenuationElement.cpp.o,0.682,0.635079,0.609361,0.021358,5.4e-05,0.07048,0.038888,0.009818,0.010114
src/3rdParty/coin/src/nodekits/CMakeFiles/nodekits.dir/SoWrapperKit.cpp.o,0.682,0.631654,0.606127,0.020451,0.000295,0.075069,0.037727,0.006231,0.012803
src/Gui/CMakeFiles/FreeCADGui.dir/ProgressBar.cpp.o,0.681,0.613662,0.465708,0.123878,0.191111,0.124862,0.124525,0.07446,0.047842
src/3rdParty/OndselSolver/OndselSolver/CMakeFiles/OndselSolver.dir/SparseRow.cpp.o,0.68,0.631557,0.625994,0.001465,0.52985,0.098271,0.070504,9.3e-05,0.000114
src/3rdParty/coin/src/caches/CMakeFiles/caches.dir/SoTextureCoordinateCache.cpp.o,0.679,0.631341,0.602027,0.025219,0.001673,0.071884,0.038581,0.01585,0.008059
src/Base/CMakeFiles/FreeCADBase.dir/CrashReporter/Reader.cpp.o,0.678,0.629049,0.370436,0.243241,0.195149,0.109682,0.09642,0.174183,0.06738
src/3rdParty/coin/src/base/CMakeFiles/base.dir/SbVec3b.cpp.o,0.678,0.631891,0.620965,0.006898,0.0,0.069904,0.038133,0.002929,0.002677
src/3rdParty/coin/src/engines/CMakeFiles/engines.dir/SoComposeVec3f.cpp.o,0.678,0.629575,0.602724,0.022748,0.0,0.07072,0.040274,0.009896,0.011438
src/3rdParty/coin/src/vrml97/CMakeFiles/vrml97.dir/Light.cpp.o,0.678,0.62989,0.613744,0.012067,0.000425,0.071387,0.039546,0.00403,0.00671
src/3rdParty/coin/src/events/CMakeFiles/events.dir/SoMotion3Event.cpp.o,0.676,0.627508,0.612277,0.010787,3.5e-05,0.072032,0.039022,0.003748,0.00572
src/Gui/CMakeFiles/FreeCADGui.dir/PythonTracing.cpp.o,0.676,0.609892,0.55838,0.029745,0.462553,0.111731,0.165932,0.015532,0.012735
src/Mod/Part/App/CMakeFiles/Part.dir/BoundedCurvePyImp.cpp.o,0.676,0.617649,0.53903,0.057901,0.393337,0.108378,0.082753,0.041642,0.014903
src/Mod/Part/App/CMakeFiles/Part.dir/Geom2d/OffsetCurve2dPyImp.cpp.o,0.676,0.621501,0.511147,0.089107,0.328232,0.117235,0.080563,0.058206,0.029521
src/Gui/CMakeFiles/FreeCADGui.dir/Inventor/SoAxisCrossKit.cpp.o,0.675,0.616579,0.464794,0.131101,0.314922,0.138855,0.132487,0.062138,0.067497
src/Gui/CMakeFiles/FreeCADGui.dir/SoQtOffscreenRendererPy.cpp.o,0.675,0.616972,0.362592,0.232467,0.222582,0.050319,0.017227,0.119688,0.111219
src/App/CMakeFiles/FreeCADApp.dir/ImagePlane.cpp.o,0.674,0.619022,0.583878,0.017758,0.471612,0.212706,0.246325,0.006272,0.010015
src/Gui/CMakeFiles/FreeCADGui.dir/Dialogs/DlgRunExternal.cpp.o,0.674,0.615845,0.445779,0.148365,0.186848,0.160024,0.175673,0.097838,0.049122
src/3rdParty/coin/src/base/CMakeFiles/base.dir/SbSphere.cpp.o,0.673,0.623941,0.602591,0.017283,0.00495,0.072898,0.039123,0.008543,0.007387
src/3rdParty/coin/src/elements/CMakeFiles/elements.dir/SoPickRayElement.cpp.o,0.673,0.625669,0.605025,0.016545,0.0,0.072264,0.038892,0.007245,0.007856
src/3rdParty/coin/src/lists/CMakeFiles/lists.dir/SbVec3fList.cpp.o,0.673,0.624852,0.614205,0.005991,0.0,0.072534,0.040146,0.002959,0.001683
src/3rdParty/coin/src/base/CMakeFiles/base.dir/SbVec4f.cpp.o,0.672,0.619591,0.604093,0.011579,0.000468,0.069529,0.039526,0.00579,0.00444
src/Gui/CMakeFiles/FreeCADGui.dir/ViewProviderBuilder.cpp.o,0.671,0.613642,0.529248,0.063273,0.322882,0.179746,0.162874,0.044481,0.0172
src/Mod/Material/App/CMakeFiles/Materials.dir/Exceptions.cpp.o,0.669,0.598911,0.211474,0.375029,0.076398,0.090608,0.000132,0.151995,0.219525
src/Gui/CMakeFiles/FreeCADGui.dir/Dialogs/DlgSettingsImageImp.cpp.o,0.669,0.606885,0.409966,0.175543,0.139249,0.114406,0.114788,0.090104,0.083883
src/3rdParty/coin/src/base/CMakeFiles/base.dir/SbColor.cpp.o,0.668,0.62082,0.600673,0.01599,0.0,0.069162,0.03816,0.007271,0.007402
src/3rdParty/coin/src/base/CMakeFiles/base.dir/SbCylinder.cpp.o,0.668,0.618147,0.596936,0.016816,0.006124,0.069442,0.038681,0.007612,0.007903
src/3rdParty/coin/src/caches/CMakeFiles/caches.dir/SoBoundingBoxCache.cpp.o,0.668,0.621926,0.604413,0.013471,0.0,0.070633,0.038788,0.005882,0.006022
src/Mod/Part/App/CMakeFiles/Part.dir/Geom2d/Parabola2dPyImp.cpp.o,0.667,0.612958,0.512208,0.079329,0.365983,0.109066,0.077127,0.052242,0.02545
src/Mod/Mesh/Gui/CMakeFiles/MeshGui.dir/SoFCIndexedFaceSet.cpp.o,0.667,0.608126,0.290468,0.302342,0.034328,0.126978,0.084359,0.185725,0.115029
src/3rdParty/coin/src/projectors/CMakeFiles/projectors.dir/SbCylinderSheetProjector.cpp.o,0.665,0.615688,0.594201,0.01749,0.000478,0.068735,0.038157,0.007791,0.008344
src/App/CMakeFiles/FreeCADApp.dir/DocumentObjectFileIncluded.cpp.o,0.663,0.607912,0.578039,0.012882,0.464525,0.21841,0.25322,0.004313,0.007048
src/Mod/Robot/App/CMakeFiles/Robot.dir/kdl_cp/jntspaceinertiamatrix.cpp.o,0.662,0.607645,0.347954,0.246894,0.024177,0.184742,0.187608,0.200207,0.045206
src/3rdParty/OndselSolver/OndselSolver/CMakeFiles/OndselSolver.dir/LinearMultiStepMethod.cpp.o,0.661,0.610735,0.549377,0.05755,0.460207,0.081652,0.059272,0.034418,0.021767
src/Mod/Part/App/CMakeFiles/Part.dir/Geom2d/ArcOfCircle2dPyImp.cpp.o,0.657,0.602559,0.495365,0.085599,0.353733,0.103796,0.072397,0.055335,0.028853
src/3rdParty/coin/src/actions/CMakeFiles/actions.dir/SoActionP.cpp.o,0.654,0.611498,0.599845,0.007545,0.0,0.069155,0.038382,0.002522,0.003667
src/Gui/CMakeFiles/FreeCADGui.dir/Selection/SoFCSelectionAction.cpp.o,0.653,0.591968,0.366121,0.200817,0.137363,0.106089,0.085559,0.077257,0.121518
src/3rdParty/coin/src/base/CMakeFiles/base.dir/SbLine.cpp.o,0.652,0.60499,0.586972,0.013744,0.005168,0.06965,0.037783,0.006771,0.005679
src/3rdParty/coin/src/elements/CMakeFiles/elements.dir/SoListenerDopplerElement.cpp.o,0.651,0.604848,0.583579,0.017101,0.000309,0.069271,0.03777,0.007627,0.00824
src/Mod/Mesh/App/CMakeFiles/Mesh.dir/Core/Decimation.cpp.o,0.65,0.595987,0.28606,0.297206,0.128477,0.144818,0.064633,0.202535,0.093179
src/Mod/Part/App/CMakeFiles/Part.dir/TrimmedCurvePyImp.cpp.o,0.649,0.591994,0.512601,0.058447,0.360734,0.109601,0.080898,0.043694,0.013297
src/3rdParty/coin/src/base/CMakeFiles/base.dir/SbVec3ub.cpp.o,0.648,0.602627,0.59224,0.00653,0.0,0.069335,0.037523,0.002671,0.002501
src/Mod/Mesh/App/CMakeFiles/Mesh.dir/Core/Segmentation.cpp.o,0.648,0.597083,0.400153,0.183519,0.240853,0.14928,0.106827,0.111706,0.070077
src/Mod/Fem/App/CMakeFiles/Fem.dir/WorkerExtension.cpp.o,0.647,0.591209,0.553025,0.022468,0.437548,0.099296,0.120181,0.009063,0.011924
src/Mod/Part/App/CMakeFiles/Part.dir/GeomPlate/PointConstraintPyImp.cpp.o,0.646,0.593377,0.443349,0.129165,0.275504,0.090112,0.063705,0.073429,0.054343
src/3rdParty/coin/src/misc/CMakeFiles/misc.dir/SoPrimitiveVertex.cpp.o,0.644,0.591001,0.580455,0.006391,0.0,0.069391,0.037962,0.002638,0.002352
src/Mod/Part/App/CMakeFiles/Part.dir/Geom2d/ArcOfHyperbola2dPyImp.cpp.o,0.643,0.586354,0.479919,0.085543,0.32861,0.109138,0.071755,0.056021,0.027991
src/Mod/Robot/App/CMakeFiles/Robot.dir/Waypoint.cpp.o,0.643,0.59145,0.531081,0.048775,0.40985,0.188249,0.163351,0.030013,0.017268
src/Base/CMakeFiles/FreeCADBase.dir/Type.cpp.o,0.642,0.58885,0.418582,0.154515,0.213237,0.149415,0.096613,0.113809,0.039215
src/App/CMakeFiles/FreeCADApp.dir/ExpressionTokenizer.cpp.o,0.64,0.584444,0.466939,0.100816,0.274822,0.195301,0.18781,0.078645,0.020614
src/Gui/CMakeFiles/FreeCADGui.dir/ProgressDialog.cpp.o,0.64,0.57748,0.461126,0.094766,0.173043,0.135114,0.123177,0.058793,0.034332
src/Mod/Part/App/CMakeFiles/Part.dir/GeometryStringExtensionPyImp.cpp.o,0.638,0.581842,0.432648,0.126953,0.279122,0.083056,0.053296,0.084386,0.041181
src/Mod/Part/App/CMakeFiles/Part.dir/Geom2d/ArcOfEllipse2dPyImp.cpp.o,0.638,0.583417,0.473503,0.088505,0.322377,0.109632,0.070434,0.057911,0.028879
src/Mod/Start/App/CMakeFiles/Start.dir/RecentFilesModel.cpp.o,0.635,0.581603,0.520987,0.046858,0.432741,0.170496,0.20293,0.033842,0.011427
src/Gui/CMakeFiles/FreeCADGui.dir/ProgramInformation.cpp.o,0.634,0.572591,0.473308,0.07632,0.332088,0.125685,0.144076,0.052227,0.022617
src/Mod/Part/App/CMakeFiles/Part.dir/Geom2d/ArcOfParabola2dPyImp.cpp.o,0.634,0.579492,0.479413,0.076889,0.327511,0.112451,0.069704,0.052248,0.023148
src/Mod/Assembly/App/CMakeFiles/Assembly.dir/AppAssemblyPy.cpp.o,0.634,0.58236,0.50786,0.064593,0.416809,0.101956,0.076712,0.028734,0.034386
src/Gui/CMakeFiles/FreeCADGui.dir/View.cpp.o,0.629,0.567083,0.52685,0.018361,0.426141,0.185847,0.203345,0.007481,0.009154
src/3rdParty/OndselSolver/OndselSolver/CMakeFiles/OndselSolver.dir/EulerAnglesDot.cpp.o,0.629,0.579998,0.574441,0.001634,0.491064,0.085623,0.060313,0.000117,0.000138
src/3rdParty/coin/src/base/CMakeFiles/base.dir/SbVec3ui32.cpp.o,0.625,0.578255,0.56726,0.007117,0.0,0.067963,0.035448,0.00291,0.00292
src/Mod/Start/Gui/CMakeFiles/StartGui.dir/FirstStartWidget.cpp.o,0.622,0.565439,0.511603,0.042035,0.401985,0.140161,0.164908,0.026191,0.014222
src/Mod/Mesh/App/CMakeFiles/Mesh.dir/Core/IO/WriterInventor.cpp.o,0.621,0.569275,0.378538,0.17734,0.203249,0.203362,0.091844,0.132182,0.043719
src/3rdParty/coin/src/profiler/CMakeFiles/profiler.dir/SoProfilingReportGenerator.cpp.o,0.619,0.567612,0.408869,0.155179,0.126079,0.032841,0.026771,0.081171,0.072586
src/Mod/Surface/App/CMakeFiles/Surface.dir/Blending/BlendPoint.cpp.o,0.618,0.567976,0.496163,0.054863,0.35917,0.107771,0.070033,0.04607,0.007321
src/Gui/CMakeFiles/FreeCADGui.dir/InputHintWidget.cpp.o,0.617,0.556815,0.351111,0.184966,0.10017,0.105096,0.099787,0.132821,0.050616
src/Gui/CMakeFiles/FreeCADGui.dir/Window.cpp.o,0.617,0.554806,0.443194,0.089473,0.344937,0.114479,0.133741,0.065242,0.022766
src/3rdParty/OndselSolver/OndselSolver/CMakeFiles/OndselSolver.dir/EulerAngleszxzDot.cpp.o,0.617,0.567235,0.561852,0.001612,0.483022,0.08111,0.054409,0.000111,0.000136
src/3rdParty/OndselSolver/OndselSolver/CMakeFiles/OndselSolver.dir/EulerAngleszxzDDot.cpp.o,0.612,0.561359,0.5559,0.001597,0.47842,0.079984,0.057915,0.000114,0.000141
src/App/CMakeFiles/FreeCADApp.dir/StartupConfiguration.cpp.o,0.611,0.554411,0.241399,0.297192,0.093251,0.097769,0.056665,0.203982,0.091666
src/Mod/Mesh/App/CMakeFiles/Mesh.dir/Core/Projection.cpp.o,0.61,0.558839,0.364287,0.181386,0.189474,0.217672,0.101866,0.12605,0.053883
src/App/CMakeFiles/FreeCADApp.dir/Services.cpp.o,0.609,0.557467,0.535167,0.00582,0.430163,0.203927,0.230702,0.002283,0.002041
src/Base/CMakeFiles/FreeCADBase.dir/Persistence.cpp.o,0.607,0.55645,0.461484,0.078314,0.308954,0.183294,0.161055,0.05221,0.024719
src/Base/CMakeFiles/FreeCADBase.dir/Stream.cpp.o,0.605,0.558293,0.320737,0.223252,0.188216,0.088207,0.046117,0.125877,0.096009
src/Mod/Part/App/CMakeFiles/Part.dir/GeometryExtensionPyImp.cpp.o,0.603,0.551657,0.422685,0.108339,0.262298,0.087954,0.059961,0.068346,0.038504
src/Base/CMakeFiles/FreeCADBase.dir/TypePyImp.cpp.o,0.6,0.548043,0.361828,0.171358,0.216048,0.090418,0.078229,0.095605,0.074299
src/Mod/Part/App/CMakeFiles/Part.dir/BRepOffsetAPI_MakeOffsetFix.cpp.o,0.6,0.546694,0.186722,0.340412,0.012882,0.066251,0.036144,0.189662,0.149165
src/3rdParty/OndselSolver/OndselSolver/CMakeFiles/OndselSolver.dir/FullMatrix.cpp.o,0.599,0.551693,0.546316,0.001518,0.463098,0.08549,0.054023,0.000109,0.000101
src/Mod/Part/Gui/CMakeFiles/PartGui.dir/SoFCShapeObject.cpp.o,0.598,0.536418,0.380344,0.128032,0.127751,0.117653,0.08743,0.085809,0.040458
src/Mod/Part/App/CMakeFiles/Part.dir/GeometryIntExtensionPyImp.cpp.o,0.597,0.541707,0.435775,0.083918,0.286273,0.083296,0.054878,0.062482,0.020046
src/3rdParty/OndselSolver/OndselSolver/CMakeFiles/OndselSolver.dir/EulerAngleszxz.cpp.o,0.596,0.547239,0.541869,0.001585,0.464949,0.079178,0.053001,0.000109,0.000138
src/Base/CMakeFiles/FreeCADBase.dir/NumericFormatting.cpp.o,0.595,0.547411,0.347146,0.184886,0.210943,0.109543,0.075766,0.116121,0.067255
src/Mod/Part/App/CMakeFiles/Part.dir/GeometryDoubleExtensionPyImp.cpp.o,0.595,0.53613,0.424628,0.090143,0.273562,0.083678,0.052811,0.068194,0.020484
src/Mod/Part/App/CMakeFiles/Part.dir/GeometryBoolExtensionPyImp.cpp.o,0.592,0.533437,0.422744,0.089789,0.275202,0.080973,0.052491,0.06708,0.021173
src/3rdParty/OndselSolver/OndselSolver/CMakeFiles/OndselSolver.dir/DiagonalMatrix.cpp.o,0.59,0.544037,0.539083,0.001574,0.45968,0.081533,0.054829,0.00012,0.000127
src/Base/CMakeFiles/FreeCADBase.dir/ProgressIndicatorPy.cpp.o,0.589,0.539696,0.338539,0.187069,0.202889,0.117666,0.06852,0.105487,0.080127
src/Mod/Part/App/CMakeFiles/Part.dir/SignalException.cpp.o,0.589,0.535397,0.249218,0.265081,0.060552,0.073821,0.031329,0.1719,0.091834
src/Mod/Part/App/CMakeFiles/Part.dir/ShapeFix/ShapeFix_RootPyImp.cpp.o,0.588,0.531642,0.423121,0.086057,0.278121,0.084332,0.059067,0.05409,0.030539
src/Gui/CMakeFiles/FreeCADGui.dir/ToolBarAreaWidget.cpp.o,0.585,0.517972,0.412822,0.081768,0.244355,0.090442,0.122043,0.05305,0.026942
src/3rdParty/coin/src/scxml/CMakeFiles/scxml.dir/ScXMLP.cpp.o,0.583,0.536718,0.428008,0.105017,0.005747,0.065521,0.037356,0.075659,0.027965
src/3rdParty/coin/src/scxml/CMakeFiles/scxml.dir/ScXMLOnExitElt.cpp.o,0.583,0.534361,0.473046,0.057413,0.19551,0.040886,0.032357,0.035991,0.020043
src/Mod/Sketcher/Gui/CMakeFiles/SketcherGui.dir/SketchMirrorDialog.cpp.o,0.582,0.521873,0.461367,0.043712,0.276113,0.128034,0.150571,0.027786,0.014392
src/App/CMakeFiles/FreeCADApp.dir/Branding.cpp.o,0.578,0.527291,0.25567,0.255936,0.050304,0.115656,0.081172,0.171027,0.083357
src/Base/CMakeFiles/FreeCADBase.dir/CoordinateSystemPyImp.cpp.o,0.577,0.521705,0.40651,0.100016,0.281235,0.110928,0.069179,0.044859,0.053671
src/3rdParty/coin/src/io/CMakeFiles/io.dir/SoOutput.cpp.o,0.577,0.532231,0.277104,0.252188,0.005428,0.024776,0.003159,0.133344,0.117488
src/3rdParty/coin/src/scxml/CMakeFiles/scxml.dir/ScXMLDataModelElt.cpp.o,0.576,0.526901,0.471138,0.052409,0.133343,0.040184,0.032142,0.034187,0.016898
src/Mod/Material/Gui/CMakeFiles/MatGui.dir/qrc_Material_translation.cpp.o,0.576,0.525644,0.513886,0.006033,0.0,0.0,0.0,0.002406,0.002397
src/Gui/CMakeFiles/FreeCADGui.dir/PySideUicModulePy.cpp.o,0.575,0.517876,0.383384,0.113141,0.23893,0.104328,0.083111,0.068136,0.043461
src/Mod/Robot/App/CMakeFiles/Robot.dir/kdl_cp/jntarray.cpp.o,0.573,0.524346,0.304425,0.208685,0.0,0.135684,0.147959,0.169423,0.037693
src/Mod/Start/Gui/CMakeFiles/StartGui.dir/FileCardView.cpp.o,0.573,0.517402,0.483108,0.022112,0.404726,0.125109,0.169479,0.010711,0.009923
src/3rdParty/coin/src/scxml/CMakeFiles/scxml.dir/ScXMLOnEntryElt.cpp.o,0.572,0.525057,0.466622,0.054414,0.193893,0.039142,0.032273,0.035378,0.017673
src/3rdParty/OndselSolver/OndselSolver/CMakeFiles/OndselSolver.dir/EulerAnglesDDot.cpp.o,0.57,0.524238,0.518979,0.001628,0.443946,0.077186,0.054829,0.000119,0.000142
src/Mod/Start/Gui/CMakeFiles/StartGui.dir/NewFileButton.cpp.o,0.569,0.512764,0.473555,0.026413,0.395144,0.125194,0.16043,0.013495,0.011456
src/3rdParty/OndselSolver/OndselSolver/CMakeFiles/OndselSolver.dir/FullColumn.cpp.o,0.568,0.519295,0.514033,0.001648,0.4542,0.061963,0.041743,0.000127,0.000134
src/3rdParty/coin/src/scxml/CMakeFiles/scxml.dir/ScXMLLogElt.cpp.o,0.567,0.515851,0.475304,0.036765,0.000468,0.034562,0.02559,0.017082,0.018331
src/Gui/CMakeFiles/FreeCADGui.dir/Dialogs/DlgInputDialogImp.cpp.o,0.566,0.507141,0.417757,0.067257,0.224626,0.133827,0.134454,0.039925,0.025791
src/Gui/CMakeFiles/FreeCADGui.dir/Multisample.cpp.o,0.563,0.501937,0.425649,0.054456,0.288757,0.139314,0.144809,0.036461,0.016639
src/Mod/Import/App/CMakeFiles/Import.dir/WriterGltf.cpp.o,0.563,0.509775,0.409951,0.079897,0.197159,0.093113,0.081608,0.057288,0.021137
src/3rdParty/coin/src/misc/CMakeFiles/misc.dir/SoProto.cpp.o,0.561,0.508342,0.315758,0.189422,0.003911,0.024467,0.003739,0.097477,0.090535
src/Base/CMakeFiles/FreeCADBase.dir/AxisPyImp.cpp.o,0.56,0.510513,0.406326,0.088617,0.279382,0.113113,0.067283,0.051357,0.035861
src/3rdParty/OndselSolver/OndselSolver/CMakeFiles/OndselSolver.dir/EulerArray.cpp.o,0.556,0.512672,0.507397,0.001584,0.444497,0.065189,0.040216,0.000109,0.00014
src/3rdParty/OndselSolver/OndselSolver/CMakeFiles/OndselSolver.dir/SingularMatrixError.cpp.o,0.553,0.506832,0.50144,0.001605,0.441713,0.062032,0.044832,0.000113,0.000136
src/3rdParty/coin/src/scxml/CMakeFiles/scxml.dir/ScXMLAnchorElt.cpp.o,0.551,0.500627,0.470673,0.026099,0.000456,0.032046,0.026179,0.012038,0.012564
src/Mod/Sketcher/Gui/CMakeFiles/SketcherGui.dir/VisualLayer.cpp.o,0.551,0.493241,0.447987,0.027584,0.347042,0.166561,0.181257,0.019403,0.006792
src/3rdParty/coin/src/scxml/CMakeFiles/scxml.dir/ScXMLEventElt.cpp.o,0.55,0.498376,0.472341,0.022527,0.000639,0.026632,0.025467,0.00953,0.011715
src/Gui/CMakeFiles/FreeCADGui.dir/Inventor/MarkerBitmaps.cpp.o,0.549,0.491601,0.277597,0.193711,0.003253,0.126358,0.081119,0.129464,0.062477
src/3rdParty/coin/src/misc/CMakeFiles/misc.dir/SoBase.cpp.o,0.548,0.499527,0.315531,0.180901,0.000114,0.030212,0.004744,0.103951,0.075505
src/Mod/Spreadsheet/App/CMakeFiles/Spreadsheet.dir/PropertyRowHeightsPyImp.cpp.o,0.548,0.494998,0.459357,0.023358,0.345302,0.100362,0.087319,0.014712,0.007331
src/Gui/CMakeFiles/FreeCADGui.dir/ViewProviderTextureExtension.cpp.o,0.547,0.487472,0.414559,0.051992,0.308439,0.078882,0.103618,0.025087,0.025389
src/3rdParty/OndselSolver/OndselSolver/CMakeFiles/OndselSolver.dir/SparseVector.cpp.o,0.547,0.497397,0.492398,0.001511,0.423208,0.070818,0.048792,0.000126,0.000123
src/3rdParty/coin/src/scxml/CMakeFiles/scxml.dir/ScXMLElseIfElt.cpp.o,0.545,0.489392,0.459931,0.025224,0.000495,0.02785,0.024976,0.00959,0.014248
src/Mod/Mesh/App/CMakeFiles/Mesh.dir/Core/TrimByPlane.cpp.o,0.545,0.493065,0.310233,0.169194,0.186569,0.175831,0.08282,0.117599,0.049954
src/App/CMakeFiles/FreeCADApp.dir/StringHasherPyImp.cpp.o,0.544,0.491106,0.33638,0.138546,0.2068,0.064471,0.06848,0.079677,0.057521
src/3rdParty/OndselSolver/OndselSolver/CMakeFiles/OndselSolver.dir/SparseColumn.cpp.o,0.543,0.496219,0.49087,0.001733,0.420299,0.072418,0.048604,0.000118,0.000161
src/Mod/Spreadsheet/App/CMakeFiles/Spreadsheet.dir/PropertyColumnWidthsPyImp.cpp.o,0.543,0.490184,0.454254,0.023727,0.344937,0.098037,0.083285,0.014827,0.007518
src/Mod/Robot/App/CMakeFiles/Robot.dir/kdl_cp/tree.cpp.o,0.542,0.482547,0.221412,0.249291,0.068832,0.09397,0.042751,0.167615,0.080191
src/3rdParty/OndselSolver/OndselSolver/CMakeFiles/OndselSolver.dir/Array.cpp.o,0.54,0.490086,0.484272,0.001712,0.433543,0.052859,0.030977,0.00013,0.000143
src/3rdParty/coin/src/fields/CMakeFiles/fields.dir/SoFieldData.cpp.o,0.539,0.491093,0.29627,0.191715,0.001095,0.026299,0.00326,0.104958,0.085431
src/App/CMakeFiles/FreeCADApp.dir/SafeMode.cpp.o,0.538,0.485364,0.366221,0.103708,0.250786,0.116066,0.121473,0.07415,0.02809
src/Mod/Mesh/App/CMakeFiles/Mesh.dir/Core/IO/Writer3MF.cpp.o,0.535,0.484812,0.351891,0.119842,0.226495,0.141441,0.085849,0.084001,0.034508
src/3rdParty/coin/src/scxml/CMakeFiles/scxml.dir/ScXMLFinalizeElt.cpp.o,0.534,0.483483,0.460858,0.018755,0.000444,0.030595,0.024395,0.00837,0.008818
src/3rdParty/coin/src/scxml/CMakeFiles/scxml.dir/ScXMLContentElt.cpp.o,0.534,0.485583,0.46279,0.018979,0.000836,0.029403,0.025081,0.008406,0.008896
src/Base/CMakeFiles/FreeCADBase.dir/Rotation.cpp.o,0.533,0.481767,0.308575,0.158207,0.181644,0.090857,0.06675,0.078557,0.078204
src/3rdParty/coin/src/base/CMakeFiles/base.dir/SbDPMatrix.cpp.o,0.532,0.486147,0.26297,0.220407,0.001287,0.021639,0.002369,0.13471,0.084436
src/Mod/Part/App/CMakeFiles/Part.dir/GeometryMigrationExtension.cpp.o,0.531,0.475646,0.377318,0.077357,0.228375,0.122542,0.082846,0.057934,0.01796
src/3rdParty/coin/src/scxml/CMakeFiles/scxml.dir/ScXMLParamElt.cpp.o,0.53,0.480878,0.452582,0.024249,0.000488,0.028223,0.024717,0.010432,0.012498
src/3rdParty/OndselSolver/OndselSolver/CMakeFiles/OndselSolver.dir/FullRow.cpp.o,0.528,0.480567,0.475538,0.001494,0.415857,0.061835,0.035654,0.000108,0.000121
src/3rdParty/coin/src/scxml/CMakeFiles/scxml.dir/ScXMLElseElt.cpp.o,0.527,0.480232,0.460038,0.016558,0.000469,0.027482,0.028463,0.007471,0.007816
src/Gui/CMakeFiles/FreeCADGui.dir/Navigation/NavigationStylePyImp.cpp.o,0.527,0.471538,0.401381,0.049513,0.279463,0.049368,0.05853,0.02548,0.022566
src/3rdParty/coin/src/scxml/CMakeFiles/scxml.dir/ScXMLValidateElt.cpp.o,0.526,0.474779,0.447878,0.023614,0.000442,0.027414,0.02551,0.010087,0.012306
src/App/CMakeFiles/FreeCADApp.dir/DocumentSettingsPyImp.cpp.o,0.526,0.473118,0.304209,0.153009,0.184995,0.046222,0.049889,0.079859,0.071667
src/App/CMakeFiles/FreeCADApp.dir/Material.cpp.o,0.525,0.469652,0.392049,0.061849,0.307632,0.118666,0.135051,0.032827,0.027613
src/Mod/Part/Gui/CMakeFiles/PartGui.dir/WorkbenchManipulator.cpp.o,0.525,0.460319,0.369319,0.062883,0.205773,0.080865,0.129934,0.053026,0.00803
src/3rdParty/OndselSolver/OndselSolver/CMakeFiles/OndselSolver.dir/RowTypeMatrix.cpp.o,0.523,0.475008,0.469621,0.001691,0.42338,0.048648,0.029733,0.000136,0.000128
src/Gui/CMakeFiles/FreeCADGui.dir/NotificationBox.cpp.o,0.522,0.460999,0.329695,0.10884,0.008653,0.116083,0.093778,0.066072,0.040508
src/Gui/CMakeFiles/FreeCADGui.dir/InputHintPy.cpp.o,0.518,0.456396,0.402598,0.033522,0.242382,0.106711,0.074326,0.02317,0.009018
src/Mod/Robot/App/CMakeFiles/Robot.dir/kdl_cp/utilities/svd_eigen_HH.cpp.o,0.518,0.462962,0.202688,0.249179,0.001567,0.08526,0.069325,0.14009,0.107612
src/3rdParty/coin/src/io/CMakeFiles/io.dir/SoInputP.cpp.o,0.515,0.461141,0.433045,0.024335,0.000221,0.064106,0.029237,0.011675,0.011251
src/3rdParty/coin/src/scxml/CMakeFiles/scxml.dir/ScXMLDataElt.cpp.o,0.515,0.465119,0.434873,0.026625,0.122192,0.025976,0.023487,0.011408,0.013949
src/Gui/CMakeFiles/FreeCADGui.dir/SoLabelNodes.cpp.o,0.515,0.458332,0.25886,0.17901,0.088124,0.062941,0.04915,0.100984,0.076551
src/Base/CMakeFiles/FreeCADBase.dir/UnitPyImp.cpp.o,0.513,0.465888,0.347633,0.103561,0.208884,0.084971,0.059774,0.053376,0.048487
src/Gui/CMakeFiles/FreeCADGui.dir/Inventor/Draggers/SoPlanarDragger.cpp.o,0.511,0.453262,0.352988,0.079403,0.190832,0.087201,0.095685,0.039227,0.038672
src/Mod/CAM/PathSimulator/AppGL/CMakeFiles/CAMSimulator.dir/GlUtils.cpp.o,0.511,0.414755,0.404377,0.003946,0.364973,0.039925,0.004451,0.000338,0.00043
src/App/CMakeFiles/FreeCADApp.dir/Extension.cpp.o,0.509,0.45359,0.372935,0.065066,0.285012,0.065717,0.088876,0.037599,0.025958
src/3rdParty/coin/src/scxml/CMakeFiles/scxml.dir/ScXMLAbstractStateElt.cpp.o,0.507,0.459626,0.440228,0.015933,0.000433,0.026915,0.026469,0.006996,0.007603
src/3rdParty/OndselSolver/OndselSolver/CMakeFiles/OndselSolver.dir/FullVector.cpp.o,0.507,0.461478,0.456343,0.001598,0.41083,0.047677,0.02897,0.000134,0.000142
src/3rdParty/coin/src/xml/CMakeFiles/xml.dir/element.cpp.o,0.504,0.459067,0.260416,0.195867,0.004085,0.02353,0.00269,0.101837,0.092697
src/3rdParty/coin/src/rendering/CMakeFiles/rendering.dir/SoVertexArrayIndexer.cpp.o,0.504,0.455819,0.331469,0.121074,0.010843,0.023484,0.002883,0.062985,0.056692
src/Mod/Import/App/CMakeFiles/Import.dir/StepShape.cpp.o,0.5,0.445048,0.33046,0.095101,0.191062,0.086521,0.054151,0.068405,0.025293
src/App/CMakeFiles/FreeCADApp.dir/MaterialPyImp.cpp.o,0.498,0.444188,0.266711,0.161375,0.160631,0.037113,0.013473,0.071092,0.08884
src/Gui/CMakeFiles/FreeCADGui.dir/StatusBarLabel.cpp.o,0.497,0.438955,0.343378,0.069781,0.173039,0.09764,0.097362,0.049309,0.019017
src/Mod/TechDraw/Gui/CMakeFiles/TechDrawGui.dir/mtextedit.cpp.o,0.495,0.43842,0.302751,0.119139,0.000862,0.107069,0.060959,0.077454,0.040193
src/App/CMakeFiles/FreeCADApp.dir/StringIDPyImp.cpp.o,0.494,0.440135,0.330851,0.093888,0.223508,0.064161,0.071526,0.044348,0.048133
src/3rdParty/coin/src/shaders/CMakeFiles/shaders.dir/SoGLSLShaderProgram.cpp.o,0.493,0.444959,0.347217,0.094344,0.0,0.025149,0.003295,0.058531,0.034454
src/Base/CMakeFiles/FreeCADBase.dir/BaseClassPyImp.cpp.o,0.49,0.443357,0.332482,0.09694,0.193615,0.090434,0.063695,0.056049,0.039475
src/Mod/TechDraw/Gui/CMakeFiles/TechDrawGui.dir/QGMText.cpp.o,0.49,0.428836,0.354446,0.059171,0.194525,0.080419,0.08841,0.033997,0.023551
src/Base/CMakeFiles/FreeCADBase.dir/Matrix.cpp.o,0.486,0.439314,0.184859,0.239781,0.049567,0.069425,0.032661,0.14891,0.089531
src/Mod/Mesh/App/CMakeFiles/Mesh.dir/Core/Visitor.cpp.o,0.486,0.427738,0.297392,0.117722,0.210612,0.120123,0.069162,0.073755,0.042646
src/3rdParty/coin/src/scxml/CMakeFiles/scxml.dir/ScXMLElt.cpp.o,0.484,0.43477,0.37112,0.060589,0.092848,0.041983,0.017754,0.041056,0.0182
src/Mod/Points/Gui/CMakeFiles/PointsGui.dir/qrc_Points_translation.cpp.o,0.484,0.425795,0.414221,0.00626,0.0,0.0,0.0,0.002227,0.002655
src/Base/CMakeFiles/FreeCADBase.dir/PyObjectBase.cpp.o,0.479,0.429884,0.346975,0.067734,0.223133,0.082524,0.060073,0.044238,0.02207
src/Mod/Robot/App/CMakeFiles/Robot.dir/kdl_cp/rotationalinertia.cpp.o,0.478,0.424232,0.33036,0.081067,0.0,0.15462,0.199071,0.075825,0.003652
src/App/CMakeFiles/FreeCADApp.dir/Enumeration.cpp.o,0.477,0.425033,0.203844,0.206791,0.042156,0.087602,0.042455,0.144317,0.061089
src/3rdParty/coin/src/nodekits/CMakeFiles/nodekits.dir/SoNodekitCatalog.cpp.o,0.476,0.42248,0.269505,0.149963,0.000253,0.021998,0.002964,0.080828,0.067604
src/Mod/Assembly/Gui/CMakeFiles/AssemblyGui.dir/qrc_Assembly.cpp.o,0.476,0.423731,0.412637,0.006527,0.0,0.0,0.0,0.002478,0.002807
src/Base/CMakeFiles/FreeCADBase.dir/__/3rdParty/zipios++/zipfile.cpp.o,0.475,0.428492,0.22379,0.190359,0.099639,0.112464,0.038142,0.135444,0.0536
src/3rdParty/coin/src/misc/CMakeFiles/misc.dir/SoContextHandler.cpp.o,0.475,0.423806,0.350729,0.068764,0.014438,0.025147,0.002953,0.0432,0.02413
src/Gui/CMakeFiles/FreeCADGui.dir/SoTouchEvents.cpp.o,0.474,0.411348,0.329121,0.06027,0.217721,0.075765,0.071091,0.032745,0.025825
src/3rdParty/coin/src/misc/CMakeFiles/misc.dir/SoPath.cpp.o,0.472,0.418655,0.272679,0.142983,0.000684,0.023748,0.003165,0.076592,0.064971
src/Mod/Assembly/Gui/CMakeFiles/AssemblyGui.dir/AppAssemblyGuiPy.cpp.o,0.472,0.414504,0.337296,0.060957,0.223922,0.084493,0.0523,0.028954,0.030606
src/Mod/Part/App/CMakeFiles/Part.dir/edgecluster.cpp.o,0.471,0.418407,0.208478,0.190226,0.021538,0.091181,0.047698,0.137856,0.050951
src/3rdParty/coin/src/fonts/CMakeFiles/fonts.dir/freetype.cpp.o,0.469,0.420651,0.338979,0.078129,0.185443,0.02251,0.002477,0.038112,0.038757
src/3rdParty/coin/src/events/CMakeFiles/events.dir/SoKeyboardEvent.cpp.o,0.468,0.421665,0.25494,0.164053,0.009746,0.022799,0.00257,0.093817,0.068947
src/3rdParty/coin/src/io/CMakeFiles/io.dir/SoWriterefCounter.cpp.o,0.468,0.420137,0.286738,0.13057,0.01255,0.028008,0.003591,0.073191,0.055928
src/3rdParty/coin/src/scxml/CMakeFiles/scxml.dir/ScXMLEvent.cpp.o,0.466,0.421375,0.353078,0.065238,0.095869,0.040734,0.017955,0.043217,0.020724
src/Mod/Import/App/CMakeFiles/Import.dir/ReaderStep.cpp.o,0.466,0.411683,0.340993,0.050516,0.199408,0.085326,0.063805,0.040536,0.008653
src/Mod/Mesh/App/CMakeFiles/Mesh.dir/Core/KDTree.cpp.o,0.466,0.417031,0.243001,0.161359,0.100887,0.13242,0.053747,0.103532,0.056472
src/3rdParty/coin/src/sensors/CMakeFiles/sensors.dir/SoSensorManager.cpp.o,0.464,0.421257,0.280687,0.137726,0.014367,0.026564,0.003023,0.081166,0.055232
src/3rdParty/coin/src/elements/GL/CMakeFiles/glelements.dir/SoGLCacheContextElement.cpp.o,0.463,0.417743,0.33712,0.077179,0.189526,0.022774,0.003134,0.042555,0.033298
src/Mod/Mesh/Gui/CMakeFiles/MeshGui.dir/Selection.cpp.o,0.462,0.406587,0.343288,0.048577,0.156222,0.129024,0.090845,0.027562,0.019686
src/Base/CMakeFiles/FreeCADBase.dir/swigpyrun.cpp.o,0.456,0.406907,0.259173,0.134054,0.134119,0.075633,0.034401,0.090163,0.042535
src/Mod/PartDesign/Gui/CMakeFiles/PartDesignGui.dir/qrc_PartDesign.cpp.o,0.456,0.406287,0.394344,0.006869,0.0,0.0,0.0,0.002704,0.00282
src/Mod/Mesh/App/CMakeFiles/Mesh.dir/Core/Info.cpp.o,0.455,0.405617,0.261111,0.13214,0.133505,0.119488,0.061296,0.085783,0.044967
src/Mod/Robot/App/CMakeFiles/Robot.dir/kdl_cp/jacobian.cpp.o,0.453,0.401612,0.252517,0.136261,0.0,0.134244,0.113858,0.106413,0.028464
src/Base/CMakeFiles/FreeCADBase.dir/PrecisionPyImp.cpp.o,0.452,0.406169,0.319128,0.072425,0.201382,0.081943,0.053218,0.033464,0.037576
src/3rdParty/coin/src/shaders/CMakeFiles/shaders.dir/SoGLShaderProgramElement.cpp.o,0.452,0.403898,0.347149,0.053295,3.1e-05,0.023932,0.002774,0.02945,0.022462
src/Mod/Fem/Gui/CMakeFiles/FemGui.dir/FemSettings.cpp.o,0.45,0.391669,0.366095,0.010069,0.299152,0.097468,0.143695,0.004621,0.00405
src/3rdParty/coin/src/elements/CMakeFiles/elements.dir/SoVertexAttributeElement.cpp.o,0.448,0.39992,0.340943,0.055752,0.002691,0.023403,0.003264,0.031951,0.022402
src/Mod/Robot/App/CMakeFiles/Robot.dir/kdl_cp/utilities/error_stack.cxx.o,0.448,0.396687,0.31323,0.072374,0.22401,0.049858,0.022919,0.048249,0.022682
src/Gui/CMakeFiles/FreeCADGui.dir/SoFCVectorizeSVGAction.cpp.o,0.445,0.382993,0.281287,0.080593,0.077726,0.033443,0.028045,0.043437,0.035764
src/Base/CMakeFiles/FreeCADBase.dir/ZipHeader.cpp.o,0.444,0.39368,0.204677,0.175321,0.098507,0.098683,0.036589,0.122732,0.05126
src/Gui/CMakeFiles/FreeCADGui.dir/Inventor/Draggers/SoRotationDraggerGeometry.cpp.o,0.443,0.380502,0.164592,0.195554,0.003738,0.05241,0.000114,0.058564,0.1354
src/3rdParty/coin/src/vrml97/CMakeFiles/vrml97.dir/AudioClip.cpp.o,0.441,0.394441,0.278943,0.112575,0.000403,0.022099,0.003023,0.053413,0.057849
src/3rdParty/coin/src/shaders/CMakeFiles/shaders.dir/SoGLShaderProgram.cpp.o,0.439,0.390222,0.34875,0.037853,3.8e-05,0.023205,0.003491,0.020419,0.015989
src/3rdParty/coin/src/vrml97/CMakeFiles/vrml97.dir/Script.cpp.o,0.435,0.384608,0.26713,0.114457,0.000444,0.022862,0.003085,0.054972,0.058159
src/3rdParty/coin/src/3ds/CMakeFiles/3ds.dir/SoStream.cpp.o,0.432,0.382436,0.26782,0.111878,0.000457,0.021117,0.002559,0.05041,0.060072
src/Gui/CMakeFiles/FreeCADGui.dir/SoFCVectorizeU3DAction.cpp.o,0.431,0.37363,0.286148,0.067056,0.157148,0.03929,0.021314,0.038707,0.026911
src/Mod/Robot/Gui/CMakeFiles/RobotGui.dir/qrc_Robot_translation.cpp.o,0.431,0.374846,0.364288,0.006249,0.0,0.0,0.0,0.002271,0.00269
src/3rdParty/coin/src/shaders/CMakeFiles/shaders.dir/SoShaderProgram.cpp.o,0.429,0.377144,0.351442,0.022271,0.000448,0.022061,0.003143,0.009181,0.011783
src/3rdParty/coin/src/elements/GL/CMakeFiles/glelements.dir/SoGLVBOElement.cpp.o,0.426,0.378408,0.335833,0.038933,0.000952,0.022941,0.002975,0.0199,0.017526
src/3rdParty/coin/src/shaders/CMakeFiles/shaders.dir/SoGeometryShader.cpp.o,0.424,0.378197,0.354154,0.020615,3.9e-05,0.022077,0.003014,0.007539,0.011688
src/3rdParty/coin/src/glue/CMakeFiles/glue.dir/gl_glx.cpp.o,0.423,0.376459,0.328454,0.044584,0.011568,0.022289,0.002531,0.021578,0.0217
src/3rdParty/coin/src/misc/CMakeFiles/misc.dir/SoState.cpp.o,0.42,0.367963,0.329924,0.034665,0.001198,0.024412,0.002535,0.020191,0.013115
src/3rdParty/coin/src/misc/CMakeFiles/misc.dir/SoBaseP.cpp.o,0.419,0.365844,0.297436,0.064422,0.0,0.025216,0.003891,0.032439,0.030629
src/Mod/Start/Gui/CMakeFiles/StartGui.dir/qrc_Start_translation.cpp.o,0.419,0.364444,0.353961,0.005927,0.0,0.0,0.0,0.001982,0.002679
src/3rdParty/coin/src/nodes/CMakeFiles/nodes.dir/SoDepthBuffer.cpp.o,0.418,0.369729,0.345485,0.02051,4.2e-05,0.025171,0.003041,0.008201,0.010879
src/3rdParty/OndselSolver/OndselSolver/CMakeFiles/OndselSolver.dir/Numeric.cpp.o,0.417,0.368574,0.360449,0.004939,0.169164,0.044899,0.019812,0.001396,0.002247
src/3rdParty/coin/src/nodes/CMakeFiles/nodes.dir/SoAnnotation.cpp.o,0.415,0.366364,0.348392,0.014534,0.000265,0.023766,0.003023,0.005163,0.008005
src/Mod/Part/App/CMakeFiles/Part.dir/BSplineCurveBiArcs.cpp.o,0.415,0.360328,0.253853,0.087027,0.133029,0.087166,0.056417,0.061431,0.024245
src/3rdParty/coin/src/profiler/CMakeFiles/profiler.dir/SoProfilerTopEngine.cpp.o,0.414,0.36898,0.284402,0.081703,0.0,0.022843,0.003088,0.038728,0.041542
src/3rdParty/coin/src/shadows/CMakeFiles/shadows.dir/SoShadowCulling.cpp.o,0.413,0.367329,0.349967,0.013948,4e-05,0.021911,0.003383,0.00516,0.007534
src/3rdParty/coin/src/glue/CMakeFiles/glue.dir/normalization_cubemap.cpp.o,0.411,0.36313,0.305322,0.054664,0.000218,0.021247,0.002542,0.019991,0.033326
src/3rdParty/coin/src/rendering/CMakeFiles/rendering.dir/CoinOffscreenGLCanvas.cpp.o,0.407,0.358739,0.310916,0.044528,0.000212,0.022272,0.002418,0.023158,0.020024
src/3rdParty/coin/src/shaders/CMakeFiles/shaders.dir/SoGLSLShaderParameter.cpp.o,0.407,0.359591,0.323967,0.032161,0.0,0.023632,0.002628,0.013022,0.01785
src/Mod/Robot/App/CMakeFiles/Robot.dir/kdl_cp/treeiksolverpos_nr_jl.cpp.o,0.406,0.349717,0.20167,0.137071,0.070848,0.080851,0.051584,0.098057,0.037585
src/3rdParty/coin/src/elements/GL/CMakeFiles/glelements.dir/SoGLMultiTextureEnabledElement.cpp.o,0.405,0.35896,0.338588,0.01718,0.000407,0.021123,0.002968,0.006784,0.009076
src/3rdParty/coin/src/glue/CMakeFiles/glue.dir/dl.cpp.o,0.405,0.356962,0.329931,0.023829,0.014792,0.021518,0.002494,0.010715,0.011768
src/Gui/CMakeFiles/FreeCADGui.dir/ToolBox.cpp.o,0.404,0.347626,0.266705,0.060726,0.002972,0.099841,0.062083,0.038489,0.020819
src/3rdParty/coin/src/shaders/CMakeFiles/shaders.dir/SoFragmentShader.cpp.o,0.403,0.347452,0.330506,0.012583,5e-05,0.020997,0.00293,0.004262,0.007062
src/3rdParty/coin/src/shaders/CMakeFiles/shaders.dir/SoGLCgShaderParameter.cpp.o,0.403,0.361573,0.330104,0.028282,0.000186,0.021696,0.002507,0.011829,0.014909
src/3rdParty/coin/src/shadows/CMakeFiles/shadows.dir/SoShadowStyle.cpp.o,0.402,0.355269,0.337794,0.014062,3.8e-05,0.022144,0.002995,0.005074,0.007672
src/3rdParty/coin/src/scxml/CMakeFiles/scxml.dir/eval-minimum.cpp.o,0.4,0.357973,0.270978,0.084481,0.011287,0.021945,0.002929,0.047708,0.035453
src/Gui/CMakeFiles/FreeCADGui.dir/ElideCheckBox.cpp.o,0.4,0.333135,0.271452,0.038283,0.005959,0.096261,0.057393,0.021145,0.015509
src/3rdParty/coin/src/scxml/CMakeFiles/scxml.dir/ScXMLObject.cpp.o,0.398,0.35053,0.327899,0.019494,0.094693,0.029129,0.01089,0.011711,0.006542
src/App/CMakeFiles/FreeCADApp.dir/ExtensionPyImp.cpp.o,0.398,0.345163,0.298058,0.03162,0.215978,0.050139,0.0631,0.018468,0.011788
src/Mod/Start/Gui/CMakeFiles/StartGui.dir/FlowLayout.cpp.o,0.398,0.342061,0.218806,0.112811,0.029164,0.102486,0.062065,0.072763,0.038258
src/3rdParty/coin/src/glue/CMakeFiles/glue.dir/gl_egl.cpp.o,0.397,0.35175,0.305002,0.043475,0.000849,0.02159,0.002475,0.021276,0.020898
src/Gui/CMakeFiles/FreeCADGui.dir/NumericLocale.cpp.o,0.397,0.333695,0.250961,0.061112,0.127326,0.057848,0.051044,0.040064,0.019432
src/App/CMakeFiles/FreeCADApp.dir/DocumentObjectExtensionPyImp.cpp.o,0.396,0.345296,0.300078,0.030243,0.209705,0.052596,0.056991,0.021495,0.007347
src/3rdParty/coin/src/elements/GL/CMakeFiles/glelements.dir/SoGLUpdateAreaElement.cpp.o,0.395,0.346983,0.317974,0.025727,0.000218,0.022333,0.002595,0.011492,0.012896
src/3rdParty/coin/src/misc/CMakeFiles/misc.dir/SoGlyph.cpp.o,0.395,0.347704,0.274716,0.07008,0.001299,0.025374,0.002654,0.036254,0.032376
src/3rdParty/coin/src/misc/CMakeFiles/misc.dir/SoJavaScriptEngine.cpp.o,0.395,0.340993,0.275616,0.062494,0.000371,0.024233,0.003181,0.031616,0.02949
src/3rdParty/coin/src/soscxml/CMakeFiles/soscxml.dir/eval-coin.cpp.o,0.393,0.345811,0.257745,0.085289,0.011141,0.022054,0.002659,0.048974,0.034999
src/3rdParty/coin/src/elements/GL/CMakeFiles/glelements.dir/SoGLViewingMatrixElement.cpp.o,0.392,0.34614,0.321566,0.021128,0.182188,0.021971,0.002852,0.007438,0.012355
src/3rdParty/coin/src/elements/CMakeFiles/elements.dir/SoOverrideElement.cpp.o,0.39,0.342057,0.252062,0.087345,2.6e-05,0.021358,0.002588,0.036024,0.049996
src/3rdParty/coin/src/elements/GL/CMakeFiles/glelements.dir/SoGLMultiTextureMatrixElement.cpp.o,0.39,0.341406,0.321671,0.016467,0.000259,0.021228,0.00282,0.006244,0.008949
src/Gui/CMakeFiles/FreeCADGui.dir/SplitButton.cpp.o,0.39,0.32517,0.260788,0.043718,0.005023,0.143735,0.057376,0.033685,0.008607
src/3rdParty/coin/src/shaders/CMakeFiles/shaders.dir/SoGLARBShaderParameter.cpp.o,0.389,0.338863,0.322874,0.0127,0.000298,0.021785,0.003062,0.004138,0.007229
src/3rdParty/coin/src/elements/GL/CMakeFiles/glelements.dir/SoGLPointSizeElement.cpp.o,0.388,0.342814,0.322657,0.016786,0.000898,0.022766,0.002671,0.006665,0.008649
src/3rdParty/coin/src/vrml97/CMakeFiles/vrml97.dir/Parent.cpp.o,0.388,0.341218,0.269427,0.068818,0.000272,0.02167,0.003046,0.032264,0.035182
src/Gui/CMakeFiles/FreeCADGui.dir/FreeCADGuiModulePy.cpp.o,0.388,0.333208,0.306528,0.006887,0.222814,0.048646,0.017819,0.002809,0.002655
src/3rdParty/coin/src/fields/CMakeFiles/fields.dir/SoMFPath.cpp.o,0.386,0.338337,0.258868,0.07619,0.000334,0.024142,0.00296,0.040976,0.033788
src/3rdParty/coin/src/glue/CMakeFiles/glue.dir/GLUWrapper.cpp.o,0.386,0.339766,0.31057,0.026011,0.188164,0.02138,0.002492,0.012947,0.01187
src/Mod/Mesh/Gui/CMakeFiles/MeshGui.dir/DlgEvaluateSettings.cpp.o,0.386,0.32929,0.274453,0.040336,0.071096,0.096843,0.069806,0.023757,0.01513
src/Base/CMakeFiles/FreeCADBase.dir/XMLTools.cpp.o,0.385,0.337469,0.25325,0.070287,0.137431,0.085493,0.048924,0.047322,0.021636
src/3rdParty/OndselSolver/OndselSolver/CMakeFiles/OndselSolver.dir/Solver.cpp.o,0.385,0.334741,0.303441,0.027963,0.276533,0.024396,0.020398,0.01492,0.011732
src/Mod/Measure/Gui/CMakeFiles/MeasureGui.dir/qrc_Measure_translation.cpp.o,0.385,0.334103,0.323057,0.006455,0.0,0.0,0.0,0.002531,0.002648
src/3rdParty/coin/src/shaders/CMakeFiles/shaders.dir/SoVertexShader.cpp.o,0.384,0.337249,0.321265,0.012652,3.9e-05,0.023378,0.002705,0.004239,0.007146
src/Mod/Part/Gui/CMakeFiles/PartGui.dir/qrc_Part.cpp.o,0.384,0.330872,0.320311,0.00638,0.0,0.0,0.0,0.002474,0.00265
src/3rdParty/coin/src/elements/CMakeFiles/elements.dir/SoMultiTextureEnabledElement.cpp.o,0.382,0.336996,0.236105,0.098025,0.000924,0.023722,0.002622,0.056502,0.040189
src/3rdParty/coin/src/shaders/CMakeFiles/shaders.dir/SoGLCgShaderObject.cpp.o,0.382,0.337892,0.314166,0.020063,4e-05,0.022599,0.002721,0.007632,0.010788
src/3rdParty/coin/src/base/CMakeFiles/base.dir/SbXfBox3d.cpp.o,0.381,0.33518,0.249831,0.08243,0.0,0.022987,0.002429,0.041095,0.040036
src/Gui/CMakeFiles/FreeCADGui.dir/ElideLabel.cpp.o,0.381,0.32,0.266611,0.031298,0.005419,0.096435,0.051713,0.019333,0.01051
src/Base/CMakeFiles/FreeCADBase.dir/FileLock.cpp.o,0.38,0.333095,0.289618,0.029835,0.193192,0.102299,0.058516,0.021132,0.007371
src/3rdParty/coin/src/elements/GL/CMakeFiles/glelements.dir/SoGLDepthBufferElement.cpp.o,0.38,0.333522,0.31219,0.017983,0.000347,0.022186,0.002473,0.00726,0.009389
src/3rdParty/coin/src/shaders/CMakeFiles/shaders.dir/SoGLARBShaderObject.cpp.o,0.379,0.331876,0.317914,0.010126,0.0,0.021599,0.002412,0.003873,0.004921
src/3rdParty/FastSignals/libfastsignals/CMakeFiles/libfastsignals.dir/src/function_detail.cpp.o,0.377,0.333418,0.314257,0.015818,0.310439,0.006907,0.039923,0.006868,0.007643
src/3rdParty/coin/src/engines/CMakeFiles/engines.dir/SoTimeCounter.cpp.o,0.377,0.330856,0.260451,0.067595,0.000398,0.026898,0.00298,0.034657,0.031627
src/Mod/TechDraw/Gui/CMakeFiles/TechDrawGui.dir/QGCustomClip.cpp.o,0.377,0.31676,0.285151,0.015996,0.203632,0.046462,0.054097,0.006645,0.00781
src/Gui/CMakeFiles/FreeCADGui.dir/FontScaledSVG.cpp.o,0.376,0.316049,0.263929,0.029065,0.006762,0.095734,0.047312,0.017141,0.010131
src/3rdParty/OndselSolver/OndselSolver/CMakeFiles/OndselSolver.dir/BasicQuasiIntegrator.cpp.o,0.376,0.327078,0.307691,0.016264,0.282607,0.024377,0.025861,0.008054,0.006948
src/3rdParty/coin/src/fields/CMakeFiles/fields.dir/SoMFNode.cpp.o,0.375,0.328683,0.261972,0.063692,1.1e-05,0.023006,0.002874,0.032962,0.029393
src/3rdParty/coin/src/shaders/CMakeFiles/shaders.dir/SoGLARBShaderProgram.cpp.o,0.375,0.324881,0.313647,0.007609,0.000427,0.021805,0.002455,0.002858,0.003392
src/Base/CMakeFiles/FreeCADBase.dir/QtModulePy.cpp.o,0.374,0.327301,0.20174,0.109576,0.081148,0.08472,0.037264,0.064765,0.043397
src/Base/CMakeFiles/FreeCADBase.dir/Tools3D.cpp.o,0.373,0.325493,0.188904,0.12261,0.068556,0.108059,0.030819,0.079324,0.041957
src/3rdParty/coin/src/elements/GL/CMakeFiles/glelements.dir/SoGLLineWidthElement.cpp.o,0.373,0.331577,0.312933,0.01572,0.001077,0.021398,0.003043,0.005808,0.008578
src/3rdParty/coin/src/fields/CMakeFiles/fields.dir/SoMFEnum.cpp.o,0.373,0.326362,0.25791,0.065371,6.2e-05,0.021906,0.00275,0.029739,0.034355
src/3rdParty/coin/src/base/CMakeFiles/base.dir/SbTime.cpp.o,0.372,0.324525,0.258991,0.062897,0.000478,0.021086,0.002797,0.026987,0.034606
src/3rdParty/coin/src/caches/CMakeFiles/caches.dir/SoVBOCache.cpp.o,0.371,0.327372,0.29971,0.024302,0.0,0.021321,0.002781,0.012981,0.009985
src/3rdParty/coin/src/elements/GL/CMakeFiles/glelements.dir/SoGLLightIdElement.cpp.o,0.371,0.325657,0.306647,0.015829,0.000247,0.022001,0.002455,0.0063,0.008298
src/3rdParty/coin/src/elements/GL/CMakeFiles/glelements.dir/SoGLPolygonOffsetElement.cpp.o,0.371,0.323476,0.305291,0.014417,0.000365,0.021902,0.002416,0.005355,0.007735
src/3rdParty/coin/src/elements/GL/CMakeFiles/glelements.dir/SoGLViewportRegionElement.cpp.o,0.37,0.322318,0.30526,0.013856,0.000239,0.021285,0.002529,0.005014,0.00745
src/3rdParty/coin/src/misc/CMakeFiles/misc.dir/SoChildList.cpp.o,0.37,0.321018,0.2692,0.04902,0.0,0.025321,0.00311,0.028306,0.019318
src/Gui/CMakeFiles/FreeCADGui.dir/GraphicsViewZoom.cpp.o,0.37,0.312156,0.260826,0.03149,0.000759,0.091806,0.044854,0.018618,0.011017
src/Mod/ReverseEngineering/Gui/CMakeFiles/ReverseEngineeringGui.dir/qrc_ReverseEngineering_translation.cpp.o,0.37,0.31926,0.308846,0.006089,0.0,0.0,0.0,0.002485,0.002353
src/3rdParty/coin/src/misc/CMakeFiles/misc.dir/SoConfigSettings.cpp.o,0.369,0.318387,0.276614,0.038873,0.220657,0.025647,0.002989,0.0234,0.014151
src/Base/CMakeFiles/FreeCADBase.dir/ConsoleModulePy.cpp.o,0.368,0.321223,0.301579,0.005084,0.19206,0.085645,0.053962,0.002431,0.001377
src/3rdParty/coin/src/glue/CMakeFiles/glue.dir/gl_wgl.cpp.o,0.368,0.320639,0.311651,0.005734,0.000855,0.02216,0.002625,0.001787,0.00256
src/3rdParty/coin/src/misc/CMakeFiles/misc.dir/SoProtoInstance.cpp.o,0.368,0.320061,0.275486,0.041682,0.003737,0.024323,0.003193,0.022354,0.017992
src/3rdParty/coin/src/shaders/CMakeFiles/shaders.dir/SoGLShaderParameter.cpp.o,0.367,0.321369,0.31396,0.003845,0.000478,0.024843,0.002659,0.001083,0.001467
src/3rdParty/coin/src/CMakeFiles/Coin.dir/tidbits.cpp.o,0.366,0.320623,0.259321,0.058622,0.01221,0.02153,0.002439,0.028251,0.029126
src/3rdParty/coin/src/elements/GL/CMakeFiles/glelements.dir/SoGLProjectionMatrixElement.cpp.o,0.366,0.32056,0.305495,0.011597,0.000458,0.021794,0.002557,0.003896,0.006381
src/3rdParty/coin/src/glue/CMakeFiles/glue.dir/gl_agl.cpp.o,0.366,0.313654,0.305936,0.004381,0.000925,0.021659,0.002522,0.001355,0.001738
src/3rdParty/OndselSolver/OndselSolver/CMakeFiles/OndselSolver.dir/Integrator.cpp.o,0.366,0.318095,0.310907,0.004064,0.286695,0.025541,0.020967,0.001455,0.001231
src/Mod/Robot/App/CMakeFiles/Robot.dir/kdl_cp/chaindynparam.cpp.o,0.366,0.313294,0.190257,0.11122,0.072438,0.080838,0.072162,0.086116,0.023608
src/Base/CMakeFiles/FreeCADBase.dir/SystemHandler.cpp.o,0.365,0.318652,0.258978,0.04603,0.127298,0.078072,0.053635,0.035516,0.009234
src/3rdParty/coin/src/fields/CMakeFiles/fields.dir/SoMFVec4d.cpp.o,0.365,0.318268,0.260333,0.055298,6e-05,0.023011,0.002553,0.026832,0.027172
src/Gui/CMakeFiles/FreeCADGui.dir/GLBuffer.cpp.o,0.365,0.308308,0.203318,0.081737,0.019166,0.075205,0.062354,0.053133,0.027174
src/Base/CMakeFiles/FreeCADBase.dir/BaseClass.cpp.o,0.363,0.311115,0.286785,0.009641,0.200899,0.08767,0.037998,0.004806,0.003583
src/3rdParty/coin/src/fields/CMakeFiles/fields.dir/SoMFVec4ui32.cpp.o,0.363,0.314554,0.256424,0.055136,5.5e-05,0.022018,0.002579,0.027465,0.026319
src/3rdParty/coin/src/misc/CMakeFiles/misc.dir/SoDebug.cpp.o,0.363,0.315545,0.266694,0.045731,0.017699,0.025401,0.003127,0.027039,0.017417
src/Base/CMakeFiles/FreeCADBase.dir/SmartPtrPy.cpp.o,0.362,0.312145,0.281684,0.016074,0.207651,0.076897,0.045433,0.006869,0.007921
src/3rdParty/coin/src/fonts/CMakeFiles/fonts.dir/fontlib_wrapper.cpp.o,0.362,0.317132,0.254037,0.060478,0.194758,0.021221,0.002561,0.030519,0.028691
src/Mod/Robot/App/CMakeFiles/Robot.dir/kdl_cp/treeiksolverpos_online.cpp.o,0.362,0.311743,0.190691,0.110666,0.06492,0.076427,0.049886,0.078513,0.030781
src/Base/CMakeFiles/FreeCADBase.dir/Vector3D.cpp.o,0.361,0.308895,0.175349,0.120291,0.098946,0.04715,0.018023,0.050673,0.06827
src/3rdParty/coin/src/shadows/CMakeFiles/shadows.dir/SoGLShadowCullingElement.cpp.o,0.361,0.316618,0.301827,0.011574,0.000391,0.022041,0.002464,0.003803,0.006531
src/Gui/CMakeFiles/FreeCADGui.dir/WorkbenchManipulator.cpp.o,0.361,0.302038,0.211172,0.065255,0.003786,0.072655,0.07109,0.048096,0.015722
src/3rdParty/OndselSolver/OndselSolver/CMakeFiles/OndselSolver.dir/MaximumIterationError.cpp.o,0.361,0.312274,0.302259,0.006583,0.278495,0.024783,0.020901,0.002571,0.002658
src/Base/CMakeFiles/FreeCADBase.dir/__/3rdParty/PyCXX/CXX/cxx_exceptions.cxx.o,0.36,0.313107,0.193778,0.105118,0.103003,0.064306,0.034007,0.055018,0.048646
src/3rdParty/coin/src/elements/GL/CMakeFiles/glelements.dir/SoGLLinePatternElement.cpp.o,0.36,0.314834,0.298334,0.013443,0.000436,0.021455,0.00248,0.004981,0.00716
src/3rdParty/coin/src/misc/CMakeFiles/misc.dir/SoLightPath.cpp.o,0.359,0.310727,0.269967,0.037792,0.0,0.023337,0.003473,0.021154,0.015312
src/3rdParty/coin/src/foreignfiles/CMakeFiles/foreignfiles.dir/SoForeignFileKit.cpp.o,0.359,0.312481,0.259022,0.050784,0.004116,0.022188,0.002989,0.023257,0.026266
src/Gui/CMakeFiles/FreeCADGui.dir/MDIViewWithCamera.cpp.o,0.359,0.294993,0.258155,0.015481,0.082302,0.080948,0.071157,0.006837,0.007082
src/3rdParty/coin/src/fields/CMakeFiles/fields.dir/SoMFVec2b.cpp.o,0.358,0.31228,0.252839,0.056368,5.7e-05,0.022039,0.002531,0.026967,0.028023
src/3rdParty/coin/src/fields/CMakeFiles/fields.dir/SoMFVec2i32.cpp.o,0.358,0.312915,0.253066,0.056982,5.1e-05,0.02464,0.002708,0.02805,0.027646
src/3rdParty/coin/src/nodekits/CMakeFiles/nodekits.dir/SoNodeKitPath.cpp.o,0.358,0.313096,0.265697,0.044321,0.000223,0.023573,0.003317,0.021965,0.020758
src/3rdParty/OndselSolver/OndselSolver/CMakeFiles/OndselSolver.dir/DiscontinuityError.cpp.o,0.358,0.312091,0.30749,0.001671,0.283108,0.026693,0.025973,0.000118,0.000136
src/3rdParty/coin/src/glue/CMakeFiles/glue.dir/gl_cgl.cpp.o,0.357,0.305918,0.298154,0.004517,0.000846,0.022479,0.002495,0.001327,0.001822
src/3rdParty/coin/src/upgraders/CMakeFiles/upgraders.dir/SoUpgrader.cpp.o,0.357,0.310003,0.266139,0.040906,0.000427,0.022921,0.002916,0.021006,0.018592
src/3rdParty/coin/src/shaders/CMakeFiles/shaders.dir/SoGLCgShaderProgram.cpp.o,0.357,0.312655,0.303002,0.006646,0.004683,0.021924,0.002791,0.002405,0.002923
src/Gui/CMakeFiles/FreeCADGui.dir/Inventor/SoDrawingGrid.cpp.o,0.357,0.301684,0.203105,0.077015,0.0025,0.08052,0.050043,0.051512,0.024025
src/3rdParty/coin/src/engines/CMakeFiles/engines.dir/SoEngineOutput.cpp.o,0.356,0.307357,0.253634,0.050685,0.0,0.023008,0.002978,0.02861,0.020851
src/3rdParty/coin/src/fields/CMakeFiles/fields.dir/SoMFTime.cpp.o,0.356,0.308747,0.253524,0.052487,4.4e-05,0.022146,0.002489,0.023269,0.027729
src/3rdParty/coin/src/fields/CMakeFiles/fields.dir/SoMFVec3i32.cpp.o,0.355,0.310121,0.250053,0.057259,5.4e-05,0.022258,0.002583,0.026735,0.02911
src/3rdParty/coin/src/fields/CMakeFiles/fields.dir/SoMFVec4us.cpp.o,0.355,0.306884,0.247137,0.057172,5.4e-05,0.021762,0.002663,0.028416,0.02747
src/3rdParty/coin/src/shaders/CMakeFiles/shaders.dir/SoGLShaderObject.cpp.o,0.355,0.310415,0.295989,0.011379,0.000339,0.020661,0.002432,0.004139,0.005783
src/Base/CMakeFiles/FreeCADBase.dir/Tools2D.cpp.o,0.354,0.304166,0.167529,0.12005,0.053717,0.083955,0.041932,0.082538,0.036207
src/3rdParty/coin/src/fields/CMakeFiles/fields.dir/SoMFVec2d.cpp.o,0.354,0.307947,0.24918,0.055651,5.5e-05,0.021659,0.002687,0.027305,0.026964
src/3rdParty/coin/src/fields/CMakeFiles/fields.dir/SoMFVec4b.cpp.o,0.354,0.307939,0.244216,0.060996,5.6e-05,0.022105,0.002577,0.026735,0.032977
src/3rdParty/coin/src/fields/CMakeFiles/fields.dir/SoMFVec4i32.cpp.o,0.354,0.304605,0.244995,0.05664,5e-05,0.022556,0.002568,0.028933,0.026404
src/3rdParty/coin/src/fields/CMakeFiles/fields.dir/SoMField.cpp.o,0.354,0.307158,0.261431,0.042828,0.000614,0.021483,0.002603,0.019909,0.02168
src/3rdParty/coin/src/base/CMakeFiles/base.dir/SbHeap.cpp.o,0.353,0.309879,0.253641,0.053582,0.010787,0.022955,0.00252,0.030185,0.022035
src/3rdParty/coin/src/fields/CMakeFiles/fields.dir/SoMFVec2f.cpp.o,0.353,0.305819,0.248334,0.054681,5.1e-05,0.021461,0.002954,0.026546,0.026861
src/3rdParty/coin/src/fields/CMakeFiles/fields.dir/SoMFVec3d.cpp.o,0.353,0.307341,0.250392,0.054263,1.3e-05,0.022076,0.00246,0.026435,0.026489
src/3rdParty/coin/src/fields/CMakeFiles/fields.dir/SoMFEngine.cpp.o,0.352,0.303589,0.25124,0.049437,1.2e-05,0.022991,0.002729,0.024763,0.023409
src/3rdParty/coin/src/fields/CMakeFiles/fields.dir/SoMFVec4ub.cpp.o,0.352,0.304197,0.241509,0.059961,5e-05,0.021549,0.002539,0.02919,0.02927
src/3rdParty/coin/src/fields/CMakeFiles/fields.dir/SoMFVec4s.cpp.o,0.352,0.304781,0.245114,0.056445,4.8e-05,0.021752,0.002604,0.027823,0.027331
src/3rdParty/coin/src/fields/CMakeFiles/fields.dir/SoSFBox2i32.cpp.o,0.352,0.304093,0.277349,0.024067,1.6e-05,0.022838,0.002989,0.011341,0.011361
src/3rdParty/coin/src/fields/CMakeFiles/fields.dir/SoMFVec3b.cpp.o,0.351,0.302578,0.24535,0.054303,4.5e-05,0.021222,0.002596,0.025995,0.027011
src/3rdParty/coin/src/nodekits/CMakeFiles/nodekits.dir/SoSceneKit.cpp.o,0.351,0.301654,0.27246,0.024416,0.000353,0.021206,0.003139,0.007473,0.015664
src/Gui/CMakeFiles/FreeCADGui.dir/Navigation/NavigationAnimator.cpp.o,0.351,0.291503,0.229647,0.040204,0.118129,0.06182,0.070647,0.026763,0.012017
src/3rdParty/coin/src/base/CMakeFiles/base.dir/SbDPRotation.cpp.o,0.35,0.304315,0.26156,0.039823,0.000576,0.020906,0.002357,0.016919,0.021684
src/3rdParty/coin/src/elements/CMakeFiles/elements.dir/SoCacheElement.cpp.o,0.35,0.303105,0.266327,0.033096,0.000265,0.029065,0.002715,0.016326,0.015162
src/3rdParty/coin/src/engines/CMakeFiles/engines.dir/SoGate.cpp.o,0.35,0.301613,0.259909,0.036546,2.9e-05,0.022398,0.00317,0.012285,0.022999
src/3rdParty/coin/src/fields/CMakeFiles/fields.dir/SoMFVec2s.cpp.o,0.35,0.302929,0.246967,0.053202,4.9e-05,0.021644,0.002529,0.026289,0.025616
src/3rdParty/OndselSolver/OndselSolver/CMakeFiles/OndselSolver.dir/TooManyTriesError.cpp.o,0.35,0.304512,0.295312,0.006232,0.269744,0.026668,0.020981,0.002358,0.002603
src/Mod/Sketcher/Gui/CMakeFiles/SketcherGui.dir/SketcherGui_autogen/mocs_compilation.cpp.o,0.35,0.29066,0.265305,0.008935,0.0,0.092745,0.103321,0.004058,0.003576
src/3rdParty/coin/src/base/CMakeFiles/base.dir/SbString.cpp.o,0.349,0.303582,0.26195,0.039073,0.002304,0.021255,0.002455,0.02298,0.014876
src/3rdParty/OndselSolver/OndselSolver/CMakeFiles/OndselSolver.dir/SyntaxError.cpp.o,0.349,0.305809,0.297088,0.005835,0.273338,0.024952,0.022105,0.002312,0.002282
src/3rdParty/coin/src/engines/CMakeFiles/engines.dir/SoOutputData.cpp.o,0.348,0.298829,0.251703,0.044425,0.000297,0.022631,0.002816,0.024322,0.018789
src/3rdParty/coin/src/fields/CMakeFiles/fields.dir/SoMFVec4f.cpp.o,0.348,0.300338,0.242577,0.054861,5.1e-05,0.021163,0.002637,0.027013,0.026485
src/3rdParty/coin/src/fields/CMakeFiles/fields.dir/SoSFEngine.cpp.o,0.348,0.30184,0.267295,0.0317,1.2e-05,0.024584,0.002949,0.014789,0.015557
src/3rdParty/coin/src/io/CMakeFiles/io.dir/SoInput_Reader.cpp.o,0.348,0.299299,0.26316,0.033345,0.00026,0.022732,0.002404,0.014179,0.01779
src/3rdParty/coin/src/base/CMakeFiles/base.dir/string.cpp.o,0.347,0.303055,0.232129,0.067805,0.010799,0.021222,0.002378,0.029419,0.037097
src/3rdParty/coin/src/base/CMakeFiles/base.dir/SbBox2d.cpp.o,0.347,0.302601,0.264432,0.035298,0.0,0.021539,0.002542,0.021275,0.012681
src/3rdParty/coin/src/elements/GL/CMakeFiles/glelements.dir/SoGLDrawStyleElement.cpp.o,0.347,0.302255,0.285859,0.013128,0.000427,0.021203,0.002438,0.004956,0.006911
src/3rdParty/coin/src/fields/CMakeFiles/fields.dir/SoGlobalField.cpp.o,0.346,0.29685,0.261683,0.032334,0.000385,0.021843,0.002888,0.01329,0.017757
src/Mod/Material/Gui/CMakeFiles/MatGui.dir/WorkbenchManipulator.cpp.o,0.346,0.293301,0.252033,0.025956,0.191014,0.039472,0.098478,0.015101,0.009441
src/3rdParty/coin/src/glue/CMakeFiles/glue.dir/freetype.cpp.o,0.345,0.299054,0.272204,0.024065,0.01796,0.02367,0.002659,0.009942,0.012823
src/3rdParty/coin/src/io/CMakeFiles/io.dir/gzmemio.cpp.o,0.345,0.295201,0.229119,0.063381,0.180793,0.021345,0.002452,0.035425,0.026647
src/3rdParty/OndselSolver/OndselSolver/CMakeFiles/OndselSolver.dir/NotKinematicError.cpp.o,0.345,0.296871,0.287483,0.006301,0.264557,0.02401,0.020394,0.002277,0.002635
src/3rdParty/coin/src/glue/CMakeFiles/glue.dir/cg.cpp.o,0.344,0.30151,0.248128,0.050706,0.188841,0.022105,0.002487,0.020471,0.028882
src/3rdParty/coin/src/fields/CMakeFiles/fields.dir/SoSFBox2s.cpp.o,0.343,0.294016,0.26824,0.022983,1.8e-05,0.02203,0.002581,0.010729,0.010946
src/3rdParty/coin/src/fields/CMakeFiles/fields.dir/SoSFPath.cpp.o,0.343,0.292836,0.254504,0.035542,0.000343,0.023361,0.003006,0.015664,0.018353
src/3rdParty/coin/src/nodes/CMakeFiles/nodes.dir/SoTextureScalePolicy.cpp.o,0.343,0.293473,0.273943,0.016259,3.6e-05,0.022821,0.00283,0.006126,0.008826
src/Gui/CMakeFiles/FreeCADGui.dir/QSint/actionpanel/moc_actiongroup.cpp.o,0.343,0.281198,0.243736,0.012233,0.060572,0.105226,0.052159,0.005569,0.00524
src/Gui/CMakeFiles/FreeCADGui.dir/Inventor/Draggers/SoLinearDraggerGeometry.cpp.o,0.343,0.287266,0.152505,0.11491,0.031145,0.048498,9.8e-05,0.034388,0.079007
src/3rdParty/coin/src/engines/CMakeFiles/engines.dir/SoElapsedTime.cpp.o,0.341,0.29225,0.25988,0.029415,0.0,0.021569,0.00449,0.012193,0.015876
src/3rdParty/coin/src/fields/CMakeFiles/fields.dir/SoMFMatrix.cpp.o,0.341,0.295515,0.239186,0.053578,5.2e-05,0.021593,0.00257,0.022568,0.029726
src/3rdParty/coin/src/vrml97/CMakeFiles/vrml97.dir/TimeSensor.cpp.o,0.341,0.295066,0.2575,0.034765,0.000231,0.021472,0.002955,0.013217,0.020296
src/3rdParty/OndselSolver/OndselSolver/CMakeFiles/OndselSolver.dir/NewtonRaphsonError.cpp.o,0.341,0.295532,0.286142,0.006435,0.263193,0.024074,0.02058,0.002375,0.002714
src/3rdParty/OndselSolver/OndselSolver/CMakeFiles/OndselSolver.dir/TooSmallStepSizeError.cpp.o,0.341,0.295004,0.28594,0.006221,0.263383,0.023789,0.020573,0.002451,0.002513
src/Mod/TechDraw/Gui/CMakeFiles/TechDrawGui.dir/QGIDimLines.cpp.o,0.341,0.284323,0.255824,0.013968,0.180242,0.042972,0.056482,0.005035,0.007486
src/3rdParty/coin/src/base/CMakeFiles/base.dir/rbptree.cpp.o,0.34,0.291688,0.247648,0.041384,0.010378,0.021041,0.002697,0.025106,0.015032
src/3rdParty/coin/src/fonts/CMakeFiles/fonts.dir/win32.cpp.o,0.34,0.293105,0.284512,0.005631,0.184,0.021531,0.002586,0.001897,0.002503
src/3rdParty/coin/src/elements/CMakeFiles/elements.dir/SoAccumulatedElement.cpp.o,0.339,0.292894,0.235986,0.054203,2.9e-05,0.023054,0.002654,0.029802,0.023005
src/3rdParty/coin/src/elements/CMakeFiles/elements.dir/SoMultiTextureMatrixElement.cpp.o,0.339,0.292957,0.240308,0.049829,0.0,0.023184,0.002694,0.027108,0.021396
src/3rdParty/coin/src/fonts/CMakeFiles/fonts.dir/coretext.cpp.o,0.339,0.292156,0.28704,0.001571,0.000214,0.022567,0.002601,0.000127,0.00014
src/Mod/TechDraw/App/CMakeFiles/TechDraw.dir/BalloonPropEnum.cpp.o,0.339,0.281528,0.172803,0.077311,0.002424,0.063543,0.02595,0.06484,0.010887
src/3rdParty/coin/src/fields/CMakeFiles/fields.dir/SoMFName.cpp.o,0.338,0.291028,0.238345,0.049614,4.6e-05,0.021248,0.002883,0.023036,0.025304
src/3rdParty/coin/src/fields/CMakeFiles/fields.dir/SoMFString.cpp.o,0.338,0.289403,0.236015,0.050686,4.7e-05,0.021326,0.002591,0.024084,0.025309
src/3rdParty/coin/src/fields/CMakeFiles/fields.dir/SoMFUInt32.cpp.o,0.338,0.289441,0.245188,0.041293,4.7e-05,0.023047,0.002565,0.018102,0.021769
src/Base/CMakeFiles/FreeCADBase.dir/CoordinateSystem.cpp.o,0.337,0.288905,0.234779,0.040452,0.147663,0.074323,0.035113,0.023119,0.015966
src/3rdParty/coin/src/fields/CMakeFiles/fields.dir/SoMFShort.cpp.o,0.337,0.292513,0.245171,0.044577,5e-05,0.025205,0.002576,0.018256,0.024928
src/3rdParty/coin/src/fields/CMakeFiles/fields.dir/SoMFUShort.cpp.o,0.337,0.292128,0.245166,0.044127,4.8e-05,0.022498,0.002588,0.018322,0.024443
src/3rdParty/coin/src/nodes/CMakeFiles/nodes.dir/SoColorIndex.cpp.o,0.337,0.290185,0.272949,0.013947,0.000251,0.02231,0.003184,0.005496,0.007154
src/3rdParty/coin/src/misc/CMakeFiles/misc.dir/SoAudioDevice.cpp.o,0.336,0.289328,0.259029,0.027045,0.000324,0.025253,0.00285,0.011736,0.013799
src/Gui/CMakeFiles/FreeCADGui.dir/ArcEngine.cpp.o,0.336,0.275669,0.190752,0.063949,0.00367,0.09602,0.046484,0.034942,0.027561
src/3rdParty/coin/src/misc/CMakeFiles/misc.dir/SoCompactPathList.cpp.o,0.334,0.283427,0.248908,0.031614,3.2e-05,0.023122,0.00287,0.018457,0.01187
src/3rdParty/coin/src/fields/CMakeFiles/fields.dir/SoMFDouble.cpp.o,0.333,0.286254,0.242323,0.04106,4.8e-05,0.02274,0.002673,0.018028,0.021659
src/3rdParty/coin/src/fields/CMakeFiles/fields.dir/SoMFInt32.cpp.o,0.333,0.286372,0.242919,0.040748,4.2e-05,0.025759,0.002675,0.017749,0.021734
src/3rdParty/coin/src/fields/CMakeFiles/fields.dir/SoSFEnum.cpp.o,0.333,0.287804,0.238984,0.046152,1.4e-05,0.02112,0.002669,0.021649,0.023279
src/3rdParty/coin/src/fields/CMakeFiles/fields.dir/SoSFNode.cpp.o,0.333,0.286593,0.250776,0.03308,1.3e-05,0.023157,0.002886,0.015019,0.01675
src/3rdParty/coin/src/base/CMakeFiles/base.dir/SbVec2b.cpp.o,0.332,0.284137,0.274312,0.007129,0.0,0.021652,0.003625,0.003172,0.00266
src/3rdParty/coin/src/elements/CMakeFiles/elements.dir/SoProfileElement.cpp.o,0.332,0.289304,0.264089,0.021116,0.0,0.028436,0.00369,0.010295,0.009208
src/3rdParty/coin/src/nodes/CMakeFiles/nodes.dir/SoLabel.cpp.o,0.332,0.28245,0.267564,0.012055,3.7e-05,0.030415,0.002636,0.003996,0.006652
src/3rdParty/coin/src/profiler/CMakeFiles/profiler.dir/SoProfilerElement.cpp.o,0.332,0.282887,0.265064,0.014971,2.9e-05,0.02412,0.00347,0.005183,0.008522
src/3rdParty/OndselSolver/OndselSolver/CMakeFiles/OndselSolver.dir/SimulationStoppingError.cpp.o,0.332,0.288121,0.278853,0.006372,0.256354,0.023647,0.01963,0.00251,0.002564
src/3rdParty/coin/src/io/CMakeFiles/io.dir/SoOutput_Writer.cpp.o,0.331,0.287621,0.256069,0.028972,0.000447,0.022116,0.002426,0.012143,0.015462
src/3rdParty/coin/src/engines/CMakeFiles/engines.dir/SoOneShot.cpp.o,0.33,0.283357,0.250157,0.030486,0.0,0.021069,0.002905,0.011562,0.017591
src/3rdParty/coin/src/fields/CMakeFiles/fields.dir/SoMFFloat.cpp.o,0.329,0.280077,0.238119,0.039137,4.8e-05,0.021798,0.002551,0.017394,0.020506
src/3rdParty/coin/src/lists/CMakeFiles/lists.dir/SoActionMethodList.cpp.o,0.329,0.281556,0.24257,0.036139,0.001066,0.022613,0.002908,0.020269,0.014455
src/3rdParty/coin/src/geo/CMakeFiles/geo.dir/SoGeoElement.cpp.o,0.329,0.281725,0.265561,0.013186,3e-05,0.026849,0.002894,0.004992,0.006869
src/3rdParty/coin/src/engines/CMakeFiles/engines.dir/SoBoolOperation.cpp.o,0.328,0.282825,0.248854,0.031137,0.0,0.024637,0.002884,0.013679,0.016119
src/3rdParty/coin/src/fields/CMakeFiles/fields.dir/SoSFBitMask.cpp.o,0.328,0.278895,0.248,0.027955,1.5e-05,0.026299,0.002629,0.012247,0.014399
src/3rdParty/coin/src/vrml97/CMakeFiles/vrml97.dir/Texture.cpp.o,0.328,0.278843,0.262529,0.013279,0.000482,0.021744,0.002785,0.004797,0.007043
src/3rdParty/coin/src/actions/CMakeFiles/actions.dir/SoGetPrimitiveCountAction.cpp.o,0.327,0.281754,0.249848,0.029167,0.0,0.022146,0.002578,0.012073,0.015848
src/3rdParty/coin/src/fonts/CMakeFiles/fonts.dir/glyph3d.cpp.o,0.327,0.279414,0.250722,0.026045,0.011444,0.023683,0.002766,0.01296,0.011759
src/3rdParty/coin/src/nodes/CMakeFiles/nodes.dir/SoInfo.cpp.o,0.327,0.279126,0.26247,0.013532,4.1e-05,0.022231,0.002785,0.004504,0.007533
src/Mod/TechDraw/App/CMakeFiles/TechDraw.dir/ArrowPropEnum.cpp.o,0.327,0.271741,0.162482,0.076522,0.002349,0.057791,0.024267,0.064063,0.01097
src/Base/CMakeFiles/FreeCADBase.dir/__/3rdParty/zipios++/collcoll.cpp.o,0.326,0.277277,0.146321,0.11717,0.064652,0.066914,0.020587,0.084637,0.03121
src/3rdParty/coin/src/engines/CMakeFiles/engines.dir/SoInterpolateVec4f.cpp.o,0.325,0.279911,0.254805,0.022311,0.0,0.023473,0.0029,0.010818,0.010229
src/3rdParty/coin/src/nodes/CMakeFiles/nodes.dir/SoTextureCoordinateFunction.cpp.o,0.325,0.276877,0.263181,0.010869,3.4e-05,0.023412,0.002626,0.003796,0.005791
src/Base/CMakeFiles/FreeCADBase.dir/NumericInput.cpp.o,0.324,0.276685,0.133592,0.129669,0.024437,0.03947,0.010668,0.076732,0.051531
src/3rdParty/coin/src/base/CMakeFiles/base.dir/SbVec2f.cpp.o,0.324,0.27594,0.25778,0.015497,3.5e-05,0.021356,0.002533,0.008174,0.006088
src/3rdParty/coin/src/fields/CMakeFiles/fields.dir/SoSFBox3d.cpp.o,0.324,0.277523,0.249957,0.024837,1.5e-05,0.022058,0.002553,0.010973,0.012559
src/3rdParty/coin/src/misc/CMakeFiles/misc.dir/SoDBP.cpp.o,0.324,0.279393,0.251513,0.025137,6.9e-05,0.022147,0.002916,0.012405,0.01148
src/Gui/CMakeFiles/FreeCADGui.dir/DockWindow.cpp.o,0.324,0.267357,0.22594,0.021075,0.034959,0.090052,0.042749,0.00939,0.010305
src/3rdParty/coin/src/caches/CMakeFiles/caches.dir/SoCache.cpp.o,0.323,0.278636,0.246768,0.028937,0.001712,0.030228,0.002579,0.016371,0.01127
src/3rdParty/coin/src/elements/CMakeFiles/elements.dir/SoBumpMapMatrixElement.cpp.o,0.323,0.275782,0.241635,0.030978,0.000311,0.023037,0.002606,0.013524,0.015985
src/3rdParty/coin/src/engines/CMakeFiles/engines.dir/SoDecomposeVec4f.cpp.o,0.323,0.276509,0.246793,0.026881,0.0,0.022523,0.002851,0.011327,0.014171
src/3rdParty/coin/src/fields/CMakeFiles/fields.dir/SoSFVec4ub.cpp.o,0.323,0.276981,0.255249,0.018829,1.2e-05,0.02173,0.002923,0.008265,0.009162
src/3rdParty/coin/src/vrml97/CMakeFiles/vrml97.dir/ScalarInterpolator.cpp.o,0.323,0.28033,0.255988,0.020984,0.000263,0.024793,0.002816,0.009717,0.009713
src/Base/CMakeFiles/FreeCADBase.dir/__/3rdParty/zipios++/ziphead.cpp.o,0.322,0.275023,0.166518,0.09485,0.056976,0.082529,0.020792,0.066603,0.026968
src/3rdParty/coin/src/elements/CMakeFiles/elements.dir/SoLocalBBoxMatrixElement.cpp.o,0.322,0.275449,0.238974,0.033742,0.0,0.023537,0.002581,0.015348,0.017011
src/3rdParty/coin/src/engines/CMakeFiles/engines.dir/SoComposeVec4f.cpp.o,0.322,0.270973,0.243585,0.024556,0.0,0.026087,0.002804,0.010117,0.013143
src/3rdParty/coin/src/glue/CMakeFiles/glue.dir/zlib.cpp.o,0.322,0.277163,0.251262,0.023266,0.182177,0.024874,0.002461,0.009834,0.012101
src/3rdParty/coin/src/rendering/CMakeFiles/rendering.dir/SoOffscreenGLXData.cpp.o,0.322,0.269069,0.259328,0.006829,0.000221,0.02323,0.002518,0.002909,0.002533
src/Base/CMakeFiles/FreeCADBase.dir/Translate.cpp.o,0.321,0.269613,0.172775,0.082963,0.082828,0.055288,0.017445,0.053464,0.028137
src/3rdParty/coin/src/engines/CMakeFiles/engines.dir/SoInterpolateVec2f.cpp.o,0.321,0.277238,0.249921,0.024404,0.0,0.021139,0.002791,0.011574,0.011487
src/3rdParty/coin/src/fields/CMakeFiles/fields.dir/SoMFBool.cpp.o,0.321,0.27369,0.230117,0.040872,4.4e-05,0.021296,0.002496,0.017421,0.022208
src/3rdParty/coin/src/fields/CMakeFiles/fields.dir/SoSFBox2d.cpp.o,0.321,0.276002,0.249987,0.023133,1.4e-05,0.021328,0.00372,0.010431,0.011401
src/3rdParty/coin/src/fields/CMakeFiles/fields.dir/SoSFVec4d.cpp.o,0.321,0.27045,0.247613,0.019245,1.3e-05,0.021604,0.002655,0.008516,0.009447
src/Mod/Fem/Gui/CMakeFiles/FemGui.dir/AbaqusHighlighter.cpp.o,0.321,0.26696,0.20687,0.045988,0.110415,0.044384,0.045403,0.025314,0.019199
src/3rdParty/coin/src/details/CMakeFiles/details.dir/SoNodeKitDetail.cpp.o,0.32,0.270392,0.25542,0.012205,0.000252,0.022758,0.003527,0.004404,0.006672
src/3rdParty/coin/src/fields/CMakeFiles/fields.dir/SoSFString.cpp.o,0.32,0.273192,0.245322,0.024032,1.5e-05,0.021485,0.002526,0.012517,0.010139
src/3rdParty/coin/src/fields/CMakeFiles/fields.dir/SoSFVec3i32.cpp.o,0.32,0.267576,0.243326,0.021452,1.3e-05,0.021517,0.002605,0.008344,0.010548
src/3rdParty/coin/src/nodekits/CMakeFiles/nodekits.dir/SoNodeKit.cpp.o,0.32,0.275028,0.267699,0.004359,0.000269,0.021468,0.002905,0.001433,0.001642
src/3rdParty/coin/src/threads/CMakeFiles/threads.dir/thread.cpp.o,0.32,0.270761,0.260298,0.007463,0.000692,0.022748,0.002616,0.003472,0.00275
src/Base/CMakeFiles/FreeCADBase.dir/Factory.cpp.o,0.319,0.270088,0.161795,0.093751,0.013711,0.072134,0.048291,0.066577,0.02579
src/3rdParty/coin/src/upgraders/CMakeFiles/upgraders.dir/SoShapeHintsV10.cpp.o,0.319,0.273783,0.253894,0.017007,4.3e-05,0.024335,0.002739,0.006591,0.008691
src/3rdParty/coin/src/threads/CMakeFiles/threads.dir/recmutex.cpp.o,0.319,0.271297,0.246364,0.02212,0.000468,0.022286,0.002651,0.009134,0.011679
src/3rdParty/coin/src/vrml97/CMakeFiles/vrml97.dir/NavigationInfo.cpp.o,0.319,0.274944,0.254911,0.017253,0.000426,0.022259,0.002902,0.006152,0.009684
src/Mod/TechDraw/App/CMakeFiles/TechDraw.dir/MattingPropEnum.cpp.o,0.319,0.260857,0.166232,0.060313,0.002531,0.066014,0.027193,0.052362,0.006454
src/3rdParty/coin/src/engines/CMakeFiles/engines.dir/SoComposeVec2f.cpp.o,0.318,0.269548,0.245708,0.020837,0.0,0.021706,0.0028,0.00876,0.010698
src/3rdParty/coin/src/vrml97/CMakeFiles/vrml97.dir/Interpolator.cpp.o,0.318,0.272175,0.249774,0.019531,0.000246,0.022041,0.00301,0.008566,0.009683
src/Gui/CMakeFiles/FreeCADGui.dir/PreferencePages/ListWidgetDragBugFix.cpp.o,0.318,0.259239,0.222972,0.01518,0.00049,0.089603,0.05093,0.007285,0.006582
src/Gui/CMakeFiles/FreeCADGui.dir/Navigation/NavigationAnimation.cpp.o,0.318,0.264068,0.21087,0.032967,0.109882,0.047182,0.054801,0.01585,0.015762
src/3rdParty/coin/src/xml/CMakeFiles/xml.dir/path.cpp.o,0.317,0.276197,0.230765,0.042728,0.010819,0.021781,0.002438,0.024269,0.01711
src/3rdParty/coin/src/base/CMakeFiles/base.dir/SbVec2s.cpp.o,0.317,0.263013,0.247033,0.013222,3.2e-05,0.022036,0.002339,0.006467,0.005555
src/3rdParty/coin/src/threads/CMakeFiles/threads.dir/mutex.cpp.o,0.317,0.272866,0.253873,0.016243,0.001068,0.023836,0.002453,0.007412,0.007616
src/3rdParty/coin/src/scxml/CMakeFiles/scxml.dir/ScXMLScriptElt.cpp.o,0.317,0.270456,0.249488,0.018101,0.000853,0.024491,0.002695,0.008762,0.007985
src/3rdParty/coin/src/engines/CMakeFiles/engines.dir/SoDecomposeVec2f.cpp.o,0.316,0.270305,0.246524,0.021048,0.0,0.021211,0.002833,0.008879,0.010883
src/3rdParty/coin/src/engines/CMakeFiles/engines.dir/SoOnOff.cpp.o,0.316,0.265812,0.245274,0.017389,0.0,0.02123,0.003128,0.006228,0.009922
src/3rdParty/coin/src/fields/CMakeFiles/fields.dir/SoSFInt32.cpp.o,0.316,0.265804,0.245002,0.017444,1.2e-05,0.022971,0.002673,0.007093,0.008961
src/3rdParty/coin/src/glue/CMakeFiles/glue.dir/spidermonkey.cpp.o,0.316,0.268789,0.246535,0.019371,0.015918,0.021921,0.002499,0.008277,0.009796
src/3rdParty/coin/src/lists/CMakeFiles/lists.dir/SoPathList.cpp.o,0.316,0.270546,0.252236,0.015623,3.3e-05,0.026341,0.002849,0.007705,0.006319
src/3rdParty/coin/src/upgraders/CMakeFiles/upgraders.dir/SoPackedColorV20.cpp.o,0.316,0.272936,0.250411,0.019864,3.2e-05,0.022862,0.004107,0.007937,0.010625
src/3rdParty/coin/src/vrml97/CMakeFiles/vrml97.dir/WorldInfo.cpp.o,0.316,0.270617,0.256087,0.011759,0.00027,0.023632,0.00277,0.003972,0.006542
src/Gui/CMakeFiles/FreeCADGui.dir/QSint/actionpanel/moc_actionlabel.cpp.o,0.316,0.256473,0.22371,0.010644,0.056387,0.095008,0.055408,0.004739,0.004519
src/3rdParty/coin/src/elements/CMakeFiles/elements.dir/SoReplacedElement.cpp.o,0.315,0.268961,0.249065,0.017173,3.1e-05,0.022358,0.002522,0.00724,0.008497
src/3rdParty/coin/src/engines/CMakeFiles/engines.dir/SoCounter.cpp.o,0.315,0.270104,0.236774,0.030407,0.0,0.022773,0.002828,0.011765,0.017214
src/3rdParty/coin/src/fields/CMakeFiles/fields.dir/SoMFBitMask.cpp.o,0.315,0.267832,0.248142,0.017014,5.1e-05,0.022333,0.002484,0.006605,0.009134
src/3rdParty/coin/src/fields/CMakeFiles/fields.dir/SoSFName.cpp.o,0.315,0.267534,0.245315,0.019403,1.5e-05,0.025183,0.002703,0.007894,0.010168
src/3rdParty/coin/src/scxml/CMakeFiles/scxml.dir/eval-minimum-tab.cpp.o,0.315,0.267836,0.246283,0.018644,0.018812,0.023354,0.003046,0.010461,0.00664
src/3rdParty/coin/src/base/CMakeFiles/base.dir/SbViewportRegion.cpp.o,0.314,0.26713,0.236314,0.02819,0.005189,0.02133,0.002392,0.014095,0.012738
src/3rdParty/coin/src/fields/CMakeFiles/fields.dir/SoSFUInt32.cpp.o,0.314,0.266583,0.247789,0.016007,1.3e-05,0.023459,0.002866,0.006168,0.008455
src/3rdParty/coin/src/fields/CMakeFiles/fields.dir/SoSFVec2d.cpp.o,0.314,0.268177,0.247142,0.018333,1.2e-05,0.023098,0.002616,0.008042,0.009
src/3rdParty/coin/src/fonts/CMakeFiles/fonts.dir/glyph2d.cpp.o,0.314,0.265306,0.247531,0.014815,0.010356,0.021474,0.002493,0.006905,0.006379
src/3rdParty/coin/src/lists/CMakeFiles/lists.dir/SbPList.cpp.o,0.314,0.27182,0.208506,0.060704,0.0,0.021349,0.002399,0.028952,0.030502
src/3rdParty/coin/src/sensors/CMakeFiles/sensors.dir/SoDataSensor.cpp.o,0.314,0.262479,0.242715,0.016804,0.0,0.02371,0.002564,0.006817,0.008672
src/3rdParty/coin/src/threads/CMakeFiles/threads.dir/sched.cpp.o,0.314,0.268464,0.249256,0.016231,0.001016,0.029058,0.002541,0.006845,0.008187
src/Gui/CMakeFiles/FreeCADGui.dir/QSint/actionpanel/moc_taskheader_p.cpp.o,0.314,0.257906,0.224693,0.012872,0.061322,0.093155,0.04673,0.005814,0.005768
src/3rdParty/coin/src/bundles/CMakeFiles/bundles.dir/SoVertexAttributeBundle.cpp.o,0.313,0.267097,0.259504,0.004873,3e-05,0.024742,0.002743,0.001596,0.001981
src/3rdParty/coin/src/elements/CMakeFiles/elements.dir/SoTextureOverrideElement.cpp.o,0.313,0.2678,0.237524,0.02718,0.00036,0.021957,0.002516,0.0119,0.013995
src/3rdParty/coin/src/events/CMakeFiles/events.dir/SoSpaceballButtonEvent.cpp.o,0.313,0.26358,0.244817,0.016001,3.2e-05,0.021887,0.002557,0.007676,0.007069
src/3rdParty/coin/src/fields/CMakeFiles/fields.dir/SoSFBox2f.cpp.o,0.313,0.267906,0.241916,0.023232,1.4e-05,0.021576,0.00264,0.010768,0.01096
src/3rdParty/coin/src/fields/CMakeFiles/fields.dir/SoSFVec4s.cpp.o,0.313,0.263351,0.241026,0.019652,1.3e-05,0.021981,0.00257,0.008798,0.009545
src/3rdParty/coin/src/fields/CMakeFiles/fields.dir/SoSFVec4f.cpp.o,0.313,0.267299,0.244952,0.019436,1.2e-05,0.023094,0.002786,0.00836,0.009684
src/3rdParty/coin/src/nodes/CMakeFiles/nodes.dir/SoTexture.cpp.o,0.313,0.260694,0.24576,0.012077,0.0,0.022291,0.002678,0.004092,0.00669
src/3rdParty/coin/src/threads/CMakeFiles/threads.dir/worker.cpp.o,0.313,0.263876,0.241844,0.0187,0.000455,0.024256,0.002943,0.009228,0.007621
src/3rdParty/coin/src/base/CMakeFiles/base.dir/SbVec2i32.cpp.o,0.312,0.26455,0.253955,0.007647,0.000576,0.022332,0.002427,0.003371,0.002963
src/3rdParty/coin/src/errors/CMakeFiles/errors.dir/SoDebugError.cpp.o,0.312,0.269232,0.246372,0.020456,0.001331,0.021042,0.002394,0.007339,0.01187
src/3rdParty/coin/src/fields/CMakeFiles/fields.dir/SoSFDouble.cpp.o,0.312,0.266052,0.247943,0.015468,1.4e-05,0.021317,0.002536,0.006012,0.008136
src/3rdParty/coin/src/fields/CMakeFiles/fields.dir/SoSFFloat.cpp.o,0.312,0.262626,0.243335,0.01607,1.7e-05,0.0233,0.002523,0.005887,0.00893
src/3rdParty/coin/src/fields/CMakeFiles/fields.dir/SoSFVec3b.cpp.o,0.312,0.265089,0.243038,0.019306,2.2e-05,0.022661,0.002533,0.008141,0.009868
src/3rdParty/coin/src/sensors/CMakeFiles/sensors.dir/SoSensor.cpp.o,0.312,0.263758,0.251271,0.009587,0.032631,0.021167,0.002772,0.003949,0.004358
src/3rdParty/coin/src/vrml97/CMakeFiles/vrml97.dir/FontStyle.cpp.o,0.312,0.265879,0.246857,0.016253,0.000426,0.021472,0.002852,0.005487,0.009507
src/3rdParty/coin/src/elements/CMakeFiles/elements.dir/SoSoundElement.cpp.o,0.311,0.265758,0.2385,0.024274,0.000429,0.021663,0.002451,0.011029,0.011957
src/3rdParty/coin/src/fields/CMakeFiles/fields.dir/SoSFVec2b.cpp.o,0.311,0.264886,0.244758,0.017367,1.2e-05,0.022004,0.002641,0.007485,0.008532
src/3rdParty/coin/src/fields/CMakeFiles/fields.dir/SoSFVec4us.cpp.o,0.311,0.262698,0.240285,0.019461,1.3e-05,0.021181,0.002531,0.008552,0.009688
src/3rdParty/coin/src/misc/CMakeFiles/misc.dir/SoLockManager.cpp.o,0.311,0.262934,0.253975,0.006279,0.0,0.022393,0.002805,0.002577,0.002422
src/3rdParty/coin/src/threads/CMakeFiles/threads.dir/condvar.cpp.o,0.311,0.263225,0.250276,0.009404,0.000505,0.023077,0.002563,0.004383,0.003748
src/3rdParty/coin/src/base/CMakeFiles/base.dir/SbBox2f.cpp.o,0.31,0.264739,0.24154,0.02025,0.0,0.021168,0.002377,0.012011,0.006972
src/3rdParty/coin/src/errors/CMakeFiles/errors.dir/SoError.cpp.o,0.31,0.264011,0.237105,0.024282,0.000413,0.021138,0.002554,0.008284,0.014706
src/3rdParty/coin/src/glue/CMakeFiles/glue.dir/simage_wrapper.cpp.o,0.31,0.267892,0.246605,0.01851,0.197047,0.021226,0.002505,0.008583,0.008683
src/3rdParty/coin/src/sensors/CMakeFiles/sensors.dir/SoDelayQueueSensor.cpp.o,0.31,0.257074,0.242462,0.011529,0.005417,0.021779,0.002632,0.0046,0.005664
src/3rdParty/coin/src/sensors/CMakeFiles/sensors.dir/SoPathSensor.cpp.o,0.31,0.266606,0.245641,0.017657,0.0,0.023619,0.002866,0.007612,0.008641
src/3rdParty/coin/src/base/CMakeFiles/base.dir/list.cpp.o,0.309,0.264222,0.212514,0.04912,0.000763,0.021434,0.002484,0.022573,0.025215
src/3rdParty/coin/src/base/CMakeFiles/base.dir/SbDict.cpp.o,0.309,0.264657,0.248725,0.013287,0.000455,0.0214,0.003885,0.005376,0.006553
src/3rdParty/coin/src/elements/CMakeFiles/elements.dir/SoCacheHintElement.cpp.o,0.309,0.260167,0.235684,0.021371,2.9e-05,0.023087,0.002539,0.009538,0.009481
src/3rdParty/coin/src/elements/CMakeFiles/elements.dir/SoFloatElement.cpp.o,0.309,0.264085,0.239604,0.021456,0.187697,0.023566,0.002459,0.009965,0.010163
src/3rdParty/coin/src/fields/CMakeFiles/fields.dir/SoSFVec2s.cpp.o,0.309,0.264538,0.243875,0.017971,1.5e-05,0.021802,0.002587,0.008055,0.008776
src/3rdParty/coin/src/glue/CMakeFiles/glue.dir/openal_wrapper.cpp.o,0.309,0.263195,0.248436,0.011822,0.184348,0.022451,0.002646,0.005355,0.005129
src/Mod/TechDraw/Gui/CMakeFiles/TechDrawGui.dir/QGVNavStyleCAD.cpp.o,0.309,0.249178,0.204615,0.027342,0.105401,0.056166,0.057655,0.015567,0.010443
src/3rdParty/coin/src/actions/CMakeFiles/actions.dir/SoSearchAction.cpp.o,0.308,0.263475,0.237561,0.023193,0.0,0.022086,0.002641,0.008872,0.013036
src/Base/CMakeFiles/FreeCADBase.dir/ExceptionFactory.cpp.o,0.308,0.260241,0.165517,0.081289,0.073494,0.04925,0.025792,0.049479,0.030477
src/3rdParty/coin/src/base/CMakeFiles/base.dir/SbBox2s.cpp.o,0.308,0.264652,0.247531,0.014309,3.7e-05,0.022358,0.002398,0.00828,0.004774
src/3rdParty/coin/src/elements/CMakeFiles/elements.dir/SoBBoxModelMatrixElement.cpp.o,0.308,0.262879,0.242208,0.017679,0.0,0.022088,0.002636,0.006559,0.009721
src/3rdParty/coin/src/elements/CMakeFiles/elements.dir/SoComplexityTypeElement.cpp.o,0.308,0.262873,0.248365,0.011625,3.5e-05,0.025243,0.002489,0.004153,0.006164
src/3rdParty/coin/src/elements/CMakeFiles/elements.dir/SoPolygonOffsetElement.cpp.o,0.308,0.261454,0.242383,0.016334,3e-05,0.021667,0.002705,0.007374,0.007668
src/3rdParty/coin/src/events/CMakeFiles/events.dir/SoMouseButtonEvent.cpp.o,0.308,0.261045,0.243985,0.014357,3.2e-05,0.021716,0.002558,0.006279,0.006727
src/3rdParty/coin/src/fields/CMakeFiles/fields.dir/SoSFVec3d.cpp.o,0.308,0.262813,0.241941,0.01822,1.8e-05,0.02124,0.00258,0.007573,0.009465
src/3rdParty/coin/src/misc/CMakeFiles/misc.dir/SoNotification.cpp.o,0.308,0.259326,0.244491,0.012061,0.001892,0.023752,0.003185,0.00477,0.005706
src/3rdParty/coin/src/lists/CMakeFiles/lists.dir/SoBaseList.cpp.o,0.308,0.261194,0.233287,0.025005,3.7e-05,0.023221,0.002494,0.012173,0.011447
src/3rdParty/coin/src/base/CMakeFiles/base.dir/hash.cpp.o,0.307,0.260424,0.232288,0.02542,0.011881,0.020849,0.002525,0.013238,0.01092
src/3rdParty/coin/src/base/CMakeFiles/base.dir/heap.cpp.o,0.307,0.262523,0.227335,0.032639,0.000338,0.020556,0.002431,0.014101,0.017261
src/3rdParty/coin/src/fields/CMakeFiles/fields.dir/SoSFBool.cpp.o,0.307,0.260226,0.241434,0.015676,1.5e-05,0.023864,0.002746,0.006058,0.008264
src/3rdParty/coin/src/fields/CMakeFiles/fields.dir/SoSFVec2f.cpp.o,0.307,0.258616,0.235498,0.020249,1.2e-05,0.022604,0.002624,0.009173,0.009799
src/3rdParty/coin/src/fields/CMakeFiles/fields.dir/SoSFVec4ui32.cpp.o,0.307,0.261892,0.239561,0.019568,1.6e-05,0.021122,0.002634,0.008265,0.01
src/Gui/CMakeFiles/FreeCADGui.dir/3Dconnexion/GuiAbstractNativeEvent.cpp.o,0.307,0.251113,0.208636,0.019616,0.005677,0.086612,0.051121,0.013042,0.005236
src/Gui/CMakeFiles/FreeCADGui.dir/QSint/actionpanel/moc_actionpanel.cpp.o,0.307,0.250658,0.217362,0.010261,0.057033,0.089922,0.051929,0.004551,0.004368
src/3rdParty/coin/src/elements/CMakeFiles/elements.dir/SoDepthBufferElement.cpp.o,0.306,0.260422,0.234501,0.023286,0.000342,0.021738,0.002462,0.010422,0.011523
src/3rdParty/coin/src/elements/CMakeFiles/elements.dir/SoProjectionMatrixElement.cpp.o,0.306,0.257643,0.238331,0.016062,3.3e-05,0.023141,0.002827,0.007002,0.007751
src/3rdParty/coin/src/elements/CMakeFiles/elements.dir/SoViewportRegionElement.cpp.o,0.306,0.261323,0.240567,0.018167,2.7e-05,0.021359,0.002464,0.007975,0.008911
src/3rdParty/coin/src/engines/CMakeFiles/engines.dir/SoTexture2Convert.cpp.o,0.306,0.261753,0.246095,0.012869,0.0,0.022449,0.003027,0.004487,0.0071
src/3rdParty/coin/src/fields/CMakeFiles/fields.dir/SoSFVec2i32.cpp.o,0.306,0.262228,0.241019,0.018593,1.2e-05,0.021184,0.00273,0.007983,0.00942
src/3rdParty/coin/src/lists/CMakeFiles/lists.dir/SoAuditorList.cpp.o,0.306,0.259013,0.232519,0.023544,0.000224,0.021273,0.002696,0.011326,0.010966
src/3rdParty/coin/src/engines/CMakeFiles/engines.dir/SoInterpolateFloat.cpp.o,0.305,0.261945,0.239508,0.019257,0.0,0.021423,0.003036,0.008019,0.009944
src/3rdParty/coin/src/base/CMakeFiles/base.dir/SbBox2i32.cpp.o,0.304,0.261294,0.244059,0.014529,3.1e-05,0.022198,0.002371,0.007849,0.0054
src/3rdParty/coin/src/base/CMakeFiles/base.dir/SbDPPlane.cpp.o,0.304,0.257973,0.232993,0.022421,0.018908,0.020876,0.002703,0.010713,0.010508
src/3rdParty/coin/src/elements/CMakeFiles/elements.dir/SoBumpMapElement.cpp.o,0.304,0.262982,0.244679,0.015364,3.5e-05,0.022062,0.003029,0.007417,0.006699
src/3rdParty/coin/src/engines/CMakeFiles/engines.dir/SoNodeEngine.cpp.o,0.304,0.258213,0.233905,0.021534,0.00036,0.021611,0.002641,0.010152,0.010134
src/3rdParty/coin/src/fields/CMakeFiles/fields.dir/SoSFShort.cpp.o,0.304,0.257131,0.23919,0.01528,1.3e-05,0.02118,0.002539,0.005878,0.008104
src/3rdParty/coin/src/threads/CMakeFiles/threads.dir/sync.cpp.o,0.304,0.259588,0.246534,0.010202,0.000351,0.030201,0.002543,0.004149,0.004516
src/3rdParty/coin/src/vrml97/CMakeFiles/vrml97.dir/Sensor.cpp.o,0.304,0.258276,0.243719,0.011768,0.000301,0.021625,0.002663,0.004293,0.006202
src/App/CMakeFiles/FreeCADApp.dir/IndexedName.cpp.o,0.304,0.250512,0.167523,0.067016,0.051279,0.058202,0.050178,0.048657,0.017028
src/Mod/TechDraw/Gui/CMakeFiles/TechDrawGui.dir/QGVNavStyleTinkerCAD.cpp.o,0.304,0.24713,0.21797,0.013469,0.136447,0.053392,0.074508,0.007614,0.004584
src/3rdParty/coin/src/engines/CMakeFiles/engines.dir/SoFieldConverter.cpp.o,0.303,0.25636,0.239413,0.014178,0.000396,0.022706,0.002944,0.005819,0.00707
src/3rdParty/coin/src/fields/CMakeFiles/fields.dir/SoSFVec4b.cpp.o,0.303,0.257389,0.236745,0.018021,1.2e-05,0.02143,0.002568,0.008018,0.008786
src/3rdParty/coin/src/glue/CMakeFiles/glue.dir/bzip2.cpp.o,0.303,0.256781,0.240435,0.013772,0.001366,0.020912,0.002481,0.005829,0.006726
src/3rdParty/coin/src/soscxml/CMakeFiles/soscxml.dir/eval-coin-tab.cpp.o,0.303,0.260564,0.23472,0.023256,0.01734,0.022873,0.00318,0.011339,0.010635
src/3rdParty/coin/src/fields/CMakeFiles/fields.dir/SoSFTime.cpp.o,0.302,0.255393,0.237395,0.015415,1.6e-05,0.022179,0.002523,0.005876,0.008259
src/3rdParty/coin/src/fields/CMakeFiles/fields.dir/SoSFVec4i32.cpp.o,0.302,0.257518,0.236597,0.018159,1.5e-05,0.021674,0.002574,0.00801,0.009001
src/3rdParty/coin/src/lists/CMakeFiles/lists.dir/SoDetailList.cpp.o,0.302,0.25498,0.228736,0.023017,0.0,0.023138,0.005002,0.013208,0.007889
src/Mod/TechDraw/Gui/CMakeFiles/TechDrawGui.dir/QGVNavStyleBlender.cpp.o,0.302,0.241969,0.203661,0.02138,0.11038,0.059856,0.061543,0.012716,0.00726
src/3rdParty/coin/src/actions/CMakeFiles/actions.dir/SoWriteAction.cpp.o,0.301,0.257248,0.23793,0.016653,0.000345,0.021127,0.002608,0.006617,0.00878
src/3rdParty/coin/src/base/CMakeFiles/base.dir/dict.cpp.o,0.301,0.255831,0.22821,0.025043,0.012952,0.020872,0.002427,0.012723,0.011052
src/3rdParty/coin/src/base/CMakeFiles/base.dir/namemap.cpp.o,0.301,0.254831,0.239567,0.012516,0.00063,0.021154,0.002438,0.006837,0.004359
src/Base/CMakeFiles/FreeCADBase.dir/__/3rdParty/zipios++/zipoutputstreambuf.cpp.o,0.301,0.254618,0.153659,0.086256,0.055344,0.062859,0.022619,0.05951,0.025493
src/3rdParty/coin/src/base/CMakeFiles/base.dir/SbVec2d.cpp.o,0.301,0.25163,0.239474,0.00945,0.00044,0.021165,0.00245,0.004672,0.003527
src/3rdParty/coin/src/fields/CMakeFiles/fields.dir/SoSField.cpp.o,0.301,0.253289,0.24307,0.007445,0.000498,0.021303,0.002569,0.002504,0.00368
src/3rdParty/coin/src/misc/CMakeFiles/misc.dir/SoTempPath.cpp.o,0.301,0.253325,0.236173,0.014288,0.0,0.021619,0.002743,0.007694,0.00529
src/3rdParty/coin/src/threads/CMakeFiles/threads.dir/rwmutex.cpp.o,0.301,0.25553,0.235692,0.01704,0.000599,0.022106,0.002413,0.007124,0.008496
src/3rdParty/coin/src/threads/CMakeFiles/threads.dir/fifo.cpp.o,0.301,0.2556,0.231348,0.021575,0.000459,0.023288,0.002523,0.011634,0.008519
src/3rdParty/coin/src/threads/CMakeFiles/threads.dir/barrier.cpp.o,0.301,0.253435,0.244923,0.005867,0.011488,0.022627,0.003139,0.002327,0.002274
src/3rdParty/OndselSolver/OndselSolver/CMakeFiles/OndselSolver.dir/Units.cpp.o,0.301,0.254957,0.246102,0.006122,0.224168,0.022683,0.01924,0.002565,0.002278
src/Mod/Fem/App/CMakeFiles/Fem.dir/VTKExtensions/vtkFemFrameSourceAlgorithm.cpp.o,0.301,0.247072,0.172489,0.060196,0.003556,0.051499,0.019604,0.037692,0.021129
src/3rdParty/coin/src/base/CMakeFiles/base.dir/SbDPLine.cpp.o,0.3,0.248981,0.231868,0.013629,0.007342,0.022759,0.002617,0.00695,0.005374
src/3rdParty/coin/src/base/CMakeFiles/base.dir/SbName.cpp.o,0.3,0.255151,0.237036,0.01543,0.001437,0.021277,0.002472,0.006164,0.007994
src/3rdParty/coin/src/caches/CMakeFiles/caches.dir/SoShaderProgramCache.cpp.o,0.3,0.248424,0.236854,0.008116,0.0,0.022063,0.002393,0.003672,0.003171
src/3rdParty/coin/src/elements/CMakeFiles/elements.dir/SoCreaseAngleElement.cpp.o,0.3,0.253102,0.236923,0.013334,3.1e-05,0.02578,0.002745,0.004151,0.007902
src/3rdParty/coin/src/elements/CMakeFiles/elements.dir/SoInt32Element.cpp.o,0.3,0.254239,0.228927,0.022554,2.7e-05,0.022044,0.002607,0.010211,0.01105
src/3rdParty/coin/src/elements/CMakeFiles/elements.dir/SoSwitchElement.cpp.o,0.3,0.245419,0.229979,0.011763,3e-05,0.021399,0.002885,0.003983,0.006394
src/3rdParty/coin/src/engines/CMakeFiles/engines.dir/SoTriggerAny.cpp.o,0.3,0.256607,0.235096,0.018817,0.0,0.022833,0.002947,0.005761,0.01155
src/3rdParty/coin/src/fields/CMakeFiles/fields.dir/SoSFMatrix.cpp.o,0.3,0.250214,0.227768,0.019606,1.3e-05,0.021284,0.002561,0.007594,0.010692
src/3rdParty/coin/src/fields/CMakeFiles/fields.dir/SoSFUShort.cpp.o,0.3,0.25471,0.236876,0.015038,1.2e-05,0.021342,0.002601,0.005884,0.007856
src/3rdParty/coin/src/misc/CMakeFiles/misc.dir/SoShaderGenerator.cpp.o,0.299,0.251194,0.230945,0.017252,0.0,0.022129,0.002471,0.007116,0.008795
src/3rdParty/coin/src/sensors/CMakeFiles/sensors.dir/SoNodeSensor.cpp.o,0.299,0.253297,0.240369,0.01006,0.0,0.022689,0.002491,0.004226,0.004483
src/3rdParty/coin/src/base/CMakeFiles/base.dir/SbVec4d.cpp.o,0.298,0.255957,0.24268,0.010898,0.000459,0.020786,0.002329,0.005521,0.004146
src/3rdParty/coin/src/elements/CMakeFiles/elements.dir/SoTextureScalePolicyElement.cpp.o,0.298,0.247412,0.233065,0.011503,3.1e-05,0.024302,0.002485,0.003593,0.006539
src/3rdParty/coin/src/errors/CMakeFiles/errors.dir/error.cpp.o,0.298,0.250185,0.236036,0.011426,0.010928,0.021653,0.002483,0.003784,0.006422
src/3rdParty/coin/src/errors/CMakeFiles/errors.dir/SoReadError.cpp.o,0.298,0.253092,0.234233,0.016054,0.0,0.026309,0.002667,0.005795,0.008895
src/3rdParty/coin/src/fields/CMakeFiles/fields.dir/SoSFTrigger.cpp.o,0.298,0.251518,0.234934,0.013815,0.000338,0.021289,0.002526,0.005038,0.007455
src/3rdParty/coin/src/sensors/CMakeFiles/sensors.dir/SoTimerQueueSensor.cpp.o,0.298,0.251338,0.238374,0.010215,3.1e-05,0.022855,0.002583,0.003986,0.005027
src/3rdParty/coin/src/elements/CMakeFiles/elements.dir/SoBumpMapCoordinateElement.cpp.o,0.297,0.256301,0.237762,0.015916,3.3e-05,0.021555,0.002551,0.007397,0.007266
src/3rdParty/coin/src/elements/CMakeFiles/elements.dir/SoComplexityElement.cpp.o,0.297,0.254924,0.233082,0.01848,2.9e-05,0.035254,0.002452,0.006383,0.010021
src/3rdParty/coin/src/sensors/CMakeFiles/sensors.dir/SoFieldSensor.cpp.o,0.297,0.250076,0.23073,0.016086,0.0,0.023707,0.002481,0.007083,0.007282
src/3rdParty/coin/src/scxml/CMakeFiles/scxml.dir/ScXMLExecutableElt.cpp.o,0.297,0.250945,0.236489,0.011842,0.000441,0.02227,0.002622,0.005472,0.004972
src/App/CMakeFiles/FreeCADApp.dir/ElementNamingUtils.cpp.o,0.297,0.246993,0.141283,0.090859,0.0404,0.045454,0.025405,0.066143,0.023467
src/3rdParty/coin/src/events/CMakeFiles/events.dir/SoLocation2Event.cpp.o,0.296,0.248086,0.237853,0.00735,3.2e-05,0.021513,0.002488,0.002426,0.0037
src/3rdParty/coin/src/geo/CMakeFiles/geo.dir/SbGeoAngle.cpp.o,0.296,0.248068,0.223933,0.021149,0.000468,0.021426,0.003695,0.007688,0.012197
src/3rdParty/coin/src/threads/CMakeFiles/threads.dir/wpool.cpp.o,0.296,0.248849,0.222348,0.022991,0.000486,0.023604,0.002477,0.012368,0.009015
src/3rdParty/coin/src/elements/CMakeFiles/elements.dir/SoViewingMatrixElement.cpp.o,0.295,0.248887,0.230753,0.015475,3.2e-05,0.021861,0.002494,0.006948,0.007203
src/3rdParty/coin/src/sensors/CMakeFiles/sensors.dir/SoAlarmSensor.cpp.o,0.295,0.250696,0.240907,0.006926,4.4e-05,0.023194,0.002497,0.002176,0.003309
src/3rdParty/coin/src/sensors/CMakeFiles/sensors.dir/SoTimerSensor.cpp.o,0.295,0.24862,0.233382,0.012496,3e-05,0.021672,0.002784,0.004605,0.006619
src/3rdParty/coin/src/geo/CMakeFiles/geo.dir/SbGeoEllipsoid.cpp.o,0.295,0.249037,0.234733,0.011433,0.0,0.02483,0.002941,0.004361,0.005786
src/3rdParty/coin/src/geo/CMakeFiles/geo.dir/SbUTMProjection.cpp.o,0.295,0.248518,0.228503,0.017184,0.01078,0.021439,0.00238,0.005973,0.009996
src/App/CMakeFiles/FreeCADApp.dir/FreeCADModulePy.cpp.o,0.295,0.247936,0.2295,0.004781,0.16295,0.041324,0.004011,0.001615,0.001741
src/Mod/TechDraw/Gui/CMakeFiles/TechDrawGui.dir/QGVNavStyleTouchpad.cpp.o,0.295,0.235639,0.202788,0.017956,0.118888,0.059823,0.067792,0.009937,0.006578
src/3rdParty/coin/src/engines/CMakeFiles/engines.dir/SoInterpolate.cpp.o,0.294,0.249864,0.234343,0.012629,0.0,0.022351,0.002914,0.004044,0.00727
src/3rdParty/coin/src/elements/CMakeFiles/elements.dir/SoFontNameElement.cpp.o,0.293,0.252527,0.229456,0.020552,3.1e-05,0.021955,0.002424,0.008997,0.010289
src/3rdParty/coin/src/elements/CMakeFiles/elements.dir/SoTextureQualityElement.cpp.o,0.293,0.245443,0.231491,0.011315,3.3e-05,0.021484,0.002512,0.003651,0.006369
src/3rdParty/coin/src/elements/CMakeFiles/elements.dir/SoWindowElement.cpp.o,0.293,0.247678,0.228174,0.016656,2.8e-05,0.021448,0.002509,0.007502,0.00783
src/3rdParty/coin/src/geo/CMakeFiles/geo.dir/SbPolarStereographic.cpp.o,0.293,0.246878,0.228388,0.015776,0.010162,0.025591,0.002396,0.005698,0.008751
src/3rdParty/coin/src/scxml/CMakeFiles/scxml.dir/ScXMLECMAScriptEvaluator.cpp.o,0.293,0.244303,0.230789,0.010595,0.000843,0.021995,0.002891,0.004394,0.004845
src/3rdParty/coin/src/events/CMakeFiles/events.dir/SoButtonEvent.cpp.o,0.292,0.246382,0.234031,0.009666,3e-05,0.021516,0.002443,0.003595,0.004809
src/3rdParty/coin/src/fonts/CMakeFiles/fonts.dir/fontspec.cpp.o,0.292,0.248251,0.235889,0.009575,0.0,0.021649,0.002435,0.00408,0.004147
src/3rdParty/coin/src/threads/CMakeFiles/threads.dir/storage.cpp.o,0.292,0.242257,0.226825,0.01247,0.000947,0.024935,0.003121,0.005241,0.005667
src/3rdParty/OndselSolver/OndselSolver/CMakeFiles/OndselSolver.dir/MbDMath.cpp.o,0.292,0.244083,0.214479,0.026678,0.188871,0.023519,0.019383,0.019351,0.006073
src/Base/CMakeFiles/FreeCADBase.dir/__/3rdParty/zipios++/zipheadio.cpp.o,0.291,0.240057,0.14086,0.085403,0.057824,0.070102,0.020381,0.05544,0.028664
src/3rdParty/coin/src/base/CMakeFiles/base.dir/SbVec4i32.cpp.o,0.291,0.247897,0.236841,0.008078,0.0,0.02147,0.002384,0.003843,0.002975
src/3rdParty/coin/src/elements/CMakeFiles/elements.dir/SoTextureUnitElement.cpp.o,0.291,0.245685,0.232455,0.01062,3.1e-05,0.021717,0.002472,0.0034,0.005958
src/3rdParty/coin/src/elements/GL/CMakeFiles/glelements.dir/SoResetMatrixElement.cpp.o,0.291,0.243611,0.226911,0.014107,0.183461,0.021047,0.002504,0.005175,0.007642
src/3rdParty/coin/src/misc/CMakeFiles/misc.dir/SoNotRec.cpp.o,0.291,0.243651,0.231783,0.009291,2.9e-05,0.021563,0.002772,0.003343,0.004656
src/3rdParty/coin/src/base/CMakeFiles/base.dir/time.cpp.o,0.29,0.248388,0.240637,0.005274,0.005436,0.021601,0.002523,0.002355,0.001654
src/3rdParty/coin/src/base/CMakeFiles/base.dir/SbVec2ui32.cpp.o,0.29,0.244412,0.234678,0.007181,0.0,0.021415,0.002414,0.002993,0.002792
src/3rdParty/coin/src/elements/CMakeFiles/elements.dir/SoAnnoText3RenderPrintElement.cpp.o,0.29,0.244216,0.230581,0.010993,3.2e-05,0.022591,0.002489,0.003519,0.006196
src/3rdParty/coin/src/elements/CMakeFiles/elements.dir/SoDecimationTypeElement.cpp.o,0.29,0.244276,0.230727,0.010936,3.7e-05,0.021637,0.002493,0.003519,0.006183
src/3rdParty/coin/src/elements/CMakeFiles/elements.dir/SoMaterialBindingElement.cpp.o,0.29,0.243815,0.230307,0.010979,3e-05,0.021392,0.002425,0.003508,0.006199
src/3rdParty/coin/src/elements/CMakeFiles/elements.dir/SoTextureCoordinateBindingElement.cpp.o,0.29,0.243319,0.229082,0.011559,2.8e-05,0.021962,0.002639,0.003686,0.006582
src/3rdParty/coin/src/elements/CMakeFiles/elements.dir/SoUnitsElement.cpp.o,0.29,0.244437,0.230187,0.011706,3e-05,0.02194,0.002594,0.003793,0.00658
src/3rdParty/coin/src/errors/CMakeFiles/errors.dir/SoMemoryError.cpp.o,0.29,0.245682,0.231524,0.011555,0.0,0.02183,0.002505,0.004502,0.005864
src/3rdParty/coin/src/lists/CMakeFiles/lists.dir/SoEnabledElementsList.cpp.o,0.29,0.243527,0.225228,0.015448,0.000259,0.021589,0.002566,0.007444,0.006664
src/3rdParty/coin/src/lists/CMakeFiles/lists.dir/SoTypeList.cpp.o,0.29,0.241883,0.231258,0.007885,0.0,0.023484,0.002729,0.003512,0.002948
src/3rdParty/coin/src/navigation/CMakeFiles/navigation.dir/SoScXMLMotionTarget.cpp.o,0.29,0.239589,0.224331,0.011621,0.00102,0.024548,0.002821,0.004438,0.005846
src/3rdParty/coin/src/base/CMakeFiles/base.dir/SbVec2us.cpp.o,0.289,0.244445,0.234497,0.007334,0.0,0.02078,0.00249,0.003342,0.002561
src/3rdParty/coin/src/base/CMakeFiles/base.dir/SbVec4b.cpp.o,0.289,0.242561,0.232288,0.007629,0.0,0.02114,0.002519,0.003512,0.002931
src/3rdParty/coin/src/details/CMakeFiles/details.dir/SoFaceDetail.cpp.o,0.289,0.24551,0.221916,0.020647,0.0,0.025665,0.002458,0.009187,0.01018
src/3rdParty/coin/src/elements/CMakeFiles/elements.dir/SoDecimationPercentageElement.cpp.o,0.289,0.240436,0.226445,0.011334,2.9e-05,0.021391,0.002525,0.003667,0.006412
src/3rdParty/coin/src/elements/GL/CMakeFiles/glelements.dir/SoGLRenderPassElement.cpp.o,0.289,0.242136,0.225641,0.013791,0.0,0.021652,0.002457,0.005382,0.006968
src/3rdParty/coin/src/misc/CMakeFiles/misc.dir/SoFullPath.cpp.o,0.289,0.241081,0.230639,0.007294,3.3e-05,0.02153,0.002915,0.003045,0.002921
src/3rdParty/coin/src/actions/CMakeFiles/actions.dir/SoSimplifyAction.cpp.o,0.288,0.24629,0.231482,0.012187,0.00032,0.021539,0.002641,0.004606,0.006415
src/3rdParty/coin/src/details/CMakeFiles/details.dir/SoTextDetail.cpp.o,0.288,0.238054,0.224102,0.010384,0.0,0.021983,0.002483,0.003871,0.005324
src/3rdParty/coin/src/elements/CMakeFiles/elements.dir/SoTextureScaleQualityElement.cpp.o,0.288,0.243156,0.229547,0.010957,2.6e-05,0.022578,0.002478,0.003575,0.006085
src/Mod/Part/App/CMakeFiles/Part.dir/ShapeAnalysis_FreeBoundsFix.cpp.o,0.288,0.236443,0.110924,0.106404,0.000433,0.041874,0.000115,0.061983,0.043047
src/3rdParty/coin/src/base/CMakeFiles/base.dir/SbVec4s.cpp.o,0.287,0.242261,0.230946,0.008702,0.0,0.021834,0.002429,0.004149,0.003283
src/3rdParty/coin/src/elements/CMakeFiles/elements.dir/SoFocalDistanceElement.cpp.o,0.287,0.240109,0.225878,0.011432,3e-05,0.022012,0.002834,0.003625,0.006446
src/3rdParty/coin/src/elements/CMakeFiles/elements.dir/SoFontSizeElement.cpp.o,0.287,0.240959,0.226645,0.011579,2.8e-05,0.021341,0.00244,0.003902,0.006366
src/3rdParty/coin/src/elements/CMakeFiles/elements.dir/SoTextOutlineEnabledElement.cpp.o,0.287,0.241437,0.227204,0.011363,2.9e-05,0.02315,0.002581,0.003623,0.006508
src/3rdParty/coin/src/elements/CMakeFiles/elements.dir/SoAnnoText3FontSizeHintElement.cpp.o,0.286,0.240503,0.226592,0.011146,3.2e-05,0.022242,0.002466,0.003741,0.006078
src/3rdParty/coin/src/elements/CMakeFiles/elements.dir/SoVertexAttributeBindingElement.cpp.o,0.286,0.241101,0.227357,0.010959,3.1e-05,0.022476,0.002508,0.003534,0.006118
src/3rdParty/coin/src/elements/CMakeFiles/elements.dir/SoPointSizeElement.cpp.o,0.286,0.239251,0.225665,0.010784,3.1e-05,0.022036,0.00251,0.003331,0.00624
src/3rdParty/coin/src/scxml/CMakeFiles/scxml.dir/ScXMLXPathEvaluator.cpp.o,0.286,0.239009,0.225974,0.010133,0.000915,0.022225,0.002881,0.003953,0.00496
src/App/CMakeFiles/FreeCADApp.dir/qrc_App_translation.cpp.o,0.286,0.239337,0.229714,0.005715,0.0,0.0,0.0,0.002205,0.002135
src/Base/CMakeFiles/FreeCADBase.dir/__/3rdParty/PyCXX/CXX/cxxsupport.cxx.o,0.285,0.235856,0.137602,0.084684,0.066732,0.040585,0.002486,0.043362,0.040008
src/3rdParty/coin/src/elements/CMakeFiles/elements.dir/SoLinePatternElement.cpp.o,0.285,0.239194,0.224676,0.0119,2.7e-05,0.021007,0.002517,0.004074,0.006649
src/Gui/CMakeFiles/FreeCADGui.dir/Inventor/SoFCBackgroundGradient.cpp.o,0.285,0.231173,0.160903,0.051118,0.002336,0.047157,0.000849,0.021153,0.028533
src/3rdParty/coin/src/elements/CMakeFiles/elements.dir/SoDrawStyleElement.cpp.o,0.284,0.239196,0.225353,0.011103,2.8e-05,0.021771,0.002421,0.003833,0.00601
src/3rdParty/coin/src/elements/CMakeFiles/elements.dir/SoPickStyleElement.cpp.o,0.284,0.238026,0.223832,0.011573,3.4e-05,0.021385,0.00245,0.003494,0.00686
src/3rdParty/coin/src/elements/CMakeFiles/elements.dir/SoListenerGainElement.cpp.o,0.284,0.23697,0.223117,0.01118,3.1e-05,0.021189,0.002442,0.003791,0.006066
src/3rdParty/coin/src/errors/CMakeFiles/errors.dir/debugerror.cpp.o,0.284,0.240771,0.22677,0.011224,0.000224,0.024503,0.002385,0.003606,0.006256
src/3rdParty/coin/src/misc/CMakeFiles/misc.dir/CoinStaticObjectInDLL.cpp.o,0.284,0.236966,0.228825,0.005324,0.000216,0.021465,0.002427,0.001972,0.001982
src/3rdParty/coin/src/foreignfiles/CMakeFiles/foreignfiles.dir/steel-wrapper.cpp.o,0.284,0.241846,0.087217,0.152754,0.000209,0.0,0.0,0.084425,0.066961
src/Mod/Robot/App/CMakeFiles/Robot.dir/kdl_cp/kinfam_io.cpp.o,0.284,0.232254,0.163819,0.058345,0.081137,0.045352,0.045696,0.042697,0.014341
src/Mod/TechDraw/Gui/CMakeFiles/TechDrawGui.dir/QGVNavStyleSolidWorks.cpp.o,0.284,0.229107,0.188453,0.024347,0.099238,0.056053,0.053755,0.015019,0.007411
src/3rdParty/coin/src/details/CMakeFiles/details.dir/SoPointDetail.cpp.o,0.283,0.238413,0.224636,0.011243,0.0,0.021902,0.00245,0.004174,0.005814
src/3rdParty/coin/src/rendering/CMakeFiles/rendering.dir/SoOffscreenCGData.cpp.o,0.282,0.236522,0.229044,0.004368,0.000213,0.023271,0.002447,0.001832,0.001056
src/3rdParty/coin/src/shadows/CMakeFiles/shadows.dir/SoShadowStyleElement.cpp.o,0.282,0.235885,0.221963,0.011183,3e-05,0.022141,0.002474,0.003692,0.006203
src/Mod/TechDraw/Gui/CMakeFiles/TechDrawGui.dir/QGVNavStyleOpenSCAD.cpp.o,0.282,0.225492,0.188733,0.02255,0.099578,0.053754,0.05329,0.012357,0.008764
src/3rdParty/coin/src/base/CMakeFiles/base.dir/SbVec4ui32.cpp.o,0.281,0.232883,0.223378,0.006923,0.0,0.0213,0.002492,0.00302,0.002744
src/Mod/TechDraw/Gui/CMakeFiles/TechDrawGui.dir/QGVNavStyleRevit.cpp.o,0.281,0.228446,0.196201,0.018192,0.105205,0.056279,0.058319,0.010096,0.006688
src/3rdParty/coin/src/elements/CMakeFiles/elements.dir/SoAnnoText3CharOrientElement.cpp.o,0.28,0.235351,0.221371,0.011149,3.4e-05,0.025351,0.002383,0.003644,0.006031
src/3rdParty/coin/src/io/CMakeFiles/io.dir/SoTranReceiver.cpp.o,0.28,0.226942,0.218111,0.00551,0.000328,0.026484,0.002592,0.002082,0.001541
src/Mod/TechDraw/Gui/CMakeFiles/TechDrawGui.dir/QGVNavStyleGesture.cpp.o,0.28,0.221621,0.190933,0.016325,0.105742,0.053796,0.057607,0.009103,0.005679
src/3rdParty/coin/src/xml/CMakeFiles/xml.dir/utils.cpp.o,0.279,0.236476,0.223956,0.009836,0.011557,0.022795,0.00247,0.004799,0.003767
src/3rdParty/coin/src/base/CMakeFiles/base.dir/SbVec2ub.cpp.o,0.279,0.232565,0.22363,0.006317,0.0,0.020833,0.002464,0.002676,0.002332
src/Gui/CMakeFiles/FreeCADGui.dir/SyntaxHighlighter.cpp.o,0.279,0.226683,0.180787,0.026162,0.004531,0.040092,0.012011,0.014247,0.01049
src/3rdParty/coin/src/misc/CMakeFiles/misc.dir/AudioTools.cpp.o,0.277,0.233407,0.224122,0.006786,0.010517,0.02062,0.002482,0.002734,0.002783
src/3rdParty/coin/src/fonts/CMakeFiles/fonts.dir/glyph.cpp.o,0.276,0.232207,0.222448,0.00704,0.000866,0.025927,0.002713,0.00317,0.002601
src/Mod/Robot/App/CMakeFiles/Robot.dir/kdl_cp/path_composite.cpp.o,0.276,0.225302,0.135079,0.079768,0.0,0.08036,0.029458,0.056385,0.022017
src/3rdParty/coin/src/base/CMakeFiles/base.dir/memalloc.cpp.o,0.275,0.232176,0.217605,0.011978,0.010457,0.021032,0.002375,0.005701,0.005034
src/3rdParty/coin/src/elements/CMakeFiles/elements.dir/SoNormalBindingElement.cpp.o,0.275,0.23025,0.216497,0.011036,2.9e-05,0.020867,0.002414,0.003634,0.006145
src/Mod/Measure/Gui/CMakeFiles/MeasureGui.dir/SoScreenSpaceScale.cpp.o,0.275,0.218725,0.145198,0.048564,0.001691,0.052663,8.1e-05,0.032425,0.014747
src/Mod/TechDraw/Gui/CMakeFiles/TechDrawGui.dir/QGVNavStyleMaya.cpp.o,0.275,0.218933,0.187229,0.018227,0.101396,0.054161,0.055476,0.010647,0.006212
src/3rdParty/coin/src/details/CMakeFiles/details.dir/SoLineDetail.cpp.o,0.274,0.231814,0.213749,0.014974,0.0,0.022003,0.002497,0.006787,0.006755
src/3rdParty/coin/src/elements/CMakeFiles/elements.dir/SoLineWidthElement.cpp.o,0.274,0.230632,0.216881,0.011058,2.8e-05,0.021364,0.00246,0.003613,0.006176
src/3rdParty/coin/src/base/CMakeFiles/base.dir/SbVec4ub.cpp.o,0.272,0.22639,0.216495,0.007309,0.0,0.021807,0.002453,0.003108,0.002953
src/3rdParty/coin/src/sensors/CMakeFiles/sensors.dir/SoIdleSensor.cpp.o,0.272,0.226326,0.216706,0.006859,0.000508,0.023245,0.002584,0.00215,0.002745
src/Mod/TechDraw/Gui/CMakeFiles/TechDrawGui.dir/QGVNavStyleInventor.cpp.o,0.272,0.21778,0.187761,0.015838,0.103505,0.054488,0.057268,0.008763,0.005702
src/3rdParty/coin/src/xml/CMakeFiles/xml.dir/attribute.cpp.o,0.271,0.226798,0.21287,0.011109,0.00068,0.021204,0.002408,0.004568,0.005293
src/3rdParty/coin/src/io/CMakeFiles/io.dir/SoByteStream.cpp.o,0.27,0.222672,0.214089,0.005814,0.000499,0.022015,0.002427,0.001869,0.002629
src/3rdParty/coin/src/hardcopy/CMakeFiles/hardcopy.dir/VectorOutput.cpp.o,0.27,0.224531,0.214067,0.007754,0.0,0.021636,0.002446,0.003385,0.003092
src/Mod/Sketcher/App/CMakeFiles/Sketcher.dir/GeoEnum.cpp.o,0.27,0.212802,0.129284,0.058854,0.00946,0.045427,0.004233,0.040061,0.01745
src/3rdParty/coin/src/bundles/CMakeFiles/bundles.dir/SoBundle.cpp.o,0.269,0.224241,0.218051,0.003662,0.0,0.02082,0.002526,0.001251,0.001199
src/3rdParty/coin/src/details/CMakeFiles/details.dir/SoDetail.cpp.o,0.269,0.22368,0.213595,0.007183,0.000219,0.021667,0.00239,0.002409,0.003479
src/3rdParty/coin/src/lists/CMakeFiles/lists.dir/SoEngineOutputList.cpp.o,0.269,0.222948,0.21862,0.001462,0.0,0.021447,0.002668,9.8e-05,0.000118
src/3rdParty/coin/src/base/CMakeFiles/base.dir/SbVec4us.cpp.o,0.268,0.223112,0.213145,0.007359,0.0,0.021273,0.00245,0.003243,0.002885
src/3rdParty/coin/src/details/CMakeFiles/details.dir/SoCylinderDetail.cpp.o,0.268,0.221149,0.210549,0.008021,0.0,0.021677,0.00245,0.002803,0.004049
src/3rdParty/coin/src/hardcopy/CMakeFiles/hardcopy.dir/PSVectorOutput.cpp.o,0.268,0.22402,0.214722,0.00643,0.0,0.021924,0.003219,0.0023,0.00276
src/Gui/CMakeFiles/FreeCADGui.dir/Inventor/SmSwitchboard.cpp.o,0.268,0.210273,0.162091,0.028819,0.0,0.054594,0.000111,0.013137,0.014284
src/Base/CMakeFiles/FreeCADBase.dir/__/3rdParty/zipios++/fcoll.cpp.o,0.267,0.217236,0.117698,0.085889,0.04611,0.05354,0.014216,0.060384,0.024193
src/Mod/Test/Gui/CMakeFiles/QtUnitGui.dir/qrc_Test_translation.cpp.o,0.267,0.218703,0.209345,0.005616,0.0,0.0,0.0,0.001918,0.002452
src/3rdParty/coin/src/base/CMakeFiles/base.dir/dynarray.cpp.o,0.266,0.224648,0.208781,0.013055,0.0,0.021204,0.002358,0.00578,0.005938
src/3rdParty/coin/src/fonts/CMakeFiles/fonts.dir/common.cpp.o,0.265,0.217947,0.210322,0.004793,0.0,0.023491,0.002504,0.001966,0.001482
src/3rdParty/coin/src/lists/CMakeFiles/lists.dir/SoNodeList.cpp.o,0.265,0.217387,0.209205,0.005477,0.0,0.021588,0.00244,0.001773,0.002347
src/Mod/Robot/App/CMakeFiles/Robot.dir/kdl_cp/treejnttojacsolver.cpp.o,0.265,0.215782,0.153691,0.051023,0.081481,0.044979,0.046768,0.037864,0.011851
src/3rdParty/coin/src/details/CMakeFiles/details.dir/SoConeDetail.cpp.o,0.263,0.221074,0.209698,0.008684,0.0,0.021883,0.0027,0.00302,0.004487
src/3rdParty/coin/src/lists/CMakeFiles/lists.dir/SoCallbackList.cpp.o,0.262,0.219524,0.203757,0.013259,0.0,0.021161,0.002465,0.00657,0.005448
src/Mod/TechDraw/Gui/CMakeFiles/TechDrawGui.dir/QGVNavStyleOCC.cpp.o,0.261,0.207884,0.174183,0.020134,0.095283,0.049407,0.051284,0.011309,0.007516
src/Mod/Sketcher/Gui/CMakeFiles/SketcherGui.dir/SoZoomTranslation.cpp.o,0.26,0.203223,0.160057,0.027598,0.002698,0.051081,0.000418,0.012286,0.013937
src/Gui/CMakeFiles/FreeCADGui.dir/WaitCursor.cpp.o,0.259,0.202432,0.147644,0.033932,0.035165,0.056432,0.033754,0.017524,0.014817
src/3rdParty/coin/src/details/CMakeFiles/details.dir/SoCubeDetail.cpp.o,0.258,0.213736,0.202422,0.008739,0.0,0.02117,0.002407,0.002917,0.00449
src/3rdParty/coin/src/sensors/CMakeFiles/sensors.dir/SoOneShotSensor.cpp.o,0.258,0.214328,0.20604,0.00545,0.000503,0.021872,0.002504,0.001785,0.002316
src/3rdParty/coin/src/threads/CMakeFiles/threads.dir/common.cpp.o,0.258,0.212066,0.206192,0.003221,0.00022,0.022093,0.002458,0.001067,0.0008
src/3rdParty/coin/src/lists/CMakeFiles/lists.dir/SbStringList.cpp.o,0.257,0.211971,0.207784,0.001603,0.0,0.021371,0.002494,0.000126,0.000145
src/3rdParty/coin/src/lists/CMakeFiles/lists.dir/SoEngineList.cpp.o,0.257,0.211627,0.203399,0.005391,0.0,0.020744,0.002454,0.001886,0.002237
src/3rdParty/coin/src/geo/CMakeFiles/geo.dir/SbGeoProjection.cpp.o,0.257,0.212418,0.20462,0.005014,0.0,0.022474,0.002395,0.00179,0.001971
src/Mod/Robot/App/CMakeFiles/Robot.dir/kdl_cp/trajectory_composite.cpp.o,0.254,0.204167,0.125001,0.069021,0.0,0.077235,0.012463,0.051218,0.016431
src/Mod/Robot/App/CMakeFiles/Robot.dir/kdl_cp/treefksolverpos_recursive.cpp.o,0.254,0.200318,0.140787,0.04917,0.068506,0.046756,0.030869,0.036255,0.011591
src/3rdParty/coin/src/xml/CMakeFiles/xml.dir/entity.cpp.o,0.251,0.209923,0.202841,0.004488,0.000657,0.02114,0.002433,0.001679,0.001633
src/Base/CMakeFiles/FreeCADBase.dir/__/3rdParty/zipios++/zipoutputstream.cpp.o,0.251,0.206883,0.14938,0.043995,0.068782,0.064561,0.018642,0.027241,0.01545
src/3rdParty/coin/src/io/CMakeFiles/io.dir/SoTranSender.cpp.o,0.251,0.207296,0.199663,0.005018,0.000334,0.021088,0.002471,0.001731,0.002119
src/Gui/CMakeFiles/FreeCADGui.dir/Inventor/SoFCScreenSpaceGroup.cpp.o,0.251,0.194369,0.145586,0.028701,0.003756,0.048875,8.5e-05,0.010938,0.016438
src/Mod/Robot/App/CMakeFiles/Robot.dir/kdl_cp/chainidsolver_recursive_newton_euler.cpp.o,0.251,0.197291,0.104049,0.082369,0.021794,0.057204,0.01776,0.058506,0.022555
src/3rdParty/coin/src/lists/CMakeFiles/lists.dir/SoFieldList.cpp.o,0.249,0.206713,0.202736,0.00157,0.0,0.021661,0.002447,0.000121,0.000133
src/Base/CMakeFiles/FreeCADBase.dir/StringUtils.cpp.o,0.248,0.20113,0.10701,0.080297,0.001514,0.05063,0.005931,0.059851,0.01917
src/Base/CMakeFiles/FreeCADBase.dir/BindingManager.cpp.o,0.247,0.201986,0.129881,0.058928,0.024972,0.0591,0.04847,0.044956,0.012602
src/Base/CMakeFiles/FreeCADBase.dir/__/3rdParty/zipios++/zipinputstreambuf.cpp.o,0.247,0.199456,0.136584,0.049261,0.053265,0.053467,0.01573,0.035316,0.012591
src/Mod/TechDraw/App/CMakeFiles/TechDraw.dir/TechDraw_autogen/mocs_compilation.cpp.o,0.246,0.191676,0.131087,0.027591,0.0,0.050789,0.000202,0.025991,0.000361
src/Mod/Part/App/CMakeFiles/Part.dir/FCBRepAlgoAPI_Section.cpp.o,0.245,0.19397,0.110363,0.063021,0.00088,0.043351,0.000365,0.0408,0.02085
src/Mod/Import/Gui/CMakeFiles/ImportGui.dir/ImportGui_autogen/mocs_compilation.cpp.o,0.245,0.189154,0.135076,0.030094,0.0,0.053277,0.000158,0.028472,0.000253
src/3rdParty/coin/src/engines/CMakeFiles/engines.dir/evaluator_tab.c.o,0.244,0.199608,0.06586,0.131884,0.014138,0.0,0.0,0.077029,0.053586
src/Mod/Material/App/CMakeFiles/Materials.dir/Materials_autogen/mocs_compilation.cpp.o,0.243,0.151252,0.131653,0.002769,0.0,0.092603,0.00026,0.000235,0.000269
src/Mod/Robot/App/CMakeFiles/Robot.dir/kdl_cp/path.cpp.o,0.242,0.196205,0.136941,0.048487,0.002561,0.065403,0.05467,0.035167,0.012114
src/3rdParty/salomesmesh/CMakeFiles/SMESH.dir/src/SMESH/libmesh.c.o,0.238,0.192709,0.05285,0.13805,0.002756,0.0,0.0,0.074129,0.062666
src/Mod/Part/App/CMakeFiles/Part.dir/ProgressIndicator.cpp.o,0.237,0.184458,0.127208,0.0384,0.030001,0.045012,0.027517,0.031297,0.005764
src/Gui/CMakeFiles/FreeCADGui.dir/FuzzyMatcher.cpp.o,0.233,0.175276,0.134159,0.019814,0.000976,0.048199,7.7e-05,0.011385,0.007023
src/Mod/Mesh/Gui/CMakeFiles/MeshGui.dir/qrc_Mesh.cpp.o,0.231,0.183034,0.173522,0.006377,0.0,0.0,0.0,0.002516,0.002601
src/Gui/CMakeFiles/FreeCADGui.dir/GuiConsole.cpp.o,0.23,0.176369,0.146763,0.010684,0.06243,0.039133,0.018715,0.005861,0.003494
src/Mod/Robot/App/CMakeFiles/Robot.dir/kdl_cp/frames_io.cpp.o,0.229,0.18011,0.094846,0.075101,0.001157,0.036934,0.000134,0.043022,0.030605
src/Base/CMakeFiles/FreeCADBase.dir/__/3rdParty/zipios++/deflateoutputstreambuf.cpp.o,0.228,0.179833,0.115231,0.050678,0.026098,0.042222,0.006381,0.039139,0.010359
src/Base/CMakeFiles/FreeCADBase.dir/__/3rdParty/zipios++/inflateinputstreambuf.cpp.o,0.223,0.174274,0.113359,0.047348,0.010339,0.052211,0.009367,0.038262,0.00781
src/Gui/CMakeFiles/FreeCADGui.dir/Inventor/SoFCTransform.cpp.o,0.221,0.165465,0.127729,0.018022,0.001689,0.048926,7.9e-05,0.006926,0.00966
src/Base/CMakeFiles/FreeCADBase.dir/__/3rdParty/zipios++/gzipoutputstreambuf.cpp.o,0.22,0.171968,0.117343,0.040873,0.027476,0.036068,0.004542,0.026387,0.01319
src/Gui/CMakeFiles/FreeCADGui.dir/SoFCInteractiveElement.cpp.o,0.218,0.168946,0.102814,0.047762,0.003677,0.041857,7.6e-05,0.016538,0.02985
src/Mod/Part/App/CMakeFiles/Part.dir/FCBRepAlgoAPI_Common.cpp.o,0.217,0.163825,0.103116,0.041342,0.0,0.042705,0.000121,0.030922,0.009144
src/Gui/CMakeFiles/FreeCADGui.dir/Inventor/SoAutoZoomTranslation.cpp.o,0.216,0.152583,0.107272,0.024894,0.001671,0.048783,0.000103,0.009501,0.013919
src/Gui/CMakeFiles/FreeCADGui.dir/FreeCADStyle.cpp.o,0.215,0.159235,0.132592,0.007399,0.01572,0.048679,0.000247,0.00367,0.00221
src/Mod/Robot/App/CMakeFiles/Robot.dir/kdl_cp/chainiksolvervel_pinv.cpp.o,0.215,0.165616,0.104803,0.050366,0.0,0.074087,0.023022,0.035105,0.013963
src/Base/CMakeFiles/FreeCADBase.dir/PyTools.c.o,0.213,0.167355,0.117728,0.047518,0.000267,0.0,0.0,0.019774,0.026494
src/Mod/Part/App/CMakeFiles/Part.dir/FCBRepAlgoAPI_Cut.cpp.o,0.213,0.159852,0.097567,0.043086,0.0,0.039937,0.000108,0.031384,0.01027
src/Base/CMakeFiles/FreeCADBase.dir/__/3rdParty/zipios++/zipinputstream.cpp.o,0.211,0.161112,0.122998,0.023906,0.064387,0.052107,0.015644,0.012209,0.010482
src/Mod/Robot/App/CMakeFiles/Robot.dir/kdl_cp/chain.cpp.o,0.211,0.159649,0.092372,0.057175,0.0,0.063648,0.011089,0.044654,0.011187
src/Gui/CMakeFiles/FreeCADGui.dir/StyleParameters/ColorShading.cpp.o,0.21,0.156155,0.123568,0.013617,0.01637,0.05151,0.003034,0.007806,0.004479
src/Mod/Part/App/CMakeFiles/Part.dir/FCBRepAlgoAPI_Fuse.cpp.o,0.21,0.158071,0.097986,0.041416,0.0,0.040548,0.000109,0.030577,0.009541
src/Base/CMakeFiles/FreeCADBase.dir/Color.cpp.o,0.209,0.162891,0.093459,0.056167,0.003119,0.044089,0.000165,0.041212,0.013654
src/3rdParty/coin/src/fonts/CMakeFiles/fonts.dir/default2dfont.cpp.o,0.209,0.166666,0.158267,0.006218,0.0,0.0,0.0,0.001855,0.003095
src/Mod/Mesh/Gui/CMakeFiles/MeshGui.dir/SoPolygon.cpp.o,0.207,0.150301,0.105971,0.030493,0.002629,0.04919,0.000193,0.014483,0.014549
src/Base/CMakeFiles/FreeCADBase.dir/ServiceProvider.cpp.o,0.206,0.160321,0.111525,0.034393,0.036868,0.041378,0.024582,0.02351,0.009601
src/Gui/CMakeFiles/FreeCADGui.dir/DAGView/DAGRectItem.cpp.o,0.206,0.150957,0.109067,0.022173,0.00579,0.039258,7.7e-05,0.012455,0.008309
src/Gui/CMakeFiles/FreeCADGui.dir/SoDevicePixelRatioElement.cpp.o,0.205,0.144281,0.105849,0.017941,0.0,0.046177,9e-05,0.006703,0.009205
src/Mod/Points/App/CMakeFiles/Points.dir/Points_autogen/mocs_compilation.cpp.o,0.204,0.133234,0.1114,0.003519,0.0,0.077468,0.000289,0.000276,0.0006
src/Mod/TechDraw/Gui/CMakeFiles/TechDrawGui.dir/QGCustomImage.cpp.o,0.204,0.147205,0.114436,0.01839,0.003248,0.043886,8.2e-05,0.009059,0.007938
src/Base/CMakeFiles/FreeCADBase.dir/PythonTypeExt.cpp.o,0.203,0.156588,0.136478,0.005492,0.080892,0.038162,0.008594,0.002722,0.00154
src/Mod/Part/App/CMakeFiles/Part.dir/Interface.cpp.o,0.203,0.151766,0.099511,0.032513,0.000508,0.040592,7.6e-05,0.025454,0.005797
src/Mod/Robot/App/CMakeFiles/Robot.dir/kdl_cp/segment.cpp.o,0.203,0.153446,0.082993,0.059554,0.0,0.042742,0.001413,0.039476,0.018654
src/Mod/TechDraw/Gui/CMakeFiles/TechDrawGui.dir/QGCustomSvg.cpp.o,0.203,0.146808,0.117294,0.01597,0.004523,0.044027,7.9e-05,0.006493,0.008018
src/Mod/TechDraw/Gui/CMakeFiles/TechDrawGui.dir/QGCustomLabel.cpp.o,0.203,0.146736,0.11579,0.017512,0.006644,0.044386,9e-05,0.008724,0.007399
src/Base/CMakeFiles/FreeCADBase.dir/InputSource.cpp.o,0.202,0.155917,0.115542,0.026966,0.027465,0.054089,0.027004,0.015985,0.009634
src/Gui/CMakeFiles/FreeCADGui.dir/Inventor/SoToggleSwitch.cpp.o,0.202,0.145216,0.107251,0.016902,0.0,0.052004,0.000106,0.006406,0.009095
src/Gui/CMakeFiles/FreeCADGui.dir/SpaceballEvent.cpp.o,0.201,0.145452,0.100063,0.025636,0.00225,0.045672,0.000102,0.010618,0.013665
src/Mod/Part/App/CMakeFiles/Part.dir/Part_autogen/mocs_compilation.cpp.o,0.2,0.147917,0.101376,0.024704,0.0,0.043802,0.000298,0.023144,0.000239
src/Base/CMakeFiles/FreeCADBase.dir/ViewProj.cpp.o,0.199,0.151197,0.088254,0.049733,0.015347,0.043433,0.001118,0.025918,0.022538
src/Mod/Robot/App/CMakeFiles/Robot.dir/kdl_cp/chainjnttojacsolver.cpp.o,0.199,0.148679,0.07797,0.06094,0.0,0.04167,9.8e-05,0.043338,0.016254
src/Mod/TechDraw/Gui/CMakeFiles/TechDrawGui.dir/QGDisplayArea.cpp.o,0.199,0.142332,0.11447,0.011738,0.008945,0.045116,8.7e-05,0.005104,0.005278
src/Mod/PartDesign/App/CMakeFiles/PartDesign.dir/PartDesign_autogen/mocs_compilation.cpp.o,0.198,0.145639,0.105136,0.024715,0.0,0.047053,0.000192,0.02309,0.000266
src/Gui/CMakeFiles/FreeCADGui.dir/TranslateManip.cpp.o,0.197,0.137572,0.10254,0.014552,0.001074,0.049221,8.5e-05,0.004915,0.008152
src/Mod/Part/App/CMakeFiles/Part.dir/FuzzyHelper.cpp.o,0.195,0.14343,0.096982,0.027191,0.000859,0.040168,0.001041,0.02404,0.001854
src/Mod/Robot/App/CMakeFiles/Robot.dir/kdl_cp/utilities/svd_HH.cpp.o,0.195,0.149601,0.062402,0.077439,0.0,0.034702,8.5e-05,0.038146,0.037684
src/Mod/TechDraw/Gui/CMakeFiles/TechDrawGui.dir/QGCustomBorder.cpp.o,0.194,0.13901,0.111984,0.013083,0.006466,0.044425,7.8e-05,0.005259,0.006239
src/Gui/CMakeFiles/FreeCADGui.dir/RubberbandOverlay.cpp.o,0.193,0.141392,0.097857,0.023936,0.003489,0.043749,7.9e-05,0.0114,0.01116
src/Mod/Measure/App/CMakeFiles/Measure.dir/Measure_autogen/mocs_compilation.cpp.o,0.193,0.139123,0.097896,0.024625,0.0,0.043125,0.000125,0.023068,0.000216
src/Mod/Robot/App/CMakeFiles/Robot.dir/kdl_cp/utilities/utility_io.cxx.o,0.192,0.141943,0.072472,0.058582,4e-05,0.035542,0.000124,0.031851,0.02518
src/Mod/Robot/App/CMakeFiles/Robot.dir/kdl_cp/joint.cpp.o,0.19,0.138797,0.077891,0.050872,0.0,0.038025,0.001514,0.0312,0.018446
src/Mod/Robot/App/CMakeFiles/Robot.dir/kdl_cp/path_roundedcomposite.cpp.o,0.19,0.139657,0.090417,0.039296,0.001266,0.043926,0.022823,0.020146,0.017805
src/Mod/Start/Gui/CMakeFiles/StartGui.dir/qrc_Start.cpp.o,0.189,0.142339,0.132846,0.006424,0.0,0.0,0.0,0.002507,0.002597
src/Mod/Robot/App/CMakeFiles/Robot.dir/kdl_cp/frames.cpp.o,0.188,0.136903,0.076961,0.050082,0.0,0.042385,0.000133,0.023716,0.02502
src/Base/CMakeFiles/FreeCADBase.dir/__/3rdParty/zipios++/fcollexceptions.cpp.o,0.187,0.1414,0.07904,0.048904,0.004389,0.035058,0.001989,0.029012,0.018672
src/Mod/Fem/Gui/CMakeFiles/FemGui.dir/FemGuiTools.cpp.o,0.186,0.13232,0.093565,0.025334,0.000886,0.046521,0.000128,0.008253,0.015769
src/Base/CMakeFiles/FreeCADBase.dir/__/3rdParty/zipios++/gzipoutputstream.cpp.o,0.185,0.137389,0.100872,0.023018,0.03762,0.035188,0.004539,0.012117,0.009649
src/Mod/Robot/App/CMakeFiles/Robot.dir/Simulation.cpp.o,0.184,0.136268,0.115452,0.01033,0.062978,0.032322,0.004123,0.00383,0.005263
src/Mod/Robot/App/CMakeFiles/Robot.dir/kdl_cp/trajectory.cpp.o,0.184,0.134275,0.099799,0.024434,0.001039,0.049725,0.031876,0.018844,0.004249
src/Mod/TechDraw/Gui/CMakeFiles/TechDrawGui.dir/QGCustomRect.cpp.o,0.184,0.127367,0.103099,0.010567,0.006912,0.040974,8.2e-05,0.004854,0.004422
src/Mod/Import/App/CMakeFiles/Import.dir/Import_autogen/mocs_compilation.cpp.o,0.183,0.133056,0.091136,0.024099,0.0,0.038103,0.000116,0.022613,0.000228
src/Base/CMakeFiles/FreeCADBase.dir/__/3rdParty/PyCXX/CXX/IndirectPythonInterface.cxx.o,0.181,0.132575,0.077097,0.042079,0.003592,0.03683,0.000118,0.014457,0.026313
src/Mod/Inspection/Gui/CMakeFiles/InspectionGui.dir/qrc_Inspection.cpp.o,0.18,0.130803,0.121878,0.005963,0.0,0.0,0.0,0.002403,0.002283
src/Mod/Surface/App/CMakeFiles/Surface.dir/Surface_autogen/mocs_compilation.cpp.o,0.178,0.13052,0.090423,0.024229,0.0,0.03947,0.000133,0.022709,0.00021
src/Mod/Material/App/CMakeFiles/Materials.dir/ModelUuids.cpp.o,0.176,0.126252,0.091442,0.026644,0.011223,0.040958,7.4e-05,0.019505,0.005866
src/Mod/Sketcher/App/CMakeFiles/Sketcher.dir/Sketcher_autogen/mocs_compilation.cpp.o,0.176,0.120803,0.093399,0.002261,0.0,0.045171,0.000129,0.00058,0.00038
src/Gui/CMakeFiles/FreeCADGui.dir/Inventor/SoMouseWheelEvent.cpp.o,0.172,0.117671,0.090591,0.007701,0.0,0.045874,8e-05,0.003131,0.00322
src/App/CMakeFiles/FreeCADApp.dir/CleanupProcess.cpp.o,0.171,0.124356,0.092378,0.018648,0.000895,0.043125,0.025619,0.013262,0.004152
src/App/CMakeFiles/FreeCADApp.dir/Path.cpp.o,0.17,0.120585,0.094133,0.012891,0.024058,0.047073,0.022363,0.00828,0.00327
src/Mod/Robot/App/CMakeFiles/Robot.dir/RobotAlgos.cpp.o,0.168,0.118407,0.072092,0.036545,0.009498,0.035033,0.000375,0.019458,0.015763
src/Mod/Fem/App/CMakeFiles/Fem.dir/Fem_autogen/mocs_compilation.cpp.o,0.167,0.112566,0.095046,0.004156,0.0,0.049954,0.000128,0.001687,0.001205
src/Mod/Robot/App/CMakeFiles/Robot.dir/kdl_cp/path_line.cpp.o,0.167,0.11741,0.06717,0.039852,0.0,0.03635,0.000139,0.02301,0.01553
src/Mod/Robot/App/CMakeFiles/Robot.dir/kdl_cp/path_circle.cpp.o,0.165,0.114515,0.067191,0.037911,0.001154,0.03474,0.000113,0.02012,0.016532
src/Base/CMakeFiles/FreeCADBase.dir/__/3rdParty/zipios++/filepath.cpp.o,0.163,0.115508,0.081182,0.020156,0.013742,0.039835,8.1e-05,0.01534,0.003587
src/Mod/Robot/App/CMakeFiles/Robot.dir/kdl_cp/rotational_interpolation.cpp.o,0.161,0.111216,0.071579,0.029027,0.001199,0.039663,0.000154,0.01984,0.007885
src/Base/CMakeFiles/FreeCADBase.dir/Translation.cpp.o,0.16,0.109678,0.075607,0.020012,0.00433,0.036713,0.000856,0.014506,0.004216
src/Base/CMakeFiles/FreeCADBase.dir/NumericInputLocale.cpp.o,0.159,0.110349,0.081451,0.015924,0.019691,0.033815,0.006888,0.009869,0.004829
src/Mod/PartDesign/Gui/CMakeFiles/PartDesignGui.dir/PartDesignGui_autogen/mocs_compilation.cpp.o,0.159,0.105733,0.089165,0.001751,0.0,0.046857,0.000127,0.000134,0.000275
src/Base/CMakeFiles/FreeCADBase.dir/Base64.cpp.o,0.158,0.111367,0.072992,0.025436,0.007885,0.039614,0.000992,0.015109,0.008868
src/Mod/Assembly/Gui/CMakeFiles/AssemblyGui.dir/AssemblyGui_autogen/mocs_compilation.cpp.o,0.158,0.101042,0.08447,0.001936,0.0,0.05108,0.000146,0.000133,0.000314
src/Base/CMakeFiles/FreeCADBase.dir/DualQuaternion.cpp.o,0.157,0.112264,0.073969,0.02578,0.003751,0.038947,7.3e-05,0.014556,0.009942
src/Mod/Mesh/App/CMakeFiles/Mesh.dir/Core/Definitions.cpp.o,0.157,0.109845,0.094341,0.004675,0.04816,0.029917,0.021107,0.001941,0.001448
src/Mod/Robot/App/CMakeFiles/Robot.dir/kdl_cp/chainfksolvervel_recursive.cpp.o,0.157,0.107417,0.0636,0.034379,0.00075,0.035898,7.7e-05,0.021791,0.01122
src/Mod/CAM/App/CMakeFiles/Path.dir/Path_autogen/mocs_compilation.cpp.o,0.156,0.104045,0.077694,0.002246,0.0,0.041174,0.000123,0.000593,0.000342
src/Mod/Robot/App/CMakeFiles/Robot.dir/kdl_cp/chainiksolverpos_nr_jl.cpp.o,0.155,0.101862,0.06434,0.027781,0.0,0.03499,0.000131,0.017138,0.009177
src/Mod/Robot/App/CMakeFiles/Robot.dir/kdl_cp/chainiksolverpos_nr.cpp.o,0.151,0.10066,0.066962,0.023429,0.0,0.035729,0.000126,0.014002,0.008145
src/Base/CMakeFiles/FreeCADBase.dir/__/3rdParty/PyCXX/CXX/cxxextensions.c.o,0.15,0.110863,0.10738,0.001667,0.0,0.0,0.0,0.000149,0.000145
src/Mod/Mesh/Gui/CMakeFiles/MeshGui.dir/MeshGui_autogen/mocs_compilation.cpp.o,0.15,0.099581,0.083997,0.002173,0.0,0.051954,0.000151,0.000184,0.000193
src/Base/CMakeFiles/FreeCADBase.dir/OkLch.cpp.o,0.149,0.10403,0.071474,0.020085,0.003558,0.035809,8.9e-05,0.011161,0.0077
src/Mod/Test/Gui/CMakeFiles/QtUnitGui.dir/QtUnitGui_autogen/mocs_compilation.cpp.o,0.149,0.095544,0.082735,0.002049,0.0,0.058906,0.000163,0.000153,0.000201
src/Mod/Robot/Gui/CMakeFiles/RobotGui.dir/qrc_Robot.cpp.o,0.148,0.097789,0.087783,0.007034,0.0,0.0,0.0,0.002355,0.00337
src/Base/CMakeFiles/FreeCADBase.dir/__/3rdParty/zipios++/filterinputstreambuf.cpp.o,0.146,0.095071,0.072188,0.008497,0.003534,0.039913,0.001294,0.00525,0.00205
src/Mod/Robot/App/CMakeFiles/Robot.dir/kdl_cp/velocityprofile_spline.cpp.o,0.146,0.097286,0.06733,0.02006,0.000988,0.039344,8.5e-05,0.010317,0.008277
src/Mod/Robot/App/CMakeFiles/Robot.dir/kdl_cp/velocityprofile_traphalf.cpp.o,0.145,0.095277,0.063724,0.021742,0.001033,0.034652,7e-05,0.009378,0.011081
src/Mod/Robot/App/CMakeFiles/Robot.dir/kdl_cp/chainfksolverpos_recursive.cpp.o,0.144,0.093119,0.063411,0.019754,0.0,0.037725,0.000127,0.012196,0.00634
src/Base/CMakeFiles/FreeCADBase.dir/__/3rdParty/zipios++/fileentry.cpp.o,0.143,0.095918,0.071381,0.009214,0.014461,0.032046,0.000194,0.006296,0.001674
src/Mod/Robot/App/CMakeFiles/Robot.dir/kdl_cp/velocityprofile.cpp.o,0.143,0.096232,0.065554,0.021273,0.003071,0.03417,7.2e-05,0.014032,0.005735
src/Base/CMakeFiles/FreeCADBase.dir/Handle.cpp.o,0.142,0.096033,0.0686,0.013445,0.003198,0.035066,7e-05,0.007264,0.004924
src/Mod/Robot/App/CMakeFiles/Robot.dir/kdl_cp/rotational_interpolation_sa.cpp.o,0.142,0.094267,0.064546,0.019791,0.0,0.036376,0.000128,0.011611,0.006854
src/Mod/Robot/App/CMakeFiles/Robot.dir/kdl_cp/trajectory_segment.cpp.o,0.142,0.092297,0.064872,0.017696,0.0,0.038355,0.00012,0.008718,0.007623
src/Mod/Robot/App/CMakeFiles/Robot.dir/kdl_cp/trajectory_stationary.cpp.o,0.141,0.092265,0.068402,0.013775,0.002355,0.041665,7.7e-05,0.00764,0.004901
src/Mod/CAM/Gui/CMakeFiles/PathGui.dir/PathGui_autogen/mocs_compilation.cpp.o,0.141,0.086707,0.073111,0.001844,0.0,0.045683,0.000138,0.000136,0.000295
src/Base/CMakeFiles/FreeCADBase.dir/Version.cpp.o,0.14,0.090452,0.068304,0.008392,0.001073,0.039083,9.7e-05,0.004222,0.002943
src/Mod/Robot/App/CMakeFiles/Robot.dir/kdl_cp/velocityprofile_rect.cpp.o,0.14,0.095959,0.0697,0.016313,0.002018,0.043197,7.1e-05,0.007675,0.007318
src/Base/CMakeFiles/FreeCADBase.dir/Axis.cpp.o,0.139,0.097227,0.075701,0.009655,0.012165,0.03562,0.000546,0.003892,0.004553
src/App/CMakeFiles/FreeCADApp.dir/FreeCADApp_autogen/mocs_compilation.cpp.o,0.139,0.08843,0.072667,0.001965,0.0,0.039767,0.00011,0.00015,0.00042
src/App/CMakeFiles/FreeCADApp.dir/ByteArray.cpp.o,0.139,0.090711,0.074714,0.001783,0.016677,0.034331,7.6e-05,0.000136,0.000375
src/Mod/Robot/App/CMakeFiles/Robot.dir/kdl_cp/path_point.cpp.o,0.139,0.092616,0.069543,0.013511,0.001519,0.037648,0.000108,0.007244,0.004876
src/Mod/MeshPart/Gui/CMakeFiles/MeshPartGui.dir/MeshPartGui_autogen/mocs_compilation.cpp.o,0.139,0.086482,0.074822,0.001699,0.0,0.040402,0.000128,0.000135,0.000258
src/Mod/Robot/App/CMakeFiles/Robot.dir/kdl_cp/velocityprofile_trap.cpp.o,0.138,0.090269,0.062103,0.018135,0.0,0.03569,0.000132,0.007845,0.009021
src/Mod/Robot/App/CMakeFiles/Robot.dir/kdl_cp/jntarrayvel.cpp.o,0.137,0.08316,0.060103,0.012804,0.0,0.036159,0.000114,0.003921,0.007308
src/Mod/Robot/App/CMakeFiles/Robot.dir/kdl_cp/path_cyclic_closed.cpp.o,0.137,0.0871,0.060348,0.017179,0.001646,0.034042,7.5e-05,0.008435,0.007462
src/Mod/Robot/App/CMakeFiles/Robot.dir/kdl_cp/velocityprofile_dirac.cpp.o,0.137,0.090082,0.066249,0.014061,0.001864,0.041504,7.5e-05,0.006908,0.005773
src/Mod/Robot/Gui/CMakeFiles/RobotGui.dir/RobotGui_autogen/mocs_compilation.cpp.o,0.137,0.081496,0.06887,0.001705,0.0,0.044499,0.000128,0.000138,0.000175
src/Mod/ReverseEngineering/Gui/CMakeFiles/ReverseEngineeringGui.dir/ReverseEngineeringGui_autogen/mocs_compilation.cpp.o,0.136,0.080296,0.06854,0.00179,0.0,0.04022,0.000131,0.000138,0.000293
src/Base/CMakeFiles/FreeCADBase.dir/Swap.cpp.o,0.135,0.088918,0.06503,0.010714,0.000568,0.037742,0.000123,0.007162,0.002421
src/Base/CMakeFiles/FreeCADBase.dir/__/3rdParty/zipios++/filteroutputstreambuf.cpp.o,0.132,0.087175,0.065706,0.008853,0.002732,0.036909,0.000234,0.005404,0.002246
src/Mod/Robot/App/CMakeFiles/Robot.dir/kdl_cp/jntarrayacc.cpp.o,0.132,0.088535,0.059519,0.020039,0.0,0.034894,0.000113,0.006099,0.012564
src/Mod/Inspection/App/CMakeFiles/Inspection.dir/Inspection_autogen/mocs_compilation.cpp.o,0.131,0.08258,0.070861,0.001836,0.0,0.04191,0.000215,0.000132,0.000275
src/Base/CMakeFiles/FreeCADBase.dir/FreeCADBase_autogen/mocs_compilation.cpp.o,0.129,0.083303,0.065272,0.003345,0.0,0.039423,0.000124,0.0019,0.000218
src/Base/CMakeFiles/FreeCADBase.dir/PyExport.cpp.o,0.127,0.083253,0.067156,0.003412,0.000775,0.039156,8.9e-05,0.001956,0.000207
src/Mod/Inspection/Gui/CMakeFiles/InspectionGui.dir/InspectionGui_autogen/mocs_compilation.cpp.o,0.127,0.074338,0.06251,0.001885,0.0,0.042028,0.000132,0.00014,0.000206
src/Mod/MeshPart/App/CMakeFiles/MeshPart.dir/MeshPart_autogen/mocs_compilation.cpp.o,0.124,0.073441,0.0635,0.001738,0.0,0.040168,0.00012,0.000128,0.00025
src/Mod/ReverseEngineering/App/CMakeFiles/ReverseEngineering.dir/ReverseEngineering_autogen/mocs_compilation.cpp.o,0.124,0.072256,0.061324,0.001834,0.0,0.037867,0.000121,0.00015,0.000291
src/Mod/Robot/App/CMakeFiles/Robot.dir/Robot_autogen/mocs_compilation.cpp.o,0.124,0.070835,0.058076,0.002559,0.0,0.037633,0.000138,0.000896,0.000256
src/Mod/Points/Gui/CMakeFiles/PointsGui.dir/PointsGui_autogen/mocs_compilation.cpp.o,0.124,0.072972,0.062384,0.001757,0.0,0.040902,0.000133,0.00015,0.000182
src/Mod/Robot/App/CMakeFiles/Robot.dir/kdl_cp/frameacc.cpp.o,0.123,0.072682,0.059631,0.002659,0.0,0.038606,0.00014,0.000949,0.000243
src/Mod/Robot/App/CMakeFiles/Robot.dir/kdl_cp/utilities/utility.cxx.o,0.121,0.073637,0.061385,0.002544,0.0,0.038597,0.000128,0.000862,0.000231
src/Mod/ReverseEngineering/App/CMakeFiles/ReverseEngineering.dir/BSplineFitting.cpp.o,0.12,0.073349,0.062332,0.001716,0.0,0.036602,0.000116,0.00015,0.000267
src/Mod/Spreadsheet/App/CMakeFiles/Spreadsheet.dir/Spreadsheet_autogen/mocs_compilation.cpp.o,0.117,0.068687,0.055961,0.001581,0.0,0.038065,0.000132,0.000125,0.000155
src/Mod/Robot/App/CMakeFiles/Robot.dir/kdl_cp/framevel.cpp.o,0.115,0.069663,0.05553,0.002411,0.0,0.035978,0.000135,0.000863,0.000228
src/Mod/Mesh/App/CMakeFiles/Mesh.dir/Mesh_autogen/mocs_compilation.cpp.o,0.114,0.066401,0.052432,0.002382,0.0,0.035214,0.000111,0.000908,0.000216
src/3rdParty/coin/src/engines/CMakeFiles/engines.dir/evaluator.c.o,0.11,0.068044,0.038483,0.027812,0.015951,0.0,0.0,0.011968,0.014508
src/Mod/Spreadsheet/Gui/CMakeFiles/SpreadsheetGui.dir/qrc_Spreadsheet.cpp.o,0.109,0.063429,0.05534,0.005889,0.0,0.0,0.0,0.002244,0.002406
src/Mod/Measure/Gui/CMakeFiles/MeasureGui.dir/qrc_Measure.cpp.o,0.106,0.057833,0.049455,0.006316,0.0,0.0,0.0,0.002385,0.002568
src/Mod/Assembly/App/CMakeFiles/Assembly.dir/Assembly_autogen/mocs_compilation.cpp.o,0.105,0.057659,0.048788,0.001816,0.0,0.033009,0.000121,0.000139,0.000242
src/Mod/Material/Gui/CMakeFiles/MatGui.dir/qrc_Material.cpp.o,0.104,0.055756,0.047481,0.00589,0.0,0.0,0.0,0.002264,0.002378
src/Mod/Web/App/CMakeFiles/Web.dir/Web_autogen/mocs_compilation.cpp.o,0.101,0.057316,0.048429,0.001658,0.0,0.033874,0.000117,0.000137,0.000176
src/Mod/Surface/Gui/CMakeFiles/SurfaceGui.dir/qrc_Surface.cpp.o,0.095,0.046699,0.038267,0.006186,0.0,0.0,0.0,0.002289,0.00265
src/3rdParty/coin/src/fonts/CMakeFiles/fonts.dir/default3dfont.cpp.o,0.088,0.044921,0.036599,0.006275,0.0,0.0,0.0,0.001884,0.003124
src/Mod/Points/Gui/CMakeFiles/PointsGui.dir/qrc_Points.cpp.o,0.085,0.034478,0.024755,0.007559,0.0,0.0,0.0,0.003026,0.003177
src/Mod/MeshPart/Gui/CMakeFiles/MeshPartGui.dir/qrc_MeshPart.cpp.o,0.079,0.029135,0.020462,0.006483,0.0,0.0,0.0,0.002873,0.002372
src/Mod/ReverseEngineering/Gui/CMakeFiles/ReverseEngineeringGui.dir/qrc_ReverseEngineering.cpp.o,0.068,0.017212,0.007989,0.007042,0.0,0.0,0.0,0.003129,0.002691
src/3rdParty/salomesmesh/CMakeFiles/SMDS.dir/src/SMDS/SMDS_MeshObject.cpp.o,0.061,0.01274,0.009014,0.001737,0.0,0.0,0.0,0.000119,0.000169
src/Mod/Test/Gui/CMakeFiles/QtUnitGui.dir/qrc_Test.cpp.o,0.057,0.012524,0.004012,0.006737,0.0,0.0,0.0,0.002993,0.00256
tests/src/Base/CMakeFiles/InventorBuilder_Tests_run.dir/InventorBuilder_Tests_run_autogen/mocs_compilation.cpp.o,0.055,0.004311,0.000524,0.001757,0.0,0.0,0.0,0.000129,0.000196
tests/src/Gui/CMakeFiles/Gui_tests_run.dir/Gui_tests_run_autogen/mocs_compilation.cpp.o,0.053,0.004605,0.000503,0.001976,0.0,0.0,0.0,0.000143,0.000179
src/3rdParty/WildMagic4/CMakeFiles/WildMagic4.dir/Wm4Memory.cpp.o,0.052,0.004785,0.000702,0.001906,0.000173,0.0,0.0,0.000135,0.000213
src/3rdParty/libE57Format/CMakeFiles/E57Format.dir/E57Format_autogen/mocs_compilation.cpp.o,0.052,0.004514,0.000558,0.001837,0.0,0.0,0.0,0.000135,0.000144
src/Main/CMakeFiles/FreeCADGuiPy.dir/FreeCADGuiPy_autogen/mocs_compilation.cpp.o,0.052,0.004184,0.000498,0.001709,0.0,0.0,0.0,0.000142,0.000153
src/Mod/CAM/App/CMakeFiles/tsp_solver.dir/tsp_solver_autogen/mocs_compilation.cpp.o,0.052,0.004642,0.000561,0.00175,0.0,0.0,0.0,0.000142,0.000189
src/3rdParty/coin/src/rendering/CMakeFiles/rendering.dir/SoOffscreenWGLData.cpp.o,0.051,0.004276,0.00072,0.001804,0.000225,0.0,0.0,0.000139,0.000158
src/Mod/CAM/PathSimulator/App/CMakeFiles/PathSimulator.dir/PathSimulator_autogen/mocs_compilation.cpp.o,0.051,0.004641,0.000542,0.002187,0.0,0.0,0.0,0.000179,0.000152
tests/src/App/CMakeFiles/App_tests_run.dir/App_tests_run_autogen/mocs_compilation.cpp.o,0.051,0.00407,0.000522,0.001642,0.0,0.0,0.0,0.00013,0.000147
tests/src/Gui/CMakeFiles/TranslatorLocale_Tests_run.dir/TranslatorLocale_Tests_run_autogen/mocs_compilation.cpp.o,0.051,0.004428,0.000527,0.001705,0.0,0.0,0.0,0.000129,0.000149
tests/src/Gui/propertyeditor/CMakeFiles/PropertyItem_Tests_run.dir/PropertyItem_Tests_run_autogen/mocs_compilation.cpp.o,0.051,0.004587,0.000744,0.001731,0.0,0.0,0.0,0.000141,0.000159
tests/src/Mod/Measure/App/CMakeFiles/Measure_tests_run.dir/Measure_tests_run_autogen/mocs_compilation.cpp.o,0.051,0.00394,0.000492,0.0016,0.0,0.0,0.0,0.000125,0.000141
src/3rdParty/coin/src/rendering/CMakeFiles/rendering.dir/rendering_autogen/mocs_compilation.cpp.o,0.05,0.004771,0.00049,0.002018,0.0,0.0,0.0,0.00018,0.000146
src/Mod/CAM/libarea/CMakeFiles/area-native.dir/area-native_autogen/mocs_compilation.cpp.o,0.05,0.00401,0.000542,0.001679,0.0,0.0,0.0,0.000132,0.000152
src/Main/CMakeFiles/FreeCADMain.dir/FreeCADMain_autogen/mocs_compilation.cpp.o,0.05,0.004088,0.000499,0.001708,0.0,0.0,0.0,0.000138,0.000148
tests/src/Mod/CAM/App/CMakeFiles/CAM_tests_run.dir/CAM_tests_run_autogen/mocs_compilation.cpp.o,0.05,0.00485,0.000528,0.002121,0.0,0.0,0.0,0.000173,0.000187
src/3rdParty/coin/src/elements/CMakeFiles/elements.dir/elements_autogen/mocs_compilation.cpp.o,0.049,0.004036,0.000511,0.001736,0.0,0.0,0.0,0.000146,0.000179
src/3rdParty/coin/src/io/CMakeFiles/io.dir/io_autogen/mocs_compilation.cpp.o,0.049,0.003819,0.000484,0.001641,0.0,0.0,0.0,0.000127,0.000152
src/3rdParty/coin/src/shapenodes/CMakeFiles/shapenodes.dir/shapenodes_autogen/mocs_compilation.cpp.o,0.049,0.004879,0.000587,0.001919,0.0,0.0,0.0,0.000174,0.000164
src/Mod/CAM/App/CMakeFiles/surface_generator.dir/surface_generator_autogen/mocs_compilation.cpp.o,0.049,0.003664,0.000457,0.001582,0.0,0.0,0.0,0.000125,0.000132
tests/src/Gui/CMakeFiles/ObjectSelection_Tests_run.dir/ObjectSelection_Tests_run_autogen/mocs_compilation.cpp.o,0.049,0.003984,0.000476,0.001618,0.0,0.0,0.0,0.000124,0.00015
tests/src/Gui/CMakeFiles/InputField_Tests_run.dir/InputField_Tests_run_autogen/mocs_compilation.cpp.o,0.049,0.003868,0.000473,0.001618,0.0,0.0,0.0,0.000125,0.00014
tests/src/Mod/Material/App/CMakeFiles/Material_tests_run.dir/Material_tests_run_autogen/mocs_compilation.cpp.o,0.049,0.003948,0.000467,0.001754,0.0,0.0,0.0,0.000137,0.000148
tests/src/Mod/Mesh/App/CMakeFiles/Mesh_tests_run.dir/Mesh_tests_run_autogen/mocs_compilation.cpp.o,0.049,0.004558,0.000586,0.001797,0.0,0.0,0.0,0.000146,0.000154
tests/src/Mod/Points/App/CMakeFiles/Points_tests_run.dir/Points_tests_run_autogen/mocs_compilation.cpp.o,0.049,0.00394,0.000479,0.00165,0.0,0.0,0.0,0.000125,0.000145
tests/src/Mod/TechDraw/App/CMakeFiles/TechDraw_tests_run.dir/TechDraw_tests_run_autogen/mocs_compilation.cpp.o,0.049,0.003942,0.000496,0.001676,0.0,0.0,0.0,0.000136,0.000161
tests/src/zipios++/CMakeFiles/Zipios_tests_run.dir/Zipios_tests_run_autogen/mocs_compilation.cpp.o,0.049,0.004776,0.000621,0.001905,0.0,0.0,0.0,0.000133,0.000179
src/3rdParty/coin/src/glue/CMakeFiles/glue.dir/glue_autogen/mocs_compilation.cpp.o,0.048,0.003891,0.000477,0.001597,0.0,0.0,0.0,0.000125,0.000151
src/3rdParty/coin/src/misc/CMakeFiles/misc.dir/misc_autogen/mocs_compilation.cpp.o,0.048,0.00438,0.000571,0.001946,0.0,0.0,0.0,0.00015,0.000156
src/3rdParty/coin/src/nodes/CMakeFiles/nodes.dir/nodes_autogen/mocs_compilation.cpp.o,0.048,0.004118,0.000523,0.001787,0.0,0.0,0.0,0.000149,0.000163
src/3rdParty/coin/src/projectors/CMakeFiles/projectors.dir/projectors_autogen/mocs_compilation.cpp.o,0.048,0.003976,0.000485,0.001574,0.0,0.0,0.0,0.000121,0.000137
src/3rdParty/coin/src/upgraders/CMakeFiles/upgraders.dir/upgraders_autogen/mocs_compilation.cpp.o,0.048,0.003901,0.000482,0.00161,0.0,0.0,0.0,0.000124,0.000142
src/3rdParty/coin/src/threads/CMakeFiles/threads.dir/threads_autogen/mocs_compilation.cpp.o,0.048,0.004136,0.000541,0.001737,0.0,0.0,0.0,0.000138,0.000156
src/3rdParty/coin/src/profiler/CMakeFiles/profiler.dir/profiler_autogen/mocs_compilation.cpp.o,0.048,0.004115,0.000538,0.001687,0.0,0.0,0.0,0.000137,0.000146
src/3rdParty/coin/src/vrml97/CMakeFiles/vrml97.dir/vrml97_autogen/mocs_compilation.cpp.o,0.048,0.004194,0.000529,0.001908,0.0,0.0,0.0,0.000148,0.000194
src/Mod/Draft/App/CMakeFiles/DraftUtils.dir/DraftUtils_autogen/mocs_compilation.cpp.o,0.048,0.004878,0.000236,0.0017,0.0,0.0,0.0,0.000127,0.000157
tests/src/Base/CMakeFiles/Base_tests_run.dir/Base_tests_run_autogen/mocs_compilation.cpp.o,0.048,0.003997,0.000514,0.001671,0.0,0.0,0.0,0.000128,0.000146
tests/src/Gui/CMakeFiles/QuantitySpinBox_Tests_run.dir/QuantitySpinBox_Tests_run_autogen/mocs_compilation.cpp.o,0.048,0.003842,0.000463,0.001558,0.0,0.0,0.0,0.000125,0.000139
tests/src/Gui/CMakeFiles/NumericLocaleConsumers_Tests_run.dir/NumericLocaleConsumers_Tests_run_autogen/mocs_compilation.cpp.o,0.048,0.003901,0.000498,0.001563,0.0,0.0,0.0,0.000133,0.000137
tests/src/Gui/Dialogs/CMakeFiles/DlgVersionMigrator_Tests_run.dir/DlgVersionMigrator_Tests_run_autogen/mocs_compilation.cpp.o,0.048,0.004062,0.00047,0.001718,0.0,0.0,0.0,0.00012,0.000245
tests/src/Mod/PartDesign/App/CMakeFiles/PartDesign_tests_run.dir/PartDesign_tests_run_autogen/mocs_compilation.cpp.o,0.048,0.003805,0.000473,0.001617,0.0,0.0,0.0,0.000139,0.000135
tests/src/Mod/Start/App/CMakeFiles/Start_tests_run.dir/Start_tests_run_autogen/mocs_compilation.cpp.o,0.048,0.003952,0.000493,0.001664,0.0,0.0,0.0,0.000142,0.000158
src/3rdParty/coin/src/elements/GL/CMakeFiles/glelements.dir/glelements_autogen/mocs_compilation.cpp.o,0.047,0.00368,0.000466,0.001612,0.0,0.0,0.0,0.000134,0.000144
src/3rdParty/coin/src/engines/CMakeFiles/engines.dir/engines_autogen/mocs_compilation.cpp.o,0.047,0.003801,0.000471,0.001631,0.0,0.0,0.0,0.000125,0.000125
src/3rdParty/coin/src/fields/CMakeFiles/fields.dir/fields_autogen/mocs_compilation.cpp.o,0.047,0.003978,0.00047,0.001805,0.0,0.0,0.0,0.000153,0.000183
src/3rdParty/coin/src/hardcopy/CMakeFiles/hardcopy.dir/hardcopy_autogen/mocs_compilation.cpp.o,0.047,0.003782,0.000476,0.0016,0.0,0.0,0.0,0.000123,0.000144
src/3rdParty/coin/src/shaders/CMakeFiles/shaders.dir/shaders_autogen/mocs_compilation.cpp.o,0.047,0.003931,0.000485,0.00161,0.0,0.0,0.0,0.000129,0.000151
src/3rdParty/coin/src/soscxml/CMakeFiles/soscxml.dir/soscxml_autogen/mocs_compilation.cpp.o,0.047,0.004079,0.000512,0.001666,0.0,0.0,0.0,0.000146,0.000141
src/Main/CMakeFiles/FreeCADMainCmd.dir/FreeCADMainCmd_autogen/mocs_compilation.cpp.o,0.047,0.004021,0.000537,0.001723,0.0,0.0,0.0,0.00014,0.000156
src/Mod/MeshPart/App/CMakeFiles/flatmesh.dir/flatmesh_autogen/mocs_compilation.cpp.o,0.047,0.003909,0.000506,0.001561,0.0,0.0,0.0,0.00012,0.000137
src/Mod/CAM/libarea/CMakeFiles/area.dir/area_autogen/mocs_compilation.cpp.o,0.047,0.004205,0.000562,0.001796,0.0,0.0,0.0,0.000157,0.00016
tests/src/Mod/Assembly/App/CMakeFiles/Assembly_tests_run.dir/Assembly_tests_run_autogen/mocs_compilation.cpp.o,0.047,0.00397,0.000487,0.00165,0.0,0.0,0.0,0.000141,0.00015
tests/src/Mod/Part/App/CMakeFiles/Part_tests_run.dir/Part_tests_run_autogen/mocs_compilation.cpp.o,0.047,0.003681,0.000466,0.001571,0.0,0.0,0.0,0.00012,0.000135
tests/src/Mod/Spreadsheet/App/CMakeFiles/Spreadsheet_tests_run.dir/Spreadsheet_tests_run_autogen/mocs_compilation.cpp.o,0.047,0.003946,0.0005,0.001645,0.0,0.0,0.0,0.000128,0.000138
src/3rdParty/coin/src/details/CMakeFiles/details.dir/details_autogen/mocs_compilation.cpp.o,0.046,0.003842,0.000565,0.001609,0.0,0.0,0.0,0.000135,0.00015
src/3rdParty/coin/src/elements/CMakeFiles/elements.dir/SoBumpMappingPropertyElement.cpp.o,0.046,0.003826,0.00039,0.001634,0.0,0.0,0.0,0.000127,0.000133
src/3rdParty/coin/src/events/CMakeFiles/events.dir/events_autogen/mocs_compilation.cpp.o,0.046,0.005158,0.00057,0.001739,0.0,0.0,0.0,0.000144,0.00014
src/3rdParty/coin/src/nodekits/CMakeFiles/nodekits.dir/nodekits_autogen/mocs_compilation.cpp.o,0.046,0.003899,0.000493,0.001603,0.0,0.0,0.0,0.000119,0.000147
src/Main/CMakeFiles/FreeCADMainPy.dir/FreeCADMainPy_autogen/mocs_compilation.cpp.o,0.046,0.003867,0.000475,0.001621,0.0,0.0,0.0,0.000136,0.000148
tests/src/Mod/Sketcher/App/CMakeFiles/Sketcher_tests_run.dir/Sketcher_tests_run_autogen/mocs_compilation.cpp.o,0.046,0.003963,0.000509,0.001689,0.0,0.0,0.0,0.000142,0.000147
src/3rdParty/coin/src/caches/CMakeFiles/caches.dir/caches_autogen/mocs_compilation.cpp.o,0.045,0.003908,0.000469,0.001668,0.0,0.0,0.0,0.000116,0.000155
src/3rdParty/coin/src/draggers/CMakeFiles/draggers.dir/draggers_autogen/mocs_compilation.cpp.o,0.045,0.003724,0.000475,0.001588,0.0,0.0,0.0,0.000131,0.00015
src/3rdParty/coin/src/fonts/CMakeFiles/fonts.dir/fonts_autogen/mocs_compilation.cpp.o,0.045,0.004094,0.000505,0.001723,0.0,0.0,0.0,0.000155,0.000154
src/3rdParty/coin/src/glue/CMakeFiles/glue.dir/win32api.cpp.o,0.045,0.003958,0.000652,0.001679,0.0002,0.0,0.0,0.000145,0.000152
src/3rdParty/coin/src/manips/CMakeFiles/manips.dir/manips_autogen/mocs_compilation.cpp.o,0.045,0.003852,0.000479,0.001602,0.0,0.0,0.0,0.000115,0.000145
src/3rdParty/coin/src/lists/CMakeFiles/lists.dir/lists_autogen/mocs_compilation.cpp.o,0.045,0.003688,0.000477,0.001531,0.0,0.0,0.0,0.000123,0.000138
src/3rdParty/coin/src/navigation/CMakeFiles/navigation.dir/navigation_autogen/mocs_compilation.cpp.o,0.045,0.003768,0.000487,0.001564,0.0,0.0,0.0,0.000119,0.000139
src/3rdParty/coin/src/3ds/CMakeFiles/3ds.dir/3ds_autogen/mocs_compilation.cpp.o,0.045,0.003825,0.000492,0.001629,0.0,0.0,0.0,0.000148,0.000165
src/3rdParty/coin/src/geo/CMakeFiles/geo.dir/geo_autogen/mocs_compilation.cpp.o,0.045,0.003943,0.000499,0.001642,0.0,0.0,0.0,0.000141,0.000159
src/3rdParty/coin/src/scxml/CMakeFiles/scxml.dir/scxml_autogen/mocs_compilation.cpp.o,0.045,0.003755,0.000494,0.001643,0.0,0.0,0.0,0.000144,0.000153
src/3rdParty/WildMagic4/CMakeFiles/WildMagic4.dir/Wm4FoundationPCH.cpp.o,0.045,0.003981,0.000605,0.001596,0.000151,0.0,0.0,0.000126,0.000142
src/3rdParty/OndselSolver/OndselSolver/CMakeFiles/OndselSolver.dir/OndselSolver_autogen/mocs_compilation.cpp.o,0.045,0.003778,0.000487,0.001578,0.0,0.0,0.0,0.000126,0.000144
tests/src/Mod/MeshPart/App/CMakeFiles/MeshPart_tests_run.dir/MeshPart_tests_run_autogen/mocs_compilation.cpp.o,0.045,0.004481,0.000551,0.001874,0.0,0.0,0.0,0.000153,0.000149
src/3rdParty/coin/src/CMakeFiles/Coin.dir/Coin_autogen/mocs_compilation.cpp.o,0.044,0.00471,0.000864,0.002075,0.0,0.0,0.0,0.000155,0.000176
src/3rdParty/coin/src/actions/CMakeFiles/actions.dir/actions_autogen/mocs_compilation.cpp.o,0.044,0.003594,0.00046,0.00156,0.0,0.0,0.0,0.000129,0.000145
src/3rdParty/coin/src/bundles/CMakeFiles/bundles.dir/bundles_autogen/mocs_compilation.cpp.o,0.044,0.003825,0.000485,0.00162,0.0,0.0,0.0,0.000136,0.000152
src/3rdParty/coin/src/collision/CMakeFiles/collision.dir/collision_autogen/mocs_compilation.cpp.o,0.044,0.003702,0.000467,0.001582,0.0,0.0,0.0,0.000116,0.000153
src/3rdParty/coin/src/foreignfiles/CMakeFiles/foreignfiles.dir/foreignfiles_autogen/mocs_compilation.cpp.o,0.044,0.003774,0.000481,0.001594,0.0,0.0,0.0,0.000135,0.000137
src/3rdParty/WildMagic4/CMakeFiles/WildMagic4.dir/WildMagic4_autogen/mocs_compilation.cpp.o,0.044,0.003778,0.000465,0.001575,0.0,0.0,0.0,0.00012,0.000159
src/3rdParty/FastSignals/libfastsignals/CMakeFiles/libfastsignals.dir/libfastsignals_autogen/mocs_compilation.cpp.o,0.043,0.004467,0.000585,0.001936,0.0,0.0,0.0,0.000158,0.000164
src/3rdParty/coin/src/lists/CMakeFiles/lists.dir/SbIntList.cpp.o,0.043,0.003531,0.000369,0.001623,0.0,0.0,0.0,0.000128,0.000144
src/3rdParty/coin/src/sensors/CMakeFiles/sensors.dir/sensors_autogen/mocs_compilation.cpp.o,0.043,0.003966,0.000482,0.001669,0.0,0.0,0.0,0.000133,0.000168
src/3rdParty/coin/src/errors/CMakeFiles/errors.dir/errors_autogen/mocs_compilation.cpp.o,0.042,0.003547,0.000453,0.001507,0.0,0.0,0.0,0.000122,0.000117
src/3rdParty/coin/src/lists/CMakeFiles/lists.dir/SbList.cpp.o,0.042,0.003724,0.000377,0.001621,0.0,0.0,0.0,0.000125,0.000136
src/3rdParty/coin/src/shadows/CMakeFiles/shadows.dir/shadows_autogen/mocs_compilation.cpp.o,0.042,0.004185,0.000553,0.00196,0.0,0.0,0.0,0.000151,0.000187
src/3rdParty/coin/src/xml/CMakeFiles/xml.dir/xml_autogen/mocs_compilation.cpp.o,0.04,0.003847,0.0005,0.001682,0.0,0.0,0.0,0.000163,0.000155
src/3rdParty/coin/src/base/CMakeFiles/base.dir/base_autogen/mocs_compilation.cpp.o,0.038,0.003444,0.000438,0.001542,0.0,0.0,0.0,0.000129,0.00013
